â€“	barrennig verr
â€”	barrennig hir
,	skej
;	pik-skej
:	daoubik
!	pik-estlamm
â€¦	trifik
'	socÊ¼h
â€œ	daouask digeriÃ±
â€	daouask serriÃ±
Â«	daouank digeriÃ±
Â»	daouank serriÃ±
)	krommell serriÃ±
[	sonnell digeriÃ±
]	sonnell serriÃ±
{	briataenn digeriÃ±
}	briataenn serriÃ±
ã€ˆ	konkell digeriÃ±
ã€‰	konkell serriÃ±
ã€Š	divgonkell digeriÃ±
ã€‹	divgonkell serriÃ±
ã€Œ	kammell digeriÃ±
ã€	gingammell serriÃ±
Â§	arouez, rannbenn, rannbennad, rannskrid
*ï¸	steredennig
/	beskell
\	kilveskell
%	dregant
â€°	drevil
â€ 	kleze
â€¡	daougleze
â€²	kent
â€³	eil
â€´	trede
`	bout, tired, tired bout
Â´	lemm, tired, tired lemm
^	kognek, tired, tired kognek
Â¨	daouboent
Â°	derez, eur, prouenn
âˆ‡	nabla, tricÊ¼horn
+	arouez mui
Ã·	arouezenn rannaÃ±
Ã—	arouezenn liesaat
âˆš	gwrizienn garrez
âˆ	arouezenn anfin
â—Š	diamant, romb
â—‹	kelcÊ¼h, kelcÊ¼h goullo
â—	kelcÊ¼h, kelcÊ¼h leun
â—¯	kelcÊ¼h, kelcÊ¼h ledan goullo
ğŸ’€	euzhvil, klopenn, marv
ğŸ’©	bern kaocÊ¼h, kaocÊ¼h
ğŸ¤¡	furlukin, penn, penn furlukin
ğŸ‘¹	euzhvil, roÃ±fl
ğŸ‘º	euzhvil, gobilin
ğŸ‘»	euzhvil, tasmant
ğŸ‘½ï¸	euzhvil, ezdouarad
ğŸ‘¾	euzhvil, euzhvil an egor
ğŸ¤–	euzhvil, robot
ğŸ’•	div galon, kalon, karantez
ğŸ’”	kalon, kalon rannet
â¤ï¸	kalon ruz, ruz
ğŸ§¡	kalon oraÃ±jez, oraÃ±jez
ğŸ’›	kalon velen, melen
ğŸ’š	gwer, kalon wer
ğŸ’™	glas, kalon cÊ¼hlas
ğŸ’œ	kalon limestra, limestra
ğŸ¤	gell, kalon cÊ¼hell
ğŸ–¤	du, kalon zu
ğŸ¤	gwenn, kalon wenn
ğŸ’¯	100, kant, kant poent
ğŸ’¥	tarzhadenn, tresadenn
ğŸ•³ï¸	toull
ğŸ’¤	kousket, zzz
ğŸ¤³	emboltred
ğŸ’ª	kigenn, kigenn daoubennek, kigenn daoubennek argrezet
ğŸ¦¾	brecÊ¼h, brecÊ¼h mekanikel
ğŸ¦¿	gar, gar mekanikel
ğŸ¦µ	gar
ğŸ¦¶	troad
ğŸ‘‚ï¸	skouarn
ğŸ‘ƒ	fri
ğŸ§ 	empenn
ğŸ«€	kalon
ğŸ«	skevent
ğŸ¦·	dant
ğŸ¦´	askorn
ğŸ‘€	daoulagad
ğŸ‘ï¸	lagad
ğŸ‘…	teod
ğŸ‘¶	babig, yaouank
ğŸ§’	bugel, yaouank
ğŸ‘¦	paotr, yaouank
ğŸ‘§	placÊ¼h, yaouank
ğŸ§‘	den deuet
ğŸ‘±	den, den melegan, melegan
ğŸ§‘â€ğŸ¦°	blev ruz, den deuet, den deuet : blev ruz
ğŸ§‘â€ğŸ¦±	blev rodellek, den deuet, den deuet : blev rodellek
ğŸ§‘â€ğŸ¦³	blev gwenn, den deuet, den deuet : blev gwenn
ğŸ§‘â€ğŸ¦²	den deuet, den deuet : moal, moal
ğŸ‘¨	deuet, gwaz
ğŸ‘±â€â™‚	gwaz, melegan
ğŸ‘¨â€ğŸ¦°	blev ruz, deuet, gwaz, gwaz : blev ruz
ğŸ‘¨â€ğŸ¦±	blev rodellek, deuet, gwaz, gwaz : blev rodellek
ğŸ‘¨â€ğŸ¦³	blev gwenn, deuet, gwaz, gwaz : blev gwenn
ğŸ‘¨â€ğŸ¦²	deuet, gwaz, gwaz : moal, moal
ğŸ‘©	deuet, maouez
ğŸ‘±â€â™€	maouez, meleganez
ğŸ‘©â€ğŸ¦°	blev ruz, deuet, maouez, maouez : blev ruz
ğŸ‘©â€ğŸ¦±	blev rodellek, deuet, maouez, maouez : blev rodellek
ğŸ‘©â€ğŸ¦³	blev gwenn, deuet, maouez, maouez : blev gwenn
ğŸ‘©â€ğŸ¦²	deuet, maouez, maouez : moal, moal
ğŸ§“	den, den kozh, kozh
ğŸ‘´	gwaz, gwaz kozh, kozh
ğŸ‘µ	kozh, maouez, maouez kozh
ğŸ‘¨â€ğŸ“	studier
ğŸ‘©â€ğŸ“	studierez
ğŸ‘¨â€ğŸ«	kelenner
ğŸ‘©â€ğŸ«	kelennerez
ğŸ‘¨â€âš–	barner
ğŸ‘©â€âš–	barnerez
ğŸ‘¨â€ğŸŒ¾	labourer-douar
ğŸ‘©â€ğŸŒ¾	labourerez-douar
ğŸ‘¨â€ğŸ³	keginer
ğŸ‘©â€ğŸ³	keginerez
ğŸ‘¨â€ğŸ­	micherour
ğŸ‘©â€ğŸ­	micherourez
ğŸ‘¨â€ğŸ’¼	implijad
ğŸ‘©â€ğŸ’¼	implijadez
ğŸ‘¨â€ğŸ”¬	skiantour
ğŸ‘©â€ğŸ”¬	skiantourez
ğŸ‘¨â€ğŸ’»	stlennegour
ğŸ‘©â€ğŸ’»	stlennegourez
ğŸ§‘â€ğŸ¤	den a gan
ğŸ‘¨â€ğŸ¤	kaner
ğŸ‘©â€ğŸ¤	kanerez
ğŸ‘¨â€ğŸ¨	arzour
ğŸ‘©â€ğŸ¨	arzourez
ğŸ‘¨â€âœˆ	levier
ğŸ‘©â€âœˆ	levierez
ğŸ‘¨â€ğŸš€	astraer
ğŸ‘©â€ğŸš€	astraerez
ğŸ‘¨â€ğŸš’	pomper
ğŸ‘©â€ğŸš’	pomperez
ğŸ‘®	polis
ğŸ‘®â€â™‚	poliser
ğŸ‘®â€â™€	poliserez
ğŸ•µï¸	enklasker, igoun, spier
ğŸ•µâ€â™‚	igounier
ğŸ•µâ€â™€	igounierez
ğŸ’‚	gward
ğŸ¥·	brezelour, kuzh, ninja
ğŸ¤´	priÃ±s
ğŸ‘¸	priÃ±sez
ğŸ‘¼	ael, babig, babig ael
ğŸ…	Nedeleg, Tad Nedeleg, fest, gouel, lid, tad
ğŸ¤¶	Mamm Nedeleg, Nedeleg, fest, gouel, lid, mamm
ğŸ¦¸	gourharoz, haroz
ğŸ§™	maj, sorser
ğŸ§™â€â™‚	hudour
ğŸ§™â€â™€	hudourez
ğŸ§š	Titania, boudig
ğŸ§›	Dracula, suner-gwad, suner/ez-gwad
ğŸ§›â€â™‚	Dracula, suner-gwad
ğŸ§›â€â™€	sunerez-gwad
ğŸ§œâ€â™‚	morgan
ğŸ§œâ€â™€	morganez
ğŸ§â€â™‚	elf
ğŸ§â€â™€	elfez
ğŸ§Ÿâ€â™‚	zombi
ğŸ§Ÿâ€â™€	zombiez
ğŸ‘ªï¸	bugel, familh, mamm, tad
ğŸ‘¨â€ğŸ‘©â€ğŸ‘¦	bugel, familh, familh : gwaz, maouez, paotr, gwaz, mamm, maouez, paotr, tad
ğŸ‘¨â€ğŸ‘©â€ğŸ‘§	bugel, familh, familh : gwaz, maouez, placÊ¼h, gwaz, mamm, maouez, placÊ¼h, tad
ğŸ‘¨â€ğŸ‘©â€ğŸ‘§â€ğŸ‘¦	bugel, familh, familh : gwaz, maouez, placÊ¼h, paotr, gwaz, mamm, maouez, paotr, placÊ¼h, tad
ğŸ‘¨â€ğŸ‘©â€ğŸ‘¦â€ğŸ‘¦	bugel, familh, familh : gwaz, maouez, paotr, paotr, gwaz, mamm, maouez, paotr, tad
ğŸ‘¨â€ğŸ‘©â€ğŸ‘§â€ğŸ‘§	bugel, familh, familh : gwaz, maouez, placÊ¼h, placÊ¼h, gwaz, mamm, maouez, placÊ¼h, tad
ğŸ‘¨â€ğŸ‘¨â€ğŸ‘¦	bugel, familh, familh : gwaz, gwaz, paotr, gwaz, mamm, paotr, tad
ğŸ‘¨â€ğŸ‘¨â€ğŸ‘§	bugel, familh, familh : gwaz, gwaz, placÊ¼h, gwaz, mamm, placÊ¼h, tad
ğŸ‘¨â€ğŸ‘¨â€ğŸ‘§â€ğŸ‘¦	bugel, familh, familh : gwaz, gwaz, placÊ¼h, paotr, gwaz, mamm, paotr, placÊ¼h, tad
ğŸ‘¨â€ğŸ‘¨â€ğŸ‘¦â€ğŸ‘¦	bugel, familh, familh : gwaz, gwaz, paotr, paotr, gwaz, mamm, paotr, tad
ğŸ‘¨â€ğŸ‘¨â€ğŸ‘§â€ğŸ‘§	bugel, familh, familh : gwaz, gwaz, placÊ¼h, placÊ¼h, gwaz, mamm, placÊ¼h, tad
ğŸ‘©â€ğŸ‘©â€ğŸ‘¦	bugel, familh, familh : maouez, maouez, paotr, mamm, maouez, paotr, tad
ğŸ‘©â€ğŸ‘©â€ğŸ‘§	bugel, familh, familh : maouez, maouez, placÊ¼h, mamm, maouez, placÊ¼h, tad
ğŸ‘©â€ğŸ‘©â€ğŸ‘§â€ğŸ‘¦	bugel, familh, familh : maouez, maouez, placÊ¼h, paotr, mamm, maouez, paotr, placÊ¼h, tad
ğŸ‘©â€ğŸ‘©â€ğŸ‘¦â€ğŸ‘¦	bugel, familh, familh : maouez, maouez, paotr, paotr, mamm, maouez, paotr, tad
ğŸ‘©â€ğŸ‘©â€ğŸ‘§â€ğŸ‘§	bugel, familh, familh : maouez, maouez, placÊ¼h, placÊ¼h, mamm, maouez, placÊ¼h, tad
ğŸ‘¨â€ğŸ‘¦	bugel, familh, familh : gwaz, paotr, gwaz, mamm, paotr, tad
ğŸ‘¨â€ğŸ‘¦â€ğŸ‘¦	bugel, familh, familh : gwaz, paotr, paotr, gwaz, mamm, paotr, tad
ğŸ‘¨â€ğŸ‘§	bugel, familh, familh : gwaz, placÊ¼h, gwaz, mamm, placÊ¼h, tad
ğŸ‘¨â€ğŸ‘§â€ğŸ‘¦	bugel, familh, familh : gwaz, placÊ¼h, paotr, gwaz, mamm, paotr, placÊ¼h, tad
ğŸ‘¨â€ğŸ‘§â€ğŸ‘§	bugel, familh, familh : gwaz, placÊ¼h, placÊ¼h, gwaz, mamm, placÊ¼h, tad
ğŸ‘©â€ğŸ‘¦	bugel, familh, familh : maouez, paotr, mamm, maouez, paotr, tad
ğŸ‘©â€ğŸ‘¦â€ğŸ‘¦	bugel, familh, familh : maouez, paotr, paotr, mamm, maouez, paotr, tad
ğŸ‘©â€ğŸ‘§	bugel, familh, familh : maouez, placÊ¼h, mamm, maouez, placÊ¼h, tad
ğŸ‘©â€ğŸ‘§â€ğŸ‘¦	bugel, familh, familh : maouez, placÊ¼h, paotr, mamm, maouez, paotr, placÊ¼h, tad
ğŸ‘©â€ğŸ‘§â€ğŸ‘§	bugel, familh, familh : maouez, placÊ¼h, placÊ¼h, mamm, maouez, placÊ¼h, tad
ğŸ¦°	blev, blev ruz
ğŸ¦±	blev, blev rodellek
ğŸ¦³	blev, blev gwenn
ğŸ¦²	blev, moal
ğŸµ	marmouz, penn, penn marmouz
ğŸ’	loen, marmouz
ğŸ¦	gorilh, loen
ğŸ¦§	loen, orangoutan
ğŸ¶	ki, penn, penn ki
ğŸ•ï¸	ki, loen
ğŸ¦®	dall, ki-heÃ±chaÃ±
ğŸ©	ki, ki rodellek
ğŸº	bleiz, penn
ğŸ¦Š	louarn, penn
ğŸ¦	loen, rakoun
ğŸ±	kazh, penn, penn kazh
ğŸˆï¸	kazh, loen
ğŸˆâ€â¬›	dichaÃ±s, du, kazh, kazh du
ğŸ¦	leon, penn
ğŸ¯	penn, penn tigr, tigr
ğŸ…	tigr
ğŸ†	loupard
ğŸ´	marcÊ¼h, penn, penn marcÊ¼h
ğŸ	loen, marcÊ¼h
ğŸ¦„	penn, unkorneg
ğŸ¦“	loen, roudenneg
ğŸ¦Œ	karv, loen
ğŸ¦¬	bizon, loen
ğŸ®	buocÊ¼h, penn, penn buocÊ¼h
ğŸ‚	ejen, loen
ğŸƒ	bual, loen
ğŸ„	buocÊ¼h, loen
ğŸ·	mocÊ¼h, penn, penn mocÊ¼h
ğŸ–	loen, pemocÊ¼h
ğŸ—	hocÊ¼h gouez, loen
ğŸ½	loen, moj, pemocÊ¼h
ğŸ	loen, tourz
ğŸ‘	daÃ±vad, loen
ğŸ	gavr, loen
ğŸª	dremedal, loen
ğŸ«	kaÃ±val, loen
ğŸ¦™	lama, loen
ğŸ¦’	jirafenn, loen
ğŸ˜	loen, olifant
ğŸ¦£	mamout, stilhonoÃ¹
ğŸ¦	frikorneg, loen
ğŸ¦›	dourvarcâ€™h, loen
ğŸ­	logodenn, penn, penn logodenn
ğŸ	loen, logodenn
ğŸ€	loen, razh
ğŸ¹	hamster, penn
ğŸ°	lapin, penn, penn lapin
ğŸ‡	lapin, loen
ğŸ¿ï¸	gwiÃ±ver, loen
ğŸ¦«	avank, stankell
ğŸ¦”	heureuchin, loen
ğŸ¦‡	loen, logodenn-zall
ğŸ»	arzh, penn, penn arzh
ğŸ»â€â„	arzh, arzh gwenn, gwenn
ğŸ¨	koala, loen
ğŸ¼	panda, penn
ğŸ¦¥	lezireg, loen
ğŸ¦¦	dourgi, loen
ğŸ¦¨	loen, skoÃ±s
ğŸ¦˜	Aostralia, kangourou, loen
ğŸ¦¡	brocÊ¼h, loen
ğŸ¾	loucÊ¼had, loucÊ¼hadoÃ¹ pavioÃ¹, pav
ğŸ¦ƒ	evn, kog-Spagn
ğŸ”	evn, yar
ğŸ“	evn, kilhog
ğŸ¤	evn, poÃ±sin
ğŸ¦ï¸	evn, loen
ğŸ§	evn, god
ğŸ•Šï¸	evn, koulm, peocÊ¼h
ğŸ¦…	erer, evn
ğŸ¦†	evn, houad
ğŸ¦¢	alarcÊ¼h, evn
ğŸ¦‰	evn, kaouenn
ğŸ¦¤	Moris, dodo
ğŸª¶	evn, pluenn
ğŸ¦©	evn, flammeg, loen, trovanel
ğŸ¦š	evn, loen, paun
ğŸ¦œ	evn, loen, peroked
ğŸ¸	loen, penn, ran
ğŸŠ	krokodil, loen
ğŸ¢	baot, loen
ğŸ¦	glazard, loen
ğŸ	loen, naer
ğŸ²	dragon, penn, penn dragon
ğŸ‰	dragon, loen
ğŸ¦•	dinosaor, saoropod
ğŸ¦–	dinosaor, tiranosaor roue
ğŸ‹	balum, loen
ğŸ¬	delfin, loen
ğŸ¦­	morleon, reunig
ğŸŸï¸	loen, pesk, pesked
ğŸ 	pesk, pesk trovanel, trovanel
ğŸ¡	loar-vor, pesk
ğŸ¦ˆ	pesk, rinkin
ğŸ™	loen, morgazh
ğŸš	krogenn, krogenn droellennek, troellenn
ğŸŒ	loen, maligorn
ğŸ¦‹	amprevan, balafenn
ğŸ›	amprevan, biskoulenn
ğŸœ	amprevan, merienenn
ğŸ	amprevan, gwenanenn
ğŸª²	amprevan, cÊ¼hwil
ğŸ	amprevan, buocÊ¼han
ğŸ¦—	amprevan, krank-raden
ğŸª³	amprevan, cÊ¼hwil-du
ğŸ•·ï¸	kevnidenn
ğŸ•¸ï¸	gwiad, gwiad-kevnid, kevnid
ğŸ¦‚	krug, loen
ğŸ¦Ÿ	amprevan, moustik
ğŸª°	kelienenn, kleÃ±ved
ğŸª±	buzhugenn, loen
ğŸ¦ 	bakterienn, mikrob
ğŸ’	bleunioÃ¹, boked, boked bleunioÃ¹
ğŸŒ¸	bleunienn gerez, bleuÃ±v, kerez
ğŸ’®	bleunienn wenn, bleuÃ±v
ğŸµï¸	plantenn, rozetenn
ğŸŒ¹	bleunienn, rozenn
ğŸ¥€	boked, boked goeÃ±vet, goeÃ±viÃ±
ğŸŒº	bleunienn, hibiskuz
ğŸŒ»	bleunienn, tro-heol
ğŸŒ¼	bleunienn, broÃ±s
ğŸŒ·	bleunienn, tulipezenn
ğŸŒ±	strujenn, strujenn yaouank, yaouank
ğŸª´	plantenn, plantenn podet, pod, ti
ğŸŒ²	avalpineg, gwez
ğŸŒ³	deliaoueg, gwez
ğŸŒ´	gwez, gwez-palmez, palmez
ğŸŒµ	kaktuz, plant
ğŸŒ¾	plant, plant riz, riz
ğŸŒ¿	delienn, louzaouenn
â˜˜ï¸	melchon, plant
ğŸ€	4, melchon peder, plant
ğŸ	delienn, delienn skav-gwracÊ¼h, skav-gwracÊ¼h
ğŸ‚	delienn, delioÃ¹ secÊ¼h
ğŸƒ	avel, delienn, delienn en avel
ğŸ„	kabell-touseg, tog-touseg
ğŸ‡	frouezh, rezin
ğŸˆ	frouezh, meloÃ±s
ğŸ‰	frouezh, pastekez
ğŸŠ	frouezh, mandarin, oraÃ±jez
ğŸ‹	frouezh, sitroÃ±s
ğŸŒ	bananez, frouezh
ğŸ	ananaz, frouezh
ğŸ¥­	frouezh, mangez, trovanel
ğŸ	aval, aval ruz, frouezh, ruz
ğŸ	aval, aval glas, frouezh, glas
ğŸ	frouezh, per
ğŸ‘	frouezh, pechez
ğŸ’	frouezh, kerez
ğŸ“	frouezh, sivi
ğŸ«	frouezh, lus
ğŸ¥	frouezh, kiwi
ğŸ…	frouezh, legumaj, tomatez
ğŸ«’	boued, olivez
ğŸ¥¥	frouezh, kraoÃ±-kokoz
ğŸ¥‘	avoukez, frouezh, legumaj
ğŸ†	berjinez, legumaj
ğŸ¥”	aval-douar, boued, legumaj
ğŸ¥•	boued, karotez, legumaj
ğŸŒ½	maiz, penn-maiz
ğŸŒ¶ï¸	pimant, pimant ruz
ğŸ«‘	legumaj, skilbebr
ğŸ¥’	kokombrez, legumaj
ğŸ¥¬	legumaj, legumaj glas, letuz
ğŸ¥¦	brikoli, legumaj
ğŸ§„	kignen, legumaj, temz-boued
ğŸ§…	legumaj, ognon, temz-boued
ğŸ¥œ	boued, kakaouetez
ğŸŒ°	boued, kistin
ğŸ	bara, choanenn
ğŸ¥	bara, kornegenn, viennerezh
ğŸ¥–	baget, bara
ğŸ«“	bara, galetez
ğŸ¥¨	bara, bretzel
ğŸ¥¯	bagel, bara
ğŸ¥	galetez, krampouezh, pancake
ğŸ§‡	dijuniÃ±, galfrez, pastezerezh
ğŸ§€	formaj-laezh, keuz, tamm formaj-laezh, tamm keuz
ğŸ–	askorn, kig, kig war askorn
ğŸ—	kig, kig-yar, morzhed, morzhed yar, yar
ğŸ¥©	kostenn, kostezenn, ramskoaz, tamm kig
ğŸ¥“	bacon, boued, dijuniÃ±, kig, kig-sall
ğŸ”	burger, hamburger
ğŸŸ	fritez, patatez
ğŸ•	formaj-laezh, keuz, pizza, tamm formaj-laezh, tamm keuz
ğŸŒ­	hot-dog, silzig
ğŸ¥ª	bara, sandwich
ğŸŒ®	mecÊ¼hikan, tako
ğŸŒ¯	burrito, mecÊ¼hikan
ğŸ«”	mecÊ¼hikan, tamal
ğŸ¥™	boued, falafel, kebab, sandwich
ğŸ§†	falafel, pouloud
ğŸ¥š	boued, dijuniÃ±, vi
ğŸ³	dijuniÃ±, paelon, plad, vi, vi war ar plad
ğŸ¥˜	boued, kastelodenn, meuz mitonet, paelon
ğŸ²	keusteurenn, pothouarn, pothouarnad
ğŸ«•	chokolad, darbod, formaj-laezh, keuz, teuzadell
ğŸ¥£	bolenn, bolennad, bolennad gant loa, dijuniÃ±, edaj, loa
ğŸ¥—	boued, saladenn
ğŸ¿	popcorn
ğŸ§ˆ	amann, boued-laezh
ğŸ§‚	holen, temz-boued
ğŸ¥«	boest-mir, boued-mir
ğŸ±	bento, boest
ğŸ˜	galetez, galetez riz, riz
ğŸ™	boulig, boulig riz, riz
ğŸš	bolennad, bolennad riz, riz
ğŸ›	kari, riz, riz dre gari
ğŸœ	bolennad, bolennad tomm, tomm
ğŸ	spaghetti, toazennoÃ¹
ğŸ 	dous, patatez, patatez dous rostet, rostet
ğŸ¢	beriad, beriad pesked, pesked
ğŸ£	pesked, sushi
ğŸ¤	bignez, bignez chevr, chevr
ğŸ¥	krokedenn, krokedenn besked, pesked
ğŸ¥®	diskaramzer, gouel, gwastell-loar
ğŸ¡	beriad, beriad madigoÃ¹, madigoÃ¹
ğŸ¥Ÿ	gyÅza, jiaozi, pierogi, pouloud
ğŸ¦€	krank, loen
ğŸ¦	biskennad, boued-mor, legestr, loen
ğŸ¦	boued-mor, chevr, kresteneg, loen
ğŸ¦‘	blotvil, boued, stivell
ğŸ¦ª	istr, perlez
ğŸ¦	dibenn-pred, dienn-skorn, dienn-skorn mod Italia, skorn
ğŸ§	dibenn-pred, greunitad, skorn
ğŸ¨	dibenn-pred, dienn-skorn, skorn
ğŸ©	dibenn-pred, donut
ğŸª	cookie, dibenn-pred
ğŸ‚	deiz-ha-bloaz, dibenn-pred, gwastell, gwastell deiz-ha-bloaz
ğŸ°	dibenn-pred, gwastell, sablegenn
ğŸ§	dibenn-pred, gwastellig
ğŸ¥§	dibenn-pred, tartezenn
ğŸ«	barrenn chokolad, dibenn-pred
ğŸ¬	dibenn-pred, madig
ğŸ­	dibenn-pred, sunig
ğŸ®	dibenn-pred, dienn war e cÊ¼henoÃ¹, koaven war e cÊ¼henoÃ¹
ğŸ¯	mel, pod, podad mel
ğŸ¼	babig, bured, evaj, laezh
ğŸ¥›	evaj, gwerenn, gwerennad laezh, laezh
â˜•ï¸	evaj, evaj tomm, kafe, te, tomm
ğŸ«–	evaj, pod-te, te, tomm
ğŸµ	evaj, tasenn, te, tomm
ğŸ¶	evaj, sake
ğŸ¾	boutailh, boutailhad champagn, champagn, evaj, stouv
ğŸ·	evaj, gwerenn, gwerennad gwin, gwin
ğŸ¸ï¸	evaj, gwerenn, koktel
ğŸ¹	evaj, koktel, koktel trovanel, trovanel
ğŸº	bier, chop, chopad bier, evaj
ğŸ»	bier, chop, chopadoÃ¹ bier, evaj
ğŸ¥¤	chug-frouezh, gobeled gant plouzenn, soda
ğŸ§ƒ	brikennigad, brikennigad evaj, chug-frouezh, evaj
ğŸ§‰	evaj, mate
ğŸ§Š	skorn, skornenn, yen
ğŸ¥¢	bizhier
ğŸ½ï¸	asied, fourchetez, kontell, kontell ha fourchetez gant asied
ğŸ´	kontell ha fourchetez, preti
ğŸ¥„	loa
ğŸ”ª	arm, kegin, kontell, kontell-gegin
ğŸº	aÃ±forenn, evaj
ğŸŒ	Afrika, Europa, bed, boul, boul douar o tiskouez Europa hag Afrika, douar
ğŸŒï¸	Amerika, bed, boul, boul douar o tiskouez Amerika, douar
ğŸŒ	Aostralia, Azia, bed, boul, boul douar o tiskouez Azia hag Aostralia, douar
ğŸŒ	bed, boul, boul douar gant hedredennoÃ¹, douar, hedredennoÃ¹
ğŸ—ºï¸	bed, kartenn, kartenn ar bed
ğŸ—¾	Japan, kartenn, kartenn Japan
ğŸ§­	magnetek, merdeiÃ±, nadoz-vor
ğŸ”ï¸	ercÊ¼h, menez, menez ercÊ¼hek
â›°ï¸	menez
ğŸŒ‹	dislonkadenn, menez-tan
ğŸ—»	Fuji, menez, menez Fuji
ğŸ•ï¸	kampiÃ±
ğŸ–ï¸	disheolier, traezhenn, traezhenn gant disheolier
ğŸœï¸	dezerzh
ğŸï¸	didud, enezenn, enezenn didud
ğŸï¸	park, park broadel
ğŸŸï¸	stad
ğŸ›ï¸	savadur, savadur klasel
ğŸ—ï¸	savadur, savadur war sevel, sevel
ğŸ§±	brikenn, brikennoÃ¹, morter, pri
ğŸª¨	maen, rocÊ¼h
ğŸªµ	kef, keuneud, koad
ğŸ›–	foukenn, ti, yourt
ğŸ˜ï¸	savadurioÃ¹, tiez
ğŸšï¸	dilezet, ti, ti dilezet
ğŸ ï¸	savadur, ti
ğŸ¡	liorzh, ti, ti ha liorzh
ğŸ¢	savadur, savadur burevioÃ¹
ğŸ£	japanat, post, ti-post, ti-post japanat
ğŸ¤	europat, post, ti-post
ğŸ¥	medisinerezh, mezegiezh, ospital, savadur
ğŸ¦	bank, savadur
ğŸ¨	leti, savadur
ğŸ©	hotel, love, love hotel
ğŸª	gourstalig, stal
ğŸ«	savadur, skol
ğŸ¬	stal, stal vras
ğŸ­ï¸	labouradeg, savadur
ğŸ¯	japanat, kastell, kastell japanat
ğŸ°	europat, kastell
ğŸ’’	chapel, eured, karantez
ğŸ—¼	Tokyo, tour, tour Tokyo
ğŸ—½	Frankiz, delwenn, delwenn ar Frankiz
â›ªï¸	iliz, kristen, kroaz, relijion
ğŸ•Œ	islam, moskeenn, muzulman, relijion
ğŸ›•	hindou, templ, templ hindou
ğŸ•	relijion, sinagogenn, templ, yuzev
â›©ï¸	relijion, santual, santual shinto, shinto
ğŸ•‹	islam, kaaba, muzulman, relijion
â›²ï¸	feunteun
â›ºï¸	kampiÃ±, teltenn
ğŸŒ	brumennek, latar
ğŸŒƒ	noz, stered, stergann
ğŸ™ï¸	gweledva kÃªr, kÃªr
ğŸŒ„	beure, heol, menez, mintin, sav-heol, sav-heol war ar menezioÃ¹
ğŸŒ…	beure, heol, mintin, sav-heol
ğŸŒ†	gweledva, gweledva kÃªr da serr-noz, kÃªr, serr-noz
ğŸŒ‡	heol, kuzh-heol, serr-noz
ğŸŒ‰	noz, pont, pont en noz
â™¨ï¸	andon, andon tomm, tomm
ğŸ 	kazeg, kazeg-vezevenn, manej
ğŸ¡	rod, rod vras, tachenn ar cÊ¼hoarioÃ¹
ğŸ¢	sav-diskenn, tachenn ar cÊ¼hoarioÃ¹
ğŸ’ˆ	barr-ti, barr-ti barver, barver
ğŸª	pabell, pabell sirk, sirk
ğŸš‚	hent-houarn, stlejerez, tren
ğŸšƒ	bagon, hent-houarn, tren
ğŸš„	TTB, hent-houarn, shinkansen, tizh, tren, tren tizh bras
ğŸš…	TTB, hent-houarn, shinkansen, tizh, tren, tren tizh bras
ğŸš†	hent-houarn, tren
ğŸš‡ï¸	hent-houarn, metro
ğŸšˆ	hent-houarn, metro skaÃ±v
ğŸš‰	hent-houarn, porzh-houarn, tren
ğŸšŠ	tramgarr, trollebus
ğŸš	karbed, unroudenn
ğŸš	hent-houarn, tren ar menezioÃ¹
ğŸš‹	bagon tramgarr, tramgarr, trollebus
ğŸšŒ	bus, karbed
ğŸš	bus, tramgarr, trolle, trollebus
ğŸš	bus, minibus
ğŸš‘ï¸	ambulaÃ±s, karbed
ğŸš’	pomper, sammgarr pomperien
ğŸš“	karr polis, polis
ğŸš•	karbed, taksi
ğŸš—	karr, karr-tan
ğŸšš	degas, karr-samm, karr-samm degas
ğŸš›	sammgarr, sammgarr-ramoker
ğŸšœ	karbed, traktor
ğŸï¸	karbed, marcÊ¼h-tan
ğŸ›µ	karbed, skouter
ğŸ›´	karbed, troterez
ğŸ›¹	plankenn, plankenn-ruilh
ğŸ›¼	botez, botez-ruilh
ğŸš	arsav, arsav bus, bus
ğŸ›£ï¸	gourhent, hent
ğŸ›¤ï¸	hent-houarn, tren
ğŸ›¢ï¸	barilhad tireoul, tireoul
â›½ï¸	plomenn, plomenn strilheoul, porzh-servij, strilheoul
ğŸš¨	karr, letern-tro, polis
âš“ï¸	bag, eor, lestr
â›µï¸	bag, gouelier, lestr
ğŸ›¶	bag, kanoe
ğŸš¤	bag, bag herrek, lestr
ğŸ›³ï¸	lestr, mordreizher
â›´ï¸	bag, lestr-treizh
ğŸ›¥ï¸	bag, bag-a-dan
ğŸš¢	bag, lestr
âœˆï¸	karr-nij, nijerez
ğŸ›©ï¸	karr-nij, karr-nij bihan, nijerez
ğŸª‚	bolcÊ¼haskell, harz-lamm
ğŸ’º	azezenn, kador
ğŸš	biÃ±saskell
ğŸšŸ	fundren
ğŸš 	fundren, fungarr, funitel, funlogell, menez
ğŸš¡	fundramgarr, fundren, fungarr, funitel, funlogell
ğŸ›°ï¸	egor, loarell
ğŸš€	egor, fuzeenn
ğŸ›¸	NIDI, pladenn-nij
ğŸ›ï¸	kontouer, leti, sonerez, sonerez kontouer
ğŸ§³	bagaj, malizenn, pakad
âŒ›ï¸	eurier, eurier-traezh, traezh
âŒšï¸	eur, eurier, montr
â°	alarm, dihuner, eur, eurier
â±ï¸	eur, eurier, kronometr
â²ï¸	eur, eurier, horolaj
ğŸ•°ï¸	eur, eurier, pandulenn
ğŸ•›ï¸	00, 12, 12:00, hanternoz, kreisteiz, kreisteiz/hanternoz
ğŸ•§	12:30, kreisteiz/hanternoz hanter
ğŸ•ï¸	1, 1:00, un eur
ğŸ•œ	13:30, 1:30, un eur hanter
ğŸ•‘ï¸	14:00, 2, 2:00, div eur
ğŸ•	14:30, 2:30, div eur hanter
ğŸ•’ï¸	15:00, 3, 3:00, teir eur
ğŸ•	15:30, 3:30, teir eur hanter
ğŸ•“ï¸	16:00, 4, 4:00, peder eur
ğŸ•Ÿ	14:30, 4:30, peder eur hanter
ğŸ•”ï¸	17:00, 5, 5:00, pemp eur
ğŸ• 	17:30, 5:30, pemp eur hanter
ğŸ••ï¸	18:00, 6, 6:00, cÊ¼hwecÊ¼h eur
ğŸ•¡	18:30, 6:30, cÊ¼hwecÊ¼h eur hanter
ğŸ•–ï¸	19:00, 7, 7:00, seizh eur
ğŸ•¢	19:30, 7:30, seizh eur hanter
ğŸ•—ï¸	20:00, 8, 8:00, eizh eur
ğŸ•£	20:30, 8:30, eizh eur hanter
ğŸ•˜ï¸	21:00, 9, 9:00, eizh eur, nav eur
ğŸ•¤	21:30, 9:30, nav eur hanter
ğŸ•™ï¸	10, 10:00, 22:00, dek eur
ğŸ•¥	10:30, 22:30, dek eur hanter
ğŸ•šï¸	11, 11:00, 23:00, unnek eur
ğŸ•¦	11:30, 23:30, unnek eur hanter
ğŸŒ‘	loar, loar nevez
ğŸŒ’	loar, loar vihan ar cÊ¼hresk
ğŸŒ“	hanterloar, hanterloar ar cÊ¼hresk, loar
ğŸŒ”	loar, loar vras ar câ€™hresk
ğŸŒ•ï¸	loar, loargann
ğŸŒ–	loar, loar vras an digresk
ğŸŒ—	hanterloar, hanterloar an digresk, loar
ğŸŒ˜	loar, loar vihan an digresk
ğŸŒ™	kreskenn, kreskenn loar, loar
ğŸŒš	loar, penn, penn loar nevez
ğŸŒ›	loar, penn, penn loar vihan ar cÊ¼hresk
ğŸŒœï¸	loar, penn, penn loar vihan an digresk
ğŸŒ¡ï¸	amzer, gwerzverker
â˜€ï¸	heol, skin
ğŸŒ	loar, loargann, penn, penn loargann
ğŸŒ	heol, penn heol, skin
ğŸª	Sadorn, gwalenn, planedenn, planedenn gant gwalennoÃ¹
â­ï¸	steredenn
ğŸŒŸ	steredenn, steredenn skedus
ğŸŒ 	steredenn, steredenn-dared
ğŸŒŒ	Hent-sant-Jakez, egor
â˜ï¸	amzer, koumoulenn
â›…ï¸	heol, heol a-dreÃ±v dÊ¼ar cÊ¼houmoul, koumoul
â›ˆï¸	glav, koumoul, koumoulenn gant lucÊ¼hedenn ha glav, lucÊ¼hed
ğŸŒ¤ï¸	heol, heol a-dreÃ±v dÊ¼ur goumoulennig, koumoul
ğŸŒ¥ï¸	heol, heol a-dreÃ±v dÊ¼ur goumoulenn vras, koumoul
ğŸŒ¦ï¸	heol, heol a-dreÃ±v dÊ¼ur goumoulenn cÊ¼hlav, koumoul
ğŸŒ§ï¸	glav, koumoul, koumoulenn gant glav
ğŸŒ¨ï¸	ercÊ¼h, koumoul, koumoulenn gant ercÊ¼h
ğŸŒ©ï¸	koumoul, koumoulenn gant lucÊ¼hedenn, lucÊ¼hedenn
ğŸŒªï¸	koumoul, tornadenn
ğŸŒ«ï¸	koumoul, latar
ğŸŒ€	kelcÊ¼hwidenn, tifon
ğŸŒˆ	glav, kanevedenn
ğŸŒ‚	disglavier, disglavier serr, glav
â˜‚ï¸	disglavier, glav
â˜”ï¸	disglavier, disglavier gant glav, glav
â›±ï¸	disglavier, disheolier, glav, heol
âš¡ï¸	tredan, tredanvarr uhel
â„ï¸	ercÊ¼h, malzenn, malzenn ercÊ¼h
â˜ƒï¸	boulom, boulom ercÊ¼h gant ercÊ¼h, ercÊ¼h
â›„ï¸	boulom, boulom ercÊ¼h hep ercÊ¼h, ercÊ¼h
â˜„ï¸	egor, kometenn
ğŸ”¥	flammenn, tan
ğŸ’§	cÊ¼hwez, dour, takenn
ğŸŒŠ	gwagenn, meurvor, mor
ğŸƒ	fest, gouel, halloween, jack-oÊ¼-lantern, letern, lid, sitrouilhez
ğŸ„	Nedeleg, fest, gouel, gwezenn, gwezenn Nedeleg, lid
ğŸ†	fest, gouel, lid, tan, tan-arvest
ğŸ‡	fest, gouel, lid, piled-hud, tan-arvest
ğŸ§¨	dinamit, strakerez, tarzhaÃ±
âœ¨	*, fulennoÃ¹, steredenn
ğŸˆ	cÊ¼hwezigell, fest, gouel
ğŸ‰	fest, gouel, kotilhon, lid
ğŸŠ	fest, gouel, koÃ±feti, lid
ğŸ‹	fest, gouel, gwez-hetoÃ¹, lid
ğŸ	bambouz, kadomatsu
ğŸ	fest, gouel, lid, poupinell, poupinelloÃ¹ japanat
ğŸ	fest, gouel, karpenn, koinobori
ğŸ	fest, gouel, karilhon-avel, klocÊ¼h, lid, son
ğŸ‘	fest, gouel, lid, lid al loar, loar
ğŸ§§	arcÊ¼hant, chaÃ±s vat, golo ruz
ğŸ€	fest, gouel, seizenn
ğŸ	fest, gouel, prof, seizenn
ğŸ—ï¸	fest, gouel, seizenn-goun
ğŸŸï¸	bilhed, bilhed mont e-barzh
ğŸ«	arvest, bilhed
ğŸ–ï¸	medalenn, medalenn vilourel
ğŸ†ï¸	priz, trofe
ğŸ…	medalenn, medalenn sport
ğŸ¥‡	aour, medalenn, medalenn aour
ğŸ¥ˆ	medalenn, medalenn arcÊ¼hant
ğŸ¥‰	medalenn, medalenn arem
âš½ï¸	mell, mell fobal
âš¾ï¸	baseball, polotenn
ğŸ¥	polotenn, softball
ğŸ€	basket-ball, mell
ğŸ	mell, volley-ball
ğŸˆ	amerikan, fobal, fobal amerikan, mell
ğŸ‰	mell, rugbi
ğŸ¾	polotenn, tennis
ğŸ¥	frizbi, sport
ğŸ³	boul, bowling
ğŸ	kriked, krogad, match, sport
ğŸ‘	hoke war leton, sport
ğŸ’	hoke war skorn, sport
ğŸ¥	bazh-horell, cÊ¼hoari-horell, horell
ğŸ“	paliked, ping pong, polotenn, tennis-taol
ğŸ¸	badminton, paliked, skobitell
ğŸ¥Š	boks, maneg, maneg boks
ğŸ¥‹	dilhad arzoÃ¹-emgannaÃ±, judo, karate, taekwondo
ğŸ¥…	kaoued, kaoued-pal, pal
â›³ï¸	bannielig, bannielig golf, golf
â›¸ï¸	botez-ruzikat, skorn
ğŸ£	lazheta, pesketa
ğŸ¤¿	maskl-splujaÃ±, splujaÃ±, tuba
ğŸ½	krez, krez redek, redek
ğŸ¿	ercÊ¼h, ski
ğŸ›·	luj, treinell
ğŸ¥Œ	krogad, maen curling, match, sport
ğŸ¯	gwenn, ober mil
ğŸª€	cÊ¼hoariell, pun-dibun
ğŸª	nijal, sarpant-nij
ğŸ”«	arm, pistolenn
ğŸ±	8, bilhard, bilhard saoz, boul
ğŸ”®	boulenn strink, strink
ğŸª„	gwialenn-hud, hud, sorser, sorserez
ğŸ®ï¸	cÊ¼hoari, cÊ¼hoari video
ğŸ•¹ï¸	cÊ¼hoari, cÊ¼hoari video, lanker cÊ¼hoari
ğŸ²	cÊ¼hoari diÃ±soÃ¹, diÃ±s
ğŸ§©	cÊ¼hoari, miltamm
ğŸ§¸	arzh-feur, cÊ¼hoari, cÊ¼hoariell
ğŸª…	fest, gouel, piÃ±ata
ğŸª†	matriochka, rusian
â™ ï¸	kartenn, pikez, pikezenn
â™¥ï¸	kartenn, keur, keurenn
â™¦ï¸	karo, karoenn, kartenn
â™£ï¸	kartenn, treflez, treflezenn
â™Ÿï¸	echedoÃ¹, pezh, pezh echedoÃ¹
ğŸƒ	joker, kartenn joker
ğŸ­ï¸	arvestoÃ¹ bev, arz, maskl
ğŸ–¼ï¸	arz, skeudenn, skeudenn sterniet, stern
ğŸ¨	arz, pladenn, pladennad livioÃ¹
ğŸ§µ	kanell, kanellad neud, nadoz, neud
ğŸª¡	broderezh, gwriat, nadoz, nadoz da wriat
ğŸ§¶	nadoz, neud, pellenn, pellenn neud
ğŸª¢	kordenn, skoulm
ğŸ‘“ï¸	daoulagad, lunedoÃ¹, lunedoÃ¹ gwelet
ğŸ•¶ï¸	daoulagad, lunedoÃ¹, lunedoÃ¹-heol
ğŸ¥½	daoulagad, lunedoÃ¹, lunedoÃ¹-kouronkaÃ±
ğŸ¥¼	doktor, flotantenn wenn, skiantour
ğŸ¦º	jiletenn, jiletenn surentez, surentez
ğŸ‘”	dilhad, kravatenn
ğŸ‘•	dilhad, tee-shirt
ğŸ‘–	dilhad, jeanÊ¼s
ğŸ§£	dilhad, skerb
ğŸ§¤	dilhad, manegoÃ¹
ğŸ§¥	chupenn, dilhad, mantell
ğŸ§¦	dilhad, loeroÃ¹, treid
ğŸ‘—	dilhad, sae
ğŸ‘˜	dilhad, kimono
ğŸ¥»	dilhad, sari
ğŸ©±	dilhad-kouronkaÃ±, sae-gouronkaÃ±, sae-gouronkaÃ± unpezh, unpezh
ğŸ©²	dilhad-dindan, dilhad-kouronkaÃ±, slip, unpezh
ğŸ©³	bragoÃ¹-berr, dilhad-kouronkaÃ±, unpezh
ğŸ‘™	bikini, dilhad-kouronkaÃ±
ğŸ‘š	dilhad, dilhad mercÊ¼hed, mercÊ¼hed
ğŸ‘›	doug-moneiz, moneiz
ğŸ‘œ	dilhad, sacÊ¼h, sacÊ¼h-dorn
ğŸ‘	godellig, sacÊ¼h
ğŸ›ï¸	sacÊ¼h, seier kabas
ğŸ’	sacÊ¼h, sacÊ¼h-kein, sacÊ¼h-skol
ğŸ©´	sandalenn, soledenn, solenn, tong
ğŸ‘Ÿ	botez, botez sport
ğŸ¥¾	bale, botez, botez bale, kampiÃ±
ğŸ‘ 	botez, skarpin
ğŸ‘‘	dilhad, kurunenn, tog
ğŸ©	dilhad, tog, tog moull uhel
ğŸ“ï¸	dilhad, tog, tok skol-veur
ğŸ§¢	dilhad, kasketenn amerikan, tog
ğŸª–	arme, soudard, tokarn, tokarn soudard
â›‘ï¸	sikourer, tokarn, tokarn sikourer
ğŸ“¿	chapeled, greunenn, merkenn, paterenn, pedenn, relijion
ğŸ’„	gwezeladoÃ¹, ruz-muzelloÃ¹
ğŸ’	diamant, gwalenn
ğŸ’	diamant, maen prizius
ğŸ”‡	didrouz, mut, son
ğŸ“¢	son, uhelgomzer
ğŸ“£	korn-mouezh, megafon
ğŸ“¯	korn, korn ar paotr-marcâ€™h, paotr-marcâ€™h
ğŸ””	klocâ€™h
ğŸ¼	kevrollenn, skrid-sonerezh, sonerezh
ğŸµ	notenn, notenn sonerezh, sonerezh
ğŸ¶	notenn, notennoÃ¹, notennoÃ¹ sonerezh, sonerezh
ğŸ™ï¸	mikro, mikrofon, mikrofon studio, sonerezh, studio
ğŸ¤	mikro, mikrofon, sonerezh
ğŸ§ï¸	selaouelloÃ¹
ğŸ“»ï¸	skingomzer, video
ğŸ·	benveg, saksofon, sonerezh
ğŸª—	akordeoÃ±s, benveg, sonerezh
ğŸ¸	benveg, gitar, sonerezh
ğŸ¹	benveg, klavier, klavier sonerezh, sonerezh
ğŸº	benveg, sonerezh, trompilh
ğŸ»	benveg, biolin, sonerezh, violoÃ±s
ğŸª•	banjo, benveg, sonerezh
ğŸ¥	benveg, sonerezh, taboulin, toumperezh
ğŸª˜	benveg, djembe, sonerezh
ğŸ“±	hezoug, pellgomz, pellgomzer, pellgomzer hezoug
ğŸ“²	bir, hezoug, pellgomz, pellgomzer, pellgomzer hezoug gant bir
â˜ï¸	pellgomz, pellgomzer
ğŸ“	pellgomz, pellgomzer, yevenn, yevenn bellgomz
ğŸ“Ÿï¸	galver
ğŸ“ 	fax, pelleiler
ğŸ”‹	pil
ğŸ”Œ	lugell, lugell dredan, sankell, sankell dredan, tredan
ğŸ’»ï¸	PC, urzhiataer, urzhiataer hezoug
ğŸ–¥ï¸	urzhiataer, urzhiataer burev
ğŸ–¨ï¸	moullerez, urzhiataer
âŒ¨ï¸	klavier, urzhiataer
ğŸ–±ï¸	logodenn, logodenn urzhiataer, urzhiataer
ğŸ’½	pladenn, pladenn urzhiater, urzhiater
ğŸ’¾	pladennig, urzhiater
ğŸ’¿ï¸	CD, pladenn, urzhiater
ğŸ“€	DVD, pladenn, urzhiater
ğŸ§®	boulaoueg, jediÃ±
ğŸ¥	kamera, sinema
ğŸï¸	film, kocÊ¼henn, sinema
ğŸ“½ï¸	film, lucÊ¼hvanner, sinema, video
ğŸ¬ï¸	film, klek
ğŸ“ºï¸	skinwel, video
ğŸ“·ï¸	lucÊ¼hskeudennerez, video
ğŸ“¸	lucÊ¼heder, lucÊ¼hskeudennerez, lucÊ¼hskeudennerez gant lucÊ¼heder, video
ğŸ“¹ï¸	kamenroller, video
ğŸ“¼	kasedig-video, video
ğŸ”	gwerenn, gwerenn-greskiÃ± a-gleiz
ğŸ”	gwerenn, gwerenn-greskiÃ± a-zehoÃ¹
ğŸ•¯ï¸	goulaouenn, gouloÃ¹
ğŸ’¡	klogorenn, tredan
ğŸ”¦	etev-goulaouiÃ±, tredan
ğŸ®	lampig ruz, letern, ruz, tavarn
ğŸª”	diya, eoul, lamp
ğŸ“”	golo, karned, karned gant golo kinklet, levr
ğŸ“•	levr, levr serr, serr
ğŸ“–	digor, levr, levr digor
ğŸ“—	gwer, levr, levr gwer
ğŸ“˜	glas, levr, levr glas
ğŸ“™	levr, levr oraÃ±jez, oraÃ±jez
ğŸ“šï¸	levr, levrioÃ¹
ğŸ““	karned
ğŸ“’	karned, marilh
ğŸ“ƒ	pajenn, pajenn rollet
ğŸ“œ	paperenn, parchenn
ğŸ“„	pajenn, teul
ğŸ“°	journal, kazetenn
ğŸ—	journal, kazetenn, kazetenn rollet
ğŸ“‘	merk, sinedoÃ¹
ğŸ”–	merk, merk-pajenn
ğŸ·ï¸	tikedenn
ğŸ’°ï¸	dollar, moneiz, sacÊ¼h, sacÊ¼had moneiz
ğŸª™	aour, arcÊ¼hant, moneiz, pezh, pezh moneiz
ğŸ’´	arcÊ¼hant, bilhed, bilhed e yenoÃ¹, moneiz, unanenn, yen
ğŸ’µ	arcÊ¼hant, bilhed, bilhed e dollaroÃ¹, dollar, moneiz, unanenn
ğŸ’¶	arcÊ¼hant, bilhed, bilhed en euroioÃ¹, euro, moneiz, unanenn
ğŸ’·	arcÊ¼hant, bilhed, bilhed e lurioÃ¹, lur, moneiz, unanenn
ğŸ’¸	arcÊ¼hant, bilhed, moneiz, moneiz o nijal, nij
ğŸ’³ï¸	arcÊ¼hant, bank, kartenn, kartenn-vank, moneiz
ğŸ§¾	prouenn, skrid-degemer
ğŸ’¹	grafik, kreskiÃ±, krommenn, krommenn kreskiÃ± ar yen, moneiz, yen
âœ‰ï¸	golo, golo-lizher, lizher
ğŸ“§	golo, golo-lizher, lizher, postel
ğŸ“¦ï¸	boest, pakad
ğŸ“®	boest, boest-lizheroÃ¹ ar post, lizheroÃ¹, post
ğŸ—³ï¸	boest, mouezharcÊ¼h, mouezhiaÃ±, votiÃ±
âœï¸	kreion
âœ’ï¸	du, pluenn, stilo, stilo pluenn du
ğŸ–‹ï¸	pluenn, stilo, stilo pluenn
ğŸ–Šï¸	boulbluenn, stilo
ğŸ–Œï¸	barr-livaÃ±, livaÃ±
ğŸ–ï¸	kreion, kreion pastel, pastel
ğŸ“	kreion, notennoÃ¹ personel
ğŸ’¼	sakochenn
ğŸ“	kleurenn, teuliad
ğŸ“‚	digor, kleurenn, kleurenn digor, teuliad
ğŸ—‚ï¸	dispartier, renkaÃ±
ğŸ“…	deiziad, deiziadur
ğŸ“†	deiziadur, deiziadur efemerid
ğŸ—’ï¸	blocÊ¼h-notennoÃ¹, blocÊ¼h-notennoÃ¹ gant troellennoÃ¹, troellennoÃ¹
ğŸ—“ï¸	deiziadur, deiziadur gant troellennoÃ¹
ğŸ“‡	chomlecÊ¼hioÃ¹, karned, karned chomlecÊ¼hioÃ¹
ğŸ“ˆ	diagramm, grafik, kreskiÃ±, krommenn, krommenn kreskiÃ±
ğŸ“‰	diagramm, digreskiÃ±, grafik, krommenn, krommenn digreskiÃ±
ğŸ“Š	barrennoÃ¹, diagramm, diagramm barrennoÃ¹, grafik
ğŸ“Œ	dafar, tach-meud
ğŸ“	dafar, tach-meud ront
ğŸ“	dafar, strobell
ğŸ–‡ï¸	dafar, strobelloÃ¹
ğŸ“	dafar, reolenn
ğŸ“	dafar, skouer
âœ‚ï¸	dafar, sizailhoÃ¹
ğŸ—‘ï¸	kest, kest ar paper, paper
ğŸ”’ï¸	kadranas, kadranas serr, serr
ğŸ”“ï¸	digor, kadranas, kadranas digor
ğŸ”	kadranas, kadranas serr gant stilo, serr, stilo
ğŸ”	alcÊ¼hwez, kadranas, kadranas serr gant alcÊ¼hwez, serr
ğŸ”‘	alcÊ¼hwez, ger-tremen
ğŸ—ï¸	alcÊ¼hwez, alcÊ¼hwez kozh, kozh
ğŸ”¨	benveg, morzhol
ğŸª“	benveg, boucÊ¼hal, boucÊ¼halig, koad
â›ï¸	benveg, pigell
âš’ï¸	benveg, morzhol, morzhol ha pig, pig
ğŸ› ï¸	alcÊ¼hwez, benveg, morzhol, morzhol hag alcÊ¼hwez plat
ğŸ—¡ï¸	arm, badalenn, kontell
âš”ï¸	arm, kleze, klezeier, klezeier kroaziet
ğŸ’£ï¸	bombezenn, tresadenn
ğŸªƒ	Aostralia, boumerang
ğŸ¹	gwareg, gwareg ha saezh, gwareger, saezh
ğŸ›¡ï¸	arm, skoed
ğŸªš	benveg, heskenn
ğŸ”§	alcÊ¼hwez plat, benveg
ğŸª›	benveg, biÃ±s, troer-biÃ±soÃ¹
ğŸ”©	biÃ±s, biÃ±s ha kraouenn, kraouenn
âš™ï¸	benveg, rod dantek
ğŸ—œï¸	benveg, serjant
âš–ï¸	balaÃ±s, mentel, pouezerez
ğŸ”—	ailhedenn, lagadenn, mailh, mailhon, mell
â›“ï¸	chadenn, chadennoÃ¹
ğŸª	higennaÃ±, krog
ğŸ§°	boest, boest-ostilhoÃ¹, ostilhoÃ¹
ğŸ§²	gwarell, houarn-marcÊ¼h, magnetek
ğŸªœ	skabell, skeul
âš—ï¸	benveg, kimiezh, lambig
ğŸ§ª	kimiezh, kimiour, pibenn amprou
ğŸ§«	bevoniezh, bevoniour, boest, boest Petri
ğŸ§¬	TDN, bevoniour
ğŸ”¬	benveg, mikroskop, skiant
ğŸ”­	benveg, skiant, teleskop
ğŸ“¡	loarell, stign, stign loarell
ğŸ’‰	mezegiezh, strinkell
ğŸ©¸	gwad, medisinerezh, mezegiezh, takenn, takenn wad
ğŸ’Š	medisinerezh, mezegiezh, pilulenn
ğŸ©¹	bandenn, lienad, lienad-peg, lienenn, sparadrap
ğŸ©º	doktor, medisinerezh, mezegiezh, stetoskop
ğŸšª	dor
ğŸ›—	pignerez, saverez
ğŸª	melezour
ğŸªŸ	framm, gweled, prenestr, stern, treuzwelus
ğŸ›ï¸	gwele, kousket, leti
ğŸ›‹ï¸	gourvezvank, gourvezvank ha lamp, kleuzeur, lamp, leti
ğŸª‘	azezenn, kador
ğŸš½	privezioÃ¹
ğŸª 	mandoz, plomer, privezioÃ¹
ğŸš¿	dour, strinkerez
ğŸ›	dour, kibell
ğŸª¤	logod, logotouer
ğŸª’	aotenn, aotenniÃ±
ğŸ§´	boutailhad, boutailhad golcÊ¼had, champouenn, golcÊ¼had
ğŸ§·	gwiadennoÃ¹, lienoÃ¹, spilhenn-alcÊ¼hwez, trezenn
ğŸ§¹	naetaat, skubellenn
ğŸ§º	paner, piknik
ğŸ§»	paper privezioÃ¹, roll paper
ğŸª£	kelorn, sailh
ğŸ§¼	kibellaÃ±, soavon
ğŸª¥	broust, broust-dent, dent, sal-dour, yecÊ¼hederezh
ğŸ§½	naetaat, spoueenn
ğŸ§¯	mouger-tan, tan, tan-gwall
ğŸ›’	karrigell, paner
ğŸš¬	butunat, sigaretenn
âš°ï¸	charke, marv
ğŸª¦	bered, bez, maen-bez, maen-kaÃ±v, maen-koun, maen-sav
âš±ï¸	jarl, jarl-kaÃ±v, ludu, marv
ğŸ§¿	amuzetez, amuzetez nazar, drougaviz, gwall lagad, nazar, tilsam
ğŸ—¿	delwenn, moai
ğŸ§	arcÊ¼hant, arlun bilhedaouer, bank, bilhedaouer
ğŸš®	arlun pod-lastez, pod-lastez, poubelenn
ğŸš°	dour, dour mat da evaÃ±, evaÃ±
â™¿ï¸	arouez kador-ruilh, kador-ruilh, moned
ğŸš¹ï¸	WC, golcÊ¼hiri, paotred, privezioÃ¹, privezioÃ¹ paotred
ğŸšºï¸	WC, golcÊ¼hiri, mercÊ¼hed, privezioÃ¹, privezioÃ¹ mercÊ¼hed
ğŸš»	WC, golcÊ¼hiri, privezioÃ¹
ğŸš¼ï¸	arouez babig, babig
ğŸš¾	WC, golcÊ¼hiri, privezioÃ¹
ğŸ›‚	kontroll, kontroll paseporzhioÃ¹, paseporzh
ğŸ›ƒ	maltouterezh
ğŸ›„	adtapout, adtapout bagajoÃ¹, bagajoÃ¹
ğŸ›…	bagajoÃ¹, fizlecÊ¼h
âš ï¸	diwall
ğŸš¸	bugale o treuziÃ±, bugel, tremenerezh
â›”ï¸	berzet, difennet, tu, tu berzet
ğŸš«	berzet, difennet, tu
ğŸš³	beloioÃ¹, beloioÃ¹ difennet, berzet, difennet
ğŸš­ï¸	arabat butunat, berzet, butunat, difennet
ğŸš¯	arabat lakaat lastez, lastez
ğŸš±	dour, dour fall da evaÃ±, evaÃ±
ğŸš·	berzet, difennet, difennet dÊ¼ar gerzhourien, kerzhourien
â˜¢ï¸	arouez, skinoberiek
â˜£ï¸	arouez, riskl, riskl bevoniel
ğŸ›	azeuliÃ±, lecâ€™h azeuliÃ±, relijion
âš›ï¸	arouez an atom, atom, dizoue
ğŸ•‰ï¸	hindou, om, relijion
âœ¡ï¸	relijion, steredenn David, yuzev
â˜¸ï¸	boudaat, relijion, rod an dharma
â˜¯ï¸	relijion, tao, yang, yin, yin yang
âœï¸	kristen, kroaz latin, relijion
â˜¦ï¸	kristen, kroaz ortodoks, relijion
â˜ªï¸	islam, muzulman, relijion, steredenn ha kreskenn
â˜®ï¸	arouez ar peocÊ¼h, peocÊ¼h
ğŸ•	menorah, relijion
ğŸ”¯	chaÃ±s, steredenn, steredenn cÊ¼hwecÊ¼h brecÊ¼h
â™ˆï¸	Ari, Tourz, an Tourz, zodiak
â™‰ï¸	Tarv, Tau, an Tarv, zodiak
â™Šï¸	Gem, Gevelled, ar Gevelled, zodiak
â™‹ï¸	Cnc, Krank, ar CÊ¼hrank, zodiak
â™Œï¸	Leo, Leon, al Leon, zodiak
â™ï¸	GwercÊ¼hez, Vir, ar WercÊ¼hez, zodiak
â™ï¸	BalaÃ±soÃ¹, Lib, ar BalaÃ±soÃ¹, zodiak
â™ï¸	Krug, Sco, ar Grug, zodiak
â™ï¸	Saezhataer, Sgr, ar Saezhataer, zodiak
â™‘ï¸	Cap, Gavr, ar CÊ¼havr, zodiak
â™’ï¸	Aqr, Skuilher-dour, ar Skuilher-dour, zodiak
â™“ï¸	Pesked, Psc, ar Pesked, zodiak
â›	Naeretaer, Oph, zodiak
ğŸ”€	bir, bouton, bouton lenn mell-divell, lenn mell-divell
ğŸ”	bir, bouton, bouton lenn en-dro, lenn en-dro
â–¶	bouton, bouton lenn, lenn
ğŸ¦	film, kamera, sinema
ğŸ“³	froumer, hezoug, mod froumer, pellgomzer
ğŸ“´	hezoug, lazhet, pellgomzer, pellgomzer lazhet
â™€ï¸	arouez, arouez ar mercÊ¼hed, mercÊ¼hed
â™‚ï¸	arouez, arouez ar paotred, paotred
âš§ï¸	arouez, arouez treuzjener, treuzjener
âœ–ï¸	arouezenn, beskroaz, liesaat, matematikoÃ¹, Ã—
â•	+, arouezenn, matematikoÃ¹, mui
â–	-, arouezenn, matematikoÃ¹, nemet
â—	arouezenn, matematikoÃ¹, rannaÃ±, Ã·
â™¾ï¸	anfin, arouezenn, matematikoÃ¹
â€¼ï¸	!, !!, pik-estlamm, pik-estlamm doubl
â‰ï¸	!, !?, ?, estlamm, goulenn, pik-goulenn estlamm, poentadur
â“ï¸	?, goulenn, pik-goulenn, pik-goulenn ruz, poentadur, ruz
â”	?, goulenn, gwenn, pik-goulenn, pik-goulenn gwenn, poentadur
â•	!, estlamm, gwenn, pik-estlamm, pik-estlamm gwenn, poentadur
â—ï¸	!, estlamm, pik-estlamm, pik-estlamm ruz, poentadur, ruz
âš•ï¸	medisinerezh, mezegiezh, naerwialenn
â™»ï¸	adaozaÃ±, arouez adaozaÃ±
âšœ	flourdiliz
ğŸ”±	bag, benveg, eor, lestr, tridant
ğŸ“›	anv, badj, badj-anv
ğŸ”°	Japan, arouez, arouez japanat evit an deraouidi, deraouad
â­•ï¸	kelcÊ¼h, kelcÊ¼h ruz, o, ruz
âœ…	ask, bouton askaÃ±, âœ“
â˜‘ï¸	ask, log asket, âœ“
âœ”ï¸	ask, âœ“
âŒ	kroaz, Ã—
â	bouton kroaz, kroaz, Ã—
â°	boukl
â¿	boukl, boukl doubl
ã€½ï¸	arouez, pebeilad
âœ³ï¸	*, steredennig, steredennig eizh brecÊ¼h
âœ´ï¸	*, steredenn, steredenn eizh brecÊ¼h
â‡ï¸	*, strinkad
Â©ï¸	c, copyright
Â®ï¸	merk marilhet, r
â„¢ï¸	merk kenwerzhel marilhet, tm
ğŸ” 	ABCD, bizskriv, bizskriv pennlizherennoÃ¹ latin, latin, lizherennoÃ¹, pennlizherennoÃ¹
ğŸ”¡	abcd, bizskriv, bizskriv lizherennoÃ¹ bihan latin, latin, lizherennoÃ¹, lizherennoÃ¹ bihan
ğŸ”¢	1234, bizskriv, bizskriv niveroÃ¹, niveroÃ¹
ğŸ”£	arouezioÃ¹, bizskriv, bizskriv arouezioÃ¹
ğŸ”¤	abc, bizskriv, bizskriv lizherennoÃ¹ latin, latin, lizherennoÃ¹
ğŸ…°ï¸	A, a, bouton A, bouton A (rumm-gwad), rumm-gwad
ğŸ†	AB, ab, bouton AB, bouton AB (rumm-gwad), rumm-gwad
ğŸ…±ï¸	B, b, bouton B, bouton B (rumm-gwad), rumm-gwad
ğŸ†‘	CL, bouton DiverkaÃ±, cl
ğŸ†’	COOL, bouton Cool, cool
ğŸ†“	FREE, bouton Digoust, free
â„¹ï¸	i, titouroÃ¹
ğŸ†”	ID, bouton Anaouder, id
â“‚ï¸	M, M kelcÊ¼hiet, kelcÊ¼h, m
ğŸ†•	NEW, bouton Nevez, new
ğŸ…¾ï¸	O, bouton O, bouton O (rumm-gwad), o, rumm-gwad
ğŸ†—	OK, bouton OK, ok
ğŸ…¿ï¸	P, bouton P, parklecÊ¼h
ğŸ†˜	SOS, bouton SOS, sos
ğŸ†š	VS, bouton VS, versus, vs
ğŸˆ	amaÃ±, bouton, bouton "amaÃ±" e japaneg, japaneg
ğŸˆš	bouton "digoust" e japaneg
ğŸˆ²	bouton "difennet" e japaneg
ãŠ—ï¸	bouton "gourcÊ¼hemennoÃ¹" e japaneg
ğŸŸ¥	karrez, karrez ruz, ruz
ğŸŸ§	karrez, karrez oraÃ±jez, oraÃ±jez
ğŸŸ¨	karrez, karrez melen, melen
ğŸŸ©	gwer, karrez, karrez gwer
ğŸŸ¦	glas, karrez, karrez glas
ğŸŸª	karrez, karrez limestra, limestra
ğŸŸ«	gell, karrez, karrez gell
â¬›ï¸	bras, karrez, karrez bras du
â¬œï¸	gwenn, karrez, karrez bras gwenn
â—¼ï¸	etre, karrez, karrez etre du
â—»ï¸	gwenn, karrez, karrez etre gwenn
â–ªï¸	du, karrez, karrez bihan du
â–«ï¸	gwenn, karrez, karrez bihan gwenn
ğŸ”¶	oraÃ±jez, romb, romb bras oraÃ±jez
ğŸ”·	glas, romb, romb bras glas
ğŸ”¸	oraÃ±jez, romb, romb bihan oraÃ±jez
ğŸ”¹	glas, romb, romb bihan glas
ğŸ”˜	bouton radio
ğŸš©	banniel, banniel tricÊ¼hornek
ğŸŒ	banniel, bannieloÃ¹ kroaziet
ğŸ´	banniel, banniel du
ğŸ³ï¸	banniel, banniel gwenn
ğŸ³â€ğŸŒˆ	banniel, banniel kanevedenn
ğŸ³â€âš§	banniel, banniel treuzjener
ğŸ´â€â˜ 	banniel, banniel ar vorlaeron
ğŸ‡¦ğŸ‡¨	banniel, banniel : Enez Ascension
ğŸ‡¦ğŸ‡©	banniel, banniel : Andorra
ğŸ‡¦ğŸ‡ª	banniel, banniel : EmirelezhioÃ¹ Arab Unanet
ğŸ‡¦ğŸ‡«	banniel, banniel : Afghanistan
ğŸ‡¦ğŸ‡¬	banniel, banniel : Antigua ha Barbuda
ğŸ‡¦ğŸ‡®	banniel, banniel : Anguilla
ğŸ‡¦ğŸ‡±	banniel, banniel : Albania
ğŸ‡¦ğŸ‡²	banniel, banniel : Armenia
ğŸ‡¦ğŸ‡´	banniel, banniel : Angola
ğŸ‡¦ğŸ‡¶	banniel, banniel : Antarktika
ğŸ‡¦ğŸ‡·	banniel, banniel : ArcÊ¼hantina
ğŸ‡¦ğŸ‡¸	banniel, banniel : Samoa Amerikan
ğŸ‡¦ğŸ‡¹	banniel, banniel : Aostria
ğŸ‡¦ğŸ‡º	banniel, banniel : Aostralia
ğŸ‡¦ğŸ‡¼	banniel, banniel : Aruba
ğŸ‡¦ğŸ‡½	banniel, banniel : Inizi Ã…land
ğŸ‡¦ğŸ‡¿	banniel, banniel : Azerbaidjan
ğŸ‡§ğŸ‡¦	banniel, banniel : Bosnia ha Herzegovina
ğŸ‡§ğŸ‡§	banniel, banniel : Barbados
ğŸ‡§ğŸ‡©	banniel, banniel : Bangladesh
ğŸ‡§ğŸ‡ª	banniel, banniel : Belgia
ğŸ‡§ğŸ‡«	banniel, banniel : Burkina Faso
ğŸ‡§ğŸ‡¬	banniel, banniel : Bulgaria
ğŸ‡§ğŸ‡­	banniel, banniel : Bahrein
ğŸ‡§ğŸ‡®	banniel, banniel : Burundi
ğŸ‡§ğŸ‡¯	banniel, banniel : Benin
ğŸ‡§ğŸ‡±	banniel, banniel : Saint BarthÃ©lemy
ğŸ‡§ğŸ‡²	banniel, banniel : Bermuda
ğŸ‡§ğŸ‡³	banniel, banniel : Brunei
ğŸ‡§ğŸ‡´	banniel, banniel : Bolivia
ğŸ‡§ğŸ‡¶	banniel, banniel : Karib Nederlandat
ğŸ‡§ğŸ‡·	banniel, banniel : Brazil
ğŸ‡§ğŸ‡¸	banniel, banniel : Bahamas
ğŸ‡§ğŸ‡¹	banniel, banniel : Bhoutan
ğŸ‡§ğŸ‡»	banniel, banniel : Enez Bouvet
ğŸ‡§ğŸ‡¼	banniel, banniel : Botswana
ğŸ‡§ğŸ‡¾	banniel, banniel : Belarus
ğŸ‡§ğŸ‡¿	banniel, banniel : Belize
ğŸ‡¨ğŸ‡¦	banniel, banniel : Kanada
ğŸ‡¨ğŸ‡¨	banniel, banniel : Inizi Kokoz
ğŸ‡¨ğŸ‡©	banniel, banniel : Kongo - Kinshasa
ğŸ‡¨ğŸ‡«	banniel, banniel : Republik Kreizafrikan
ğŸ‡¨ğŸ‡¬	banniel, banniel : Kongo - Brazzaville
ğŸ‡¨ğŸ‡­	banniel, banniel : Suis
ğŸ‡¨ğŸ‡®	banniel, banniel : Aod an Olifant
ğŸ‡¨ğŸ‡°	banniel, banniel : Inizi Cook
ğŸ‡¨ğŸ‡±	banniel, banniel : Chile
ğŸ‡¨ğŸ‡²	banniel, banniel : Kameroun
ğŸ‡¨ğŸ‡³	banniel, banniel : Sina
ğŸ‡¨ğŸ‡´	banniel, banniel : Kolombia
ğŸ‡¨ğŸ‡µ	banniel, banniel : Enez Clipperton
ğŸ‡¨ğŸ‡·	banniel, banniel : Costa Rica
ğŸ‡¨ğŸ‡º	banniel, banniel : Kuba
ğŸ‡¨ğŸ‡»	banniel, banniel : Kab-Glas
ğŸ‡¨ğŸ‡¼	banniel, banniel : CuraÃ§ao
ğŸ‡¨ğŸ‡½	banniel, banniel : Enez Christmas
ğŸ‡¨ğŸ‡¾	banniel, banniel : Kiprenez
ğŸ‡¨ğŸ‡¿	banniel, banniel : Tchekia
ğŸ‡©ğŸ‡ª	banniel, banniel : Alamagn
ğŸ‡©ğŸ‡¬	banniel, banniel : Diego Garcia
ğŸ‡©ğŸ‡¯	banniel, banniel : Djibouti
ğŸ‡©ğŸ‡°	banniel, banniel : Danmark
ğŸ‡©ğŸ‡²	banniel, banniel : Dominica
ğŸ‡©ğŸ‡´	banniel, banniel : Republik Dominikan
ğŸ‡©ğŸ‡¿	banniel, banniel : Aljeria
ğŸ‡ªğŸ‡¦	banniel, banniel : Ceuta ha Melilla
ğŸ‡ªğŸ‡¨	banniel, banniel : Ecuador
ğŸ‡ªğŸ‡ª	banniel, banniel : Estonia
ğŸ‡ªğŸ‡¬	banniel, banniel : Egipt
ğŸ‡ªğŸ‡­	banniel, banniel : Sahara ar CÊ¼hornÃ´g
ğŸ‡ªğŸ‡·	banniel, banniel : Eritrea
ğŸ‡ªğŸ‡¸	banniel, banniel : Spagn
ğŸ‡ªğŸ‡¹	banniel, banniel : Etiopia
ğŸ‡ªğŸ‡º	banniel, banniel : Unaniezh Europa
ğŸ‡«ğŸ‡®	banniel, banniel : Finland
ğŸ‡«ğŸ‡¯	banniel, banniel : Fidji
ğŸ‡«ğŸ‡°	banniel, banniel : Inizi Falkland
ğŸ‡«ğŸ‡²	banniel, banniel : Mikronezia
ğŸ‡«ğŸ‡´	banniel, banniel : Inizi Faero
ğŸ‡«ğŸ‡·	banniel, banniel : FraÃ±s
ğŸ‡¬ğŸ‡¦	banniel, banniel : Gabon
ğŸ‡¬ğŸ‡§	banniel, banniel : Rouantelezh-Unanet
ğŸ‡¬ğŸ‡©	banniel, banniel : Grenada
ğŸ‡¬ğŸ‡ª	banniel, banniel : Jorjia
ğŸ‡¬ğŸ‡«	banniel, banniel : Gwiana cÊ¼hall
ğŸ‡¬ğŸ‡¬	banniel, banniel : Gwernenez
ğŸ‡¬ğŸ‡­	banniel, banniel : Ghana
ğŸ‡¬ğŸ‡®	banniel, banniel : Jibraltar
ğŸ‡¬ğŸ‡±	banniel, banniel : Greunland
ğŸ‡¬ğŸ‡²	banniel, banniel : Gambia
ğŸ‡¬ğŸ‡³	banniel, banniel : Ginea
ğŸ‡¬ğŸ‡µ	banniel, banniel : Gwadeloup
ğŸ‡¬ğŸ‡¶	banniel, banniel : Ginea ar CÊ¼heheder
ğŸ‡¬ğŸ‡·	banniel, banniel : Gres
ğŸ‡¬ğŸ‡¸	banniel, banniel : Inizi Georgia ar Su hag Inizi Sandwich ar Su
ğŸ‡¬ğŸ‡¹	banniel, banniel : Guatemala
ğŸ‡¬ğŸ‡º	banniel, banniel : Guam
ğŸ‡¬ğŸ‡¼	banniel, banniel : Ginea-Bissau
ğŸ‡¬ğŸ‡¾	banniel, banniel : Guyana
ğŸ‡­ğŸ‡°	banniel, banniel : Hong Kong RMD Sina
ğŸ‡­ğŸ‡²	banniel, banniel : Inizi Heard ha McDonald
ğŸ‡­ğŸ‡³	banniel, banniel : Honduras
ğŸ‡­ğŸ‡·	banniel, banniel : Kroatia
ğŸ‡­ğŸ‡¹	banniel, banniel : Haiti
ğŸ‡­ğŸ‡º	banniel, banniel : Hungaria
ğŸ‡®ğŸ‡¨	banniel, banniel : Inizi Kanariez
ğŸ‡®ğŸ‡©	banniel, banniel : Indonezia
ğŸ‡®ğŸ‡ª	banniel, banniel : Iwerzhon
ğŸ‡®ğŸ‡±	banniel, banniel : Israel
ğŸ‡®ğŸ‡²	banniel, banniel : Enez Vanav
ğŸ‡®ğŸ‡³	banniel, banniel : India
ğŸ‡®ğŸ‡´	banniel, banniel : Tiriad breizhveurat Meurvor Indez
ğŸ‡®ğŸ‡¶	banniel, banniel : Iraq
ğŸ‡®ğŸ‡·	banniel, banniel : Iran
ğŸ‡®ğŸ‡¸	banniel, banniel : Island
ğŸ‡®ğŸ‡¹	banniel, banniel : Italia
ğŸ‡¯ğŸ‡ª	banniel, banniel : Jerzenez
ğŸ‡¯ğŸ‡²	banniel, banniel : Jamaika
ğŸ‡¯ğŸ‡´	banniel, banniel : Jordania
ğŸ‡¯ğŸ‡µ	banniel, banniel : Japan
ğŸ‡°ğŸ‡ª	banniel, banniel : Kenya
ğŸ‡°ğŸ‡¬	banniel, banniel : Kyrgyzstan
ğŸ‡°ğŸ‡­	banniel, banniel : Kambodja
ğŸ‡°ğŸ‡®	banniel, banniel : Kiribati
ğŸ‡°ğŸ‡²	banniel, banniel : Komorez
ğŸ‡°ğŸ‡³	banniel, banniel : Saint Kitts ha Nevis
ğŸ‡°ğŸ‡µ	banniel, banniel : Korea an Norzh
ğŸ‡°ğŸ‡·	banniel, banniel : Korea ar Su
ğŸ‡°ğŸ‡¼	banniel, banniel : Koweit
ğŸ‡°ğŸ‡¾	banniel, banniel : Inizi Cayman
ğŸ‡°ğŸ‡¿	banniel, banniel : Kazakstan
ğŸ‡±ğŸ‡¦	banniel, banniel : Laos
ğŸ‡±ğŸ‡§	banniel, banniel : Liban
ğŸ‡±ğŸ‡¨	banniel, banniel : Saint Lucia
ğŸ‡±ğŸ‡®	banniel, banniel : Liechtenstein
ğŸ‡±ğŸ‡°	banniel, banniel : Sri Lanka
ğŸ‡±ğŸ‡·	banniel, banniel : Liberia
ğŸ‡±ğŸ‡¸	banniel, banniel : Lesotho
ğŸ‡±ğŸ‡¹	banniel, banniel : Lituania
ğŸ‡±ğŸ‡º	banniel, banniel : Luksembourg
ğŸ‡±ğŸ‡»	banniel, banniel : Latvia
ğŸ‡±ğŸ‡¾	banniel, banniel : Libia
ğŸ‡²ğŸ‡¦	banniel, banniel : Maroko
ğŸ‡²ğŸ‡¨	banniel, banniel : Monaco
ğŸ‡²ğŸ‡©	banniel, banniel : Moldova
ğŸ‡²ğŸ‡ª	banniel, banniel : Montenegro
ğŸ‡²ğŸ‡«	banniel, banniel : Saint Martin
ğŸ‡²ğŸ‡¬	banniel, banniel : Madagaskar
ğŸ‡²ğŸ‡­	banniel, banniel : Inizi Marshall
ğŸ‡²ğŸ‡°	banniel, banniel : Makedonia an Norzh
ğŸ‡²ğŸ‡±	banniel, banniel : Mali
ğŸ‡²ğŸ‡²	banniel, banniel : Myanmar (Birmania)
ğŸ‡²ğŸ‡³	banniel, banniel : Mongolia
ğŸ‡²ğŸ‡´	banniel, banniel : Macau RMD Sina
ğŸ‡²ğŸ‡µ	banniel, banniel : Inizi Mariana an Norzh
ğŸ‡²ğŸ‡¶	banniel, banniel : Martinik
ğŸ‡²ğŸ‡·	banniel, banniel : Maouritania
ğŸ‡²ğŸ‡¸	banniel, banniel : Montserrat
ğŸ‡²ğŸ‡¹	banniel, banniel : Malta
ğŸ‡²ğŸ‡º	banniel, banniel : Moris
ğŸ‡²ğŸ‡»	banniel, banniel : Maldivez
ğŸ‡²ğŸ‡¼	banniel, banniel : Malawi
ğŸ‡²ğŸ‡½	banniel, banniel : MecÊ¼hiko
ğŸ‡²ğŸ‡¾	banniel, banniel : Malaysia
ğŸ‡²ğŸ‡¿	banniel, banniel : Mozambik
ğŸ‡³ğŸ‡¦	banniel, banniel : Namibia
ğŸ‡³ğŸ‡¨	banniel, banniel : Kaledonia Nevez
ğŸ‡³ğŸ‡ª	banniel, banniel : Niger
ğŸ‡³ğŸ‡«	banniel, banniel : Enez Norfolk
ğŸ‡³ğŸ‡¬	banniel, banniel : Nigeria
ğŸ‡³ğŸ‡®	banniel, banniel : Nicaragua
ğŸ‡³ğŸ‡±	banniel, banniel : IzelvroioÃ¹
ğŸ‡³ğŸ‡´	banniel, banniel : Norvegia
ğŸ‡³ğŸ‡µ	banniel, banniel : Nepal
ğŸ‡³ğŸ‡·	banniel, banniel : Nauru
ğŸ‡³ğŸ‡º	banniel, banniel : Niue
ğŸ‡³ğŸ‡¿	banniel, banniel : Zeland-Nevez
ğŸ‡´ğŸ‡²	banniel, banniel : Oman
ğŸ‡µğŸ‡¦	banniel, banniel : PanamÃ¡
ğŸ‡µğŸ‡ª	banniel, banniel : Perou
ğŸ‡µğŸ‡«	banniel, banniel : Polinezia CÊ¼hall
ğŸ‡µğŸ‡¬	banniel, banniel : Papoua Ginea-Nevez
ğŸ‡µğŸ‡­	banniel, banniel : Filipinez
ğŸ‡µğŸ‡°	banniel, banniel : Pakistan
ğŸ‡µğŸ‡±	banniel, banniel : Polonia
ğŸ‡µğŸ‡²	banniel, banniel : Sant-PÃªr-ha-Mikelon
ğŸ‡µğŸ‡³	banniel, banniel : Enez Pitcairn
ğŸ‡µğŸ‡·	banniel, banniel : Puerto Rico
ğŸ‡µğŸ‡¸	banniel, banniel : TiriadoÃ¹ Palestina
ğŸ‡µğŸ‡¹	banniel, banniel : Portugal
ğŸ‡µğŸ‡¼	banniel, banniel : Palau
ğŸ‡µğŸ‡¾	banniel, banniel : Paraguay
ğŸ‡¶ğŸ‡¦	banniel, banniel : Qatar
ğŸ‡·ğŸ‡ª	banniel, banniel : Ar ReÃ¼nion
ğŸ‡·ğŸ‡´	banniel, banniel : Roumania
ğŸ‡·ğŸ‡¸	banniel, banniel : Serbia
ğŸ‡·ğŸ‡º	banniel, banniel : Rusia
ğŸ‡·ğŸ‡¼	banniel, banniel : Rwanda
ğŸ‡¸ğŸ‡¦	banniel, banniel : Arabia Saoudat
ğŸ‡¸ğŸ‡§	banniel, banniel : Inizi Salomon
ğŸ‡¸ğŸ‡¨	banniel, banniel : Sechelez
ğŸ‡¸ğŸ‡©	banniel, banniel : Soudan
ğŸ‡¸ğŸ‡ª	banniel, banniel : Sveden
ğŸ‡¸ğŸ‡¬	banniel, banniel : Singapour
ğŸ‡¸ğŸ‡­	banniel, banniel : Saint-Helena
ğŸ‡¸ğŸ‡®	banniel, banniel : Slovenia
ğŸ‡¸ğŸ‡¯	banniel, banniel : Svalbard
ğŸ‡¸ğŸ‡°	banniel, banniel : Slovakia
ğŸ‡¸ğŸ‡±	banniel, banniel : Sierra Leone
ğŸ‡¸ğŸ‡²	banniel, banniel : San Marino
ğŸ‡¸ğŸ‡³	banniel, banniel : Senegal
ğŸ‡¸ğŸ‡´	banniel, banniel : Somalia
ğŸ‡¸ğŸ‡·	banniel, banniel : Surinam
ğŸ‡¸ğŸ‡¸	banniel, banniel : Susoudan
ğŸ‡¸ğŸ‡¹	banniel, banniel : SÃ£o TomÃ© ha PrÃ­ncipe
ğŸ‡¸ğŸ‡»	banniel, banniel : Salvador
ğŸ‡¸ğŸ‡½	banniel, banniel : Sint Maarten
ğŸ‡¸ğŸ‡¾	banniel, banniel : Siria
ğŸ‡¸ğŸ‡¿	banniel, banniel : Eswatini
ğŸ‡¹ğŸ‡¦	banniel, banniel : Tristan da Cunha
ğŸ‡¹ğŸ‡¨	banniel, banniel : Inizi Turks ha Caicos
ğŸ‡¹ğŸ‡©	banniel, banniel : Tchad
ğŸ‡¹ğŸ‡«	banniel, banniel : DouaroÃ¹ aostral FraÃ±s
ğŸ‡¹ğŸ‡¬	banniel, banniel : Togo
ğŸ‡¹ğŸ‡­	banniel, banniel : Thailand
ğŸ‡¹ğŸ‡¯	banniel, banniel : Tadjikistan
ğŸ‡¹ğŸ‡°	banniel, banniel : Tokelau
ğŸ‡¹ğŸ‡±	banniel, banniel : Timor-Leste
ğŸ‡¹ğŸ‡²	banniel, banniel : Turkmenistan
ğŸ‡¹ğŸ‡³	banniel, banniel : Tunizia
ğŸ‡¹ğŸ‡´	banniel, banniel : Tonga
ğŸ‡¹ğŸ‡·	banniel, banniel : Turkia
ğŸ‡¹ğŸ‡¹	banniel, banniel : Trinidad ha Tobago
ğŸ‡¹ğŸ‡»	banniel, banniel : Tuvalu
ğŸ‡¹ğŸ‡¼	banniel, banniel : Taiwan
ğŸ‡¹ğŸ‡¿	banniel, banniel : Tanzania
ğŸ‡ºğŸ‡¦	banniel, banniel : Ukraina
ğŸ‡ºğŸ‡¬	banniel, banniel : Ouganda
ğŸ‡ºğŸ‡²	banniel, banniel : Inizi diabell ar StadoÃ¹-Unanet
ğŸ‡ºğŸ‡³	banniel, banniel : BroadoÃ¹ unanet
ğŸ‡ºğŸ‡¸	banniel, banniel : StadoÃ¹-Unanet
ğŸ‡ºğŸ‡¾	banniel, banniel : Uruguay
ğŸ‡ºğŸ‡¿	banniel, banniel : Ouzbekistan
ğŸ‡»ğŸ‡¦	banniel, banniel : Vatikan
ğŸ‡»ğŸ‡¨	banniel, banniel : Sant Visant hag ar Grenadinez
ğŸ‡»ğŸ‡ª	banniel, banniel : Venezuela
ğŸ‡»ğŸ‡¬	banniel, banniel : Inizi GwercÊ¼h Breizh-Veur
ğŸ‡»ğŸ‡®	banniel, banniel : Inizi GwercÊ¼h ar StadoÃ¹-Unanet
ğŸ‡»ğŸ‡³	banniel, banniel : ViÃªt Nam
ğŸ‡»ğŸ‡º	banniel, banniel : Vanuatu
ğŸ‡¼ğŸ‡«	banniel, banniel : Wallis ha Futuna
ğŸ‡¼ğŸ‡¸	banniel, banniel : Samoa
ğŸ‡½ğŸ‡°	banniel, banniel : Kosovo
ğŸ‡¾ğŸ‡ª	banniel, banniel : Yemen
ğŸ‡¾ğŸ‡¹	banniel, banniel : Mayotte
ğŸ‡¿ğŸ‡¦	banniel, banniel : Suafrika
ğŸ‡¿ğŸ‡²	banniel, banniel : Zambia
ğŸ‡¿ğŸ‡¼	banniel, banniel : Zimbabwe
ğŸ´ó §ó ¢ó ¥ó ®ó §ó ¿	banniel, banniel : Bro-Saoz
ğŸ´ó §ó ¢ó ³ó £ó ´ó ¿	banniel, banniel : Skos
ğŸ´ó §ó ¢ó ·ó ¬ó ³ó ¿	banniel, banniel : Kembre
Â¤	moneiz dianav
$	USD, dollar, moneiz, peso
Â£	EGP, GBP, lur, moneiz
Â¥	CNY, JPY, moneiz, yen, yuan
Ö	dram Armenia
Ø‹	afghani Afghanistan
à§³	taka Bangladesh
à¸¿	baht Thailand
áŸ›	riel Kambodja
â‚¡	colÃ³n Costa Rica
â‚¦	naira Nigeria
â‚§	peseta Spagn
â‚©	KPW, KRW, moneiz, won
â‚ª	shekel nevez Israel
â‚«	dong ViÃªt Nam
â‚¬	EUR, euro, moneiz
â‚­	kip Laos
â‚®	tugrik Mongolia
â‚±	moneiz, peso
â‚²	guarani Paraguay
â‚´	hryvnia Ukraina
â‚µ	cedi Ghana
â‚¸	tenge Kazakstan
â‚¹	India, moneiz, roupi
â‚º	lur Turkia
â‚¼	manat Azerbaidjan
â‚½	moneiz, roubl
â‚¾	lari Jorjia
Âµ	arouez mikro, muzul
