ğŸ»	Hautfarbe, Hauttyp 1â€“2, helle Hautfarbe
ğŸ¼	Hautfarbe, Hauttyp 3, mittelhelle Hautfarbe
ğŸ½	Hautfarbe, Hauttyp 4, mittlere Hautfarbe
ğŸ¾	Hautfarbe, Hauttyp 5, mitteldunkle Hautfarbe
ğŸ¿	Hautfarbe, Hauttyp 6, dunkle Hautfarbe
ğŸ˜€	Gesicht, grinsendes Gesicht, lol, lustig
ğŸ˜	Gesicht, ZÃ¤hne, lustig, strahlendes Gesicht mit lachenden Augen
ğŸ˜‚	Gesicht, Gesicht mit FreudentrÃ¤nen, TrÃ¤nen, lachen
ğŸ¤£	Gesicht, lachen, sich vor Lachen auf dem Boden wÃ¤lzen
ğŸ˜ƒ	Gesicht, grinsendes Gesicht mit groÃŸen Augen, lol, lustig, lÃ¤cheln
ğŸ˜„	Gesicht, grinsendes Gesicht mit lachenden Augen, lol, lustig
ğŸ˜…	Gesicht, SchweiÃŸ, grinsendes Gesicht mit SchweiÃŸtropfen, lustig, schwitzen
ğŸ˜†	Gesicht, geschlossene Augen, grinsendes Gesicht mit zusammengekniffenen Augen, offener Mund
ğŸ˜‰	Gesicht, Zwinkern, zwinkerndes Gesicht
ğŸ˜Š	Freude, Gesicht, errÃ¶ten, lÃ¤chelndes Gesicht mit lachenden Augen, rote Wangen
ğŸ˜‹	Gesicht, lecker, leckeres Essen, sich die Lippen leckendes Gesicht
ğŸ˜	Gesicht, Sonnenbrille, cool, lÃ¤chelndes Gesicht mit Sonnenbrille
ğŸ˜	Gesicht, lÃ¤chelndes Gesicht mit herzfÃ¶rmigen Augen, verliebt
ğŸ˜˜	Gesicht, Kuss, Kuss zuwerfendes Gesicht
ğŸ¥°	anhimmeln, lÃ¤chelndes Gesicht mit Herzen, verknallt, verliebt
ğŸ˜—	Gesicht, Kuss, kÃ¼ssendes Gesicht
ğŸ˜™	Gesicht, Kuss, kÃ¼ssendes Gesicht mit lÃ¤chelnden Augen, lÃ¤chelnde Augen
ğŸ˜š	Gesicht, kÃ¼ssendes Gesicht mit geschlossenen Augen, rote Wangen
â˜º	LÃ¤cheln, frÃ¶hlich, lÃ¤chelnd, lÃ¤chelndes Gesicht
ğŸ™‚	Gesicht, LÃ¤cheln, leicht lÃ¤chelndes Gesicht, lÃ¤chelnd
ğŸ¤—	Gesicht, Gesicht mit umarmenden HÃ¤nden, Umarmung, umarmen
ğŸ¤©	Augen, Gesicht, Grinsen, Stern, Ã¼berwÃ¤ltigt
ğŸ¤”	Gesicht, nachdenken, nachdenkendes Gesicht, nachdenklich
ğŸ¤¨	Gesicht mit hochgezogenen Augenbrauen, argwÃ¶hnisch, skeptisch
ğŸ˜	Gesicht, kein Kommentar, neutrales Gesicht
ğŸ˜‘	Gesicht, ausdrucksloses Gesicht, kein Kommentar
ğŸ˜¶	Gesicht, Gesicht ohne Mund, kein Mund, sprachlos
ğŸ™„	Augen verdrehen, Augen verdrehendes Gesicht, Gesicht
ğŸ˜	Gesicht, selbstgefÃ¤llig grinsendes Gesicht
ğŸ˜£	Gesicht, durchhalten, entschlossenes Gesicht
ğŸ˜¥	Gesicht, SchweiÃŸ, enttÃ¤uscht, erleichtert, trauriges aber erleichtertes Gesicht
ğŸ˜®	Gesicht, Gesicht mit offenem Mund, erstaunt, offener Mund
ğŸ¤	Gesicht, Gesicht mit ReiÃŸverschlussmund, Mund, ReiÃŸverschluss
ğŸ˜¯	Gesicht, erstaunt, sprachlos, verdutztes Gesicht
ğŸ˜ª	Gesicht, mÃ¼de, schlÃ¤friges Gesicht
ğŸ˜«	Gesicht, mÃ¼de, mÃ¼des Gesicht
ğŸ˜´	Gesicht, schlafen, schlafendes Gesicht, schnarchen, zzz
ğŸ˜Œ	Gesicht, erleichtert, erleichtertes Gesicht, geschlossene Augen
ğŸ˜›	Gesicht, Gesicht mit herausgestreckter Zunge, herausgestreckte Zunge
ğŸ˜œ	Gesicht, Zwinkern, herausgestreckte Zunge, zwinkerndes Gesicht mit herausgestreckter Zunge
ğŸ˜	Gesicht, Gesicht mit herausgestreckter Zunge und zusammengekniffenen Augen, herausgestreckte Zunge
ğŸ¤¤	Gesicht, sabbern, sabberndes Gesicht
ğŸ˜’	Gesicht, unglÃ¼cklich, verstimmtes Gesicht
ğŸ˜“	AngstschweiÃŸ, Gesicht, bedrÃ¼ckt, bedrÃ¼cktes Gesicht mit SchweiÃŸ
ğŸ˜”	Gesicht, nachdenklich, nachdenkliches Gesicht
ğŸ˜•	Gesicht, verwundert, verwundertes Gesicht
ğŸ™ƒ	Gesicht, auf dem Kopf stehen, umgekehrtes Gesicht
ğŸ¤‘	Geld, Gesicht, Gesicht mit Dollarzeichen, Mund
ğŸ˜²	Gesicht, erstaunt, erstauntes Gesicht
â˜¹	Gesicht, dÃ¼steres Gesicht, traurig
ğŸ™	Gesicht, betrÃ¼btes Gesicht, traurig
ğŸ˜–	Gesicht, verwirrt, verwirrtes Gesicht
ğŸ˜	Gesicht, enttÃ¤uschtes Gesicht, traurig
ğŸ˜Ÿ	Gesicht, besorgt, besorgtes Gesicht
ğŸ˜¤	Gesicht, erleichtert, gewonnen, schnaubendes Gesicht
ğŸ˜¢	Gesicht, TrÃ¤ne, traurig, weinendes Gesicht
ğŸ˜­	Gesicht, TrÃ¤nen, heulendes Gesicht, traurig
ğŸ˜¦	Gesicht, entsetztes Gesicht, offener Mund, verwundert
ğŸ˜§	Gesicht, leidend, qualvolles Gesicht
ğŸ˜¨	Gesicht, Ã¤ngstlich, Ã¤ngstliches Gesicht
ğŸ˜©	Gesicht, erschÃ¶pft, erschÃ¶pftes Gesicht, mÃ¼de
ğŸ¤¯	explodierender Kopf, geschockt
ğŸ˜¬	Gesicht, Grimasse, Grimassen schneidendes Gesicht, ZÃ¤hne
ğŸ˜°	Gesicht, besorgtes Gesicht mit SchweiÃŸtropfen, kalter SchweiÃŸ, offener Mund
ğŸ˜±	Angst, Gesicht, schreien, vor Angst schreiendes Gesicht
ğŸ¥µ	Fieber, Hitzschlag, erhitzt, heiÃŸ, schwitzen, schwitzendes Gesicht
ğŸ¥¶	Eiszapfen, Frostbeule, frieren, frierendes Gesicht, kalt
ğŸ˜³	Gesicht, errÃ¶tetes Gesicht, errÃ¶tetes Gesicht mit groÃŸen Augen, rote Wangen, Ã¼berrascht
ğŸ¤ª	Auge, groÃŸ, irres Gesicht, klein
ğŸ˜µ	Gesicht, benommen, benommenes Gesicht
ğŸ˜¡	Gesicht, rot, schmollendes Gesicht, wÃ¼tend
ğŸ˜ 	Gesicht, verÃ¤rgert, verÃ¤rgertes Gesicht
ğŸ¤¬	Gesicht mit Symbolen Ã¼ber dem Mund, fluchen
ğŸ˜·	Arzt, Gesicht, Gesicht mit Atemschutzmaske, Krankheit
ğŸ¤’	Fieberthermometer, Gesicht, Gesicht mit Fieberthermometer, krank
ğŸ¤•	Gesicht, Gesicht mit Kopfverband, Schmerzen, Verband, Verletzung
ğŸ¤¢	Erbrechen, Gesicht, wÃ¼rgendes Gesicht, Ãœbelkeit
ğŸ¤®	kotzen, kotzendes Gesicht, krank
ğŸ¤§	Gesicht, niesen, niesendes Gesicht
ğŸ˜‡	Gesicht, Heiligenschein, LÃ¤cheln, lÃ¤chelndes Gesicht mit Heiligenschein
ğŸ¤ 	Cowboy, Gesicht, Gesicht mit Cowboyhut, Hut
ğŸ¥³	Feiern, Party, Partygesicht
ğŸ¥´	angetrunken, beschwipst, betrunken, schwindeliges Gesicht
ğŸ¥º	Gnade, Welpenaugen, betteln, bettelndes Gesicht
ğŸ¤¥	Gesicht, LÃ¼ge, Pinocchio-Nase, lÃ¼gendes Gesicht
ğŸ¤«	ermahnendes Gesicht, leise, pst
ğŸ¤­	Huch, verlegen kicherndes Gesicht
ğŸ§	Gesicht mit Monokel, Monokel
ğŸ¤“	Gesicht, Nerd, Strebergesicht
ğŸ˜ˆ	Teufel, grinsendes Gesicht mit HÃ¶rnern
ğŸ‘¿	Fantasy, Gesicht, Teufelchen, wÃ¼tendes Gesicht mit HÃ¶rnern
ğŸ¤¡	Clown, Clown-Gesicht, Gesicht
ğŸ‘¹	Gesicht, Japan, Monster, MÃ¤rchen, Ungeheuer
ğŸ‘º	Gesicht, Japan, Kobold, Monster, MÃ¤rchen, Tengu
ğŸ’€	Gesicht, Tod, Totenkopf, tot
â˜ 	Gesicht, Piratenflagge, Tod, Totenkopf, Totenkopf mit gekreuzten Knochen, tot
ğŸ‘»	Fantasy, Gesicht, Gespenst, MÃ¤rchen
ğŸ‘½	Alien, AuÃŸerirdischer, Gesicht, UFO
ğŸ‘¾	Computerspiel-Monster, Gesicht, Monster, UFO
ğŸ¤–	Gesicht, Monster, Roboter, Roboterkopf
ğŸ’©	Kot, Kothaufen, Mist
ğŸ˜º	Gesicht, Katze, grinsendes Katzengesicht, lol, lustig
ğŸ˜¸	Gesicht, Katze, grinsendes Katzengesicht mit lachenden Augen
ğŸ˜¹	Gesicht, Katze, Katzengesicht mit FreudentrÃ¤nen, TrÃ¤nen, lachen
ğŸ˜»	Gesicht, Katze, lachendes Katzengesicht mit Herzen als Augen, verliebt
ğŸ˜¼	Gesicht, Katze, ironisch, verwegen lÃ¤chelndes Katzengesicht
ğŸ˜½	Gesicht, Katze, kÃ¼ssendes Katzengesicht, rote Wangen
ğŸ™€	Angst, Gesicht, Katze, erschÃ¶pftes Katzengesicht, schreien
ğŸ˜¿	Gesicht, Katze, TrÃ¤ne, traurig, weinendes Katzengesicht
ğŸ˜¾	Gesicht, Katze, schmollendes Katzengesicht, verÃ¤rgert
ğŸ™ˆ	Affe, nichts sehen, sich die Augen zuhaltendes Affengesicht, verboten
ğŸ™‰	Affe, nichts hÃ¶ren, sich die Ohren zuhaltendes Affengesicht, verboten
ğŸ™Š	Affe, nichts sagen, sich den Mund zuhaltendes Affengesicht, verboten
ğŸ‘¶	Baby, Gesicht
ğŸ§’	Kind, geschlechtsneutral, jung
ğŸ‘¦	Gesicht, Junge
ğŸ‘§	Gesicht, MÃ¤dchen
ğŸ§‘	Erwachsener, geschlechtsneutral
ğŸ‘±	Gesicht, blonde Haare, blonde Person
ğŸ‘¨	Mann
ğŸ‘±â€â™‚	Gesicht, Haar, Mann, blond, blonder Mann
ğŸ§”	Bart, Person mit Bart
ğŸ‘©	Frau
ğŸ‘±â€â™€	Frau, Gesicht, Haar, blond, blonde Frau
ğŸ§“	alt, geschlechtsneutral, Ã¤lterer Erwachsener
ğŸ‘´	Gesicht, Mann, Senior, Ã¤lterer Mann
ğŸ‘µ	Frau, Gesicht, Seniorin, Ã¤ltere Frau
ğŸ‘¨â€âš•	Arzt, Arztkittel, Doktor
ğŸ‘©â€âš•	Arztkittel, Ã„rztin
ğŸ‘¨â€ğŸ“	Absolvent, Doktorhut, Student, Uni
ğŸ‘©â€ğŸ“	Absolventin, Doktorhut, Studentin, Uni
ğŸ‘¨â€ğŸ«	Dozent, Lehrer, Professor
ğŸ‘©â€ğŸ«	Dozentin, Lehrerin, Professorin
ğŸ‘¨â€âš–	Gerechtigkeit, Recht, Richter
ğŸ‘©â€âš–	Gerechtigkeit, Recht, Richterin
ğŸ‘¨â€ğŸŒ¾	Bauer, Landwirt, Ã„hre
ğŸ‘©â€ğŸŒ¾	BÃ¤uerin, Landwirtin, Ã„hre
ğŸ‘¨â€ğŸ³	Koch, Kochen
ğŸ‘©â€ğŸ³	KÃ¶chin, kochen
ğŸ‘¨â€ğŸ”§	Elektriker, Handwerker, Klempner, Mechaniker
ğŸ‘©â€ğŸ”§	Elektrikerin, Handwerkerin, Klempnerin, Mechanikerin
ğŸ‘¨â€ğŸ­	Fabrik, Fabrikarbeiter
ğŸ‘©â€ğŸ­	Fabrik, Fabrikarbeiterin
ğŸ‘¨â€ğŸ’¼	Angestellter, BÃ¼ro, BÃ¼roangestellter, Manager
ğŸ‘©â€ğŸ’¼	Angestellte, BÃ¼ro, BÃ¼roangestellte, Mangerin
ğŸ‘¨â€ğŸ”¬	Forscher, Labor, Wissenschaftler
ğŸ‘©â€ğŸ”¬	Forscherin, Labor, Wissenschaftlerin
ğŸ‘¨â€ğŸ’»	Bildschirm, Computer, Entwickler, IT-Experte
ğŸ‘©â€ğŸ’»	Bildschirm, Computer, Entwickler, IT-Expertin
ğŸ‘¨â€ğŸ¤	Mann, Mikrofon, Popstar, SÃ¤nger
ğŸ‘©â€ğŸ¤	Frau, Mikrofon, Popstar, SÃ¤ngerin
ğŸ‘¨â€ğŸ¨	Farbpalette, KÃ¼nstler, Maler, Mann
ğŸ‘©â€ğŸ¨	Farbpalette, Frau, KÃ¼nstlerin, Malerin
ğŸ‘¨â€âœˆ	Flugzeug, Mann, Pilot
ğŸ‘©â€âœˆ	Flugzeug, Frau, Pilotin
ğŸ‘¨â€ğŸš€	Astronaut, Mann, Raumfahrt, Weltraum
ğŸ‘©â€ğŸš€	Astronautin, Frau, Raumfahrt, Weltraum
ğŸ‘¨â€ğŸš’	Feuerwehrhelm, Feuerwehrmann, Mann
ğŸ‘©â€ğŸš’	Feuerwehrfrau, Feuerwehrhelm, Frau
ğŸ‘®	Gesicht, Polizei, Polizist(in)
ğŸ‘®â€â™‚	Mann, Polizei, Polizist
ğŸ‘®â€â™€	Frau, Polizei, Polizistin
ğŸ•µ	Detektiv(in), Spion
ğŸ•µâ€â™‚	Detektiv, Mann, Spion
ğŸ•µâ€â™€	Detektivin, Frau, Spionin
ğŸ’‚	Buckingham Palace, Wachmann/ Wachfrau, Wachmann/Wachfrau
ğŸ’‚â€â™‚	Buckingham Palace, Wachmann
ğŸ’‚â€â™€	Buckingham Palace, Wachfrau
ğŸ‘·	Bauarbeiter, Bauarbeiter(in), Gesicht, Helm
ğŸ‘·â€â™‚	Bauarbeiter, Baustelle, Helm
ğŸ‘·â€â™€	Bauarbeiterin, Baustelle, Helm, Mann
ğŸ¤´	Prinz
ğŸ‘¸	Gesicht, Krone, MÃ¤rchen, Prinzessin
ğŸ‘³	Person mit Turban, Turban
ğŸ‘³â€â™‚	Gesicht, Mann, Mann mit Turban, Turban
ğŸ‘³â€â™€	Frau, Frau mit Turban, Gesicht, Turban
ğŸ‘²	China, Gesicht, Hut, Mann, Mann mit chinesischem Hut
ğŸ§•	Frau mit Kopftuch, HidschÄb, Kopftuch, Mantilla, Tichel
ğŸ¤µ	BrÃ¤utigam, Mann, Mann im Anzug, Smoking
ğŸ‘°	Braut, Braut mit Schleier, Gesicht, Hochzeit, Schleier
ğŸ¤°	Frau, schwanger, schwangere Frau
ğŸ¤±	Baby, Brust, Stillen
ğŸ‘¼	Engel, Gesicht, MÃ¤rchen, Putte
ğŸ…	Weihnachten, Weihnachtsmann
ğŸ¤¶	Weihnachten, Weihnachtsfrau
ğŸ¦¸	Comic, Held, Superheld, Superkraft, gut, Ãœbermensch
ğŸ¦¸â€â™€	Heldin, Superheldin
ğŸ¦¸â€â™‚	Held, Superheld
ğŸ¦¹	BÃ¶sewicht, bÃ¶se
ğŸ¦¹â€â™€	BÃ¶sewicht, bÃ¶se, weiblicher BÃ¶sewicht
ğŸ¦¹â€â™‚	BÃ¶sewicht, bÃ¶se, mÃ¤nnlicher BÃ¶sewicht
ğŸ§™	Hexe, Hexenmeister, Magier(in), Zauberer, Zauberin
ğŸ§™â€â™€	Hexe, Magierin, Zauberin
ğŸ§™â€â™‚	Hexenmeister, Magier, Zauberer
ğŸ§š	MÃ¤rchenfee, Oberon, Puck, Titania
ğŸ§šâ€â™€	Fee, Titania
ğŸ§šâ€â™‚	Oberon, Puck, Zauberer, mÃ¤nnliche Fee
ğŸ§›	Dracula, Untoter, Vampir
ğŸ§›â€â™€	Untoter, weiblicher Vampir
ğŸ§›â€â™‚	Dracula, Untoter, mÃ¤nnlicher Vampir
ğŸ§œ	Meerjungfrau, Wasserfrau, Wassermann, Wassermensch
ğŸ§œâ€â™€	Meerjungfrau, Nixe, Wasserfrau
ğŸ§œâ€â™‚	Triton, Wassermann
ğŸ§	Elbe, Elben, Elbin, Elf(e), magisch
ğŸ§â€â™€	Elbin, Elfe, magisch
ğŸ§â€â™‚	Alb, Elbe, Elf, magisch
ğŸ§	Dschinn, Flaschengeist
ğŸ§â€â™€	Dschinn, weiblicher Flaschengeist
ğŸ§â€â™‚	Dschinn, mÃ¤nnlicher Flaschengeist
ğŸ§Ÿ	Untoter, Zombie, wandelnder Toter
ğŸ§Ÿâ€â™€	Untote, wandelnde Tote, weiblicher Zombie
ğŸ§Ÿâ€â™‚	Untoter, mÃ¤nnlicher Zombie, wandelnder Toter
ğŸ™	Gesicht, missmutige Person
ğŸ™â€â™‚	Gesicht, Mann, Stirn runzeln, missmutiger Mann
ğŸ™â€â™€	Frau, Gesicht, Stirn runzeln, missmutige Frau
ğŸ™	Schmollen, schmollende Person
ğŸ™â€â™‚	Gesicht, Mann, schmollen, schmollender Mann
ğŸ™â€â™€	Frau, Gesicht, schmollen, schmollende Frau
ğŸ™…	Person mit Ã¼berkreuzten Armen, verboten, x
ğŸ™…â€â™‚	Arme, Gesicht, Mann, Mann mit Ã¼berkreuzten Armen
ğŸ™…â€â™€	Arme, Frau, Frau mit Ã¼berkreuzten Armen, Gesicht
ğŸ™†	Person mit HÃ¤nden auf dem Kopf, alles in Ordnung, o
ğŸ™†â€â™‚	Arme, Gesicht, Mann, Mann mit HÃ¤nden auf dem Kopf
ğŸ™†â€â™€	Arme, Frau, Frau mit HÃ¤nden auf dem Kopf, Gesicht
ğŸ’	Gesicht, Hilfe, Informationen, Infoschalter-Mitarbeiter(in)
ğŸ’â€â™‚	Auskunft, Informationen, Infoschalter-Mitarbeiter, Mann
ğŸ’â€â™€	Auskunft, Frau, Informationen, Infoschalter-Mitarbeiterin
ğŸ™‹	Person mit erhobenem Arm, Siegerpose
ğŸ™‹â€â™‚	Geste, Mann, Mann mit erhobenem Arm, Siegerpose
ğŸ™‹â€â™€	Frau, Frau mit erhobenem Arm, Geste, Siegerpose
ğŸ™‡	Entschuldigung, Geste, sich verbeugende Person, verbeugen
ğŸ™‡â€â™‚	Demut, Mann, sich verbeugender Mann, verbeugen
ğŸ™‡â€â™€	Demut, Frau, sich verbeugende Frau, verbeugen
ğŸ¤¦	Gesicht, frustriert, genervt, sich an den Kopf fassende Person
ğŸ¤¦â€â™‚	Mann, frustriert, genervt, sich an den Kopf fassender Mann
ğŸ¤¦â€â™€	Frau, frustriert, genervt, sich an den Kopf fassende Frau
ğŸ¤·	Zweifel, egal, gleichgÃ¼ltig, keine Ahnung, schulterzuckende Person
ğŸ¤·â€â™‚	Mann, Zweifel, gleichgÃ¼ltig, keine Ahnung, schulterzuckender Mann
ğŸ¤·â€â™€	Frau, Zweifel, gleichgÃ¼ltig, keine Ahnung, schulterzuckende Frau
ğŸ’†	Massage, Person, die eine Kopfmassage bekommt, Salon
ğŸ’†â€â™‚	Kopfmassage, Mann, Mann, der eine Kopfmassage bekommt
ğŸ’†â€â™€	Frau, Frau, die eine Kopfmassage bekommt, Kopfmassage
ğŸ’‡	Friseur, Frisur, Person beim Haareschneiden
ğŸ’‡â€â™‚	Friseur, Haarschnitt, Mann, Mann beim Haareschneiden, Schere
ğŸ’‡â€â™€	Frau, Frau beim Haareschneiden, Friseur, Haarschnitt, Schere
ğŸš¶	FuÃŸgÃ¤nger(in), gehen, gehend, wandern
ğŸš¶â€â™‚	FuÃŸgÃ¤nger, Mann, Spaziergang, gehen
ğŸš¶â€â™€	Frau, FuÃŸgÃ¤ngerin, Spaziergang, gehen
ğŸƒ	Laufen, Marathon, Sport, laufende Person
ğŸƒâ€â™‚	Jogger, Marathon, joggen, laufen, laufender Mann
ğŸƒâ€â™€	Joggerin, Marathon, joggen, laufen, laufende Frau
ğŸ’ƒ	Frau, Tanz, tanzende Frau
ğŸ•º	Mann, tanzen, tanzender Mann
ğŸ‘¯	Bunnys, Hasenohren, Leute, Personen mit Hasenohren
ğŸ‘¯â€â™‚	Bunnys, Hasenohren, MÃ¤nner, MÃ¤nner mit Hasenohren, Party
ğŸ‘¯â€â™€	Bunnys, Frauen, Frauen mit Hasenohren, Hasenohren, Party
ğŸ§–	Dampfsauna, Person in Dampfsauna, Sauna
ğŸ§–â€â™€	Dampfsauna, Frau in Dampfsauna, Sauna
ğŸ§–â€â™‚	Dampfsauna, Mann in Dampfsauna, Sauna
ğŸ§—	Bergsteiger, Bergsteiger(in)
ğŸ§—â€â™€	Bergsteiger, Bergsteigerin
ğŸ§—â€â™‚	Bergsteiger
ğŸ§˜	Meditation, Person im Lotossitz, Yoga
ğŸ§˜â€â™€	Frau im Lotossitz, Meditation, Yoga
ğŸ§˜â€â™‚	Mann im Lotossitz, Meditation, Yoga
ğŸ›€	Bad, Badewanne, Badezimmer, badende Person
ğŸ›Œ	Bett, im Bett liegende Person, schlafen
ğŸ•´	Anzug, Mann, geschÃ¤ftlich, schwebender Mann im Anzug
ğŸ—£	Gesicht, Kopf, Silhouette, sprechen, sprechend, sprechender Kopf
ğŸ‘¤	BÃ¼ste, Person, Silhouette einer BÃ¼ste
ğŸ‘¥	BÃ¼sten, Personen, Silhouette mehrerer BÃ¼sten
ğŸ¤º	Fechter, Fechter(in), Schwert, Sport, fechten
ğŸ‡	Jockey auf Pferd, Pferderennen, Sport
â›·	Schnee, Ski, Skifahrer, Skifahrer(in), Skifahrerin, Sport
ğŸ‚	Snowboard, Snowboarden, Snowboarder, Snowboarder(in), Snowboarderin, Sport
ğŸŒ	Golf, Golfer(in)
ğŸŒâ€â™‚	Golf, Golfer, Golfspieler, Mann, golfen
ğŸŒâ€â™€	Frau, Golf, Golferin, Golfspielerin, golfen
ğŸ„	Surfen, Surfer(in), Wassersport, Wellenreiten, Wellenreiter, Wellenreiterin
ğŸ„â€â™‚	Mann, Surfer, Wellenreiten
ğŸ„â€â™€	Frau, Surferin, Wellenreiten
ğŸš£	Boot, Person im Ruderboot
ğŸš£â€â™‚	Boot, Mann, Mann im Ruderboot, rudern
ğŸš£â€â™€	Boot, Frau, Frau im Ruderboot, rudern
ğŸŠ	Kraulen, Schwimmen, Schwimmer(in), Sport, Wasser
ğŸŠâ€â™‚	Pool, Schwimmbad, Schwimmer, kraulen, schwimmen
ğŸŠâ€â™€	Pool, Schwimmbad, Schwimmerin, kraulen, schwimmen
â›¹	Ball, Basketball, Person, Person mit Ball
â›¹â€â™‚	Ballsport, Handball, Mann, Mann mit Ball
â›¹â€â™€	Ballsport, Frau, Frau mit Ball, Handball
ğŸ‹	Gewicht, Gewichtheber(in)
ğŸ‹â€â™‚	Gewicht heben, Gewichtheber, Mann
ğŸ‹â€â™€	Frau, Gewicht heben, Gewichtheberin
ğŸš´	Radfahren, Radfahrer, Radfahrer(in)
ğŸš´â€â™‚	Fahrrad, Mann, Rad, Radfahrer
ğŸš´â€â™€	Fahrrad, Frau, Rad, Radfahrerin
ğŸšµ	Mountainbiker(in), Radfahren
ğŸšµâ€â™‚	Fahrrad, Mann, Mountainbike, Mountainbiker, Rad
ğŸšµâ€â™€	Fahrrad, Frau, Mountainbike, Mountainbikerin, Rad
ğŸ	Autorennen, Rennauto
ğŸ	Motorrad, Motorrennen
ğŸ¤¸	Bodenturnen, Person, Rad schlagende Person, Radschlag
ğŸ¤¸â€â™‚	Bodenturnen, Mann, Rad schlagender Mann, Radschlag
ğŸ¤¸â€â™€	Bodenturnen, Frau, Rad schlagende Frau, Radschlag
ğŸ¤¼	Ringer, Ringer(in), Ringkampf, Wrestling
ğŸ¤¼â€â™‚	Ringer, Ringkampf, Wrestling, ringende MÃ¤nner
ğŸ¤¼â€â™€	Ringer, Ringkampf, Wrestling, ringende Frauen
ğŸ¤½	Sport, Wasser, Wasserball, Wasserballspieler(in)
ğŸ¤½â€â™‚	Wasser, Wasserball, Wasserballspieler, Wassersport
ğŸ¤½â€â™€	Wasser, Wasserball, Wasserballspielerin, Wassersport
ğŸ¤¾	Handball, Handballspieler(in), Sport
ğŸ¤¾â€â™‚	Handball, Handballspieler, Mann
ğŸ¤¾â€â™€	Frau, Handball, Handballspielerin
ğŸ¤¹	Jongleur(in), Multitasking, geschickt, jonglieren
ğŸ¤¹â€â™‚	Jongleur, Mann, Multitasking, geschickt, jonglieren
ğŸ¤¹â€â™€	Frau, Jongleurin, Multitasking, geschickt, jonglieren
ğŸ‘«	Frau, HÃ¤ndchen halten, Mann, Paar, PÃ¤rchen aus Frau und Mann
ğŸ‘¬	HÃ¤ndchen halten, MÃ¤nner, Paar, PÃ¤rchen aus Mann und Mann
ğŸ‘­	Frauen, HÃ¤ndchen halten, Paar, PÃ¤rchen aus Frau und Frau
ğŸ’	Frau, Herz, Kuss, Mann, sich kÃ¼ssendes Paar
ğŸ’‘	Frau, Herz, Liebespaar, Mann
ğŸ‘ª	Familie, Kind, Mutter, Vater
ğŸ¤³	Selfie, Smartphone
ğŸ’ª	Comic, Muskeln anspannen, angespannter Bizeps, stark
ğŸ¦µ	Bein, Treten, Tritt
ğŸ¦¶	FuÃŸ, Stampfen, Treten
ğŸ‘ˆ	Finger, HandrÃ¼ckseite, links, nach links weisender Zeigefinger
ğŸ‘‰	Finger, HandrÃ¼ckseite, nach rechts weisender Zeigefinger, rechts
â˜	Finger, Hand, Handvorderseite, Zeigefinger, nach oben, nach oben weisender Zeigefinger von vorne
ğŸ‘†	Finger, HandrÃ¼ckseite, aufwÃ¤rts, nach oben weisender Zeigefinger von hinten
ğŸ–•	Finger, Hand, Mittelfinger
ğŸ‘‡	Finger, HandrÃ¼ckseite, abwÃ¤rts, nach unten weisender Zeigefinger
âœŒ	Sieg, V, Victory-Geste
ğŸ¤	Finger, Hand, Hand mit gekreuzten Fingern, gekreuzt
ğŸ––	Spock, Star Trek, lebe lang und in Frieden, spreizen, vulkanisch, vulkanischer GruÃŸ
ğŸ¤˜	Finger, Hand, HÃ¶rner, Rock, Teufel, TeufelsgruÃŸ
ğŸ¤™	Hand, anrufen, ruf-mich-an-Handzeichen
ğŸ–	5, Finger, Hand, Hand mit gespreizten Fingern, fÃ¼nf, gespreizt
âœ‹	Hand, erhobene Hand
ğŸ‘Œ	Hand, OK, OK-Zeichen, exzellent, in Ordnung, perfekt
ğŸ‘	Daumen, Daumen hoch, Hand, gut, nach oben
ğŸ‘	Daumen, Daumen runter, Hand, nach unten, schlecht
âœŠ	Faust, erhobene Faust
ğŸ‘Š	Faust, Hand, geballte Faust
ğŸ¤›	Faust, Faust nach links, nach links
ğŸ¤œ	Faust, Faust nach rechts, nach rechts
ğŸ¤š	Hand, erhoben, erhobene Hand von hinten, erhobener HandrÃ¼cken
ğŸ‘‹	Hand, Winken, winkende Hand
ğŸ¤Ÿ	Hand, Ich liebe dich, ich-liebe-dich-Geste
âœ	Hand, Schreiben, schreiben, schreibende Hand
ğŸ‘	Beifall, HÃ¤nde, Klatschen, applaudieren, klatschende HÃ¤nde
ğŸ‘	HÃ¤nde, offen, offene HÃ¤nde
ğŸ™Œ	feiern, zwei erhobene HandflÃ¤chen
ğŸ¤²	HandflÃ¤chen nach oben, beten
ğŸ™	Gebet, beten, betende HÃ¤nde, bitte
ğŸ¤	Handschlag, HÃ¤nde, HÃ¤ndeschÃ¼tteln, Vereinbarung
ğŸ’…	Kosmetik, ManikÃ¼re, Nagel, Nagellack, Nagelpflege
ğŸ‘‚	KÃ¶rperteil, Ohr
ğŸ‘ƒ	KÃ¶rperteil, Nase
ğŸ‘£	Abdruck, FuÃŸ, FuÃŸabdruck, FuÃŸabdrÃ¼cke
ğŸ‘€	Auge, Augen, Gesicht
ğŸ‘	Auge, KÃ¶rperteil
ğŸ‘â€ğŸ—¨	Auge, Auge in Sprechblase, Dialog, reden, sprechen
ğŸ§ 	Gehirn, intelligent
ğŸ¦´	Knochen, Skelett
ğŸ¦·	Zahn, Zahn ziehen, Zahnarzt, ZahnÃ¤rztin
ğŸ‘…	KÃ¶rperteil, Zunge
ğŸ‘„	KÃ¶rperteil, Lippen, Mund
ğŸ¦°	Rotschopf, rote Haare, rotes Haar, rothaarig
ğŸ¦±	Afro, Lockenkopf, lockig, lockiges Haar
ğŸ¦³	grau, graues Haar, grauhaarig, weiÃŸes Haar, weiÃŸhaarig
ğŸ¦²	Chemo, Glatze, haarlos, kein Haar, rasiert
ğŸ’‹	Kuss, Kussabdruck, Lippen
ğŸ’˜	Herz, Herz mit Pfeil, Liebe, Pfeil
ğŸ’	Herz, Herz mit Schleife, Schleife, Valentinstag
ğŸ’–	Aufregung, Liebe, funkelndes Herz
ğŸ’—	Aufregung, Liebe, NervositÃ¤t, wachsendes Herz
ğŸ’“	Herz, Liebe, schlagendes Herz
ğŸ’	Liebe, kreisende Herzen
ğŸ’•	Herz, Liebe, zwei Herzen
ğŸ’Œ	Brief, Herz, Liebe, Liebesbrief
â£	Ausrufezeichen, Herz, Herz als Ausrufezeichen, Satzzeichen
ğŸ’”	Schmerz, Trennung, gebrochenes Herz
â¤	Herz, rotes Herz
ğŸ§¡	orange, oranges Herz
ğŸ’›	Herz, gelb, gelbes Herz
ğŸ’š	Herz, grÃ¼n, grÃ¼nes Herz
ğŸ’™	Herz, blau, blaues Herz
ğŸ’œ	Herz, lila, lila Herz
ğŸ–¤	Herz, bÃ¶se, schwarz, schwarzes Herz
ğŸ’Ÿ	Herz, Herzdekoration
ğŸ’¤	Comic, Schlaf, Schlafen, Schnarchen, ZZZ
ğŸ’¢	Comic, Wut, Ã„rger
ğŸ’£	Bombe, Comic
ğŸ’¥	Comic, Kollision, ZusammenstoÃŸ
ğŸ’¦	Comic, SchweiÃŸ, SchweiÃŸtropfen
ğŸ’¨	Comic, Staubwolke, rennen, weglaufen
ğŸ’«	Benommenheit, Comic, Stern, Sterne sehen, schwindlig
ğŸ’¬	Dialog, GesprÃ¤ch, Sprechblase, Sprechblase mit drei Punkten, Unterhaltung
ğŸ—¨	Dialog, Sprechblase links, Unterhaltung, reden, sprechen
ğŸ—¯	Sprechblase, Sprechblase fÃ¼r wÃ¼tende Aussage rechts, wÃ¼tend
ğŸ’­	Comic, Gedankenblase, Nachdenken
ğŸ•³	Loch, schwarz
ğŸ‘“	Accessoire, Brille
ğŸ•¶	Augen, Brille, Sonnenbrille, dunkel
ğŸ¥½	Augenschutz, Schutzbrille, SchweiÃŸen, Schwimmen
ğŸ¥¼	Doktor, Experiment, Laborkittel, Wissenschaftler
ğŸ‘”	Hemd mit Krawatte, Kleidung, Kragen, Schlips
ğŸ‘•	Kleidung, Shirt, T-Shirt
ğŸ‘–	Hose, Jeans, Kleidung
ğŸ§£	Hals, Schal
ğŸ§¤	Hand, Handschuhe
ğŸ§¥	Jacke, Mantel
ğŸ§¦	Socken, StrÃ¼mpfe
ğŸ‘—	Kleid, Kleidung
ğŸ‘˜	Kimono, Kleid, Kleidung
ğŸ‘™	Badeanzug, Bikini, Kleidung
ğŸ‘š	Bluse, Damenmode, Kleidung, Oberbekleidung
ğŸ‘›	Accessoire, Brieftasche, GeldbÃ¶rse, Portemonnaie
ğŸ‘œ	Accessoire, Handtasche, Tasche
ğŸ‘	Accessoire, Clutch, Tasche
ğŸ›	Einkaufen, EinkaufstÃ¼ten, Shopping, einkaufen, shoppen
ğŸ’	Ranzen, Rucksack, Schule, Schulranzen, Tornister
ğŸ‘	Herren, Herrenschuh, Schuh
ğŸ‘Ÿ	Schuh, Sneaker, Sportschuh, sportlich
ğŸ¥¾	Camping, Wandern, Wanderstiefel, Wanderung
ğŸ¥¿	Ballet-Pumps, Slipper, flacher Schuh
ğŸ‘ 	Absatzschuh, Damen, Highheels, Pumps, StÃ¶ckelschuh
ğŸ‘¡	Damen, Damensandale, Sandale, Schuh
ğŸ‘¢	Damen, Damenstiefel, Schuh, Stiefel
ğŸ‘‘	Krone, KÃ¶nig, KÃ¶nigin
ğŸ‘’	Damenhut, Damenhut mit Schleife, Hut, Kopfbedeckung, Schleife
ğŸ©	Hut, Kopfbedeckung, Zylinder, Zylinderhut
ğŸ“	Abschlussfeier, Doktorhut
ğŸ§¢	Baseballkappe, BaseballmÃ¼tze, Schirmkappe
â›‘	Helm, Helm mit weiÃŸem Kreuz, Hilfe, Rettungshelm, bergen, retten
ğŸ“¿	Gebet, Gebetskette, Kette, Religion, Rosenkranz
ğŸ’„	Kosmetik, Lippenstift, Make-up, Schminke
ğŸ’	Diamantring, Edelstein, Ring, Schmuck, Verlobung
ğŸ’	Diamant, Edelstein
ğŸµ	Affe, Affengesicht, Gesicht, Tier
ğŸ’	Affe, Tier
ğŸ¦	Affe, Gesicht, Gorilla, Tier
ğŸ¶	Gesicht, Hund, Hundegesicht, Tier
ğŸ•	Haustier, Hund, Tier
ğŸ©	Hund, Pudel, Tier
ğŸº	Gesicht, Tier, Wolf, Wolfsgesicht
ğŸ¦Š	Fuchs, Fuchsgesicht, Gesicht, Tier
ğŸ¦	WaschbÃ¤r, neugierig
ğŸ±	Gesicht, Katze, Katzengesicht, Tier
ğŸˆ	Haustier, Katze, Tier
ğŸ¦	Gesicht, LÃ¶we, LÃ¶wengesicht, Sternzeichen, Tierkreis
ğŸ¯	Gesicht, Tier, Tiger, Tigergesicht
ğŸ…	Tier, Tiger
ğŸ†	Leopard, Tier
ğŸ´	Gesicht, Pferd, Pferdegesicht, Tier
ğŸ	Pferd, Rennen, Rennpferd, Tier
ğŸ¦„	Einhorn, Einhorngesicht, Gesicht
ğŸ¦“	Streifen, Zebra
ğŸ¦Œ	Gesicht, Hirsch, Tier
ğŸ®	Gesicht, Kuh, Kuhgesicht, Tier
ğŸ‚	Ochse, Sternzeichen, Stier, Tier, Tierkreis
ğŸƒ	BÃ¼ffel, Tier, Wasser, WasserbÃ¼ffel
ğŸ„	Kuh, Tier
ğŸ·	Gesicht, Schwein, Schweinegesicht, Tier
ğŸ–	Sau, Schwein, Tier
ğŸ—	Schwein, Tier, Wildschwein
ğŸ½	Nase, Schwein, SchweinerÃ¼ssel, Tier
ğŸ	Schaf, Sternzeichen, Tierkreis, Widder
ğŸ‘	Schaf, Tier
ğŸ	Steinbock, Sternzeichen, Tier, Tierkreis, Ziege
ğŸª	Dromedar, Kamel, Tier, einhÃ¶ckrig
ğŸ«	Kamel, Tier, zweihÃ¶ckrig
ğŸ¦™	Alpaca, Lama, Wolle
ğŸ¦’	Flecken, Giraffe
ğŸ˜	Elefant, Tier
ğŸ¦	Nashorn, Rhinozeros, Tier
ğŸ¦›	Hippo, Nilpferd
ğŸ­	Gesicht, Maus, MÃ¤usegesicht, Tier
ğŸ	Maus, Tier
ğŸ€	Ratte, Tier
ğŸ¹	Gesicht, Hamster, Hamstergesicht, Tier
ğŸ°	Gesicht, Hase, Hasengesicht, Tier
ğŸ‡	Hase, Kaninchen, Tier
ğŸ¿	StreifenhÃ¶rnchen, Tier
ğŸ¦”	Igel, stachelig
ğŸ¦‡	Fledermaus, Tier, Vampir
ğŸ»	BÃ¤r, BÃ¤rengesicht, Gesicht, Tier
ğŸ¨	Koala, KoalabÃ¤r, Tier
ğŸ¼	Gesicht, Panda, PandabÃ¤r, Pandagesicht, Tier
ğŸ¦˜	Australien, HÃ¼pfen, KÃ¤nguru
ğŸ¦¡	Dachs, Dachse
ğŸ¾	Abdruck, Tatzen, TatzenabdrÃ¼cke, Tier
ğŸ¦ƒ	GeflÃ¼gel, Truthahn
ğŸ”	GeflÃ¼gel, Henne, Huhn, Tier
ğŸ“	Hahn, Tier
ğŸ£	KÃ¼ken, Tier, schlÃ¼pfen, schlÃ¼pfendes KÃ¼ken
ğŸ¤	KÃ¼ken, Tier
ğŸ¥	GeflÃ¼gel, KÃ¼ken, KÃ¼ken von vorne, Tier
ğŸ¦	Papagei, Taube, Vogel
ğŸ§	Pinguin, Tier
ğŸ•Š	Friede, Frieden, Taube, Vogel, fliegen
ğŸ¦…	Adler, Vogel
ğŸ¦†	Ente, Vogel
ğŸ¦¢	Schwan, Vogel, hÃ¤ssliches Entlein
ğŸ¦‰	Eule, Vogel, weise
ğŸ¦š	Pfau, Vogel, stolz, stolzieren
ğŸ¦œ	Papagei, Pirat, Vogel, Wiederholen
ğŸ¸	Frosch, Froschgesicht, Gesicht, Tier
ğŸŠ	Krokodil, Tier
ğŸ¢	SchildkrÃ¶te, Tier
ğŸ¦	Eidechse, Reptil
ğŸ	Schlange, SchlangentrÃ¤ger, Sternzeichen, Tier, Tierkreis
ğŸ²	Drache, Drachengesicht, Gesicht, Tier
ğŸ‰	Drache, MÃ¤rchen, Tier
ğŸ¦•	Brachiosaurus, Brontosaurus, Dino, Dinosaurier, Diplodocus, Saurier, Sauropode
ğŸ¦–	Dino, Dinosaurier, Saurier, T-Rex, Tyrannosaurus Rex
ğŸ³	Tier, Wal, blasender Wal
ğŸ‹	Tier, Wal
ğŸ¬	Delfin, Tier
ğŸŸ	Fisch, Fische, Sternzeichen, Tier, Tierkreis
ğŸ 	Fisch, Tier, Tropenfisch
ğŸ¡	Fisch, Kugelfisch, Tier
ğŸ¦ˆ	Hai, Haifisch
ğŸ™	Krake, Oktopus, Tier, Tintenfisch
ğŸš	Muschel, Schneckenhaus, Tier
ğŸ¦€	Krebs, Sternzeichen, Tierkreis
ğŸ¦	Hummer, MeeresfrÃ¼chte
ğŸ¦	Garnele, Gourmet, Krustentier
ğŸ¦‘	Kalmar, Tintenfisch
ğŸŒ	Schnecke, Tier
ğŸ¦‹	Schmetterling, schÃ¶n
ğŸ›	Insekt, Raupe, Tier
ğŸœ	Ameise, Insekt, Tier
ğŸ	Biene, Honigbiene, Hummel, Tier
ğŸ	GlÃ¼ckskÃ¤fer, KÃ¤fer, MarienkÃ¤fer, Tier
ğŸ¦—	Grille, Heuschrecke
ğŸ•·	Insekt, Spinne, Tier
ğŸ•¸	Netz, Spinne, Spinnennetz
ğŸ¦‚	Skorpion, Sternzeichen, Tierkreis
ğŸ¦Ÿ	Fieber, Insekt, Malaria, Moskito
ğŸ¦ 	AmÃ¶be, Bakterie, Einzeller, Mikrobe
ğŸ’	Blumen, BlumenstrauÃŸ, Bouquet
ğŸŒ¸	Blume, BlÃ¼te, KirschblÃ¼te, Kirsche, Pflanze
ğŸ’®	Blume, Blumenstempel
ğŸµ	Pflanze, Rosette
ğŸŒ¹	Blume, BlÃ¼te, Pflanze, Rose
ğŸ¥€	Blume, verwelkt, welke Blume
ğŸŒº	Blume, BlÃ¼te, Hibiskus, Pflanze
ğŸŒ»	Blume, BlÃ¼te, Pflanze, Sonne, Sonnenblume
ğŸŒ¼	Blume, BlÃ¼te, Pflanze, gelbe BlÃ¼te
ğŸŒ·	Blume, BlÃ¼te, Pflanze, Tulpe
ğŸŒ±	Spross, junge Pflanze
ğŸŒ²	Baum, Nadelbaum, Pflanze
ğŸŒ³	Baum, Laub, Laubbaum, Pflanze
ğŸŒ´	Baum, Palme, Pflanze
ğŸŒµ	Kaktus, Pflanze
ğŸŒ¾	Pflanze, Reis, ReisÃ¤hre, Ã„hre
ğŸŒ¿	BlÃ¤tter, KrÃ¤uter
â˜˜	Kleeblatt, Pflanze
ğŸ€	GlÃ¼ck, GlÃ¼cksklee, Kleeblatt, vier, vierblÃ¤ttrig
ğŸ	Ahorn, Ahornblatt, Blatt, Herbst, Laub, Pflanze
ğŸ‚	Blatt, BlÃ¤tter, Herbst, Laub, Pflanze
ğŸƒ	Blatt, BlÃ¤tter, BlÃ¤tter im Wind, Laub, Pflanze, Wind
ğŸ‡	Frucht, Obst, Traube, Trauben
ğŸˆ	Frucht, Honigmelone, Obst
ğŸ‰	Frucht, Melone, Obst, Wasser, Wassermelone
ğŸŠ	Frucht, Mandarine, Obst, Orange
ğŸ‹	Frucht, Obst, Zitrone, Zitrusfrucht
ğŸŒ	Banane, Frucht, Obst
ğŸ	Ananas, Frucht, Obst
ğŸ¥­	Frucht, FrÃ¼chte, Mango, tropisch
ğŸ	Apfel, Frucht, Obst, rot, roter Apfel
ğŸ	Apfel, Frucht, Obst, grÃ¼n, grÃ¼ner Apfel
ğŸ	Birne, Frucht, Obst
ğŸ‘	Frucht, Obst, Pfirsich
ğŸ’	Frucht, Kirsche, Kirschen, Obst
ğŸ“	Beere, Erdbeere, Frucht, Obst
ğŸ¥	Frucht, Kiwi, Obst
ğŸ…	GemÃ¼se, Tomate
ğŸ¥¥	Kokosnuss, Palme, PiÃ±a Colada
ğŸ¥‘	Avocado, Frucht
ğŸ†	Aubergine, GemÃ¼se
ğŸ¥”	Essen, Kartoffel
ğŸ¥•	GemÃ¼se, Karotte, MohrrÃ¼be, MÃ¶hre
ğŸŒ½	Mais, Maiskolben
ğŸŒ¶	Chili, Paprika, Peperoni, Pfeffer, Pflanze, scharf
ğŸ¥’	Essen, GemÃ¼se, Gurke
ğŸ¥¬	GemÃ¼se, GrÃ¼nzeug, Kohl, Salat, Spinat
ğŸ¥¦	Brokkoli, GemÃ¼sekohl
ğŸ„	Fliegenpilz, Pilz
ğŸ¥œ	Erdnuss, Essen
ğŸŒ°	Kastanie, Marone
ğŸ	Brot, Brotlaib, Laib Brot
ğŸ¥	Croissant, FrÃ¼hstÃ¼ck, FrÃ¼hstÃ¼ckshÃ¶rnchen, franzÃ¶sisch
ğŸ¥–	Baguette, FrÃ¼hstÃ¼ck, franzÃ¶sisch
ğŸ¥¨	Brezel, gedreht
ğŸ¥¯	Backwaren, Bagel, BÃ¤ckerei
ğŸ¥	Eierpfannkuchen, Essen, Pfannkuchen
ğŸ§€	KÃ¤se, KÃ¤sestÃ¼ck
ğŸ–	Fleisch, Fleischhachse, Knochen, Restaurant
ğŸ—	GeflÃ¼gel, HÃ¤hnchenschenkel, Restaurant
ğŸ¥©	FleischstÃ¼ck, Kotelett, Lammkotelett, Schweinekotelett, Steak
ğŸ¥“	Bacon, Essen, FrÃ¼hstÃ¼cksspeck, Speck
ğŸ”	Burger, Hamburger, Restaurant
ğŸŸ	Fritten, Pommes, Pommes Frites, Pommes frites
ğŸ•	Pizza, PizzastÃ¼ck, Pizzeria
ğŸŒ­	Frankfurter, Hot Dog, Hotdog, Wurst, WÃ¼rstchen
ğŸ¥ª	Brot, Sandwich
ğŸŒ®	Taco, mexikanisch
ğŸŒ¯	Burrito, mexikanisch
ğŸ¥™	DÃ¶ner, DÃ¶ner Kebab, Falafel, Wrap
ğŸ¥š	Ei, FrÃ¼hstÃ¼ck, FrÃ¼hstÃ¼cksei
ğŸ³	Kochen, Pfanne, Spiegelei in Bratpfanne
ğŸ¥˜	Essen, Paella, Pfannengericht, Reispfanne
ğŸ²	Eintopf, Gericht, Topf mit Essen
ğŸ¥£	Cerealien, FrÃ¼hstÃ¼ck, Reisbrei, SchÃ¼ssel mit LÃ¶ffel
ğŸ¥—	Essen, Salat
ğŸ¿	Popcorn, Snack
ğŸ§‚	Geschmack, Salz, Salzstreuer
ğŸ¥«	Dose, Konserve
ğŸ±	Bento, Bento-Box
ğŸ˜	Cracker, Reiscracker
ğŸ™	Reis, ReisbÃ¤llchen
ğŸš	Reis, Reis in SchÃ¼ssel
ğŸ›	Curry, Reis, Reis mit Curry
ğŸœ	Eiernudeln, Nudeln, SchÃ¼ssel, SchÃ¼ssel und EssstÃ¤bchen, StÃ¤bchen, Suppe, dampfend
ğŸ	Nudeln mit TomatensoÃŸe, Pasta, Spaghetti
ğŸ 	SÃ¼ÃŸkartoffel, gerÃ¶stet, gerÃ¶stete SÃ¼ÃŸkartoffel
ğŸ¢	Oden, Restaurant, japanisches Gericht
ğŸ£	Restaurant, Sushi, japanisches Gericht
ğŸ¤	Garnele, Restaurant, frittierte Garnele
ğŸ¥	Fisch, Fischfrikadelle
ğŸ¥®	Festival, Herbst, Mondkuchen, Yuebing
ğŸ¡	Dango, Mochi-Kugeln auf einem SpieÃŸ, Restaurant, japanisches Gericht
ğŸ¥Ÿ	Empanada, GyÅza, Jiaozi, Pierogi, Teigtasche, chinesische Teigtasche
ğŸ¥ 	GlÃ¼ckskeks, Prophezeiung
ğŸ¥¡	Takeaway-Box, Takeaway-Schachtel
ğŸ¦	Eis, Softeis
ğŸ§	Eis, Sorbet, Wassereis
ğŸ¨	Eis, Eisbecher, Eiscreme, Eisdiele
ğŸ©	Donut, Doughnut
ğŸª	Cookie, Keks
ğŸ‚	Geburtstag, Geburtstagskuchen, Torte
ğŸ°	Kuchen, KuchenstÃ¼ck, StÃ¼ck Torte, Torte, TortenstÃ¼ck
ğŸ§	Cupcake, GebÃ¤ck, Konditorei, Muffin, sÃ¼ÃŸ
ğŸ¥§	FÃ¼llung, GebÃ¤ck, Kuchen
ğŸ«	Schokolade, Schokoladentafel
ğŸ¬	Bonbon, SÃ¼ÃŸigkeit
ğŸ­	Lolli, Lutscher, SÃ¼ÃŸigkeit
ğŸ®	Dessert, Nachspeise, Nachtisch, Pudding, Schokolade, SoÃŸe
ğŸ¯	Honig, Honigtopf
ğŸ¼	Baby, Babyflasche, FlÃ¤schchen, Kind, Milch, trinken
ğŸ¥›	GetrÃ¤nk, Glas, Glas Milch, Milch
â˜•	GetrÃ¤nk, HeiÃŸgetrÃ¤nk, Kaffee, Tee, dampfend, heiÃŸ, trinken
ğŸµ	Tee, Teetasse, Teetasse ohne Henkel
ğŸ¶	Flasche, GetrÃ¤nk, Sake, Sake-Flasche und -tasse, Tasse, trinken
ğŸ¾	Champagner, Flasche, Flasche mit knallendem Korken, Korken, Sekt, trinken
ğŸ·	Bar, Glas, Wein, Weinglas
ğŸ¸	Bar, Cocktail, Cocktailglas
ğŸ¹	Bar, Cocktail, exotisches GetrÃ¤nk
ğŸº	Bar, Bier, Bierkrug, Krug
ğŸ»	Bier, BierkrÃ¼ge, anstoÃŸen
ğŸ¥‚	GetrÃ¤nk, Sekt, SektglÃ¤ser, anstoÃŸen, feiern
ğŸ¥ƒ	Bar, Trinkglas, Whiskey
ğŸ¥¤	Becher mit Strohhalm, Saft, Selters
ğŸ¥¢	EssstÃ¤bchen, Hashi, StÃ¤bchen
ğŸ½	Gabel, Messer, Teller mit Messer und Gabel, kochen
ğŸ´	Besteck, Gabel, Gabel und Messer, Messer
ğŸ¥„	Besteck, LÃ¶ffel
ğŸ”ª	KÃ¼chenmesser, Messer
ğŸº	Amphore, GefÃ¤ÃŸ, Krug, Vase, Wassermann, kochen
ğŸŒ	Afrika, Europa, Globus mit Europa und Afrika, Weltkugel
ğŸŒ	Globus mit Amerika, Nordamerika, SÃ¼damerika, Weltkugel
ğŸŒ	Asien, Australien, Globus mit Asien und Australien, Weltkugel
ğŸŒ	Breitengrad, Globus mit Meridianen, LÃ¤ngengrad
ğŸ—º	Karte, Welt, Weltkarte
ğŸ—¾	Japan, Karte, Umriss von Japan
ğŸ§­	Himmelsrichtung, Kompass, Navigation, Orientierung, Windrose, magnetisch
ğŸ”	Berg, Schnee, kalt, schneebedeckter Berg
â›°	Berg, Gebirge
ğŸŒ‹	Ausbruch, Berg, Vulkan, Wetter
ğŸ—»	Berg, Fuji
ğŸ•	Camping, Zelt, campen
ğŸ–	Meer, Sonnenschirm, Strand, Strand mit Sonnenschirm
ğŸœ	WÃ¼ste
ğŸ	Insel, Meer, Strand, einsam, einsame Insel, verlassen
ğŸ	Nationalpark, Park
ğŸŸ	Arena, Stadion
ğŸ›	GebÃ¤ude, antik, antikes GebÃ¤ude, klassizistisch
ğŸ—	Bau, Kran, bauen
ğŸ§±	Klinker, Mauerwerk, Wand, Ziegel, Ziegelstein
ğŸ˜	GebÃ¤ude, Haus, HÃ¤user, Wohnhaus, WohnhÃ¤user, Wohnsiedlung
ğŸš	GebÃ¤ude, Haus, heruntergekommen, verfallen, verfallenes Haus, verlassen
ğŸ 	GebÃ¤ude, Haus, Zuhause
ğŸ¡	Baum, Haus, Haus mit Garten
ğŸ¢	BÃ¼rogebÃ¤ude, Hochhaus
ğŸ£	Japan, Post, japanisches PostgebÃ¤ude
ğŸ¤	Europa, Post, PostgebÃ¤ude
ğŸ¥	Arzt, GebÃ¤ude, Krankenhaus, Medizin, krank
ğŸ¦	Bank, GebÃ¤ude, Geld
ğŸ¨	GebÃ¤ude, Hotel, Unterkunft, Ã¼bernachten
ğŸ©	GebÃ¤ude, Hotel, Liebe, Stundenhotel, Unterkunft
ğŸª	BedarfsartikelgeschÃ¤ft, GebÃ¤ude, GeschÃ¤ft, Lebensmittel, einkaufen
ğŸ«	GebÃ¤ude, Schule, SchulgebÃ¤ude
ğŸ¬	GebÃ¤ude, GeschÃ¤ft, Kaufhaus, einkaufen, shoppen
ğŸ­	Fabrik, FabrikgebÃ¤ude, GebÃ¤ude
ğŸ¯	Bauwerk, GebÃ¤ude, Japan, Schloss, japanisch, japanisches Schloss
ğŸ°	Bauwerk, Europa, GebÃ¤ude, Schloss, europÃ¤isch
ğŸ’’	Herz, Hochzeit, Kirche
ğŸ—¼	Fernsehturm, Tokio, Tokyo Tower
ğŸ—½	Amerika, Freiheit, Freiheitsstatue
â›ª	Christ, Christentum, GebÃ¤ude, Kirche, Kreuz, Religion, christlich
ğŸ•Œ	Islam, Moschee, Moslem, Muslim, Religion
ğŸ•	Jude, Religion, Synagoge, Tempel, jÃ¼disch
â›©	Religion, Schrein, Shinto, Shinto-Schrein
ğŸ•‹	Islam, Kaaba, Moslem, Muslim, Religion
â›²	Brunnen, Garten, Park, Springbrunnen
â›º	Camping, Campingurlaub, Zelt, Zeltplatz
ğŸŒ	Nebel, Wetter, neblig
ğŸŒƒ	Nacht, Sterne, Sternenhimmel
ğŸ™	GebÃ¤ude, HochhÃ¤user, HÃ¤user, Skyline, Stadt, Wolkenkratzer
ğŸŒ„	Berge, Sonnenaufgang, Sonnenaufgang Ã¼ber Bergen
ğŸŒ…	Meer, Sonnenaufgang, Sonnenaufgang Ã¼ber dem Meer
ğŸŒ†	Abendstimmung in der Stadt, HochhÃ¤user, Sonnenuntergang
ğŸŒ‡	HochhÃ¤user, Sonnenuntergang, Sonnenuntergang in der Stadt
ğŸŒ‰	BrÃ¼cke, BrÃ¼cke vor Nachthimmel, Golden Gate, Nacht, nachts
â™¨	Dampf, Quellen, dampfend, heiÃŸ, heiÃŸe Quellen
ğŸŒŒ	Galaxie, MilchstraÃŸe
ğŸ 	Karussell, Karussellpferd, Pferd
ğŸ¡	Freizeitpark, Rad, Riesenrad, Volksfest
ğŸ¢	Achterbahn, Freizeitpark, Volksfest
ğŸ’ˆ	Barbershop-SÃ¤ule, Herrenfriseur, SÃ¤ule
ğŸª	Unterhaltung, Zelt, Zirkus, Zirkuszelt
ğŸš‚	Dampf, Dampflok, Dampflokomotive, Fahrzeug, Lokomotive, Zug
ğŸšƒ	Fahrzeug, StraÃŸenbahn, StraÃŸenbahnwagen, Tram, Wagen, Wagon, Zug
ğŸš„	Hochgeschwindigkeitszug mit spitzer Nase, Shinkansen, TGV, Zug
ğŸš…	Hochgeschwindigkeitszug, Japan, Shinkansen, Zug
ğŸš†	Eisenbahn, Zug
ğŸš‡	Metro, U-Bahn
ğŸšˆ	S-Bahn, Zug
ğŸš‰	Bahnhof, Zug
ğŸšŠ	StraÃŸenbahn, Tram
ğŸš	Bahn, Einschienenbahn, Magnetschwebebahn
ğŸš	Bahn, Bergbahn
ğŸš‹	StraÃŸenbahn, Tram, Tramwagen, Waggon
ğŸšŒ	Bus, Fahrzeug
ğŸš	Bus, Vorderansicht Bus
ğŸš	Oberleitungsbus, Trolleybus
ğŸš	Bus, Kleinbus
ğŸš‘	Krankenwagen, Notfall
ğŸš’	Brand, Feuerwehrauto, LÃ¶schfahrzeug
ğŸš“	Polizei, Polizeiwagen, Streifenwagen
ğŸš”	Polizei, Streifenwagen, Vorderansicht Polizeiwagen
ğŸš•	Auto, Fahrzeug, Taxi
ğŸš–	Taxi, Vorderansicht Taxi
ğŸš—	Auto, Fahrzeug
ğŸš˜	Auto, Automobil, Fahrzeug, Vorderansicht Auto
ğŸš™	Wohnmobil, verreisen
ğŸšš	LKW, Lastwagen, Lieferwagen
ğŸš›	LKW, Lastwagen, Sattelzug
ğŸšœ	Landwirtschaft, Traktor, Trecker
ğŸš²	Fahrrad, Rad
ğŸ›´	Tretroller
ğŸ›¹	Skateboard, Skateboard fahren
ğŸ›µ	Motorroller, Roller, Vespa
ğŸš	Bus, Bushaltestelle, Haltestelle
ğŸ›£	Autobahn, SchnellstraÃŸe
ğŸ›¤	Bahngleis, Schienen
ğŸ›¢	Fass, Ã–l, Ã–lfass
â›½	Benzin, Tankstelle, TanksÃ¤ule, tanken
ğŸš¨	Polizei, Polizeilicht
ğŸš¥	Ampel, Verkehrsampel, horizontale Verkehrsampel, vertikal
ğŸš¦	Ampel, Verkehrsampel, horizontal, vertikale Verkehrsampel
ğŸ›‘	Schild, Stopp, Stoppschild, achteckig
ğŸš§	Baustelle, Baustellenschild, Schild
âš“	Anker, Hafen, Meer
â›µ	Boot, Segelboot
ğŸ›¶	Boot, Kanu, Wassersport
ğŸš¤	Boot, Schnellboot
ğŸ›³	Passagierschiff, Schiff, Seereise
â›´	FÃ¤hre, Schiff
ğŸ›¥	Boot, Motorboot, Schiff
ğŸš¢	Dampfer, Kreuzfahrtschiff, Schiff
âœˆ	Flieger, Flugzeug
ğŸ›©	Flugzeug, klein, kleines Flugzeug
ğŸ›«	Abflug, Flugzeug, Start, Start eines Flugzeugs
ğŸ›¬	Flugzeug, Landung, Landung eines Flugzeugs
ğŸ’º	Flugzeug, Sitz, Sitzplatz, Zug
ğŸš	Helikopter, Hubschrauber
ğŸšŸ	HÃ¤ngebahn, Schwebebahn
ğŸš 	Bergschwebebahn, Schwebebahn
ğŸš¡	Bergseilbahn, Gondel, Seilbahn
ğŸ›°	Satellit, Weltraum
ğŸš€	Rakete, Weltraum
ğŸ›¸	UFO, fliegende Untertasse
ğŸ›	Klingel, Rezeptionsklingel
ğŸ§³	Ballast, GepÃ¤ck, Koffer, Reise
âŒ›	Prozess, Sanduhr, Vorgang lÃ¤uft
â³	Prozess, Sanduhr, Vorgang lÃ¤uft, laufende Sanduhr
âŒš	Armbanduhr, Uhr
â°	Uhr, Uhrzeit, Wecker
â±	Stoppuhr, Uhr
â²	Timer, Uhr, Zeitschaltuhr
ğŸ•°	Kaminuhr, Uhr
ğŸ•›	12, Uhr, Ziffernblatt 12:00 Uhr
ğŸ•§	00:30, 12:30, 12:30 Uhr, Uhr, Ziffernblatt 12:30 Uhr, halb eins
ğŸ•	01:00, 1, 13:00, 1:00 Uhr, Punkt Eins, Uhr, Ziffernblatt 1:00 Uhr
ğŸ•œ	1:30 Uhr, Uhr, Ziffernblatt 1:30 Uhr, halb zwei
ğŸ•‘	2, 2:00 Uhr, Uhr, Ziffernblatt 2:00 Uhr
ğŸ•	2:30 Uhr, Uhr, Ziffernblatt 2:30 Uhr, halb drei
ğŸ•’	3, 3:00 Uhr, Uhr, Ziffernblatt 3:00 Uhr
ğŸ•	3:30 Uhr, Uhr, Ziffernblatt 3:30 Uhr, halb vier
ğŸ•“	4, 4:00 Uhr, Uhr, Ziffernblatt 4:00 Uhr
ğŸ•Ÿ	04:30, 16:30, 4:30 Uhr, Uhr, Ziffernblatt 4:30 Uhr, halb fÃ¼nf
ğŸ•”	05:00, 17:00, 5, 5:00 Uhr, Punkt FÃ¼nf, Uhr, Ziffernblatt 5:00 Uhr
ğŸ• 	05:30, 17:30, 5:30 Uhr, Uhr, Ziffernblatt 5:30 Uhr, halb sechs
ğŸ••	6, 6:00 Uhr, Uhr, Ziffernblatt 6:00 Uhr
ğŸ•¡	6:30 Uhr, Uhr, Ziffernblatt 6:30 Uhr, halb sieben
ğŸ•–	7, 7:00 Uhr, Uhr, Ziffernblatt 7:00 Uhr
ğŸ•¢	7:30 Uhr, Uhr, Ziffernblatt 7:30 Uhr, halb acht
ğŸ•—	8, 8:00 Uhr, Uhr, Ziffernblatt 8:00 Uhr
ğŸ•£	8:30 Uhr, Uhr, Ziffernblatt 8:30 Uhr, halb neun
ğŸ•˜	9, 9:00 Uhr, Uhr, Ziffernblatt 9:00 Uhr
ğŸ•¤	9:30 Uhr, Uhr, Ziffernblatt 9:30 Uhr, halb zehn
ğŸ•™	10, 10:00 Uhr, Uhr, Ziffernblatt 10:00 Uhr
ğŸ•¥	10:30 Uhr, Uhr, Ziffernblatt 10:30 Uhr, halb elf
ğŸ•š	11, 11:00 Uhr, Uhr, Ziffernblatt 11:00 Uhr
ğŸ•¦	11:30 Uhr, Uhr, Ziffernblatt 11:30 Uhr, halb zwÃ¶lf
ğŸŒ‘	Mond, Neumond
ğŸŒ’	Mond, erstes Mondviertel, zunehmend
ğŸŒ“	Halbmond, zunehmend, zunehmender Halbmond
ğŸŒ”	Mond, zunehmend, zweites Mondviertel
ğŸŒ•	Mond, Vollmond
ğŸŒ–	Mond, abnehmend, drittes Mondviertel
ğŸŒ—	Halbmond, abnehmend, abnehmender Halbmond
ğŸŒ˜	Mond, abnehmend, letztes Mondviertel
ğŸŒ™	Mond, Mondsichel
ğŸŒš	Gesicht, Neumond, Neumond mit Gesicht
ğŸŒ›	Gesicht, Mondsichel, Mondsichel mit Gesicht links
ğŸŒœ	Gesicht, Mondsichel, Mondsichel mit Gesicht rechts
ğŸŒ¡	Temperatur, Thermometer, Wetter
â˜€	Sonne, Sonnenstrahlen, Strahlen, Wetter, sonnig
ğŸŒ	Gesicht, Vollmond, Vollmond mit Gesicht
ğŸŒ	Gesicht, Sonne, Sonne mit Gesicht
â­	Stern, weiÃŸer mittelgroÃŸer Stern
ğŸŒŸ	Stern, funkelnder Stern
ğŸŒ 	Himmel, Sternschnuppe
â˜	Wetter, Wolke, wolkig
â›…	Sonne, Sonne hinter Wolke, Wolke, wolkig
â›ˆ	Blitz, Gewitter, Regen, Wetter, Wolke, Wolke mit Blitz und Regen, wolkig
ğŸŒ¤	Sonne, Sonne hinter kleiner Wolke, Wetter, Wolke, kleine Wolke
ğŸŒ¥	Sonne, Sonne hinter groÃŸer Wolke, Wetter, Wolke, groÃŸe Wolke
ğŸŒ¦	Regenwolke, Sonne, Sonne hinter Regenwolke, Wetter
ğŸŒ§	Regen, Regenwolke, Wetter, Wolke, Wolke mit Regen
ğŸŒ¨	Schnee, Wetter, Wolke, Wolke mit Schnee
ğŸŒ©	Blitz, Gewitter, Wetter, Wolke, Wolke mit Blitz
ğŸŒª	Wetter, Wirbelsturm
ğŸŒ«	Nebel, Wetter, neblig
ğŸŒ¬	Wetter, Wind, windig
ğŸŒ€	Spirale, Wirbel, Wirbelsturm
ğŸŒˆ	Regenbogen, Wetter
ğŸŒ‚	Regen, Regenschirm, geschlossener Regenschirm
â˜‚	Bekleidung, Regen, Regenschirm, Wetter
â˜”	Regen, Regenschirm, Regenschirm im Regen
â›±	Sonnenschirm, aufgestellt, aufgestellter Sonnenschirm
âš¡	Blitz, Gefahr, Hochspannung
â„	Flocke, Schnee, Schneeflocke
â˜ƒ	Schnee, Schneemann, Schneemann im Schnee
â›„	Schnee, Schneemann, Schneemann ohne Schneeflocken, Winter, kalt
â˜„	Komet, Weltall
ğŸ”¥	Feuer, Flamme, heiÃŸ
ğŸ’§	SchweiÃŸ, Tropfen, Wasser, Wassertropfen
ğŸŒŠ	Meer, Welle
ğŸƒ	Halloween, HalloweenkÃ¼rbis, KÃ¼rbis
ğŸ„	Baum, Tanne, Weihnachten, Weihnachtsbaum
ğŸ†	Feuerwerk, Silvester
ğŸ‡	Feuerwerk, Wunderkerze
ğŸ§¨	Dynamit, Feuerwerk, FeuerwerkskÃ¶rper, Knaller, explosiv
âœ¨	Funkelnde Sterne, Sterne, funkelnde Sterne
ğŸˆ	Geburtstag, Luftballon
ğŸ‰	Feier, Konfetti, Konfettibombe, Party
ğŸŠ	Feier, Konfetti, Konfettiball
ğŸ‹	Baum, Fest, Japan, Sternenfest, Tanabata-Baum, Zettel
ğŸ	Japan, Neujahrsfest, Piniendekoration
ğŸ	Puppenfest Japan, japanische Puppen
ğŸ	Feier, Karpfen, WindsÃ¤cke, traditionelle japanische WindsÃ¤cke
ğŸ	Feier, Glocke, Wind, japanisches Windspiel
ğŸ‘	Japan, Mond, Mondfest, traditionelles Mondfest
ğŸ§§	Geld, Geschenk, GlÃ¼ck, Hongbao, roter Umschlag
ğŸ€	Feier, Schleife, pinke Schleife
ğŸ	Feier, Geschenk, verpackt
ğŸ—	Gedenkschleife, Schleife
ğŸŸ	Eintrittskarten, Ticket
ğŸ«	Konzert, Ticket, Unterhaltung
ğŸ–	MilitÃ¤rorden, Orden
ğŸ†	Pokal, Preis
ğŸ…	Medaille, Sportmedaille
ğŸ¥‡	Erster, Goldmedaille, Medaille 1. Platz
ğŸ¥ˆ	Medaille 2. Platz, Silbermedaille, Zweiter
ğŸ¥‰	Bronzemedaille, Dritter, Medaille 3. Platz
âš½	Ball, FuÃŸball
âš¾	Ball, Baseball
ğŸ¥	Ball, Handschuh, Softball
ğŸ€	Ball, Basketball, Korb, Sport
ğŸ	Ball, Volleyball
ğŸˆ	Amerika, Ball, Football, Sport
ğŸ‰	Ball, Rugby, Rugbyball, Sport
ğŸ¾	Ball, Sport, Tennis, Tennisball
ğŸ¥	Frisbee, Ultimate
ğŸ³	Bowling, Bowlingkugel, Kugel, Spiel
ğŸ	Ball, Cricket, Kricket, SchlÃ¤ger
ğŸ‘	Feldhockey, Hockey, SchlÃ¤ger
ğŸ’	Eishockey, Hockey, Puck, SchlÃ¤ger
ğŸ¥	Ball, Lacrosse, SchlÃ¤ger, Stock
ğŸ“	Ball, SchlÃ¤ger, Tischtennis
ğŸ¸	Badminton, Federball, SchlÃ¤ger
ğŸ¥Š	Boxen, Boxhandschuh, Handschuh, Sport
ğŸ¥‹	Judo, Kampfkunst, Kampfsport, Kampfsportanzug, Karate, Taekwondo
ğŸ¥…	Sport, Tor
â›³	Golffahne, Golfplatz
â›¸	Eislauf, Schlittschuh
ğŸ£	Angel mit Fisch, Angeln, Entspannung
ğŸ½	Laufen, Laufshirt, SchÃ¤rpe, Sport
ğŸ¿	Ski, Ski und StÃ¶cke
ğŸ›·	Rodel, Schlitten
ğŸ¥Œ	Curlingstein, Fels, Spiel
ğŸ¯	Dart, Darts, Spiel, Volltreffer, Zielscheibe
ğŸ±	8-Ball, Billardkugel, Kugel, Spiel
ğŸ”®	Kristallkugel, Wahrsager
ğŸ§¿	GlÃ¼cksbringer, Nazar, Nazar-Amulett, Talisman
ğŸ®	Gamepad, Gaming, Videospiel
ğŸ•¹	Gaming, Joystick, Videospiel
ğŸ°	GlÃ¼cksspiel, Spiel, Spielautomat
ğŸ²	Spiel, SpielwÃ¼rfel, WÃ¼rfel
ğŸ§©	Puzzle, PuzzlestÃ¼ck, Puzzleteil
ğŸ§¸	Kuscheltier, PlÃ¼schteddy, PlÃ¼schtier, Spielzeug, TeddybÃ¤r
â™ 	Kartenspiel, Pik
â™¥	Herz, Kartenspiel
â™¦	Karo, Kartenspiel
â™£	Kartenspiel, Kreuz
â™Ÿ	Bauer Schach, Schach
ğŸƒ	Joker, Jokerkarte, Spielkarte
ğŸ€„	Mahjong, Mahjong-Stein, roter Drache
ğŸ´	Blume, Blumenkarte, Hanafuda, Japan, Karte, japanische Blumenkarte
ğŸ­	Kunst, Masken, Theater, Unterhaltung
ğŸ–¼	Bild, GemÃ¤lde, Kunst, Rahmen, Zeichnung, gerahmtes Bild, malen
ğŸ¨	Farben, Kunst, KÃ¼nstler, Mischpalette, Palette
ğŸ§µ	Faden, Nadel, NÃ¤hen, Zwirn
ğŸ§¶	HÃ¤keln, Stricken, Wolle, WollknÃ¤uel
ğŸ”‡	durchgestrichener Lautsprecher, stummgeschaltet
ğŸ”ˆ	Lautsprecher mit geringer LautstÃ¤rke, eingeschaltet
ğŸ”‰	Lautsprecher mit mittlerer LautstÃ¤rke, mittellaut
ğŸ”Š	Lautsprecher mit hoher LautstÃ¤rke, laut
ğŸ“¢	Lautsprecher
ğŸ“£	Jubel, Lautsprecher, Megafon
ğŸ“¯	Brief, E-Mail, Post, Posthorn
ğŸ””	Glocke, Ton eingeschaltet
ğŸ”•	Ton ausgeschaltet, durchgestrichene Glocke
ğŸ¼	Musik, Noten, NotenschlÃ¼ssel, Partitur, ViolinschlÃ¼ssel
ğŸµ	Musik, Musiknote, Note
ğŸ¶	Musik, Musiknoten, Noten
ğŸ™	Mikrofon, Studiomikrofon
ğŸš	Musik, Schieberegler
ğŸ›	BedienknÃ¶pfe, Drehregler, StellknÃ¶pfe
ğŸ¤	Karaoke, Mikrofon, Singen, Unterhaltung
ğŸ§	KopfhÃ¶rer, Musik, Unterhaltung
ğŸ“»	Musik, Radio
ğŸ·	Instrument, Musik, Musikinstrument, Saxofon
ğŸ¸	Gitarre, Instrument, Musik, Musikinstrument
ğŸ¹	Instrument, Klaviatur, Musik, Musikinstrument, Tastatur, Tasten
ğŸº	Instrument, Musik, Musikinstrument, Trompete
ğŸ»	Geige, Instrument, Musik, Musikinstrument
ğŸ¥	Trommel, TrommelstÃ¶cke
ğŸ“±	Handy, Mobiltelefon, Smartphone
ğŸ“²	Anruf, Mobiltelefon, Mobiltelefon mit Pfeil, Pfeil
â˜	Festnetz, Telefon
ğŸ“	HÃ¶rer, Telefon, TelefonhÃ¶rer, anrufen
ğŸ“Ÿ	Pager
ğŸ“ 	Fax, FaxgerÃ¤t
ğŸ”‹	Akku, Batterie
ğŸ”Œ	Stecker, Stromstecker
ğŸ’»	Computer, Laptop, Notebook, PC
ğŸ–¥	Bildschirm, Desktop, Desktopcomputer, Monitor
ğŸ–¨	Computer, Drucker
âŒ¨	Computer, Tastatur
ğŸ–±	Computer, Computermaus
ğŸ–²	Computer, Trackball
ğŸ’½	MD, Minidisc
ğŸ’¾	DatentrÃ¤ger, Diskette
ğŸ’¿	Blu-Ray, CD, DVD
ğŸ“€	CD, DVD
ğŸ§®	Abaki, Abakus, Abakusse, Rechenhilfe, Rechenschieber
ğŸ¥	Film, Filmkamera, Kino, Unterhaltung
ğŸ	Film, Filmband, Filmstreifen, Kino
ğŸ“½	Filmprojektor, Kino, Unterhaltung
ğŸ¬	Film, Filmklappe, Klappe, Unterhaltung
ğŸ“º	Fernseher, Film, TV
ğŸ“·	Fotoapparat, Fotos, Kamera
ğŸ“¸	Blitz, Fotoapparat, Fotoapparat mit Blitz
ğŸ“¹	Videokamera, Videos
ğŸ“¼	Video, Videokassette
ğŸ”	Lupe nach links, Suche, VergrÃ¶ÃŸerungsglas
ğŸ”	Lupe nach rechts, Suche, VergrÃ¶ÃŸerungsglas
ğŸ•¯	Kerze, Licht
ğŸ’¡	GlÃ¼hbirne, Idee, Licht
ğŸ”¦	Lampe, Licht, Taschenlampe
ğŸ®	Izakaya, japanisches Lokal, rote Papierlaterne
ğŸ“”	Einband, Notizbuch, Notizbuch mit dekorativem Einband
ğŸ“•	Buch, geschlossen, geschlossenes Buch
ğŸ“–	Buch, geÃ¶ffnet, offen, offenes Buch
ğŸ“—	Buch, grÃ¼n, grÃ¼nes Buch
ğŸ“˜	Buch, blau, blaues Buch
ğŸ“™	Buch, orangefarben, orangefarbenes Buch
ğŸ“š	BÃ¼cher, BÃ¼cherstapel
ğŸ““	Notizbuch, Notizen
ğŸ“’	Notizblock, Spiralblock
ğŸ“ƒ	Dokument, Papier, Seite, teilweise eingerolltes Blatt
ğŸ“œ	Papier, Schriftrolle
ğŸ“„	Dokument, Papier, Seite, Vorderseite eines Blattes
ğŸ“°	Nachrichten, Zeitung
ğŸ—	Zeitung, zusammengerollt, zusammengerollte Zeitung
ğŸ“‘	Notizen, Pagemarker
ğŸ”–	Lesen, Lesezeichen
ğŸ·	Etikett, Label, Marke
ğŸ’°	Geld, Geldsack, Sack
ğŸ’´	Geld, Geldschein, Yen, Yen-Banknote
ğŸ’µ	Dollar, Dollar-Banknote, Geld, Geldschein
ğŸ’¶	Euro, Euro-Banknote, Geld, Geldschein
ğŸ’·	Geld, Geldschein, Pfund, Pfund-Banknote
ğŸ’¸	Bank, Geld, Geldschein mit FlÃ¼geln
ğŸ’³	Guthaben, Karte, Kreditkarte
ğŸ§¾	Beleg, Belege, Buchhaltung, Rechnung, Rechnungslegung
ğŸ’¹	Diagramm, Markt, steigender Trend mit Yen-Zeichen
ğŸ’±	Geld, Geldwechsel, Wechsel, WÃ¤hrung
ğŸ’²	Dollar, Dollarzeichen, Geld, WÃ¤hrung
âœ‰	Brief, Briefumschlag, E-Mail
ğŸ“§	Brief, E-Mail, E-Mail-Symbol
ğŸ“¨	E-Mail, eingehender Briefumschlag, empfangen
ğŸ“©	E-Mail, Umschlag mit Pfeil, gesendet
ğŸ“¤	Ablage, Postausgang
ğŸ“¥	Ablage, Posteingang
ğŸ“¦	Paket, PÃ¤ckchen
ğŸ“«	Briefkasten, E-Mail, Post, geschlossen, geschlossener Briefkasten mit Post
ğŸ“ª	Briefkasten, Post, geschlossen, geschlossener Briefkasten ohne Post, keine E-Mail, keine Post
ğŸ“¬	Briefkasten, E-Mail, Post, offen, offener Briefkasten mit Post
ğŸ“­	Briefkasten, Post, keine E-Mail, keine Post, offen, offener Briefkasten ohne Post
ğŸ“®	Brief, Briefkasten
ğŸ—³	Urne, Urne mit Wahlzettel, Wahlzettel
âœ	Bleistift
âœ’	Federhalter, FÃ¼ller, Stift, schwarz, schwarzer Federhalter
ğŸ–‹	FÃ¼ller, FÃ¼llfedehalter, FÃ¼llhalter
ğŸ–Š	Kugelschreiber, Stift
ğŸ–Œ	Kunst, Pinsel, malen
ğŸ–	Buntstift, Wachsmalstift
ğŸ“	Bleistift, Kurzmitteilung, Nachricht, Papier, Papier und Bleistift
ğŸ’¼	Aktentasche, Tasche
ğŸ“	Dokument, Ordner, geschlossen
ğŸ“‚	Dokument, Ordner, geÃ¶ffneter Ordner, offen
ğŸ—‚	BÃ¼roausstattung, Karteibahnen, Karteikarten
ğŸ“…	Kalender, Kalenderblatt
ğŸ“†	AbreiÃŸkalender, Kalender
ğŸ—’	Block, Notizblock
ğŸ—“	Kalender, Spiralkalender
ğŸ“‡	Rotationskartei, Visitenkarten
ğŸ“ˆ	AufwÃ¤rtstrend, Diagramm, Kurve, steigend
ğŸ“‰	AbwÃ¤rtstrend, Diagramm, Kurve, fallend
ğŸ“Š	Balken, Balkendiagramm, Diagramm
ğŸ“‹	Clipboard, Klemmbrett, Zwischenablage
ğŸ“Œ	ReiÃŸzwecke, anpinnen
ğŸ“	ReiÃŸzwecke, Stecknadel, anpinnen, rund, runde ReiÃŸzwecke
ğŸ“	BÃ¼roklammer
ğŸ–‡	BÃ¼roklammer, BÃ¼roklammern, verhakt, verhakte BÃ¼roklammern
ğŸ“	Lineal
ğŸ“	Geodreieck, Lineal, dreieckiges Lineal
âœ‚	Schere
ğŸ—ƒ	BÃ¼roausstattung, Karteikasten
ğŸ—„	Ablage, Aktenschrank, Archiv
ğŸ—‘	Papierkorb
ğŸ”’	Datenschutz, Schloss, Sicherheit, geschlossen, geschlossenes Schloss
ğŸ”“	Schloss, nicht gesichert, offen, offenes Schloss
ğŸ”	Datenschutz, Schloss mit FÃ¼ller, Sicherheit, privat
ğŸ”	Datenschutz, Schloss mit SchlÃ¼ssel, Sicherheit, privat
ğŸ”‘	Passwort, SchlÃ¼ssel
ğŸ—	SchlÃ¼ssel, alt, alter SchlÃ¼ssel
ğŸ”¨	Hammer, Werkzeug
â›	Pickel, Werkzeug
âš’	Hammer, Hammer und Pickel, Pickel, Werkzeug
ğŸ› 	Hammer, Hammer und SchraubenschlÃ¼ssel, SchraubenschlÃ¼ssel, Werkzeug
ğŸ—¡	Dolch, Waffe
âš”	Schwerter, gekreuzt, gekreuzte Schwerter
ğŸ”«	Pistole, Revolver, Waffe
ğŸ¹	Bogen, Pfeil, Pfeil und Bogen
ğŸ›¡	Schild, Schutzschild
ğŸ”§	SchraubenschlÃ¼ssel, Werkzeug
ğŸ”©	Mutter und Schraube, Schraube
âš™	Werkzeug, Zahnrad
ğŸ—œ	Schraubzwinge, Werkzeug
âš–	Gerechtigkeit, Gewicht, Waage, Werkzeug, wiegen
ğŸ”—	Kettenglieder, VerknÃ¼pfungssymbol, zwei Ringe
â›“	Eisen, Kette, Ketten
ğŸ§°	Mechaniker, Werkzeug, Werkzeugkasten
ğŸ§²	Anziehungskraft, Magnet, magnetisch
âš—	Destillierapparat, Werkzeug
ğŸ§ª	Chemie, Experiment, Labor, Reagenzglas, Versuche
ğŸ§«	Bakterien, Bakterienkultur, Biologie, Petrischale
ğŸ§¬	Biologie, DNA, Evolution, Genetik, Leben
ğŸ”¬	Labor, Mikroskop
ğŸ”­	Teleskop
ğŸ“¡	Antenne, SatellitenschÃ¼ssel, SchÃ¼ssel
ğŸ’‰	Arzt, Injektion, Nadel, Spritze
ğŸ’Š	Arzt, Kapsel, Medizin, Tabletten
ğŸšª	Eingang, TÃ¼r, geschlossen
ğŸ›	Bett, Hotel, schlafen, Ãœbernachtung
ğŸ›‹	Lampe, Sofa, Sofa und Lampe
ğŸš½	Toilette, WC
ğŸš¿	Dusche
ğŸ›	Bad, Badewanne, Badezimmer
ğŸ§´	Creme, Feuchtigkeitscreme, KÃ¶rpercreme, Shampoo, Sonnencreme
ğŸ§·	Punk, Sicherheitsnadel, Windel
ğŸ§¹	Besen, Fegen, Hexe, Kehren
ğŸ§º	Korb, Picknick, WÃ¤sche
ğŸ§»	Klopapier, KÃ¼chenrolle, PapiertÃ¼cher, Toilettenpapier
ğŸ§¼	Baden, Seife, Seifenschale, sÃ¤ubern
ğŸ§½	Schwamm, absorbieren, aufsaugen, porÃ¶s
ğŸ§¯	Feuer, FeuerlÃ¶scher, lÃ¶schen
ğŸ›’	Einkaufswagen, einkaufen
ğŸš¬	Rauchen, Rauchersymbol, Zigarette
âš°	Beerdigung, Sarg, Tod, tot
âš±	Beerdigung, Tod, Urne, tot
ğŸ—¿	Gesicht, Maske, Statue
ğŸ§	ATM, Symbol â€Geldautomatâ€œ
ğŸš®	MÃ¼ll, Sauberkeit, Symbol â€Papierkorbâ€œ
ğŸš°	Trinkwasser, Wasser
â™¿	Symbol â€Rollstuhlâ€œ, barrierefrei, behindertengerecht
ğŸš¹	Herren, Herrentoilette
ğŸšº	Damen, Damentoilette
ğŸš»	Toilette, Toiletten, WC
ğŸš¼	Symbol â€Babyâ€œ, Wickelraum
ğŸš¾	Toilette, WC
ğŸ›‚	Pass, Passkontrolle
ğŸ›ƒ	Zoll, Zollkontrolle
ğŸ›„	GepÃ¤ck, GepÃ¤ckausgabe
ğŸ›…	GepÃ¤ck, GepÃ¤ckaufbewahrung, SchlieÃŸfach
âš 	Dreieck, Warnung
ğŸš¸	Kinder, Kinder Ã¼berqueren die StraÃŸe, Vorsicht
â›”	Zutritt verboten, keine Durchfahrt, verboten
ğŸš«	Verboten, Verbotszeichen
ğŸš³	FahrrÃ¤der verboten, Radfahren verboten
ğŸš­	Rauchen verboten, Rauchverbot
ğŸš¯	Abfall verboten, MÃ¼ll, verboten
ğŸš±	Kein Trinkwasser, Wasser, kein Trinkwasser, verboten
ğŸš·	FuÃŸgÃ¤nger verboten, verboten
ğŸ“µ	Mobiltelefon, Mobiltelefone verboten, Verbot
ğŸ”	Erwachsene, MinderjÃ¤hrige verboten, Mindestalter, nicht jugendfrei
â˜¢	Radioaktiv, radioaktiv
â˜£	BiogefÃ¤hrdung, Zeichen
â¬†	Pfeil, Pfeil nach oben, aufwÃ¤rts, nach oben
â†—	Pfeil, Pfeil nach rechts oben, nach rechts oben
â¡	Pfeil, Pfeil nach rechts, nach rechts
â†˜	Pfeil, Pfeil nach rechts unten, nach rechts unten
â¬‡	Pfeil, Pfeil nach unten, abwÃ¤rts, nach unten
â†™	Pfeil, Pfeil nach links unten, nach links unten
â¬…	Pfeil, Pfeil nach links, nach links
â†–	Pfeil, Pfeil nach links oben, nach links oben
â†•	Pfeil, Pfeil nach oben und unten, entgegengesetzt, nach oben und unten
â†”	Pfeil, Pfeil nach links und rechts, entgegengesetzt, nach links und rechts
â†©	Pfeil, geschwungen, geschwungener Pfeil nach links, links, nach links
â†ª	Pfeil, geschwungen, geschwungener Pfeil nach rechts, nach rechts, rechts
â¤´	Pfeil, geschwungen, geschwungener Pfeil nach oben, nach oben, oben
â¤µ	Pfeil, geschwungen, geschwungener Pfeil nach unten, nach unten, unten
ğŸ”ƒ	Pfeile, im Uhrzeigersinn, kreisfÃ¶rmige Pfeile im Uhrzeigersinn
ğŸ”„	Pfeile, gegen den Uhrzeigersinn, kreisfÃ¶rmige Pfeile gegen den Uhrzeigersinn
ğŸ”™	BACK-Pfeil, Pfeil, links, zurÃ¼ck
ğŸ”š	END-Pfeil, Pfeil, links
ğŸ”›	ON!-Pfeil, Pfeil, rechts und links
ğŸ”œ	Pfeil, SOON-Pfeil, rechts
ğŸ”	Pfeil nach oben, TOP-Pfeil
ğŸ›	KultstÃ¤tte, Religion
âš›	Atheist, Atom, Atomzeichen
ğŸ•‰	Hinduismus, Religion, om
âœ¡	Davidstern, Religion, jÃ¼disch
â˜¸	Buddhismus, Dharma, Dharma-Rad
â˜¯	Daoismus, Religion, Yang, Yin, Yin und Yang
âœ	Christentum, Kreuz, Religion, RÃ¶misch, rÃ¶misches Kreuz
â˜¦	Christentum, Kreuz, Orthodox, Religion, orthodoxes Kreuz
â˜ª	Hilal, Hilal und Stern, Islam, Religion, Stern
â˜®	Friedensbewegung, Friedenssymbol, Friedenszeichen
ğŸ•	Leuchter, Menora, Religion
ğŸ”¯	Hexagramm mit Punkt, Wahrsager
â™ˆ	Sternzeichen, Widder, Widder (Sternzeichen)
â™‰	Sternzeichen, Stier, Stier (Sternzeichen)
â™Š	Sternzeichen, Zwilling, Zwilling (Sternzeichen)
â™‹	Krebs, Krebs (Sternzeichen), Sternzeichen
â™Œ	LÃ¶we, LÃ¶we (Sternzeichen), Sternzeichen
â™	Jungfrau, Jungfrau (Sternzeichen), Sternzeichen
â™	Sternzeichen, Waage, Waage (Sternzeichen)
â™	Skorpion, Skorpion (Sternzeichen), Sternzeichen
â™	SchÃ¼tze, SchÃ¼tze (Sternzeichen), Sternzeichen
â™‘	Steinbock, Steinbock (Sternzeichen), Sternzeichen
â™’	Sternzeichen, Wassermann, Wassermann (Sternzeichen)
â™“	Fische, Fische (Sternzeichen), Sternzeichen
â›	SchlagentrÃ¤ger, SchlangentrÃ¤ger, Sternbild
ğŸ”€	Pfeile, Zufallsmodus, gekreuzt, verschlungene Pfeile nach rechts
ğŸ”	Pfeile, Wiederholen, im Uhrzeigersinn, wiederholen
ğŸ”‚	Einmal Wiederholen, Pfeile, Titel wiederholen, einmal, im Uhrzeigersinn, wiederholen
â–¶	Dreieck, Pfeil, Wiedergabe, abspielen, rechts
â©	Doppelpfeil, Doppelpfeile nach rechts, vorwÃ¤rts, weiter, Ã¼berspringen
â­	Doppelpfeil, Dreieck, NÃ¤chster Titel, nÃ¤chster Titel, vorwÃ¤rts, weiter
â¯	Dreieck, Pause, Pfeil, Wiedergabe, Wiedergabe oder Pause, rechts
â—€	Dreieck, Pfeil, Pfeil zurÃ¼ck, links, zurÃ¼ck
âª	Doppelpfeil, Doppelpfeile nach links, Dreieck, Pfeil, ZurÃ¼ckspulen, vorheriger Titel, zurÃ¼ck
â®	Doppelpfeil, Dreieck, Pfeil, Vorheriger Titel, vorheriger Titel, zurÃ¼ck
ğŸ”¼	AufwÃ¤rts-SchaltflÃ¤che, Pfeil, SchaltflÃ¤che, aufwÃ¤rts, nach oben
â«	Doppelpfeil, Doppelpfeile nach oben, Pfeil, aufwÃ¤rts, doppelt, nach oben
ğŸ”½	AbwÃ¤rts-SchaltflÃ¤che, Pfeil, SchaltflÃ¤che, abwÃ¤rts, nach unten
â¬	Doppelpfeil, Doppelpfeile nach unten, Pfeil, doppelt abwÃ¤rts, nach unten
â¸	Pause, Streifen, vertikal
â¹	Aufnahme stoppen, Quadrat, Stopp
âº	Aufnahme, Aufnehmen, Kreis, aufnehmen
â	Auswerfen, Auswurf, Auswurftaste, Medien, auswerfen
ğŸ¦	Film, Filmkamera, Kino, Kinosymbol, Unterhaltung
ğŸ”…	Helligkeit, Taste Dimmen, dimmen, gedimmt, schwache Helligkeit
ğŸ”†	Helligkeit, Starke Helligkeit, Taste Heller
ğŸ“¶	Empfang, Mobilfunksignal, Mobiltelefon, SignalstÃ¤rke, balkenfÃ¶rmige SignalstÃ¤rkenanzeige
ğŸ“³	Mobiltelefon, Vibration, Vibrationsmodus
ğŸ“´	Handy aus, Mobiltelefon, Mobiltelefon aus, ausschalten
â™€	Frau, Frauensymbol, Zeichen, weiblich
â™‚	Mann, MÃ¤nnersymbol, Symbol, Zeichen
âš•	Apotheke, Asklepiosstab, Medizin, Ã„skulapstab
â™¾	Unendlichkeit, fÃ¼r immer, grenzenlos, unendlich
â™»	Recycling, Recycling-Symbol
âšœ	Fleur-de-Lis, Lilie
ğŸ”±	Anker, Dreizack, Triton
ğŸ“›	Namensschild, Schild
ğŸ”°	AnfÃ¤nger, japanisches AnfÃ¤nger-Zeichen, japanisches Symbol
â­•	Kreis, groÃŸer Kreis, o, rot
âœ…	abgehakt, erledigt, weiÃŸes HÃ¤kchen
â˜‘	Abstimmungsfeld, Abstimmungsfeld mit HÃ¤kchen, HÃ¤kchen, Wahlurne
âœ”	HÃ¤kchen, abhaken, erledigt, krÃ¤ftiges HÃ¤kchen
âœ–	Multiplikation, Multiplikationszeichen, abbrechen, multiplizieren, x
âŒ	Kreuzzeichen, Multiplikation, abbrechen, durchgestrichen, multiplizieren, x
â	Kreuz, Kreuzsymbol im Quadrat, X
â•	Plus, Pluszeichen
â–	Minus, Minuszeichen
â—	Divisionszeichen, geteilt
â°	Schleife
â¿	Doppelschleife, Rechteck, Schleife
ã€½	Teilalternationszeichen, Zeichensetzung, japanisch
âœ³	Achtzackiger Stern, Quadrat, Stern, achtzackig, grÃ¼n
âœ´	Stern, Stern mit acht Zacken
â‡	Funkeln
â€¼	Ausrufezeichen, Satzzeichen, doppelt, doppeltes Ausrufezeichen, rot
â‰	Ausrufe- und Fragezeichen, Ausrufezeichen, Fragezeichen, Satzzeichen, rot
â“	Fragezeichen, Rotes Fragezeichen, Satzzeichen, rot
â”	Satzzeichen, weiÃŸ, weiÃŸes Fragezeichen
â•	Satzzeichen, weiÃŸ, weiÃŸes Ausrufezeichen
â—	Ausrufezeichen, Rotes Ausrufezeichen, Satzzeichen, rot
ã€°	Linie, Wellenlinie, gewellt
Â©	C, Copyright
Â®	Markenzeichen, R, Registered-Trademark
â„¢	Markenzeichen, TM, Trademark
ğŸ’¯	100, 100 Punkte, Punktestand, volle Punktzahl
ğŸ” 	Eingabesymbol lateinische GroÃŸbuchstaben, GroÃŸbuchstaben, lateinische GroÃŸbuchstaben
ğŸ”¡	Eingabesymbol lateinische Kleinbuchstaben, Kleinbuchstaben, lateinische Kleinbuchstaben
ğŸ”¢	Eingabesymbol Zahlen, Zahlen
ğŸ”£	Eingabesymbol Sonderzeichen, Sonderzeichen
ğŸ”¤	Buchstaben, Eingabesymbol lateinische Buchstaben, lateinische Buchstaben
ğŸ…°	Blut, Blutgruppe, GroÃŸbuchstabe A in rotem Quadrat, a, negativ, positiv
ğŸ†	Blut, Blutgruppe, GroÃŸbuchstaben AB in rotem Quadrat, ab, negativ, positiv
ğŸ…±	Blut, Blutgruppe, GroÃŸbuchstabe B in rotem Quadrat, b, negativ, positiv
ğŸ†‘	CL, GroÃŸbuchstaben CL in rotem Quadrat
ğŸ†’	Cool, Wort â€Coolâ€œ in blauem Quadrat
ğŸ†“	Free, Wort â€Freeâ€œ in blauem Quadrat
â„¹	Buchstabe â€iâ€œ in blauem Quadrat, Information, i
ğŸ†”	GroÃŸbuchstaben ID in lila Quadrat, ID
â“‚	Buchstabe â€Mâ€œ in Kreis, Kreis, M
ğŸ†•	Neu, New, Wort â€Newâ€œ in blauem Quadrat
ğŸ†–	GroÃŸbuchstaben NG in blauem Quadrat, NG
ğŸ…¾	0, Blut, Blutgruppe, GroÃŸbuchstabe O in rotem Quadrat, negativ, positiv
ğŸ†—	GroÃŸbuchstaben OK in blauem Quadrat, OK
ğŸ…¿	GroÃŸbuchstabe P in blauem Quadrat, Parkplatz, Quadrat
ğŸ†˜	Hilfe, SOS, SOS-Zeichen
ğŸ†™	Quadrat, Schriftzug, Schriftzug â€UP!â€œ im blauen Quadrat, blau, â€Upâ€œ
ğŸ†š	GroÃŸbuchstaben VS in orangefarbenem Quadrat, VS, versus
ğŸˆ	Schriftzeichen â€kokoâ€œ, japanisches Schriftzeichen, â€kokoâ€œ
ğŸˆ‚	Schriftzeichen â€saâ€œ, japanisches Schriftzeichen, â€saâ€œ
ğŸˆ·	Schriftzeichen fÃ¼r â€Monatsbetragâ€œ, japanisches Schriftzeichen
ğŸˆ¶	Schriftzeichen fÃ¼r â€nicht gratisâ€œ, japanisches Schriftzeichen, nicht gratis
ğŸˆ¯	Schriftzeichen fÃ¼r â€reserviertâ€œ, japanisches Schriftzeichen, reserviert
ğŸ‰	SchnÃ¤ppchen, Schriftzeichen fÃ¼r â€SchnÃ¤ppchenâ€œ, japanisches Schriftzeichen
ğŸˆ¹	Rabatt, Schriftzeichen fÃ¼r â€Rabattâ€œ, japanisches Schriftzeichen
ğŸˆš	Schriftzeichen fÃ¼r â€gratisâ€œ, gratis, japanisches Schriftzeichen
ğŸˆ²	Schriftzeichen fÃ¼r â€verbietenâ€œ, japanisches Schriftzeichen, verbieten
ğŸ‰‘	Schriftzeichen fÃ¼r â€akzeptierenâ€œ, akzeptieren, japanisches Schriftzeichen
ğŸˆ¸	Schriftzeichen fÃ¼r â€anwendenâ€œ, anwenden, japanisches Schriftzeichen
ğŸˆ´	Schriftzeichen fÃ¼r â€Note zum Bestehenâ€œ, bestehen, japanisches Schriftzeichen
ğŸˆ³	Schriftzeichen fÃ¼r â€Zimmer freiâ€œ, Zimmer frei, japanisches Schriftzeichen
ãŠ—	Gratulation, Schriftzeichen fÃ¼r â€Gratulationâ€œ, japanisches Schriftzeichen
ãŠ™	Geheimnis, Schriftzeichen fÃ¼r â€Geheimnisâ€œ, japanisches Schriftzeichen
ğŸˆº	Schriftzeichen fÃ¼r â€GeÃ¶ffnetâ€œ, geÃ¶ffnet, japanisches Schriftzeichen
ğŸˆµ	Schriftzeichen fÃ¼r â€Kein Zimmer freiâ€œ, japanisches Schriftzeichen, kein Zimmer frei
ğŸ”´	Ball, Kreis, rot, roter Kreis
ğŸ”µ	Ball, Kreis, blau, blauer Kreis
âšª	Ball, Kreis, weiÃŸ, weiÃŸer Kreis
âš«	Ball, Kreis, schwarz, schwarzer Kreis
â¬œ	Quadrat, groÃŸes weiÃŸes Quadrat, weiÃŸ
â¬›	Quadrat, groÃŸes schwarzes Quadrat, schwarz
â—¼	Quadrat, mittelgroÃŸes schwarzes Quadrat, schwarz
â—»	Quadrat, mittelgroÃŸes weiÃŸes Quadrat, weiÃŸ
â—½	Quadrat, mittelkleines weiÃŸes Quadrat, weiÃŸ
â—¾	Quadrat, mittelkleines schwarzes Quadrat, schwarz
â–«	Quadrat, kleines weiÃŸes Quadrat, weiÃŸ
â–ª	Quadrat, kleines schwarzes Quadrat, schwarz
ğŸ”¶	Raute, groÃŸe orangefarbene Raute, orangefarben
ğŸ”·	Raute, blau, groÃŸe blaue Raute
ğŸ”¸	Raute, kleine orangefarbene Raute, orangefarben
ğŸ”¹	Raute, blau, kleine blaue Raute
ğŸ”º	Dreieck, aufwÃ¤rts, rot, rotes Dreieck mit der Spitze nach oben
ğŸ”»	Dreieck, abwÃ¤rts, rot, rotes Dreieck mit der Spitze nach unten
ğŸ’ 	Diamant, Rautenform, Rautenform mit Punkt, mit Punkt
ğŸ”˜	Optionsfeld, SchaltflÃ¤che
ğŸ”²	SchaltflÃ¤che, quadratisch, schwarz, schwarze quadratische SchaltflÃ¤che
ğŸ”³	SchaltflÃ¤che, quadratisch, weiÃŸ, weiÃŸe quadratische SchaltflÃ¤che
ğŸ	Rennen, Sport, Zielflagge, karierte Flagge
ğŸš©	Dreiecksflagge, Flagge, rot
ğŸŒ	Japan, japanische Flaggen, Ã¼berkreuzte Flaggen
ğŸ´	Fahne, schwarze Fahne, schwarze Flagge, wehen
ğŸ³	Fahne, wehen, weiÃŸe Fahne, weiÃŸe Flagge
ğŸ³â€ğŸŒˆ	Fahne, Regenbogen, Regenbogenflagge, bunt
ğŸ´â€â˜ 	Jolly Roger, Pirat, Piratenfahne, Piratenflagge, Schatz
