ğŸ¦¶ğŸ»	Fuss, Fuss: helle Hautfarbe, helle Hautfarbe
ğŸ¦¶ğŸ¼	Fuss, Fuss: mittelhelle Hautfarbe, mittelhelle Hautfarbe
ğŸ¦¶ğŸ½	Fuss, Fuss: mittlere Hautfarbe, mittlere Hautfarbe
ğŸ¦¶ğŸ¾	Fuss, Fuss: mitteldunkle Hautfarbe, mitteldunkle Hautfarbe
ğŸ¦¶ğŸ¿	Fuss, Fuss: dunkle Hautfarbe, dunkle Hautfarbe
ğŸ‘¨â€ğŸ¦³	Mann, Mann: weisses Haar, weisses Haar
ğŸ‘¨ğŸ»â€ğŸ¦³	Mann, Mann: helle Hautfarbe, weisses Haar, helle Hautfarbe, weisses Haar
ğŸ‘¨ğŸ¼â€ğŸ¦³	Mann, Mann: mittelhelle Hautfarbe, weisses Haar, mittelhelle Hautfarbe, weisses Haar
ğŸ‘¨ğŸ½â€ğŸ¦³	Mann, Mann: mittlere Hautfarbe, weisses Haar, mittlere Hautfarbe, weisses Haar
ğŸ‘¨ğŸ¾â€ğŸ¦³	Mann, Mann: mitteldunkle Hautfarbe, weisses Haar, mitteldunkle Hautfarbe, weisses Haar
ğŸ‘¨ğŸ¿â€ğŸ¦³	Mann, Mann: dunkle Hautfarbe, weisses Haar, dunkle Hautfarbe, weisses Haar
ğŸ‘©â€ğŸ¦³	Frau, Frau: weisses Haar, weisses Haar
ğŸ‘©ğŸ»â€ğŸ¦³	Frau, Frau: helle Hautfarbe, weisses Haar, helle Hautfarbe, weisses Haar
ğŸ‘©ğŸ¼â€ğŸ¦³	Frau, Frau: mittelhelle Hautfarbe, weisses Haar, mittelhelle Hautfarbe, weisses Haar
ğŸ‘©ğŸ½â€ğŸ¦³	Frau, Frau: mittlere Hautfarbe, weisses Haar, mittlere Hautfarbe, weisses Haar
ğŸ‘©ğŸ¾â€ğŸ¦³	Frau, Frau: mitteldunkle Hautfarbe, weisses Haar, mitteldunkle Hautfarbe, weisses Haar
ğŸ‘©ğŸ¿â€ğŸ¦³	Frau, Frau: dunkle Hautfarbe, weisses Haar, dunkle Hautfarbe, weisses Haar
ğŸš¶ğŸ»	FussgÃ¤nger(in), FussgÃ¤nger(in): helle Hautfarbe, gehen, gehend, helle Hautfarbe, wandern
ğŸš¶ğŸ¼	FussgÃ¤nger(in), FussgÃ¤nger(in): mittelhelle Hautfarbe, gehen, gehend, mittelhelle Hautfarbe, wandern
ğŸš¶ğŸ½	FussgÃ¤nger(in), FussgÃ¤nger(in): mittlere Hautfarbe, gehen, gehend, mittlere Hautfarbe, wandern
ğŸš¶ğŸ¾	FussgÃ¤nger(in), FussgÃ¤nger(in): mitteldunkle Hautfarbe, gehen, gehend, mitteldunkle Hautfarbe, wandern
ğŸš¶ğŸ¿	FussgÃ¤nger(in), FussgÃ¤nger(in): dunkle Hautfarbe, dunkle Hautfarbe, gehen, gehend, wandern
ğŸš¶ğŸ»â€â™‚	FussgÃ¤nger, FussgÃ¤nger: helle Hautfarbe, Mann, Spaziergang, gehen, helle Hautfarbe
ğŸš¶ğŸ¼â€â™‚	FussgÃ¤nger, FussgÃ¤nger: mittelhelle Hautfarbe, Mann, Spaziergang, gehen, mittelhelle Hautfarbe
ğŸš¶ğŸ½â€â™‚	FussgÃ¤nger, FussgÃ¤nger: mittlere Hautfarbe, Mann, Spaziergang, gehen, mittlere Hautfarbe
ğŸš¶ğŸ¾â€â™‚	FussgÃ¤nger, FussgÃ¤nger: mitteldunkle Hautfarbe, Mann, Spaziergang, gehen, mitteldunkle Hautfarbe
ğŸš¶ğŸ¿â€â™‚	FussgÃ¤nger, FussgÃ¤nger: dunkle Hautfarbe, Mann, Spaziergang, dunkle Hautfarbe, gehen
ğŸš¶ğŸ»â€â™€	Frau, FussgÃ¤ngerin, FussgÃ¤ngerin: helle Hautfarbe, Spaziergang, gehen, helle Hautfarbe
ğŸš¶ğŸ¼â€â™€	Frau, FussgÃ¤ngerin, FussgÃ¤ngerin: mittelhelle Hautfarbe, Spaziergang, gehen, mittelhelle Hautfarbe
ğŸš¶ğŸ½â€â™€	Frau, FussgÃ¤ngerin, FussgÃ¤ngerin: mittlere Hautfarbe, Spaziergang, gehen, mittlere Hautfarbe
ğŸš¶ğŸ¾â€â™€	Frau, FussgÃ¤ngerin, FussgÃ¤ngerin: mitteldunkle Hautfarbe, Spaziergang, gehen, mitteldunkle Hautfarbe
ğŸš¶ğŸ¿â€â™€	Frau, FussgÃ¤ngerin, FussgÃ¤ngerin: dunkle Hautfarbe, Spaziergang, dunkle Hautfarbe, gehen
ğŸ––ğŸ»	Finger, Hand, Spock, Vulkanier(in), Vulkanischer Gruss, Vulkanischer Gruss: helle Hautfarbe, helle Hautfarbe, vulkanisch
ğŸ––ğŸ¼	Finger, Hand, Spock, Vulkanier(in), Vulkanischer Gruss, Vulkanischer Gruss: mittelhelle Hautfarbe, mittelhelle Hautfarbe, vulkanisch
ğŸ––ğŸ½	Finger, Hand, Spock, Vulkanier(in), Vulkanischer Gruss, Vulkanischer Gruss: mittlere Hautfarbe, mittlere Hautfarbe, vulkanisch
ğŸ––ğŸ¾	Finger, Hand, Spock, Vulkanier(in), Vulkanischer Gruss, Vulkanischer Gruss: mitteldunkle Hautfarbe, mitteldunkle Hautfarbe, vulkanisch
ğŸ––ğŸ¿	Finger, Hand, Spock, Vulkanier(in), Vulkanischer Gruss, Vulkanischer Gruss: dunkle Hautfarbe, dunkle Hautfarbe, vulkanisch
ğŸ¤˜ğŸ»	Finger, Hand, HÃ¶rner, Rock, Teufel, Teufelsgruss, Teufelsgruss: helle Hautfarbe, helle Hautfarbe
ğŸ¤˜ğŸ¼	Finger, Hand, HÃ¶rner, Rock, Teufel, Teufelsgruss, Teufelsgruss: mittelhelle Hautfarbe, mittelhelle Hautfarbe
ğŸ¤˜ğŸ½	Finger, Hand, HÃ¶rner, Rock, Teufel, Teufelsgruss, Teufelsgruss: mittlere Hautfarbe, mittlere Hautfarbe
ğŸ¤˜ğŸ¾	Finger, Hand, HÃ¶rner, Rock, Teufel, Teufelsgruss, Teufelsgruss: mitteldunkle Hautfarbe, mitteldunkle Hautfarbe
ğŸ¤˜ğŸ¿	Finger, Hand, HÃ¶rner, Rock, Teufel, Teufelsgruss, Teufelsgruss: dunkle Hautfarbe, dunkle Hautfarbe
ğŸ‡§ğŸ‡³	Flagge: Brunei
ğŸ‡§ğŸ‡¼	Flagge: Botswana
ğŸ‡§ğŸ‡¾	Flagge: Weissrussland
ğŸ‡¨ğŸ‡»	Flagge: Kapverden
ğŸ‡¬ğŸ‡§	Flagge: Grossbritannien
ğŸ‡¸ğŸ‡§	Flagge: Salomon-Inseln
ğŸ‡¹ğŸ‡±	Flagge: Osttimor
ğŸ‡¿ğŸ‡¼	Flagge: Zimbabwe
