🏻	fitzpatrick, ανοιχτόχρωμος τόνος δέρματος, τόνος δέρματος, τύπου 1–2
🏼	fitzpatrick, μεσαίος-ανοιχτόχρωμος τόνος δέρματος, τόνος δέρματος, τύπου 3
🏽	fitzpatrick, μεσαίος τόνος δέρματος, τόνος δέρματος, τύπου 4
🏾	fitzpatrick, μεσαίος-σκούρος τόνος δέρματος, τόνος δέρματος, τύπου 5
🏿	fitzpatrick, σκούρος τόνος δέρματος, τόνος δέρματος, τύπου 6
😀	πλατύ χαμόγελο, πρόσωπο, σαρκασμός
😁	μάτι, περιχαρές πρόσωπο με γελαστά μάτια, πρόσωπο, σαρκασμός, χαμόγελο
😂	γέλιο, δάκρυ, κλαίω από χαρά, πρόσωπο, χαρά
🤣	γέλιο, δυνατό γέλιο, ξεκάρδισμα, ξεκαρδίζομαι, πρόσωπο
😃	ανοιχτό, πλατύ χαμόγελο με μεγάλα μάτια, πρόσωπο, στόμα, χαμόγελο
😄	ανοιχτό, μάτι, πλατύ χαμόγελο με γελαστά μάτια, πρόσωπο, στόμα, χαμόγελο
😅	ανοιχτό, ιδρώτας, κρύος, πλατύ χαμόγελο και κρύος ιδρώτας, πρόσωπο, χαμόγελο
😆	ανοιχτό, γέλιο, ικανοποίηση, πλατύ χαμόγελο με κλειστά μάτια, πρόσωπο, στόμα, χαμόγελο
😉	κλείνω το μάτι, κλείσιμο ματιού, πρόσωπο
😊	κοκκινίζω, μάτι, πρόσωπο, χαμογελαστό πρόσωπο με γελαστά μάτια, χαμόγελο
😋	απολαμβάνω πεντανόστιμο φαγητό, απόλαυση, γιαμ, μιαμ, νόστιμο, πρόσωπο, χαμόγελο
😎	ήλιος, γυαλιά, γυαλιά ηλίου, καιρός, μάτι, οπτικά, πρόσωπο, στυλάτος, φωτεινός, χαμογελαστό πρόσωπο με γυαλιά ηλίου, χαμόγελο
😍	αγάπη, καρδιά, μάτι, πρόσωπο, χαμογελαστό πρόσωπο με μάτια καρδούλες, χαμόγελο
😘	καρδιά, πρόσωπο, στέλνω φιλί, φιλί
🥰	ερωτευμένος, καψούρα, λατρεύω, χαμογελαστό προσωπάκι με 3 καρδούλες
😗	πρόσωπο, φιλί, φιλώ
😙	μάτι, πρόσωπο, φιλί, φιλώ με γελαστά μάτια, χαμόγελο
😚	κλειστό, μάτι, πρόσωπο, φιλί, φιλώ με κλειστά μάτια
☺	πρόσωπο, σκιαγράφημα, χαλαρό, χαμογελαστό πρόσωπο, χαμόγελο
🙂	ελαφρώς χαμογελαστό πρόσωπο, πρόσωπο, χαμόγελο
🤗	αγκαλιά, αγκαλιάζω, πρόσωπο
🤩	αστέρι, βλέπω αστεράκια, γκριμάτσα, μάτια, πρόσωπο
🤔	πρόσωπο, σκέφτομαι, σκεπτόμενος
🤨	δύσπιστος, πρόσωπο με σηκωμένο φρύδι, σκεπτικός
😐	ανέκφραστο, ουδέτερο, ουδέτερο πρόσωπο, πρόσωπο
😑	ανέκφραστο, ανέκφραστο πρόσωπο, πρόσωπο, χωρίς έκφραση
😶	ήσυχος, πρόσωπο, πρόσωπο χωρίς στόμα, σιωπηλός, στόμα
🙄	αναποδογυριστά, βλέμμα αποδοκιμασίας, μάτια, πρόσωπο
😏	μειδίαμα, πρόσωπο
😣	βλέμμα απόγνωσης, επιμένω, πρόσωπο
😥	ανακουφισμένος, απογοητευμένο αλλά  ανακουφισμένο πρόσωπο, απογοητευμένος, πρόσωπο, φιου
😮	ανοικτό στόμα, ανοιχτό, πρόσωπο, στόμα, συμπόνια
🤐	ερμητικά κλειστό στόμα, πρόσωπο, στόμα, φερμουάρ
😯	άφωνος, έκπληκτο βλέμμα, έκπληκτος, πρόσωπο, συγκλονισμένος
😪	νυσταγμένο πρόσωπο, πρόσωπο, ύπνος
😫	κουρασμένο πρόσωπο, κουρασμένος, πρόσωπο
😴	zzz, πρόσωπο, ύπνος
😌	ανακουφισμένος, ανακούφιση, πρόσωπο
😛	γλώσσα, γλώσσα έξω, πρόσωπο
😜	αστειεύομαι, γλώσσα, γλώσσα έξω με κλειστό μάτι, κλείνω το μάτι, μάτι, πρόσωπο
😝	απαίσιος, γεύση, γλώσσα, γλώσσα έξω με κλειστά μάτια, μάτι, πρόσωπο
🤤	πρόσωπο, σάλια, σαλιαρίζω
😒	δυσαρέσκεια, δυσαρεστημένος, πρόσωπο
😓	ιδρώτας, κρύος, κρύος ιδρώτας, πρόσωπο
😔	αποκαρδιωμένος, περισυλλογή, πρόσωπο, στοχαστικός
😕	πρόσωπο, στοχαστικός, σύγχυση
🙃	ανάποδο, αναποδογυρισμένο πρόσωπο, πρόσωπο
🤑	γλώσσα με λεφτά, πρόσωπο, στόμα, χρήματα
😲	έκπληκτος, εντελώς, ξάφνιασμα, ξαφνιασμένος, πρόσωπο
☹	κατσουφιασμένος, κατσούφιασμα, πρόσωπο
🙁	ελαφρύ κατσούφιασμα, κατσουφιασμένος, πρόσωπο
😖	πρόσωπο, σάστισμα, σαστισμένος
😞	απογοήτευση, απογοητευμένος, πρόσωπο
😟	ανήσυχος, ανησυχία, πρόσωπο
😤	θρίαμβος, καπνοί από τη μύτη, καπνοί από τη μύτη, νικητής, πρόσωπο
😢	δάκρυ, κλάμα, πρόσωπο, στεναχωρημένος
😭	γοερό κλάμα, δάκρυ, κλάμα, λυγμός, πρόσωπο, στεναχωρημένος
😦	ανοιχτό, κατσούφιασμα, κατσούφιασμα με ανοικτό στόμα, πρόσωπο, στόμα
😧	αγωνία, αγωνιώδης, πρόσωπο
😨	πρόσωπο, τρομαγμένος, φοβισμένος, φόβος
😩	εξάντληση, εξαντλημένος, κουρασμένος, πρόσωπο
🤯	κεφάλι που εκρήγνυται, σοκαρισμένος
😬	γκριμάτσα, πρόσωπο
😰	ανοικτό στόμα και κρύος ιδρώτας, ανοιχτό, ιδρώτας, κρύος, μπλε, ξαφνικός, πρόσωπο, στόμα
😱	ανοιχτό στόμα, ουρλιαχτό, ουρλιαχτό φόβου, πρόσωπο, τρομαγμένος, φοβισμένος, φόβος
🥵	ζεστό προσωπάκι, θερμοπληξία, πυρετός
🥶	κρυοπάγημα, κρυώνω, κρύο, παγώνω
😳	κοκκινισμένο πρόσωπο, κοκκινισμένος, πρόσωπο, σαστισμένος
🤪	μάτι, μεγάλο, μικρό, τρελή φάτσα
😵	ζαλάδα, ζαλισμένος, πρόσωπο
😡	θυμωμένος, κόκκινος, μορφασμός, οργή, οργισμένος, πρόσωπο
😠	θυμωμένος, θυμός, οργισμένος, πρόσωπο
🤬	βρίσιμο, πρόσωπο με σύμβολα στο στόμα
😷	άρρωστος, γιατρός, ιατρική μάσκα, κρύωμα, μάσκα, πρόσωπο, φάρμακο
🤒	άρρωστος, ασθενής, θερμόμετρο, πρόσωπο, πρόσωπο με θερμόμετρο
🤕	επίδεσμος, επίδεσμος στο κεφάλι, πρόσωπο, τραύμα, χτυπημένος
🤢	ανακατεύομαι, εμετός, ναυτία, πρόσωπο
🤮	εμετός, πρόσωπο που κάνει εμετό
🤧	πρόσωπο, υγεία, φτάρνισμα, φταρνίζομαι
😇	άγγελος, αθώος, παραμύθι, πρόσωπο, φαντασία, φωτοστέφανο, χαμογελαστό πρόσωπο με φωτοστέφανο, χαμόγελο
🤠	καουμπόης, καουμπόης με καπέλο, καουμπόισσα, καπέλο, πρόσωπο
🥳	γιορτή, καπέλο, κόρνα, πάρτι, προσωπάκι πάρτι
🥴	ζαλισμένο προσωπάκι, ζαλισμένος, μεθυσμένος, πιωμένος, ψιλομεθυσμένος
🥺	έλεος, βλέμμα κουταβιού, ζητιανιά, προσωπάκι παρακαλετό
🤥	πινόκιο, πρόσωπο, φάτσα ψεύτη, ψέμα
🤫	ησυχία, πρόσωπο που κάνει σσσς
🤭	πρόσωπο με χέρι στο στόμα, ωχ
🧐	ξενέρωτος, πρόσωπο με μονόκλ
🤓	πρόσωπο, σπασίκλας, φυτό
😈	κέρατα, παραμύθι, πρόσωπο, φαντασία, χαμόγελο, χαμόγελο με κέρατα
👿	δαίμονας, διάβολος, παραμύθι, πρόσωπο, φαντασία
🤡	αστεία φάτσα, κλόουν, πρόσωπο
👹	ιαπωνικό, παραμύθι, πλάσμα, πρόσωπο, τέρας, φαντασία
👺	ιαπωνικό, καλικάντζαρος, παραμύθι, πλάσμα, πρόσωπο, τέρας, φαντασία
💀	θάνατος, κρανίο, παραμύθι, πρόσωπο, σώμα, τέρας
☠	θάνατος, κρανίο με κόκκαλα, νεκροκεφαλή, οστά χιαστί, πρόσωπο, σώμα, τέρας
👻	παραμύθι, πλάσμα, πρόσωπο, τέρας, φάντασμα, φαντασία
👽	διάστημα, εξωγήινος, ούφο, παραμύθι, πλάσμα, πρόσωπο, τέρας, φαντασία
👾	διάστημα, εξωγήινο τέρας, εξωγήινος, ούφο, παραμύθι, πλάσμα, πρόσωπο, τέρας, φαντασία
🤖	πρόσωπο, ρομπότ, τέρας
💩	κακά, κοπριά, κόμικ, κόπρανα, περιττώματα, πρόσωπο, τέρας
😺	ανοιχτό, γάτα, γάτα με πλατύ χαμόγελο, πρόσωπο, στόμα, χαμόγελο
😸	γάτα, γάτα με πλατύ χαμόγελο και γελαστά μάτια, μάτι, πλατύ χαμόγελο, πρόσωπο, χαμόγελο
😹	γάτα, γάτα που κλαίει από χαρά, δάκρυ, πρόσωπο, χαρά
😻	αγάπη, γάτα, γάτα που χαμογελάει με μάτια καρδούλες, καρδιά, μάτι, πρόσωπο, χαμόγελο
😼	γάτα, γάτα που χαμογελάει ειρωνικά, ειρωνικός, καυστικός, πρόσωπο, χαμόγελο
😽	γάτα, γάτα που φιλάει με κλειστά μάτια, μάτι, πρόσωπο, φιλί
🙀	έκπληκτη γάτα, έκπληκτος, γάτα, κουρασμένος, πρόσωπο
😿	γάτα, γάτα που κλαίει, δάκρυ, θλιμμένος, κλαίω, πρόσωπο
😾	γάτα, θυμωμένη γάτα, μομφασμός, πρόσωπο
🙈	απαγορευμένος, απαγορεύεται, βλέπω, δεν, διαβολικός, κάνω πως δεν βλέπω, κίνηση, μαϊμού, πρόσωπο, όχι
🙉	ακούω, απαγορευμένος, απαγορεύεται, δεν, διαβολικός, κάνω πως δεν ακούω, κίνηση, μαϊμού, πρόσωπο, όχι
🙊	απαγορευμένος, απαγορεύεται, δεν, διαβολικός, κάνω πως δεν μιλώ, κίνηση, μαϊμού, μιλάω, πρόσωπο, όχι
👶	μωρό
🧒	άφυλος, νέος, παιδί
👦	αγόρι
👧	ζώδιο, κορίτσι, νεαρή, παρθένος
🧑	άφυλος, ενήλικας
👱	ξανθός, ξανθός άνθρωπος
👨	άντρας
👱‍♂	άντρας, ξανθός
🧔	άτομο με μούσι, μούσι
👩	γυναίκα, κορίτσι
👱‍♀	γυναίκα, ξανθιά
🧓	άφυλος, ηλικιωμένος, μεγαλύτερος ενήλικας
👴	άνδρας, γέρος
👵	γριά, γυναίκα
👨‍⚕	γιατρός, εργαζόμενος στην υγεία, νοσηλευτής, νοσοκόμος, υγεία
👩‍⚕	γιατρός, εργαζόμενη στην υγεία, νοσηλεύτρια, νοσοκόμα, υγεία
👨‍🎓	άντρας, απόφοιτος, φοιτητής
👩‍🎓	απόφοιτη, γυναίκα, φοιτήτρια
👨‍🏫	άντρας, δάσκαλος, εκπαίδευση, καθηγητής
👩‍🏫	γυναίκα, δασκάλα, εκπαίδευση, καθηγήτρια
👨‍⚖	άντρας, άντρας δικαστής, δικαστήριο, δικαστής, νομική
👩‍⚖	γυναίκα, γυναίκα δικαστής, δικαστήριο, δικαστής, νομική
👨‍🌾	άντρας, αγρότης, κήπος, καλλιέργεια, κηπουρός
👩‍🌾	αγρότισσα, γυναίκα, κήπος, καλλιέργεια, κηπουρός
👨‍🍳	άντρας, μάγειρας, μαγειρική, σεφ
👩‍🍳	γυναίκα, μαγείρισσα, μαγειρική, σεφ
👨‍🔧	άντρας, άντρας μηχανικός, ηλεκτρολόγος, μηχανικός, υδραυλικός
👩‍🔧	γυναίκα, γυναίκα μηχανικός, ηλεκτρολόγος, μηχανικός, υδραυλικός
👨‍🏭	άντρας, εργάτης, εργοστάσιο, οικοδομή
👩‍🏭	γυναίκα, εργάτρια, εργοστάσιο, οικοδομή
👨‍💼	άντρας υπάλληλος γραφείου, γραφείο, επιχείρηση, εταιρία, υπάλληλος
👩‍💼	γραφείο, γυναίκα υπάλληλος γραφείου, επιχείρηση, εταιρία, υπάλληλος
👨‍🔬	άντρας επιστήμονας, έρευνα, βιολόγος, επιστήμονας, χημικός
👩‍🔬	έρευνα, βιολόγος, γυναίκα επιστήμονας, επιστήμονας, χημικός
👨‍💻	άντρας τεχνολόγος, πληροφορική, προγραμματιστής, τεχνολογία, υπολογιστής
👩‍💻	γυναίκα τεχνολόγος, πληροφορική, προγραμματίστρια, τεχνολογία, υπολογιστής
👨‍🎤	άντρας, διασκέδαση, ροκ, τραγουδιστής, τραγούδι
👩‍🎤	γυναίκα, διασκέδαση, ροκ, τραγουδίστρια, τραγούδι
👨‍🎨	άντρας, άντρας καλλιτέχνης, ζωγράφος, καλλιτέχνης, πινέλα
👩‍🎨	γυναίκα, γυναίκα καλλιτέχνης, ζωγράφος, καλλιτέχνης, πινέλα
👨‍✈	άντρας, άντρας πιλότος, αεροπλάνο, πιλότος
👩‍✈	αεροπλάνο, γυναίκα, γυναίκα πιλότος, πιλότος
👨‍🚀	άντρας, άντρας αστροναύτης, αστροναύτης, διάστημα
👩‍🚀	αστροναύτης, γυναίκα, γυναίκα αστροναύτης, διάστημα
👨‍🚒	άντρας, άντρας πυροσβέστης, πυροσβέστης, πυροσβεστική
👩‍🚒	γυναίκα, γυναίκα πυροσβέστης, πυροσβέστης, πυροσβεστική
👮	αστυνομικός, αστυνόμος
👮‍♂	άντρας, άντρας αστυνομικός, αστυνομία, αστυνομικός
👮‍♀	αστυνομία, αστυνομικός, γυναίκα, γυναίκα αστυνομικός
🕵	κατάσκοπος, ντετέκτιβ, πράκτορας
🕵‍♂	άντρας, άντρας ντετέκτιβ, ντετέκτιβ, πράκτορας
🕵‍♀	γυναίκα, γυναίκα ντετέκτιβ, ντετέκτιβ, πράκτορας
💂	υπεύθυνος φρουράς, φρουρά, φύλακας
💂‍♂	άντρας, άντρας φρουρός, φρουρός, φύλακας
💂‍♀	γυναίκα, γυναίκα φρουρός, φρουρός, φύλακας
👷	εργάτης, καπέλο, κατασκευή, οικοδόμος
👷‍♂	άντρας, εργάτης, εργάτης οικοδομής, οικοδομή
👷‍♀	γυναίκα, εργάτρια, εργάτρια οικοδομής, οικοδομή
🤴	πρίγκιπας
👸	παραμύθι, πριγκίπισσα, φαντασία
👳	άτομο με τουρμπάνι, τουρμπάνι
👳‍♂	άντρας, άντρας με τουρμπάνι, τιρμπάν, τουρμπάν, τουρμπάνι
👳‍♀	γυναίκα, γυναίκα με τουρμπάνι, τιρμπάν, τουρμπάν, τουρμπάνι
👲	άνδρας, άντρας με κινέζικο καπέλο, καπέλο, κινέζικο καπέλο
🧕	γυναίκα με μαντίλα, μαντίλα, χιτζάμπ
🤵	άντρας, άντρας με σμόκιν, γαμπρός, σμόκιν
👰	γάμος, νύφη, νύφη με πέπλο, πέπλο
🤰	έγκυος, γυναίκα
🤱	θηλάζω, θηλασμός, μωρό, στήθος
👼	άγγελος, μωρό, μωρό άγγελος, παραμύθι, πρόσωπο, φαντασία
🎅	Άη Βασίλης, γιορτή, παραμύθι, πατέρας, φαντασία, χριστούγεννα
🤶	Κυρία Άη Βασίλη, άι βασίλης, γιορτές, χριστούγεννα
🦸	ήρωας, ηρωίδα, καλός, υπερήρωας, υπερδύναμη
🦸‍♀	ήρωας, γυναίκα, γυναίκα υπερήρωας, ηρωίδα, καλή, υπερδύναμη
🦸‍♂	άντρας, άντρας υπερήρωας, ήρωας, καλός, υπερδύναμη
🦹	αρχικακός, κακοποιός, κακό, κακός, υπερδύναμη
🦹‍♀	γυναίκα, γυναίκα αρχικακός, κακή, κακοποιός, κακό, υπερδύναμη
🦹‍♂	άντρας, άντρας αρχικακός, κακοποιός, κακό, κακός, υπερδύναμη
🧙	μάγισσα, μάγος
🧙‍♀	μάγισσα
🧙‍♂	άντρας μάγος, μάγος
🧚	Oberon, Puck, Titania, νεράιδα
🧚‍♀	Titania, γυναίκα νεράιδα
🧚‍♂	Oberon, Puck, νεράιδος
🧛	Δράκουλας, απέθαντος, βρυκόλακας
🧛‍♀	απέθαντος, γυναίκα βρυκόλακας
🧛‍♂	Δράκουλας, άντρας βρυκόλακας, απέθαντος
🧜	γοργόνα, γοργόνος
🧜‍♀	γοργόνα, γυναίκα γοργόνα
🧜‍♂	Triton, γοργόνος
🧝	μαγικό, ξωτικό
🧝‍♀	γυναίκα ξωτικό, μαγική
🧝‍♂	άντρας ξωτικό, μαγικός
🧞	τζίνι
🧞‍♀	γυναίκα τζίνι, τζίνι
🧞‍♂	άντρας τζίνι, τζίνι
🧟	απέθαντος, ζόμπι, νεκροζώντανος
🧟‍♀	απέθαντη, γυναίκα ζόμπι, νεκροζώντανη
🧟‍♂	άντρας ζόμπι, απέθαντοι, νεκροζώντανοι
🙍	κίνηση, συνοφρυωμένη γυναίκα, συνοφρύωμα
🙍‍♂	άντρας, θλίψη, μορφασμός, συνοφρυωμένος
🙍‍♀	γυναίκα, θλίψη, μορφασμός, συνοφρυωμένη
🙎	κίνηση, κατσουφιασμένο άτομο, μορφασμός
🙎‍♂	άντρας, απογοήτευση, θυμός, κατσουφιασμένος άντρας, μορφασμός
🙎‍♀	απογοήτευση, γυναίκα, θυμός, κατσουφιασμένη γυναίκα, μορφασμός
🙅	άτομο διαφωνεί, απαγορευμένο, απαγορεύεται, δεν, κίνηση, χέρι, όχι
🙅‍♂	άντρας, άντρας διαφωνεί, αποδοκιμασία, διαφωνία, χειρονομία
🙅‍♀	αποδοκιμασία, γυναίκα, γυναίκα διαφωνεί, διαφωνία, χειρονομία
🙆	άτομο συμφωνεί, εντάξει, κίνηση, χέρι
🙆‍♂	άντρας, άντρας συμφωνεί, εντάξει, χειρονομία
🙆‍♀	γυναίκα, γυναίκα συμφωνεί, εντάξει, χειρονομία
💁	άτομο προσφέρει, βοήθεια, πληροφορίες, πρόσχαρος, χέρι
💁‍♂	άντρας, άντρας προσφέρει, πρόσχαρος, χειρονομία
💁‍♀	γυναίκα, γυναίκα προσφέρει, πρόσχαρη, χειρονομία
🙋	άτομο με σηκωμένο χέρι, κίνηση, σηκωμένο, χέρι, χαρούμενος
🙋‍♂	άντρας, άντρας με σηκωμένο χέρι, χαιρετισμός, χειρονομία
🙋‍♀	γυναίκα, γυναίκα με σηκωμένο χέρι, χαιρετισμός, χειρονομία
🙇	άτομο υποκλίνεται, κίνηση, λυπάμαι, συγνώμη, υπόκλιση
🙇‍♂	άντρας, άντρας υποκλίνεται, συγγνώμη, υπόκλιση, χειρονομία
🙇‍♀	γυναίκα, γυναίκα υποκλίνεται, συγγνώμη, υπόκλιση, χειρονομία
🤦	άτομο αγανακτά, αγανάκτηση, δυσπιστία, παλάμη, πρόσωπο
🤦‍♂	άντρας, άντρας αγανακτά, αγανάκτηση, πρόσωπο, χειρονομία
🤦‍♀	αγανάκτηση, γυναίκα, γυναίκα αγανακτά, πρόσωπο, χειρονομία
🤷	άγνοια, άτομο σηκώνει τους ώμους, αδιαφορία, αμφιβολία, ανασήκωμα ώμων
🤷‍♂	άγνοια, άντρας, άντρας σηκώνει τους ώμους, αμφιβολία, ώμοι
🤷‍♀	άγνοια, αμφιβολία, γυναίκα, γυναίκα σηκώνει τους ώμους, ώμοι
💆	κομμωτήριο, μασάζ, μασάζ στο κεφάλι
💆‍♂	άντρας, κεφάλι, μαλλιά, μασάζ, μασάζ στο κεφάλι άντρα
💆‍♀	γυναίκα, κεφάλι, μαλλιά, μασάζ, μασάζ στο κεφάλι γυναίκας
💇	ινστιτούτο αισθητικής, κομμωτής, κούρεμα, ομορφιά
💇‍♂	άντρας, άντρας κουρεύεται, κομμωτήριο, κούρεμα, μαλλιά
💇‍♀	γυναίκα, γυναίκα κουρεύεται, κομμωτήριο, κούρεμα, μαλλιά
🚶	πεζοπορία, πεζός, περπάτημα, περπατώ
🚶‍♂	άντρας, άντρας περπατά, περπάτημα
🚶‍♀	γυναίκα, γυναίκα περπατά, περπάτημα
🏃	άτομο τρέχει, μαραθώνιος, τρέξιμο
🏃‍♂	άντρας, άντρας τρέχει, τρέξιμο
🏃‍♀	γυναίκα, γυναίκα τρέχει, τρέξιμο
💃	γυναίκα, χορεύτρια, χορός
🕺	άντρας, χορευτής, χορός
👯	άτομα με λαγουδένια αυτιά, αυτί, γυναίκα, κορίτσι, κουνελάκι, χορεύτρια
👯‍♂	άντρες, άντρες με λαγουδένια αυτιά, πάρτυ, χορός
👯‍♀	γυναίκες, γυναίκες με λαγουδένια αυτιά, πάρτυ, χορός
🧖	άτομο σε σάουνα, σάουνα
🧖‍♀	γυναίκα σε σάουνα, σάουνα
🧖‍♂	άντρας σε σάουνα, σάουνα
🧗	άτομο που αναρριχείται, ορειβάτης
🧗‍♀	γυναίκα ορειβάτης, ορειβάτισσα
🧗‍♂	άντρας ορειβάτης, ορειβάτης
🧘	άτομο σε θέση λωτού, γιόγκα, διαλογισμός
🧘‍♀	γιόγκα, γυναίκα σε θέση λωτού, διαλογισμός
🧘‍♂	άντρας σε θέση λωτού, γιόγκα, διαλογισμός
🛀	άνθρωπος που κάνει μπάνιο, μπάνιο, μπανιέρα
🛌	άνθρωπος σε κρεβάτι, ξενοδοχείο, ύπνος
🕴	επιχειρηματίας, κοστουμαρισμένος άντρας που αιωρείται, κουστούμι
🗣	κεφάλι, κεφάλι που μιλάει, μιλώ, ομιλία, πρόσωπο, φιγούρα
👤	περίγραμμα προτομής, προτομή, φιγούρα
👥	περίγραμμα προτομών, προτομή, φιγούρα
🤺	άτομο, ξίφος, ξιφομάχος, ξιφομαχία, σπορ
🏇	άλογο, άλογο αγώνων, αγώνες, ιππόδρομος, καπέλο τζόκεϊ
⛷	σκι, σκιέρ, χιόνι
🏂	σκι, σνόουμπορντ, χιόνι
🏌	γκολφ, γκόλφερ, μπάλα
🏌‍♂	άντρας, άντρας παίζει γκολφ, γκολφ
🏌‍♀	γκολφ, γυναίκα, γυναίκα παίζει γκολφ
🏄	σέρφερ, σέρφινγκ
🏄‍♂	άντρας, άντρας σε σανίδα σερφ, σερφ
🏄‍♀	γυναίκα, γυναίκα σε σανίδα σερφ, σερφ
🚣	βάρκα, κωπηλάτης, λέμβος
🚣‍♂	άντρας, άντρας κωπηλάτης, βάρκα, κωπηλασία
🚣‍♀	βάρκα, γυναίκα, γυναίκα κωπηλάτης, κωπηλασία
🏊	κολυμβητής, κολύμπι
🏊‍♂	άντρας, άντρας κολυμβητής, κολύμβηση
🏊‍♀	γυναίκα, κολυμβήτρια, κολύμβηση
⛹	άτομο παίζει μπάσκετ, μπάλα
⛹‍♂	άντρας, άντρας παίζει μπάσκετ, μπάλα, μπάσκετ
⛹‍♀	γυναίκα, γυναίκα παίζει μπάσκετ, μπάλα, μπάσκετ
🏋	αρσιβαρίστας, βάρος
🏋‍♂	άντρας, άντρας αρσιβαρίστας, άρση, βάρη
🏋‍♀	άρση, αρσιβαρίστρια, βάρη, γυναίκα
🚴	ποδήλατο, ποδηλάτης
🚴‍♂	άντρας, άντρας ποδηλάτης, ποδηλασία
🚴‍♀	γυναίκα, ποδηλάτισσα, ποδηλασία
🚵	βουνό, ορεινή ποδηλασία, ποδήλατο, ποδηλάτης
🚵‍♂	άντρας, βουνό, ορεινός ποδηλάτης, ποδηλασία
🚵‍♀	βουνό, γυναίκα, ορεινή ποδηλάτισσα, ποδηλασία
🏎	αγωνιστικό, αγωνιστικό όχημα, αυτοκίνητο
🏍	αγωνιστικό, μοτοσικλέτα
🤸	άτομο, άτομο κάνει ρόδα, ακροβατικά, ροντάτ, σπορ
🤸‍♂	άντρας, άντρας κάνει ρόδα, γυμναστική, ρόδα
🤸‍♀	γυμναστική, γυναίκα, γυναίκα κάνει ρόδα, ρόδα
🤼	άτομο, πάλη, παλαιστής, σπορ
🤼‍♂	άθλημα, άντρες, πάλη, παλαιστές
🤼‍♀	άθλημα, γυναίκες, πάλη, παλαίστριες
🤽	άτομο, νερό, πόλο, σπορ
🤽‍♂	άντρας, νερό, πολίστας, πόλο
🤽‍♀	γυναίκα, νερό, πολίστρια, πόλο
🤾	άτομο, μπάλα, σπορ, χάντμπολ
🤾‍♂	άθλημα, άντρας, άντρας παίζει χάντμπολ, χάντμπολ, χειροσφέριση
🤾‍♀	άθλημα, γυναίκα, γυναίκα παίζει χάντμπολ, χάντμπολ, χειροσφέριση
🤹	δεξιότητα, ζογκλέρ, ισορροπία
🤹‍♂	άντρας, άντρας ζογκλέρ, ζογκλέρ, κόλπα
🤹‍♀	γυναίκα, γυναίκα ζογκλέρ, ζογκλέρ, κόλπα
👫	άνδρας, άντρας και γυναίκα πιασμένοι χέρι-χέρι, γυναίκα, ζευγάρι, κρατώ, χέρι
👬	άνδρας, δίδυμοι, δίδυμος, δύο άντρες πιασμένοι χέρι-χέρι, ζευγάρι, ζώδιο, κρατώ, χέρι
👭	γυναίκα, δύο γυναίκες πιασμένες χέρι -χέρι, ζευγάρι, κρατώ, χέρι
💏	έρωτας, ζευγάρι, φιλί
💑	έρωτας, αγάπη, ζευγάρι, ζευγάρι με καρδιά, καρδιά
👪	μητέρα, οικογένεια, παιδί, πατέρας
🤳	selfie, τηλέφωνο, φωτογραφική μηχανή
💪	δικέφαλος, επίδειξη, κόμικ, μυς, σφιχτός δικέφαλος, σώμα
🦵	άκρο, κλωτσιά, πόδι
🦶	κάτω άκρο, κλωτσάω, κλωτσιά, πόδι
👈	δάχτυλο, δείκτης, δείκτης χεριού προς τα αριστερά, δείχνω, σώμα, χέρι, χτύπημα
👉	δάχτυλο, δείκτης, δείκτης χεριού προς τα δεξιά, δείχνω, σώμα, χέρι, χτύπημα
☝	δάχτυλο, δείκτης, δείκτης χεριού προς τα επάνω, δείχνω, επάνω, σώμα, χέρι
👆	δάχτυλο, δείκτης, δείκτης χεριού προς τα επάνω ανάποδα, δείχνω, επάνω, σώμα, χέρι, χτύπημα
🖕	δάχτυλο, μεσαίο δάχτυλο, σώμα, χέρι
👇	δάχτυλο, δείκτης, δείκτης χεριού προς τα κάτω ανάποδα, δείχνω, κάτω, σώμα, χέρι, χτύπημα
✌	v, νίκη, σήμα της νίκης, σώμα, χέρι
🤞	δάχτυλα, καλή τύχη, σταυρώνω, τύχη, χέρι
🖖	vulcan, δάχτυλο, σποκ, σώμα, χέρι, χαιρετισμός σποκ
🤘	δάχτυλο, κέρατα, ροκάρω, σώμα, χέρι, χειρονομία ροκ
🤙	κλήση, τηλεφώνησέ μου, χέρι
🖐	ανοιχτά δάχτυλα, δάχτυλο, μούντζα, σώμα, χέρι
✋	σηκωμένο χέρι, σώμα, χέρι
👌	OK, σώμα, χέρι, χειρονομία οκ
👍	+1, αντίχειρας, επάνω, σηκωμένος αντίχειρας, σώμα, χέρι
👎	-1, αντίχειρας, κάτω, κατεβασμένος αντίχειρας, σώμα, χέρι
✊	γροθιά, μπουνιά, σηκωμένη γροθιά, σφιγμένο, χέρι
👊	γροθιά, μπουνιά, σφιγμένο, χέρι
🤛	αριστερή γροθιά, γροθιά, στα αριστερά
🤜	γροθιά, δεξιά γροθιά, στα δεξιά
🤚	ανάποδη χεριού, σηκωμένη ανάποδη χεριού, σηκωμένο, σηκωμένο χέρι ανάποδα
👋	νεύμα, σώμα, χέρι, χέρι που χαιρετά, χαιρετώ
🤟	ILY, κίνηση σε αγαπώ, χέρι
✍	γράφω, σώμα, χέρι, χέρι που γράφει
👏	παλαμάκια, σώμα, χέρι, χειροκροτώ
👐	ανοικτά χέρια, ανοιχτό, σώμα, χέρι
🙌	γιορτή, ζήτω, κίνηση, σηκωμένο, σώμα, χέρι, χέρια ψηλά
🤲	παλάμες μαζί, προσευχή
🙏	ενωμένα, ευχαριστώ, ζητώ, κίνηση, παρακαλώ, προσευχή, σώμα, υπόκλιση, χέρι, χέρια ενωμένα
🤝	συμφωνία, συνάντηση, σφίγγω, χέρι, χειραψία
💅	βάψιμο νυχιών, βερνίκι, καλλυντικά, μανικιούρ, νύχι, σώμα, φροντίδα
👂	αυτί, σώμα
👃	μύτη, σώμα
👣	ίχνος, πατημασιά, πατημασιές, ρουχισμός, σώμα
👀	μάτι, μάτια, πρόσωπο, σώμα
👁	μάτι, σώμα
👁‍🗨	μάτι, μάτι σε συννεφάκι ομιλίας, συννεφάκι, συνομιλία
🧠	έξυπνος, μυαλό
🦴	κόκαλο, σκελετός
🦷	δόντι, οδοντίατρος
👅	γλώσσα, σώμα
👄	στόμα, σώμα, χείλη
🦰	κοκκινομάλλης, κόκκινα μαλλιά, πυρρόξανθος
🦱	άφρο, μπούκλες, σγουρά, σγουρά μαλλιά
🦳	άσπρα, άσπρα μαλλιά, γκρίζα, ηλικιωμένος, λευκά, μαλλιά
🦲	καραφλός, ξυρισμένος, χημειοθεραπεία, χωρίς μαλλιά
💋	έρωτας, καρδιά, σημάδι, σημάδι από φιλί, φιλί, χείλη
💘	έρωτας, βέλος, καρδιά, καρδιά με βέλος, ρομάντζο
💝	βαλεντίνος, καρδιά, καρδιά με κορδέλα, κορδέλα
💖	αστράφτω, ενθουσιασμένος, καρδιά, καρδιά που αστράφτει
💗	αυξανόμενος, ενθουσιασμένος, καρδιά, καρδιά που μεγαλώνει, νευρικός, παλμός καρδιάς
💓	καρδιά, καρδιά που χτυπά, καρδιοχτύπι, πάλλεται, χτυπά
💞	καρδιά, καρδιές που γυρίζουν, περιστρεφόμενη
💕	αγάπη, δύο καρδιές, καρδιά
💌	έρωτας, αγάπη, γράμμα, ερωτικό γράμμα, καρδιά
❣	θαυμαστικό, καρδιά, καρδιά θαυμαστικό, σημείο, στίξη
💔	καρδιά, ραγισμένη καρδιά, σπάω, σπασμένος
❤	καρδιά, κόκκινη καρδιά
🧡	πορτοκαλί καρδιά, ποστοκάλι
💛	κίτρινη, κίτρινη καρδιά, καρδιά
💚	καρδιά, πράσινη, πράσινη καρδιά
💙	καρδιά, μπλε, μπλε καρδιά
💜	καρδιά, μoβ καρδιά, μωβ
🖤	κακός, καρδιά, μαγεμένος, μαύρη καρδιά, μαύρο
💟	καρδιά, καρδιά σε πλαίσιο
💤	ζζζ, κόμικ, ύπνος
💢	θυμωμένος, κόμικ, οργισμένος, σύμβολο θυμού
💣	βόμβα, κόμικ
💥	κόμικ, σύγκρουση
💦	ιδρώτας, κόμικ, πιτσιλιές, σταγόνες ιδρώτα
💨	κόμικ, ορμή, τρέξιμο
💫	αστέρι, αστεράκια, ζαλάδα, κόμικ
💬	διάλογος, κόμικ, μπαλόνι, ομιλία, συννεφάκι, συννεφάκι ομιλίας
🗨	αριστερό συννεφάκι ομιλίας, διάλογος, συνομιλία
🗯	δεξί συννεφάκι θυμού, θυμωμένος, θυμός, μπαλόνι, συννεφάκι
💭	κόμικ, μπαλόνι, σκέψη, συννεφάκι, συννεφάκι σκέψης
🕳	μαύρη, τρύπα
👓	ένδυμα, γυαλιά, μάτι
🕶	γυαλιά, γυαλιά ηλίου, μάτι, οπτικά, σκοτεινός
🥽	κολύμπι, προστασία ματιών, προστατευτικά γυαλιά, συγκόλληση
🥼	γιατρός, επιστήμονας, πείραμα, ρόμπα εργαστηρίου
👔	γραβάτα, ρούχο
👕	μπλουζάκι, μπλούζα, πουκάμισο, ρούχο
👖	παντελόνι, ρούχο, τζιν παντελόνι
🧣	κασκόλ, λαιμός
🧤	γάντια, χέρι
🧥	μπουφάν, παλτό
🧦	κάλτσες, καλσόν
👗	ρούχο, φόρεμα
👘	κιμονό, ρούχο
👙	κολύμβηση, μπικίνι, ρούχο
👚	γυναίκα, γυναικεία ρούχα, ρούχο
👛	ένδυμα, κέρμα, πορτοφόλι
👜	ένδυμα, τσάντα, τσάντα χειρός
👝	ένδυμα, κασετίνα, τσάντα, τσαντάκι
🛍	ξενοδοχείο, τσάντα, τσάντες για ψώνια, ψώνια
🎒	σχολείο, σχολική σάκα, σχολική τσάντα, τσάντα
👞	άνδρας, ανδρικό παπούτσι, παπούτσι, ρουχισμός
👟	αθλητικά, αθλητικό παπούτσι, παπούτσι, ρουχισμός
🥾	κάμπιγκ, μπότα, μπότα ορειβασίας, ορειβασία
🥿	ίσιο παπούτσι, επίπεδο παπούτσι, μπαλαρίνα, παντοφλέ, χαμηλοτάκουνο
👠	γυναίκα, παπούτσι, ρουχισμός, τακούνι, ψηλοτάκουνο παπούτσι
👡	γυναίκα, γυναικείο σανδάλι, παπούτσι, ρουχισμός, σανδάλι
👢	γυναίκα, γυναικεία μπότα, μπότα, παπούτσι, ρουχισμός
👑	βασίλισσα, βασιλιάς, ρουχισμός, στέμμα
👒	γυναίκα, γυναικείο καπέλο, καπέλο, ρουχισμός
🎩	ημίψηλο καπέλο, καπέλο, ρουχισμός, ψηλό καπέλο
🎓	αποφοίτηση, γιορτή, καπέλο, καπέλο αποφοίτησης, ρουχισμός
🧢	καπέλο του μπέιζμπολ, καπελάκι
⛑	βοήθεια, καπέλο, κράνος, κράνος με λευκό σταυρό, πρόσωπο, σταυρός
📿	θρησκεία, κολιέ, κομπολόι, προσευχή, ρουχισμός, χάντρες
💄	καλλυντικά, κραγιόν, μακιγιάζ
💍	έρωτας, δαχτυλίδι, διαμάντι
💎	έρωτας, διαμάντι, κόσμημα, πετράδι
🐵	μαϊμού, πρόσωπο, πρόσωπο μαϊμούς
🐒	μαϊμού
🦍	γορίλας, ζώο
🐶	κατοικίδιο, πρόσωπο, πρόσωπο σκύλου, σκύλος
🐕	κατοικίδιο, σκύλος
🐩	κανίς, σκύλος
🐺	λύκος, πρόσωπο, πρόσωπο λύκου
🦊	αλεπού, ζώο, πρόσωπο, πρόσωπο αλεπούς
🦝	περίεργος, ρακούν, ύπουλος
🐱	γάτα, κατοικίδιο, πρόσωπο, πρόσωπο γάτας
🐈	γάτα, κατοικίδιο
🦁	ζώδιο, λέων, λιοντάρι, πρόσωπο, πρόσωπο λιονταριού
🐯	πρόσωπο, πρόσωπο τίγρης, τίγρης
🐅	τίγρη, τίγρης
🐆	λεοπάρδαλη
🐴	άλογο, πρόσωπο, πρόσωπο αλόγου
🐎	άλογο, άλογο κούρσας, αγώνας
🦄	μονόκερος, πρόσωπο, πρόσωπο μονόκερου
🦓	ζέβρα, ρίγα
🦌	ελάφι, ζώο
🐮	αγελάδα, πρόσωπο, πρόσωπο αγελάδας
🐂	βόδι, ζώδιο, ταύρος
🐃	νεροβούβαλος, νερό
🐄	αγελάδα
🐷	γουρούνι, πρόσωπο, πρόσωπο γουρουνιού
🐖	γουρούνι
🐗	αγριογούρουνο, γουρούνι
🐽	γουρούνι, μύτη, μύτη γουρουνιού, πρόσωπο
🐏	ζώδιο, κριάρι, κριός
🐑	πρόβατο
🐐	αιγόκερως, ζώδιο, κατσίκα
🐪	καμήλα, καμπούρα
🐫	βακτριανή, βακτριανή καμήλα, καμήλα, καμπούρα
🦙	αλπάκα, βικούνια, γουανάκος, λάμα, μαλλί
🦒	καμηλοπάρδαλη, κηλίδες
🐘	ελέφαντας
🦏	ζώο, ρινόκερος
🦛	ιπποπόταμος
🐭	ποντίκι, πρόσωπο, πρόσωπο ποντικιού
🐁	ποντίκι
🐀	αρουραίος
🐹	κατοικίδιο, πρόσωπο, πρόσωπο χάμστερ, χάμστερ
🐰	κατοικίδιο, κουνέλι, λαγός, πρόσωπο, πρόσωπο κουνελιού
🐇	κατοικίδιο, κουνέλι
🐿	σκίουρος, σκιουράκι
🦔	ακανθώδης, σκαντζόχοιρος
🦇	βαμπίρ, ζώο, νυχτερίδα
🐻	αρκούδα, πρόσωπο, πρόσωπο αρκούδας
🐨	αρκούδα, κοάλα
🐼	πάντα, πρόσωπο, πρόσωπο πάντα
🦘	Αυστραλία, καγκουρό, μαρσιποφόρο, μωρό καγκουρό, πηδάω
🦡	ασβός, μελοασβός
🐾	ίχνη, ίχνη ζώου, πατημασιές, πατούσες
🦃	γαλοπούλα
🐔	κοτόπουλο, κότα
🐓	κόκκορας, κόκορας
🐣	εκκολαπτόμενο, εκκολαπτόμενο κοτοπουλάκι, μωρό, πουλάκι
🐤	κοτοπουλάκι, μωρό
🐥	κοτοπουλάκι που κοιτά μπροστά, μωρό, πουλάκι
🐦	πουλί
🐧	πιγκουίνος
🕊	ειρήνη, περιστέρι, πετώ, πουλί
🦅	αετός, πτηνό
🦆	πάπια, πτηνό
🦢	ασχημόπαπο, κύκνος, μωρό κύκνου, πουλί
🦉	κουκουβάγια, πτηνό, σοφός
🦚	επιδειξιομανής, θηλυκό παγώνι, παγώνι, περήφανος, πουλί
🦜	μιλάω, παπαγάλος, πειρατής, πουλί
🐸	βάτραχος, πρόσωπο, πρόσωπο βάτραχου
🐊	κροκόδειλος
🐢	χελώνα
🦎	ερπετό, σαύρα
🐍	ζώδιο, κομιστής, οφιούχος, φίδι
🐲	δράκος, παραμύθι, πρόσωπο, πρόσωπο δράκου
🐉	δράκος, παραμύθι
🦕	βραχιόσαυρος, βροντόσαυρος, διπλόδοκος, σαυρόποδο
🦖	τυραννόσαυρος
🐳	πετάω νερό, πρόσωπο, φάλαινα, φάλαινα που πετά νερό
🐋	φάλαινα
🐬	δελφίνι
🐟	ζώδιο, ιχθείς, ψάρι
🐠	τροπικό, τροπικό ψάρι, ψάρι
🐡	νεφελόψαρο, ψάρι
🦈	καρχαρίας, ψάρι
🐙	χταπόδι
🐚	κοχύλι, σπειροειδές, σπειροειδές κοχύλι
🦀	ζώδιο, κάβουρας, καρκίνος
🦞	αστακός, δαγκάνες, θαλασσινά, μπισκ
🦐	γαρίδα, μικρό, οστρακοειδές, τροφή
🦑	καλαμάρι, μαλάκιο, τροφή
🐌	σαλίγκαρος, σαλιγκάρι
🦋	έντομο, πεταλούδα, όμορφος
🐛	έντομο, σκουλήκι
🐜	έντομο, μυρμήγκι
🐝	έντομο, μέλισσα
🐞	έντομο, πασχαλίτσα, σκαθάρι
🦗	ακρίδα, τριζόνι
🕷	έντομο, αράχνη
🕸	αράχνη, ιστός, ιστός αράχνης
🦂	ζώδιο, σκορπιός
🦟	έντομο, αρρώστια, ελονοσία, ιός, κουνούπι, πυρετός
🦠	αμοιβάδα, βακτήρια, ιός, μικρόβιο
💐	λουλούδι, μπουκέτο λουλούδια, ρομαντισμός, φυτό
🌸	άνθος, άνθος κερασιάς, κερασιά, λουλούδι, φυτό
💮	λευκό λουλούδι, λουλούδι
🏵	ροζέτα, φυτό
🌹	λουλούδι, τριαντάφυλλο, φυτό
🥀	λουλούδι, μαραμένο λουλούδι, μαραμένος
🌺	ιβίσκος, λουλούδι, φυτό
🌻	ηλιοτρόπιο, λουλούδι, φυτό
🌼	άνθος, λουλούδι, φυτό
🌷	λουλούδι, τουλίπα, φυτό
🌱	νέο, φιντάνι, φυτό
🌲	αειθαλές δέντρο, δέντρο, φυτό
🌳	δέντρο, ρίχνει τα φύλλα του, φυλλοβόλο, φυλλοβόλο δέντρο, φυτό
🌴	δέντρο, φοίνικας, φυτό
🌵	κάκτος, φυτό
🌾	ρύζι, φυτό, όρυζα
🌿	βότανο, φυτό, φύλλο
☘	τριφύλλι, φυτό
🍀	4, τέσσερα, τετράφυλλο τριφύλλι, τριφύλλι, φυτό, φύλλο
🍁	πέφτει, σφένδαμος, φυτό, φύλλο, φύλλο σφενδάμου
🍂	πεσμένα φύλλα, πεσμένο, φυτό, φύλλο
🍃	άνεμος, αέρας, ανεμίζω, φυτό, φύλλα στον άνεμο, φύλλο
🍇	σταφύλι, φρούτο, φυτό
🍈	πεπόνι, φρούτο, φυτό
🍉	καρπούζι, φρούτο, φυτό
🍊	μανταρίνι, πορτοκάλι, φρούτο, φυτό
🍋	κίτρο, λεμόνι, φρούτο, φυτό
🍌	μπανάνα, φρούτο, φυτό
🍍	ανανάς, φρούτο, φυτό
🥭	μάνγκο, τροπικό, φρούτο
🍎	κόκκινο, κόκκινο μήλο, μήλο, φρούτο, φυτό
🍏	μήλο, πράσινο, πράσινο μήλο, φρούτο, φυτό
🍐	αχλάδι, φρούτο, φυτό
🍑	ροδάκινο, φρούτο, φυτό
🍒	κεράσι, κεράσια, φρούτο, φυτό
🍓	φράουλα, φρούτο, φυτό
🥝	ακτινίδιο, τροφή, φρούτο
🍅	λαχανικό, ντομάτα, φυτό
🥥	καρύδα, πίνα κολάντα, φοίνικας
🥑	αβοκάντο, τροφή, φρούτο
🍆	λαχανικό, μελιτζάνα, φυτό
🥔	λαχανικό, πατάτα, τροφή
🥕	καρότο, λαχανικό, τροφή
🌽	αραβόσιτος, καλαμπόκι, φυτό
🌶	καυτερή, καυτερή πιπεριά, πιπεριά, φυτό
🥒	αγγούρι, λαχανικό, πίκλα, τροφή
🥬	λάχανο, λαχανίδα, μαρούλι, μποκ τσόι, πράσινο φυλλώδες
🥦	άγριο λάχανο, μπρόκολο
🍄	μανιτάρι, φυτό
🥜	λαχανικό, ξηρός καρπός, τροφή, φιστίκι, φιστίκια
🌰	κάστανο, φυτό
🍞	φρατζόλα, ψωμί
🥐	γαλλικός, κρουασάν, τροφή, ψωμί
🥖	γαλλικός, μπαγκέτα, τροφή, ψωμί
🥨	πρέτσελ, στριφτό
🥯	μπέιγκελ, φούρνος
🥞	κέικ, κρέπα, τηγανίτα, τηγανίτες, τροφή
🧀	κομμάτι τυρί, τυρί
🍖	κρέας, κόκκαλο, κότσι
🍗	κοτόπουλο, κόκκαλο, πουλερικό, πόδι, πόδι πουλερικού
🥩	αρνίσιο παϊδάκι, κομμάτι κρέας, μπριζόλα, παϊδάκι, χοιρινή μπριζόλα
🥓	κρέας, μπέικον, τροφή
🍔	χάμπουργκερ
🍟	πατάτες, τηγανητές πατάτες, τηγανιτές
🍕	κομμάτι, πίτσα, τυρί
🌭	λουκάνικο, φρανκφούρτης, χοτ ντογκ
🥪	σάντουιτς, ψωμί
🌮	μεξικάνικο, τάκο
🌯	μεξικάνικο, μπουρίτο
🥙	γεμιστή λαγάνα, γύρος, κεμπάπ, σάντουιτς, τροφή, φαλάφελ
🥚	αυγό, τροφή
🍳	αυγό, μαγείρεμα, τηγάνι, τηγανίζω
🥘	παέγια, ρηχός, τηγάνι, τροφή, ψητό
🍲	κατσαρόλα, κατσαρόλα με φαγητό, μαγειρευτό
🥣	δημητριακά, μπολ με κουτάλι, πρωινό
🥗	πράσινη σαλάτα, σαλάτα, τροφή, χόρτα
🍿	ποπ κορν, ποπ-κορν
🧂	αλάτι, αλατιέρα, μπαχαρικό
🥫	κονσέρβα, κονσέρβα φαγητού
🍱	κουτί, κουτί φαγητού
🍘	κράκερ ρυζιού, μπισκότο, ρύζι
🍙	ιαπωνικό, μπάλα, μπάλα ρυζιού, ρύζι
🍚	μαγειρεμένο, μαγειρεμένο ρύζι, ρύζι
🍛	κάρυ, ρύζι, ρύζι με κάρυ
🍜	αχνιστό, μπολ, μπολ με αχνιστό φαγητό, νουντλ, σούπα
🍝	μακαρόνια, σπαγκέτι
🍠	γλυκιά, πατάτα, ψητή, ψητή γλυκοπατάτα
🍢	θαλασσινά, καλαμάκι, κεμπάπ, σουβλάκι, όντεν
🍣	σούσι
🍤	γαρίδα, τεμπούρα, τηγανητή γαρίδα, τηγανιτό
🍥	ζύμη, κέικ, καμαμπόκο, στρόβιλος, ψάρι
🥮	κέικ φεγγάρι, φεστιβάλ, φθινόπωρο
🍡	γλυκό, επιδόρπιο, ιαπωνικό, καλαμάκι, ντάνγκο, σουβλάκι
🥟	empanada, gyōza, jiaozi, pierogi, potsticker, ντάμπλινγκ
🥠	προφητεία, τυχερό μπισκότο
🥡	πακέτο, συσκευασία, συσκευασία φαγητού σε πακέτο, φαγητό, χάρτινο κουτάκι
🍦	γλυκό, επιδόρπιο, κρέμα, μαλακό, παγωμένο, παγωτό, παγωτό χωνάκι
🍧	γλυκό, γρανίτα, επιδόρπιο, παγωτό
🍨	γλυκό, επιδόρπιο, κρέμα, παγωτό
🍩	γλυκό, επιδόρπιο, ντόνατ
🍪	γλυκό, επιδόρπιο, μπισκότο
🎂	γενεθλίων, γιορτή, γλυκό, επιδόρπιο, ζύμη, τούρτα, τούρτα γενεθλίων
🍰	γλυκό, επιδόρπιο, ζύμη, κομμάτι, κομμάτι τούρτας, τούρτα
🧁	γλυκό, κεκάκι, φούρνος
🥧	αρτοσκευάσματα, γέμιση, πίτα
🍫	γλυκό, μπάρα, σοκολάτα, σοκολάτα επιδόρπιο
🍬	γλυκό, επιδόρπιο, καραμέλα
🍭	γλειφιτζούρι, γλυκό, γλύκισμα, επιδόρπιο
🍮	γλυκό, επιδόρπιο, κρέμα καραμελέ, πουτίγκα
🍯	βάζο, βάζο με μέλι, γλυκό, μέλι
🍼	γάλα, μπιμπερό, μπουκάλι, μωρό, πίνω
🥛	γάλα, ποτήρι, ποτήρι γάλα, ποτό
☕	αχνιστό, ζεστό, ζεστό ρόφημα, καφές, πίνω, ρόφημα, τσάι
🍵	κούπα, κούπα τσαγιού, κούπα τσαγιού χωρίς χερούλι, πίνω, ρόφημα, τσάι
🍶	κούπα, μπαρ, μπουκάλι, ποτό, ρόφημα, σάκε
🍾	μπαρ, μπουκάλι, μπουκάλι με φελλό που πετάγεται, πετάγεται, ποτό, φελλός
🍷	κρασί, μπαρ, ποτήρι, ποτήρι κρασί, ποτό, ρόφημα
🍸	κοκτέιλ, μπαρ, ποτήρι, ποτό
🍹	μπαρ, ποτό, τροπικό, τροπικό ποτό
🍺	μπαρ, μπύρα, ποτήρι μπίρας, ποτήρι μπύρας, ποτό
🍻	μπαρ, μπύρα, ποτήρι μπύρας, ποτήρια μπίρας που τσουγκρίζουν, ποτό, τσουγκρίζω
🥂	γιορτή, ποτήρι, ποτήρια που τσουγκρίζουν, ποτό, τσούγκρισμα
🥃	αλκοολούχος, κυλινδρικός, ουίσκι, ποτήρι, ποτήρι ουίσκι, σφηνάκι
🥤	αναψυκτικό, ποτήρι με καλαμάκι, χυμός
🥢	ξυλάκια, χάσι
🍽	μαγείρεμα, μαχαίρι, μαχαιροπίρουνα με πιάτο, πιάτο, πιρούνι
🍴	μαγείρεμα, μαχαίρι, μαχαιροπίρουνα, πιρούνι
🥄	κουτάλι, μαχαιροπίρουνα
🔪	εργαλείο, κουζινομάχαιρο, μαγειρική, μαχαίρι, όπλο
🏺	Υδροχόος, αμφορέας, ζώδιο, κανάτα, μαγειρική, ποτό
🌍	Αφρική, Ευρώπη, γη, κόσμος, υδρόγειος, υδρόγειος με Ευρώπη και Αφρική
🌎	Αμερική, γη, κόσμος, υδρόγειος, υδρόγειος με Βόρεια και Νότια Αμερική
🌏	Ασία, Αυστραλία, γη, κόσμος, υδρόγειος, υδρόγειος με Ασία και Αυστραλία
🌐	γη, κόσμος, μεσημβρινοί, υδρόγειος, υδρόγειος με μεσημβρινούς
🗺	κόσμος, παγκόσμιος χάρτης, χάρτης
🗾	Ιαπωνία, χάρτης, χάρτης της Ιαπωνίας
🧭	αγωνιστικός προσανατολισμός, μαγνητικό, πλοήγηση, πυξίδα
🏔	βουνό, κρύο, χιονισμένο βουνό, χιόνι
⛰	βουνό
🌋	έκρηξη, βουνό, ηφαίστειο
🗻	βουνό, ηφαίστειο φούτζι, φούτζι
🏕	κατασκήνωση
🏖	ομπρέλα, παραλία, παραλία με ομπρέλα
🏜	έρημος
🏝	έρημο, ερημονήσι, νησί
🏞	εθνικό πάρκο, πάρκο
🏟	στάδιο
🏛	κλασικό, κλασικό κτίριο
🏗	κατασκευή, κατασκευή κτιρίου, κτίριο
🧱	πηλός, σοβάς, τοίχος, τούβλα, τούβλο
🏘	κτίριο, σπίτι, σπίτια
🏚	εγκαταλελειμμένο, εγκαταλελειμμένο σπίτι, κτίριο, σπίτι
🏠	κτίριο, σπίτι
🏡	κήπος, κτίριο, σπίτι, σπίτι με κήπο
🏢	κτίριο, κτίριο γραφείων
🏣	ιαπωνικό, ιαπωνικό ταχυδρομείο, κτίριο, ταχυδρομείο
🏤	ευρωπαϊκό, κτίριο, ταχυδρομείο
🏥	γιατρός, κτίριο, νοσοκομείο, φάρμακα
🏦	κτίριο, τράπεζα
🏨	κτίριο, ξενοδοχείο
🏩	αγάπη, κτίριο, ξενοδοχείο, ξενοδοχείο ημιδιαμονής
🏪	εξυπηρέτηση, κατάστημα, κτίριο, παντοπωλείο
🏫	κτίριο, σχολείο
🏬	κατάστημα, κτίριο, πολυκατάστημα, τομέας
🏭	εργοστάσιο, κτίριο
🏯	ιαπωνικό, ιαπωνικό κάστρο, κάστρο, κτίριο
🏰	ευρωπαϊκό, κάστρο, κτίριο
💒	γάμος, παρεκκλήσι, ρομάντζο
🗼	Τόκιο, πύργος, πύργος του Tόκιο, πύργος του Τόκιο
🗽	άγαλμα, άγαλμα της ελευθερίας, ελευθερία
⛪	εκκλησία, κτίριο, σταυρός, χριστιανικό
🕌	θρησκεία, ισλάμ, μουσουλμανικός, τέμενος
🕍	εβραίος, εβραϊκός, θρησκεία, ναός, συναγωγή
⛩	θρησκεία, ναός, σιντοϊστικός, σιντοϊστικός ναός
🕋	θρησκεία, ισλάμ, καάμπα, μουσουλμανικός
⛲	πηγή, σιντριβάνι
⛺	κατασκήνωση, σκηνή
🌁	καιρός, ομίχλη, ομιχλώδες τοπίο
🌃	έναστρη νύχτα, αστέρι, καιρός, νύχτα
🏙	αστικό τοπίο, κτίριο, περίγραμμα πόλης, πόλη
🌄	ήλιος, αυγή, αυγή πίσω από βουνά, βουνό, καιρός, πρωί
🌅	ήλιος, αυγή, καιρός, πρωί
🌆	ήλιος, αστικό τοπίο το σούρουπο, βράδυ, ηλιοβασίλεμα, καιρός, κτίριο, πόλη, σούρουπο, τοπίο
🌇	ήλιος, ηλιοβασίλεμα, καιρός, κτίριο, σούρουπο
🌉	γέφυρα, γέφυρα τη νύχτα, καιρός, νύχτα
♨	βγάζει καπνούς, ζέστη, θερμές πηγές, πηγές
🌌	γαλαξίας, διάστημα, καιρός
🎠	άλογο, αλογάκι καρουσέλ
🎡	λούνα παρκ, ρόδα, ρόδα λούνα-παρκ
🎢	λούνα παρκ, τρενάκι
💈	κοντάρι, κουρέας, κούρεμα, σύμβολο κουρείου
🎪	σκηνή, σκηνή τσίρκου, τσίρκο
🚂	ατμός, καρβουνιάρης, μηχανή, σιδηρόδρομος, τρένο, όχημα
🚃	βαγόνι, βαγόνι τρένου, ηλεκτρικός, σιδηρόδρομος, τρένο, τραμ, τρόλεϊ, όχημα
🚄	σιδηρόδρομος, σινκανσέν, ταχεία, ταχύτητα, τρένο, όχημα
🚅	αεροδυναμικός, σιδηρόδρομος, σινκανσέν, ταχύτητα, τρένο, υπερταχεία, όχημα
🚆	σιδηρόδρομος, τρένο, όχημα
🚇	μετρό, όχημα
🚈	προαστιακός, σιδηρόδρομος, όχημα
🚉	σιδηρόδρομος, σταθμός, τρένο, όχημα
🚊	τραμ, τρόλεϊ, όχημα
🚝	τρένο μονής τροχιάς, όχημα
🚞	βαγόνι, βουνό, ορεινός σιδηρόδρομος, σιδηρόδρομος, όχημα
🚋	βαγόνι, βαγόνι τραμ, τραμ, τρόλεϊ, όχημα
🚌	λεωφορείο, όχημα
🚍	διερχόμενο, διερχόμενο λεωφορείο, λεωφορείο, όχημα
🚎	λεωφορείο, τραμ, τρόλεϊ, όχημα
🚐	λεωφορείο, μίνιμπας, όχημα
🚑	ασθενοφόρο, όχημα
🚒	πυροσβεστικό, φορτηγό, όχημα
🚓	αστυνομία, αυτοκίνητο, περιπολία, περιπολικό, όχημα
🚔	αστυνομία, αυτοκίνητο, διερχόμενο, διερχόμενο περιπολικό, όχημα
🚕	ταξί, όχημα
🚖	διερχόμενο, διερχόμενο ταξί, ταξί, όχημα
🚗	αυτοκίνητο, όχημα
🚘	αυτοκίνητο, αυτοκινούμενο, διερχόμενο, διερχόμενο αυτοκίνητο, όχημα
🚙	αναψυχής, όχημα, όχημα αναψυχής
🚚	διανομή, φορτηγό, όχημα
🚛	τριαξονικό, φορτηγό, όχημα
🚜	τρακτέρ, όχημα
🚲	ποδήλατο, όχημα
🛴	πατίνι, ποδοκίνητος
🛹	σανίδα, σκέιτμπορντ
🛵	ηλεκτροκίνητος, σκουτεράκι, σκούτερ
🚏	λεωφορείο, στάση, στάση λεωφορείου
🛣	αυτοκινητόδρομος, δρόμος
🛤	σιδηρόδρομος, τρένο
🛢	βαρέλι, βαρέλι πετρελαίου, πετρέλαιο
⛽	αντλία, αντλία βενζίνης, βενζίνη, καύσιμο, σταθμός
🚨	αστυνομία, αυτοκίνητο, λυχνία, περιστρεφόμενος, σειρήνα, σειρήνα περιπολικού, όχημα
🚥	κίνηση, λυχνία, οριζόντιο φανάρι, φανάρι
🚦	κάθετο φανάρι, κίνηση, λυχνία, φανάρι
🛑	οκτάγωνο, στοπ, σύμβολο, σύμβολο στοπ
🚧	κατασκευές, φράγμα
⚓	άγκυρα, εργαλείο, πλοίο
⛵	βάρκα, θάλασσα, θέρετρο, ιστιοφόρο, όχημα
🛶	βάρκα, κανό
🚤	ταχύπλοο, όχημα
🛳	επιβάτης, επιβατηγό πλοίο, πλοίο, όχημα
⛴	βάρκα, φεριμπότ
🛥	βάρκα, μηχανοκίνητο σκάφος, όχημα
🚢	πλοίο, όχημα
✈	αεροπλάνο, όχημα
🛩	αεροπλάνο, μικρό αεροπλάνο, όχημα
🛫	check-in, αεροπλάνο, αναχωρήσεις, αναχώρηση, αναχώρηση αεροπλάνου, όχημα
🛬	άφιξη αεροπλάνου, αεροπλάνο, αφίξεις, προσγείωση, φτάνει, όχημα
💺	κάθισμα, καρέκλα
🚁	ελικόπτερο, όχημα
🚟	κρεμαστός, κρεμαστός σιδηρόδρομος, σιδηρόδρομος, όχημα
🚠	βουνό, γόνδολα, τελεφερίκ, όχημα
🚡	βαγόνι, γραμμές του τραμ όχημα, γόνδολα, εναέριος, εναέριος καλωδιοκίνητος σιδηρόδρομος, σχοινοκίνητος, τελεφερίκ
🛰	διάστημα, δορυφόρος
🚀	διάστημα, πύραυλος
🛸	ΑΤΙΑ, ιπτάμενος δίσκος
🛎	κουδούνι, κουδούνι αχθοφόρου, ξενοδοχείο
🧳	αποσκευές, αποσκευή, βαλίτσα, βαλίτσες, ταξίδι, ταξίδια
⌛	άμμος, κλεψύδρα
⏳	άμμος, κλεψύδρα, κλεψύδρα με άμμο που ρέει, χρονομετρητής
⌚	ρολόι
⏰	ξυπνητήρι, ρολόι
⏱	ρολόι, χρονόμετρο
⏲	ρολόι, χρονομετρητής, χρονόμετρο
🕰	διακοσμητικό ρολόι, ρολόι
🕛	00, 12, 12:00, ακριβώς, δώδεκα, δώδεκα η ώρα, η ώρα
🕧	12, 12:30, δώδεκα, δώδεκα και μισή, και μισή
🕐	00, 1, 1:00, ακριβώς, η ώρα, μία, μία η ώρα
🕜	1, 1:30, και μισή, μία, μία και μισή
🕑	00, 2, 2:00, ακριβώς, δύο, δύο η ώρα, η ώρα
🕝	2, 2:30, δύο, δύο και μισή, και μισή
🕒	00, 3, 3:00, ακριβώς, η ώρα, τρεις, τρεις η ώρα
🕞	3, 3:30, και μισή, τρεις, τρεις και μισή
🕓	00, 4, 4:00, ακριβώς, η ώρα, τέσσερις, τέσσερις η ώρα
🕟	4, 4:30, και μισή, τέσσερις, τέσσερις και μισή
🕔	00, 5, 5:00, ακριβώς, η ώρα, πέντε η ώρα
🕠	5, 5:30, και μισή, πέντε, πέντε και μισή
🕕	00, 6, 6:00, έξι, έξι η ώρα, ακριβώς, η ώρα
🕡	6, 6:30, έξι, έξι και μισή, και μισή
🕖	00, 7, 7:00, ακριβώς, επτά, επτά η ώρα, η ώρα
🕢	7, 7:30, επτά, επτά και μισή, και μισή
🕗	00, 8, 8:00, ακριβώς, η ώρα, οκτώ, οκτώ η ώρα
🕣	8, 8:30, και μισή, οκτώ, οκτώ και μισή
🕘	00, 9, 9:00, ακριβώς, εννέα η ώρα, εννιά, η ώρα
🕤	9, 9:30, εννέα και μισή, εννιά, και μισή
🕙	00, 10, 10:00, ακριβώς, δέκα, δέκα η ώρα, η ώρα
🕥	10, 10:30, δέκα, δέκα και μισή, και μισή
🕚	00, 11, 11:00, έντεκα, έντεκα η ώρα, ακριβώς, η ώρα
🕦	11, 11:30, έντεκα, έντεκα και μισή, και μισή
🌑	διάστημα, καιρός, νέα σελήνη, σκοτάδι, φεγγάρι
🌒	αύξων, αύξων μηνίσκος, διάστημα, καιρός, μηνίσκος, φεγγάρι
🌓	σελήνη πρώτου τετάρτου, τέταρτο, φεγγάρι
🌔	αμφίκυρτος, αύξων, αύξων αμφίκυρτος, διάστημα, καιρός, φεγγάρι
🌕	γεμάτο, διάστημα, καιρός, πανσέληνος, φεγγάρι
🌖	αμφίκυρτος, διάστημα, καιρός, φεγγάρι, φθίνων, φθίνων αμφίκυρτος
🌗	σελήνη, σελήνη τελευταίου τετάρτου, τέταρτο, φεγγάρι
🌘	διάστημα, καιρός, μηνίσκος, φεγγάρι, φθίνων, φθίνων μηνίσκος
🌙	διάστημα, ημισέληνος, καιρός, μηνίσκος, πανσέληνος, φεγγάρι
🌚	διάστημα, καιρός, νέα σελήνη με πρόσωπο, πρόσωπο, φεγγάρι
🌛	πρόσωπο, σελήνη πρώτου τετάρτου με πρόσωπο, τέταρτο, φεγγάρι
🌜	πρόσωπο, σελήνη τελευταίου τετάρτου με πρόσωπο, τέταρτο, φεγγάρι
🌡	θερμόμετρο, καιρός
☀	ήλιος, ακτίνες, διάστημα, ηλιόλουστος, καιρός, φωτεινός
🌝	γεμάτο, διάστημα, καιρός, πανσέληνος, πανσέληνος με πρόσωπο, πρόσωπο, φεγγάρι, φωτεινό
🌞	ήλιος, ήλιος με πρόσωπο, διάστημα, καιρός, πρόσωπο, φωτεινός
⭐	αστέρι
🌟	αστέρι, αστραφτερό, γυαλιστερό, λάμψη, λαμπερό, λαμπερό αστέρι
🌠	αστέρι, αστέρι που πέφτει, διάστημα, που πέφτει
☁	καιρός, σύννεφο
⛅	ήλιος, ήλιος πίσω από σύννεφο, καιρός, σύννεφο
⛈	αστραπή, βροχή, καιρός, σύννεφο, σύννεφο με αστραπή και βροχή
🌤	ήλιος, ήλιος πίσω από μικρό σύννεφο, καιρός, σύννεφο
🌥	ήλιος, ήλιος πίσω από μεγάλο σύννεφο, καιρός, σύννεφο
🌦	ήλιος, ήλιος πίσω από σύννεφο με βροχή, βροχή, καιρός, σύννεφο
🌧	βροχή, καιρός, σύννεφο, σύννεφο με βροχή
🌨	καιρός, κρύο, σύννεφο, σύννεφο με χιόνι, χιόνι
🌩	αστραπή, καιρός, σύννεφο, σύννεφο με αστραπή
🌪	ανεμοστρόβιλος, καιρός, σύννεφο
🌫	καιρός, ομίχλη, σύννεφο
🌬	άνεμος, αέρας, καιρός, πρόσωπο, πρόσωπο ανέμου, σύννεφο
🌀	ζαλισμένος, καιρός, κυκλώνας, τυφώνας
🌈	βροχή, καιρός, ουράνιο τόξο
🌂	βροχή, ενδυμασία, καιρός, κλειστή ομπρέλα, ομπρέλα
☂	βροχή, ενδυμασία, καιρός, ομπρέλα
☔	βροχή, ενδυμασία, καιρός, ομπρέλα, ομπρέλα με σταγόνες βροχής, σταγόνα
⛱	ήλιος, βροχή, καιρός, ομπρέλα, ομπρέλα θαλάσσης
⚡	αστραπή, ηλεκτρικό, ηλεκτρισμός, κίνδυνος, τάση, υψηλή τάση, χτύπημα
❄	καιρός, κρύο, χιονονιφάδα, χιόνι
☃	καιρός, κρύο, χιονάνθρωπος, χιόνι
⛄	καιρός, κρύο, χιονάνθρωπος, χιονάνθρωπος χωρίς χιόνι, χιόνι
☄	διάστημα, κομήτης
🔥	εργαλείο, φλόγα, φωτιά
💧	ιδρώτας, καιρός, κρύο, κόμικ, σταγόνα
🌊	θαλάσσιο κύμα, καιρός, κύμα, ωκεανός
🎃	απόκριες, γιορτή, κολοκύθα, φανάρι, φανάρι από κολοκύθα
🎄	γιορτή, δέντρο, χριστουγεννιάτικο δέντρο, χριστούγεννα
🎆	βεγγαλικά, γιορτή
🎇	αστράκι, γιορτή, λάμψη, πυροτεχνήματα
🧨	δυναμίτης, εκρηκτικός, κροτίδα, πυροτεχνήματα
✨	αστέρι, αστράκια, λάμψη
🎈	γιορτή, μπαλόνι
🎉	γιορτή, κομφετί, κονφετί, πάρτι, χαρτοπόλεμος
🎊	γιορτή, κομφετί, κονφετί, μπάλα
🎋	γιορτή, δέντρο, δέντρο ταναμπάτα, ιαπωνικό, μπάνερ
🎍	γιορτή, διακοσμητικό πεύκο, ιαπωνικό, μπαμπού, πεύκο
🎎	γιορτή, ιαπωνικές κούκλες, ιαπωνικό, κούκλα, φεστιβάλ
🎏	γιορτή, διακοσμητικοί κυπρίνοι, διακοσμητικός, κυπρίνος
🎐	άνεμος, γιορτή, κουδούνι, μελωδός
🎑	γιορτή, τελετή, τελετή θέασης της σελήνης, φεγγάρι
🧧	δώρο, καλή τύχη, κόκκινος φάκελος, λεφτά
🎀	γιορτή, κορδέλα
🎁	γιορτή, δώρο, κουτί, τυλιγμένο, τυλιγμένο δώρο
🎗	γιορτή, κορδέλα, κορδέλα τιμής, υπενθύμιση
🎟	είσοδος, εισιτήριο, κάρτες εισόδου
🎫	είσοδος, εισιτήριο
🎖	γιορτή, παράσημο, στρατιωτικό, στρατιωτικό παράσημο
🏆	βραβείο, τρόπαιο
🏅	έπαθλο, μετάλιο, μετάλλιο
🥇	μετάλλιο, μετάλλιο 1ης θέσης, πρώτος, χρυσό
🥈	αργυρό, δεύτερος, μετάλλιο, μετάλλιο 2ης θέσης
🥉	μετάλλιο, μετάλλιο 3ης θέσης, τρίτος, χάλκινο
⚽	μπάλα, μπάλα ποδοσφαίρου, ποδόσφαιρο
⚾	μπάλα, μπάλα μπέιζμπολ
🥎	γάντι, μπάλα, σόφτμπολ
🏀	μπάλα, μπάλα μπάσκετ, στεφάνη
🏐	αγώνας, μπάλα, μπάλα βόλεϊ
🏈	αμερικανικό, μπάλα, μπάλα αμερικάνικου ποδοσφαίρου, φούτμπολ
🏉	μπάλα, μπάλα ράγκμπι, ποδόσφαιρο, ράγκμπι
🎾	μπάλα, μπάλα τένις, ρακέτα
🥏	ultimate, φρίσμπι
🎳	μπάλα, μπόουλινγκ, παιχνίδι
🏏	αγώνας, κρίκετ, μπάλα, ρόπαλο
🏑	αγώνας, γήπεδο, μπάλα, μπαστούνι, χόκεϊ, χόκεϊ επί χόρτου
🏒	αγώνας, δίσκος, μπαστούνι, πάγος, χόκεϊ, χόκεϊ επί πάγου
🥍	γκολ, λακρός, μπάλα, ρακέτα
🏓	μπάλα, παιχνίδι, πινγκ πονγκ, ρακέτα
🏸	αγώνας, μπάντμιντον, μπαλάκι του μπάντμιντον, ρακέτα, φτερό
🥊	γάντι, γάντι του μποξ, μποξ, σπορ
🥋	καράτε, πολεμικές τέχνες, στολή, στολή πολεμικών τεχνών, τάε κβο ντο, τζούντο
🥅	γκολ, δίχτυ, σπορ, τέρμα
⛳	γκολφ, σημαία σε οπή, τρύπα
⛸	πάγος, πατινάζ, πατινάζ στον πάγο
🎣	καλάμι, καλάμι ψαρέματος, ψάρι
🎽	δρομέας, μπλουζάκι δρομέα, τρέξιμο, φανέλα
🎿	σκι, χιόνι
🛷	έλκηθρο
🥌	πέτρα, πέτρα κέρλινγκ, παιχνίδι
🎯	βελάκι, βελάκια, διάνα, κέντρο, παιχνίδι, στόχος, ταμπλό, χτύπημα
🎱	8, μπάλα, μπάλα 8 μπιλιάρδου, μπάλα με το 8, μπιλιάρδο, οκτώ, παιχνίδι
🔮	εργαλείο, κρυστάλλινη, κρυστάλλινη σφαίρα, παραμύθι, σφαίρα, τύχη, φαντασία
🧿	γούρι, κακό μάτι, ματάκι, φυλαχτό, χάντρα
🎮	βιντεοπαιχνίδι, παιχνίδι, χειριστήριο
🕹	joystick, βιντεοπαιχνίδι, παιχνίδι
🎰	κουλοχέρης, παιχνίδι
🎲	ζάρι, παιχνίδι
🧩	ένδειξη, κομμάτι, παζλ, σύνδεσμος
🧸	αρκουδάκι, κουκλάκι, λούτρινο, παιχνίδι
♠	μπαστούνι, παιχνίδι, χαρτιά, χρώμα
♥	καρδιά, καρδιές, κούπα, παιχνίδι, χαρτιά, χρώμα
♦	καρό, παιχνίδι, χαρτιά, χρώμα
♣	παιχνίδι, σπαθί, σπαθιά, χαρτιά, χρώμα
♟	αναλώσιμος, εξαπατώ, πιόνι σκακιού, σκάκι
🃏	παίζω, παιχνίδι, τζόκερ, χαρτιά
🀄	δράκος mahjong, κόκκινος, παιχνίδι, πλακίδιο mahjong κόκκινος δράκος
🎴	ιαπωνικό, κάρτα, λουλούδι, παίζω, παιχνίδι, τραπουλόχαρτα χαναφούντα
🎭	ηθοποιία, θέατρο, μάσκα, τέχνη
🖼	εικόνα, εικόνα σε κορνίζα, κάδρο, μουσείο, πίνακας, τέχνη
🎨	μουσείο, πίνακας, παλέτα, παλέτα ζωγράφου, τέχνη
🧵	βελόνα, καρούλι, κλωστή, ράψιμο, σπάγγος
🧶	βελονάκι, κουβάρι, μπάλα, πλέκω
🔇	αθόρυβο, ηχείο, ηχείο σε σίγαση, σίγαση, σιωπή
🔈	ένταση ήχου, ηχείο σε χαμηλή ένταση, χαμηλή ένταση
🔉	ένταση ήχου, ηχείο, ηχείο σε μέτρια ένταση
🔊	ένταση ήχου, δυνατή, ηχείο, ηχείο σε υψηλή ένταση, υψηλή ένταση ήχου
📢	δυνατός ήχος, ντουντούκα, τηλεβόας, υψηλή ένταση ήχου
📣	ζητωκραυγές, μεγάφωνο
📯	κόρνα, ταχυδρομείο, ταχυδρομική κόρνα, ταχυδρομικός
🔔	καμπάνα, κουδούνι
🔕	απαγορευμένο, δεν επιτρέπεται, καμπάνα, κουδούνι, κουδούνι με κόκκινη γραμμή, σίγαση
🎼	μουσική, παρτιτούρα, πεντάγραμμο
🎵	μουσική, νότα, νότα μουσικής
🎶	μουσική, νότα, νότες, νότες μουσικής
🎙	μικρόφωνο, μικρόφωνο στούντιο, μουσική, στούντιο
🎚	επίπεδο, μουσική, ρυθμιστικό, ρυθμιστικό έντασης
🎛	έλεγχος, κουμπιά, κουμπιά ελέγχου, μουσική
🎤	καραόκε, μικρόφωνο
🎧	ακουστικά
📻	βίντεο, ραδιόφωνο
🎷	μουσική, σαξόφωνο, όργανο
🎸	κιθάρα, μουσική, όργανο
🎹	κλαβιέ, μουσική, μουσικό πληκτρολόγιο, πιάνο, πλήκτρα, όργανο
🎺	μουσική, τρομπέτα, όργανο
🎻	βιολί, μουσική, όργανο
🥁	μουσική, μπαγκέτες, τύμπανο
📱	κινητό, κινητό τηλέφωνο, τηλέφωνο
📲	βέλος, κινητό, κινητό τηλέφωνο με βέλος, κλήση, λήψη, τηλέφωνο
☎	τηλέφωνο
📞	ακουστικό τηλεφώνου, δέκτης, τηλέφωνο
📟	βομβητής
📠	συσκευή φαξ, φαξ
🔋	μπαταρία
🔌	βύσμα, βύσμα ρεύματος, ηλεκτρικό, ρεύμα
💻	pc, προσωπικός, υπολογιστής, φορητός υπολογιστής
🖥	επιτραπέζιος, επιτραπέζιος υπολογιστής, υπολογιστής
🖨	εκτυπωτής, υπολογιστής
⌨	πληκτρολόγιο, υπολογιστής
🖱	ποντίκι, ποντίκι υπολογιστή, υπολογιστής
🖲	ιχνόσφαιρα, υπολογιστής
💽	minidisk, δίσκος, δίσκος υπολογιστή, οπτικός, υπολογιστής
💾	δίσκος, δισκέτα, υπολογιστής
💿	blu-ray, cd, dvd, δίσκος, οπτικός, οπτικός δίσκος, υπολογιστής
📀	blu-ray, cd, dvd, δίσκος, οπτικός, υπολογιστής
🧮	άβακας, υπολογισμός
🎥	βιντεοκάμερα, κινηματογράφος, κινηματογραφική κάμερα, ταινία
🎞	καρέ, καρέ φιλμ, κινηματογράφος, ταινία, φιλμ
📽	βίντεο, κινηματογράφος, προβολέας, προβολέας ταινιών, ταινία, φιλμ
🎬	κλακέτα, κλακέτα φιλμ, ταινία
📺	βίντεο, τηλεόραση
📷	βίντεο, φωτογραφική μηχανή
📸	βίντεο, βιντεοκάμερα, φλας, φωτογραφική μηχανή με φλας
📹	βίντεο, βιντεοκάμερα
📼	vhs, βίντεο, βιντεοκασέτα, κασέτα
🔍	αναζήτηση, αριστερός μεγεθυντικός φακός, εργαλείο, μεγεθυντικός, φακός
🔎	αναζήτηση, δεξιός μεγεθυντικός φακός, εργαλείο, μεγεθυντικός, φακός
🕯	κερί, φως
💡	ηλεκτρικό, ιδέα, κόμικ, λαμπτήρας, φως
🔦	εργαλείο, ηλεκτρικό, φακός, φως
🏮	ιαπωνικό, κόκκινο, κόκκινο χάρτινο φανάρι, φανάρι, φως
📔	βιβλίο, διακοσμημένο, εξώφυλλο, σημειωματάριο, σημειωματάριο με διακοσμητικό εξώφυλλο
📕	βιβλίο, κλειστό, κλειστό βιβλίο
📖	ανοικτό βιβλίο, ανοιχτό, βιβλίο
📗	βιβλίο, πράσινο, πράσινο βιβλίο
📘	βιβλίο, μπλε, μπλε βιβλίο
📙	βιβλίο, πορτοκαλί, πορτοκαλί βιβλίο
📚	βιβλία, βιβλίο
📓	σημειωματάριο
📒	λογιστικό βιβλίο, σημειωματάριο
📃	έγγραφο, κυρτωμένη σελίδα, κυρτός, σελίδα
📜	περγαμηνή, χαρτί
📄	έγγραφο, σελίδα, όρθια σελίδα
📰	ειδήσεις, εφημερίδα, χαρτί
🗞	ειδήσεις, εφημερίδα, τυλιγμένη εφημερίδα, τυλιγμένο, χαρτί
📑	ένδειξη, δείκτης, καρτέλες, καρτέλες σελιδοδεικτών, σελιδοδείκτης
🔖	δείκτης, σελιδοδείκτης
🏷	ετικέτα
💰	δολάριο, σάκος, σάκος με λεφτά, χρήματα
💴	γιεν, νόμισμα, χαρτονόμισμα, χαρτονόμισμα γιεν, χρήματα
💵	δολάριο, νόμισμα, χαρτονόμισμα, χαρτονόμισμα δολαρίου, χρήματα
💶	ευρώ, νόμισμα, χαρτονόμισμα, χαρτονόμισμα ευρώ, χρήματα
💷	αγγλική λίρα, νόμισμα, χαρτονόμισμα, χαρτονόμισμα λίρας, χρήματα
💸	δολάριο, λεφτά με φτερά, φτερά, χαρτονόμισμα, χρήματα
💳	κάρτα, πιστωτική, πιστωτική κάρτα, χρήματα
🧾	αποδείξεις, αποδεικτικά στοιχεία, απόδειξη, λογιστικά, λογιστική
💹	άνοδος, ανοδικό γράφημα με γιεν, αύξηση, γιεν, γράφημα, τάση
💱	ανταλλαγή νομισμάτων, ανταλλακτήριο, μετατροπή νομισμάτων, συνάλλαγμα, τράπεζα
💲	έντονο σύμβολο δολαρίου, δολάριο, νόμισμα, χρήματα
✉	e-mail, email, φάκελος
📧	email, γράμμα, επιστολή
📨	e-mail, email, γράμμα, εισερχόμενος φάκελος, επιστολή, φάκελος
📩	e-mail, email, βέλος, εξερχόμενο, φάκελος, φάκελος με βέλος
📤	αλληλογραφία, αποστολή, δίσκος, δίσκος εξερχομένων, επιστολή, κουτί
📥	γράμμα, δίσκος, δίσκος εισερχομένων, εισερχόμενο, επιστολή, κουτί, λαμβάνω
📦	κουτί, πακέτο
📫	αλληλογραφία, γραμματοκιβώτιο, κλειστό, κλειστό γραμματοκιβώτιο με σηκωμένη σημαία
📪	γραμματοκιβώτιο, επιστολή, κλειστό, κλειστό γραμματοκιβώτιο με χαμηλωμένη σημαία, χαμηλωμένη σημαία
📬	ανοικτό γραμματοκιβώτιο με σηκωμένη σημαία, ανοιχτό, γραμματοκιβώτιο, επιστολή
📭	ανοικτό γραμματοκιβώτιο με χαμηλωμένη σημαία, ανοιχτό, γραμματοκιβώτιο, επιστολή, χαμηλωμένη σημαία
📮	γραμματοκιβώτιο, γραμματοκιβώτιο ταχυδρομείου, επιστολή
🗳	κάλπη, κάλπη με ψηφοδέλτιο, κουτί
✏	μολύβι
✒	μαύρη πένα, πένα
🖋	μελανοφόρος, πένα
🖊	στιλό, στιλό διαρκείας
🖌	ζωγραφική, πινέλο
🖍	κηρομπογιά
📝	μολύβι, σημείωμα
💼	χαρτοφύλακας
📁	αρχείο, φάκελος, φάκελος αρχείων
📂	ανοικτός φάκελος αρχείων, ανοιχτός, αρχείο, φάκελος
🗂	διαχωριστικά, διαχωριστικά ευρετηρίου καρτών, ευρετήριο, κάρτα
📅	ημερολόγιο, ημερομηνία
📆	ημερολόγιο, ημερολόγιο με αποσπώμενες σελίδες
🗒	σημείωμα, σημειωματάριο, σπιράλ, σπιράλ σημειωματάριο
🗓	ημερολόγιο, σημειωματάριο, σπιράλ, σπιράλ ημερολόγιο
📇	ευρετήριο, ευρετήριο καρτών, κάρτα
📈	ανοδικό γράφημα, αύξηση, γράφημα, διάγραμμα, τάση
📉	γράφημα, διάγραμμα, καθοδικό γράφημα, μείωση, τάση
📊	γράφημα, γράφημα ράβδων, γραμμή, διάγραμμα
📋	πρόχειρο
📌	πινέζα
📍	πινέζα, στρογγυλοκέφαλη πινέζα
📎	συνδετήρας
🖇	ενωμένοι συνδετήρες, ενωμένος, συνδετήρας
📏	ίσια άκρη, ίσιος χάρακας, χάρακας
📐	σετ, τρίγωνο, τριγωνικός χάρακας, χάρακας
✂	εργαλείο, κοπή, ψαλίδι
🗃	αρχείο, κάρτα, καρτελοθήκη, κουτί
🗄	αρχείο, αρχειοθήκη, συρτάρι
🗑	κάδος αχρήστων, καλάθι αχρήστων
🔒	κλειδωμένο, κλειστό
🔓	ανοιχτό, κλείδωμα, κλειδαριά, ξεκλείδωτο
🔏	απόρρητο, κλειδαριά, κλειδαριά με πένα, μελάνι, πένα, στιλό
🔐	ασφαλίζω, κλειδί, κλειδαριά, κλειδωμένο με κλειδί, κλειστό
🔑	κλειδί, κλειδώνω, κωδικός πρόσβασης
🗝	κλειδί, κλειδώνω, παλιό, παλιό κλειδί, στοιχείο
🔨	εργαλείο, σφυρί
⛏	αξίνα, εξόρυξη, εργαλείο
⚒	αξίνα, εργαλείο, σφυρί, σφυρί και αξίνα
🛠	εργαλείο, κλειδί, σφυρί, σφυρί και γαλλικό κλειδί
🗡	μαχαίρι, στιλέτο, όπλο
⚔	σπαθιά, σταυρωτά, σταυρωτά σπαθιά, όπλο
🔫	εργαλείο, περίστροφο, πιστόλι, ρεβόλβερ, όπλο
🏹	Τοξότης, βέλος, εργαλείο, ζώδιο, τοξοβόλος, τοξότης, τόξο, τόξο και βέλος, όπλο
🛡	ασπίδα, όπλο
🔧	γαλλικό κλειδί, εργαλείο
🔩	βίδα, βίδα και παξιμάδι, εργαλείο, παξιμάδι
⚙	γρανάζι, εργαλείο, οδοντωτός τροχός
🗜	εργαλείο, πρέσα, σφίγγω, σφιγκτήρας
⚖	Ζυγός, δικαιοσύνη, ζυγίζω, ζυγαριά, ζυγός, ζώδιο, ισορροπία
🔗	κρίκος, σύνδεσμος
⛓	αλυσίδα, αλυσίδες
🧰	εργαλείο, εργαλειοθήκη, μηχανικός, μπαούλο
🧲	έλξη, μαγνήτης, μαγνητικό, πέταλο
⚗	αποστακτήριο, εργαλείο, χημεία
🧪	δοκιμαστικός σωλήνας, επιστήμη, εργαστήριο, πείραμα, χημεία, χημικός
🧫	βακτήρια, βιολογία, βιολόγος, εργαστήριο, καλλιέργεια, τρυβλίο καλλιέργειας
🧬	dna, βιολόγος, γενετικός, γονίδια, εξέλιξη, ζωή
🔬	επιστήμη, εργαλείο, μικροσκόπιο
🔭	επιστήμη, εργαλείο, τηλεσκόπιο
📡	δορυφορική, δορυφορική κεραία, κεραία, πιάτο
💉	άρρωστος, ένεση, βελόνα, γιατρός, εργαλείο, σύριγγα, φάρμακο
💊	άρρωστος, γιατρός, φάρμακο, χάπι
🚪	πόρτα
🛏	κρεβάτι, ξενοδοχείο, ύπνος
🛋	καναπές, καναπές και φωτιστικό, ξενοδοχείο, φωτιστικό
🚽	λεκάνη, τουαλέτα
🚿	νερό, ντους
🛁	μπανιέρα
🧴	αντιηλιακό, ενυδατική, λοσιόν, μπουκάλι λοσιόν, σαμπουάν
🧷	πάνα, πανκ ροκ, παραμάνα
🧹	καθάρισμα, μάγισσα, σκούπα, σκούπισμα
🧺	γεωργία, καλάθι, πικνικ, πλυντήριο
🧻	ρολό χαρτί, χαρτί κουζίνας, χαρτί υγείας
🧼	καθάρισμα, μπάνιο, πλάκα, σαπουνίζω, σαπουνοθήκη, σαπούνι
🧽	απορροφητικό, καθάρισμα, πορώδης, σφουγγάρι
🧯	κατασβήνω, πυροσβεστήρας, σβήνω, φωτιά
🛒	αγορές, καλάθι, καρότσι αγορών, ψώνια
🚬	κάπνισμα, τσιγάρο
⚰	θάνατος, φέρετρο
⚱	θάνατος, κηδεία, στάχτες, τεφροδόχος
🗿	άγαλμα, μοάι, πρόσωπο
🏧	ATM, αυτοματοποιημένο, αυτόματο, σήμα ATM, τράπεζα
🚮	απορρίμματα, κάδος απορριμμάτων, κάδος σκουπιδιών, σήμα ρίψης απορριμμάτων σε κάδο, σήμα ρίψης σκουπιδιών σε κάδο
🚰	νερό, πίνω, πόσιμο, πόσιμο νερό
♿	αναπηρικό αμαξίδιο, αναπηρικό καροτσάκι, πρόσβαση
🚹	WC, άνδρας, τουαλέτα, τουαλέτα ανδρών, τουαλέτα αντρών
🚺	WC, γυναίκα, τουαλέτα, τουαλέτα γυναικών
🚻	WC, δημόσια τουαλέτα, δημόσιες τουαλέτες, τουαλέτα, τουαλέτες
🚼	αλλάζω, μωρό, σύμβολο μωρού
🚾	WC, τουαλέτα, τουαλέτες
🛂	έλεγχος, έλεγχος διαβατηρίων, διαβατήριο
🛃	τελωνείο
🛄	αποσκευές, παραλαβή, παραλαβή αποσκευών
🛅	αποσκευές, βαλίτσες, ντουλάπι, φοριαμός, φύλαξη αποσκευών
⚠	προειδοποίηση
🚸	διάβαση, διάβαση παιδιών, κίνηση, παιδί, πεζός
⛔	απαγορευμένο, απαγορεύεται, απαγορεύεται η είσοδος, είσοδος, κίνηση
🚫	απαγορευμένο, απαγορεύεται, είσοδος
🚳	απαγορευμένο, απαγορεύεται, απαγορεύονται τα ποδήλατα, ποδήλατο
🚭	απαγορευμένο, απαγορεύεται, απαγορεύεται το κάπνισμα, κάπνισμα
🚯	απαγορεύεται, απαγορεύεται η ρίψη απορριμμάτων, απαγορεύεται η ρίψη σκουπιδιών, απορρίμματα, σκουπίδια
🚱	μη πόσιμο νερό, νερό
🚷	απαγορευμένο, απαγορεύεται, απαγορεύεται η διάβαση πεζών, απαγορεύονται οι πεζοί, πεζός
📵	απαγορεύεται, απαγορεύεται η χρήση κινητού, απαγορεύονται τα κινητά, κινητό, τηλέφωνο
🔞	18, απαγορεύεται, ηλικιακός περιορισμός, κάτω από το όριο ηλικίας, μόνο άνω των 18, μόνο άνω των δεκαοκτώ
☢	ραδιενέργεια, σήμα
☣	βιολογικός κίνδυνος, σήμα
⬆	απόλυτη, βέλος, βόρεια, κατεύθυνση, πάνω βέλος
↗	βέλος, βορειοανατολικά, ενδιάμεση, κατεύθυνση, πάνω δεξιό βέλος
➡	ανατολικά, απόλυτη, βέλος, δεξιό βέλος, κατεύθυνση
↘	βέλος, ενδιάμεση, κάτω δεξιό βέλος, κατεύθυνση, νοτιοανατολικά
⬇	απόλυτη, βέλος, κάτω, κάτω βέλος, κατεύθυνση, νότια
↙	βέλος, ενδιάμεση, κάτω αριστερό βέλος, κατεύθυνση, νοτιοδυτικά
⬅	απόλυτη, αριστερό βέλος, βέλος, δυτικά, κατεύθυνση
↖	βέλος, βορειοδυτικά, ενδιάμεση, κατεύθυνση, πάνω αριστερό βέλος
↕	βέλος, πάνω κάτω βέλος
↔	αριστερό δεξιό βέλος, βέλος
↩	βέλος, δεξιό βέλος που στρίβει αριστερά
↪	αριστερό βέλος που στρίβει δεξιά, βέλος
⤴	βέλος, δεξιό βέλος που στρίβει πάνω
⤵	βέλος, δεξιό βέλος που στρίβει κάτω, κάτω
🔃	βέλος, δεξιόστροφα κάθετα βέλη, δεξιόστροφο, επαναφόρτωση
🔄	αντίστροφα, αριστερόστροφο, βέλος, κουμπί αριστερόστροφων βελών
🔙	βέλος, βέλος BACK, πίσω
🔚	βέλος, βέλος END, τέλος
🔛	βέλος, βέλος ON!, ενεργοποίηση, σήμα
🔜	βέλος, βέλος SOON, σύντομα
🔝	βέλος, βέλος TOP, επάνω, κορυφή
🛐	θρησκεία, λατρεία, τόπος λατρείας
⚛	άθεος, άτομο, σύμβολο ατόμου
🕉	θρησκεία, ινδουιστικό, σύμβολο ομ
✡	Δαβίδ, άστρο του Δαβίδ, αστέρι, εβραϊκό, θρησκεία
☸	βουδιστικός, θρησκεία, ντάρμα, τροχός, τροχός ντάρμα
☯	γιανγκ, γιν, γιν γιανγκ, θρησκεία, τάο, ταοϊστικός
✝	θρησκεία, λατινικός σταυρός, σταυρός, χριστιανικός
☦	θρησκεία, ορθόδοξος σταυρός, σταυρός, χριστιανικός
☪	αστέρι και ημισέληνος, θρησκεία, ισλάμ, μουσουλμανικός
☮	ειρήνη, σύμβολο ειρήνης
🕎	επτάφωτη λυχνία, θρησκεία, κηροπήγιο, μενορά
🔯	αστέρι, εξάλφα με σημάδι, τύχη
♈	Κριός, ζώδιο
♉	Ταύρος, βόδι, ζώδιο
♊	Δίδυμοι, ζώδιο
♋	Καρκίνος, ζώδιο
♌	Λέων, ζώδιο, λιοντάρι
♍	Παρθένος, ζώδιο
♎	Ζυγός, δικαιοσύνη, ζυγαριά, ζώδιο
♏	Σκορπιός (ζώδιο), ζώδιο, σκορπιός
♐	Τοξότης, ζώδιο
♑	Αιγόκερως, ζώδιο
♒	Υδροχόος, ζώδιο, κομιστής, νερό
♓	Ιχθύες, Ιχθύς, ζώδιο, ψάρι, ψάρια
⛎	Οφιούχος, ζώδιο, φίδι
🔀	βέλος, κουμπί αναπαραγωγής σε τυχαία σειρά, κουμπί τυχαίας αναπαραγωγής, σταυρωτά
🔁	βέλος, δεξιόστροφο, επανάληψη, κουμπί επανάληψης
🔂	βέλος, δεξιόστροφο, κουμπί επανάληψης ενός, μία φορά
▶	αναπαραγωγή, βέλος, δεξιό, κουμπί αναπαραγωγής, τρίγωνο
⏩	βέλος, γρήγορη, διπλό, κουμπί γρήγορης προώθησης
⏭	βέλος, επόμενη σκηνή, επόμενο κομμάτι, κουμπί επόμενου κομματιού, τρίγωνο
⏯	αναπαραγωγή, βέλος, δεξιά, κουμπί αναπαραγωγής ή παύσης, παύση, τρίγωνο
◀	αντιστροφή, αριστερά, βέλος, κουμπί επαναφοράς, τρίγωνο
⏪	βέλος, διπλό, επαναφορά, κουμπί γρήγορης επαναφοράς
⏮	βέλος, κουμπί τελευταίου κομματιού, προηγούμενη σκηνή, προηγούμενο κομμάτι, τρίγωνο
🔼	βέλος, κουμπί, κουμπί πάνω, κόκκινο
⏫	βέλος, διπλό, κουμπί πάνω γρήγορα
🔽	βέλος, κάτω, κουμπί, κουμπί κάτω, κόκκινο
⏬	βέλος, διπλό, κάτω, κουμπί κάτω γρήγορα
⏸	γραμμή, διπλή, κάθετη, κουμπί παύσης, παύση
⏹	διακοπή, κουμπί διακοπής, τετράγωνο
⏺	εγγραφή, κουμπί εγγραφής, κύκλος
⏏	εξαγωγή, κουμπί εξαγωγής
🎦	κάμερα, κινηματογράφος, ταινία, φιλμ
🔅	κουμπί μείωσης φωτισμού, φωτεινότητα, φωτισμός, χαμηλός
🔆	κουμπί αύξησης φωτισμού, φωτεινός, φωτεινότητα
📶	γραμμές ισχύος σήματος, γραμμή, κεραία, κινητό, σήμα
📳	δόνηση, κινητό, λειτουργία, λειτουργία δόνησης, τηλέφωνο
📴	απενεργοποιημένο, κινητό, κινητό απενεργοποιημένο, τηλέφωνο
♀	γυναίκα, θηλυκό
♂	άντρας, αρσενικό
⚕	ιατρική, ιατρικό σύμβολο, ράβδος, σύμβολο
♾	άπειρο, αιώνια, απεριόριστα, για πάντα, καθολικό
♻	ανακυκλώνω, σύμβολο ανακύκλωσης
⚜	άνθος του κρίνου, έμβλημα, έμβλημα με κρίνο, κρίνο, σύμβολο
🔱	άγκυρα, έμβλημα, έμβλημα τρίαινας, εργαλείο, πλοίο, τρίαινα
📛	κάρτα με όνομα, σήμα, ταμπέλα ονόματος, όνομα
🔰	αρχάριος, διάσημα, ιαπωνικό, ιαπωνικό σύμβολο για αρχάριους, φύλλο
⭕	έντονος μεγάλος κύκλος, κύκλος, ο
✅	επιλογή, λευκό σήμα επιλογής σε πλαίσιο, σημάδι
☑	επιλογή, κάλπη, κουτί, πλαίσιο επιλογής με σήμα επιλογής
✔	έντονο σήμα επιλογής, επιλογή, σημάδι
✖	x, έντονο σύμβολο x, ακύρωση, πολλαπλασιάζω, πολλαπλασιασμός
❌	x, ακύρωση, πολλαπλασιάζω, πολλαπλασιασμός, σημάδι, σημάδι x
❎	κουμπί σημαδιού x, σημάδι, τετράγωνο
➕	έντονο σύμβολο πρόσθεσης, μαθηματικά, συν
➖	έντονο σύμβολο αφαίρεσης, μαθηματικά, μείον, πλην
➗	έντονο σύμβολο διαίρεσης, διαίρεση, μαθηματικά
➰	βρόγχος, βρόχος, μπούκλα
➿	βρόγχος, διπλός, διπλός βρόχος, μπούκλα
〽	σημάδι, σύμβολο εναλλαγής μέρους, τμήμα
✳	αστερίσκος, οκτάκτινος αστερίσκος
✴	αστέρι, τετράκτινο αστέρι
❇	λάμψη, σπινθήρας
‼	διπλό θαυμαστικό, θαυμαστικό, θόρυβος, σημείο, στίξη
⁉	ερωτηματικό, ερώτηση, θαυμαστικό, θαυμαστικό με ερωτηματικό, σημείο, στίξη
❓	ερωτηματικό, ερώτηση, σημείο, στίξη
❔	αχνό, ερώτηση, λευκό ερωτηματικό, σημείο, στίξη
❕	αχνό, θαυμαστικό, λευκό θαυμαστικό, σημείο, στίξη
❗	θαυμαστικό, σημείο, στίξη
〰	κυματιστή παύλα, κυματιστό, παύλα, στίξη
©	πνευματική ιδιοκτησία
®	αναγνωρισμένο, επώνυμο, σήμα κατατεθέν
™	εμπορικό σήμα, σήμα
💯	100, βαθμολογία, εκατό, εκατό πόντοι, πλήρες
🔠	γράμματα, εισαγωγή, κεφαλαία, κεφαλαία λατινικά, λατινικά
🔡	abcd, γράμματα, εισαγωγή, λατινικά, πεζά, πεζά λατινικά
🔢	1234, αριθμοί, εισαγωγή
🔣	εισαγωγή, σύμβολα
🔤	abc, αλφάβητος, γράμματα, εισαγωγή, λατινικά, λατινικά γράμματα
🅰	a, κουμπί Α (ομάδα αίματος), ομάδα αίματος
🆎	ab, κουμπί ΑΒ (ομάδα αίματος), ομάδα αίματος
🅱	b, κουμπί Β (ομάδα αίματος), ομάδα αίματος
🆑	cl, κουμπί CL
🆒	cool, κουμπί COOL, τέλεια
🆓	free, δωρεάν, κουμπί FREE
ℹ	i, πληροφορίες
🆔	id, κουμπί ID, ταυτότητα
Ⓜ	M σε κύκλο, m, κύκλος
🆕	new, κουμπί NEW, νέο
🆖	ng, κουμπί NG
🅾	o, κουμπί O (ομάδα αίματος), ομάδα αίματος
🆗	OK, κουμπί OK
🅿	κουμπί P, πάρκινγκ
🆘	sos, βοήθεια, κουμπί SOS
🆙	up, κουμπί UP!, πάνω, σήμα
🆚	vs, εναντίον, κουμπί VS
🈁	ιαπωνικό, ιδεόγραμμα εδώ σε τετράγωνο
🈂	ιαπωνικό, ιδεόγραμμα χρέωσης υπηρεσίας σε τετράγωνο
🈷	ιαπωνικό, ιδεόγραμμα μηνιαίου ποσού σε τετράγωνο
🈶	ιαπωνικό, ιδεόγραμμα επί πληρωμή σε τετράγωνο
🈯	ιαπωνικό, ιδεόγραμμα κράτησης σε τετράγωνο
🉐	ιαπωνικό, ιδεόγραμμα προσφοράς σε τετράγωνο
🈹	ιαπωνικό, ιδεόγραμμα έκπτωσης σε τετράγωνο
🈚	ιαπωνικό, ιδεόγραμμα δωρεάν σε τετράγωνο
🈲	ιαπωνικό, ιδεόγραμμα απαγόρευσης σε τετράγωνο
🉑	ιαπωνικό, ιδεόγραμμα αποδοχής σε κύκλο
🈸	ιαπωνικό, ιδεόγραμμα εφαρμογής σε τετράγωνο
🈴	ιαπωνικό, ιδεόγραμμα βαθμού βάσης σε τετράγωνο
🈳	ιαπωνικό, ιδεόγραμμα μη πληρότητας σε τετράγωνο
㊗	ιαπωνικό, ιδεόγραμμα συγχαρητηρίων σε κύκλο
㊙	ιαπωνικό, ιδεόγραμμα μυστικού σε κύκλο
🈺	ιαπωνικό, ιδεόγραμμα λειτουργίας σε τετράγωνο
🈵	ιαπωνικό, ιδεόγραμμα πληρότητας σε τετράγωνο
🔴	γεωμετρικό, κόκκινο, κόκκινος κύκλος, κύκλος
🔵	γεωμετρικό, κύκλος, μπλε, μπλε κύκλος
⚪	γεωμετρικό, κύκλος, λευκός κύκλος
⚫	γεωμετρικό, κύκλος, μαύρος κύκλος
⬜	γεωμετρικό, μεγάλο λευκό τετράγωνο, τετράγωνο
⬛	γεωμετρικό, μεγάλο μαύρο τετράγωνο, τετράγωνο
◼	γεωμετρικό, μεσαίο μαύρο τετράγωνο, τετράγωνο
◻	γεωμετρικό, μεσαίο λευκό τετράγωνο, τετράγωνο
◽	γεωμετρικό, μικρομεσαίο λευκό τετράγωνο, τετράγωνο
◾	γεωμετρικό, μικρομεσαίο μαύρο τετράγωνο, τετράγωνο
▫	γεωμετρικό, μικρό λευκό τετράγωνο, τετράγωνο
▪	γεωμετρικό, μικρό μαύρο τετράγωνο, τετράγωνο
🔶	γεωμετρικό, διαμάντι, μεγάλος πορτοκαλί ρόμβος, πορτοκαλί
🔷	γεωμετρικό, διαμάντι, μεγάλος μπλε ρόμβος, μπλε
🔸	γεωμετρικό, διαμάντι, μικρός πορτοκαλί ρόμβος, πορτοκαλί
🔹	γεωμετρικό, διαμάντι, μικρός μπλε ρόμβος, μπλε
🔺	γεωμετρικό, κόκκινο, κόκκινο τρίγωνο πάνω
🔻	γεωμετρικό, κάτω, κόκκινο, κόκκινο τρίγωνο κάτω
💠	γεωμετρικό, διαμάντι, κόμικ, μέσα, ρόμβος με τελεία
🔘	γεωμετρικό, κουμπί, στρογγυλό κουμπί
🔲	γεωμετρικό, κουμπί, μαύρο τετράγωνο κουμπί, τετράγωνο
🔳	γεωμετρικό, κουμπί, λευκό τετράγωνο κουμπί, με περίγραμμα, τετράγωνο
🏁	αγώνας, αγώνες, καρό, καρό σημαία, σημαία τερματισμού
🚩	αλληλογραφία, τριγωνική σημαία
🎌	γιορτή, ιαπωνικό, σταυρωτές, σταυρωτές σημαίες, σταυρός
🏴	κυματίζει, μαύρη σημαία
🏳	κυματίζει, λευκή σημαία
🏳‍🌈	ουράνιο τόξο, σημαία ουράνιου τόξου
🏴‍☠	Τζόλι Ρότζερ, θησαυρός, λάφυρα, πειρατής, πειρατική σημαία
