ğŸ»	light skin tone, skin tone, type 1â€“2
ğŸ¼	medium-light skin tone, skin tone, type 3
ğŸ½	medium skin tone, skin tone, type 4
ğŸ¾	medium-dark skin tone, skin tone, type 5
ğŸ¿	dark skin tone, skin tone, type 6
ğŸ˜€	face, grin, grinning face
ğŸ˜	beaming face with smiling eyes, eye, face, grin, smile
ğŸ˜‚	face, face with tears of joy, joy, laugh, tear
ğŸ¤£	face, floor, laugh, rolling, rolling on the floor laughing
ğŸ˜ƒ	face, grinning face with big eyes, mouth, open, smile
ğŸ˜„	eye, face, grinning face with smiling eyes, mouth, open, smile
ğŸ˜…	cold, face, grinning face with sweat, open, smile, sweat
ğŸ˜†	face, grinning squinting face, laugh, mouth, satisfied, smile
ğŸ˜‰	face, wink, winking face
ğŸ˜Š	blush, eye, face, smile, smiling face with smiling eyes
ğŸ˜‹	delicious, face, face savoring food, savouring, smile, yum
ğŸ˜	bright, cool, face, smiling face with sunglasses, sun, sunglasses
ğŸ˜	eye, face, love, smile, smiling face with heart-eyes
ğŸ˜˜	face, face blowing a kiss, kiss
ğŸ¥°	adore, crush, in love, smiling face with 3 hearts
ğŸ˜—	face, kiss, kissing face
ğŸ˜™	eye, face, kiss, kissing face with smiling eyes, smile
ğŸ˜š	closed, eye, face, kiss, kissing face with closed eyes
â˜º	face, outlined, relaxed, smile, smiling face
ğŸ™‚	face, slightly smiling face, smile
ğŸ¤—	face, hug, hugging, hugging face
ğŸ¤©	eyes, face, grinning, star, star-struck
ğŸ¤”	face, thinking, thinking face
ğŸ¤¨	distrust, face with raised eyebrow, skeptic
ğŸ˜	deadpan, face, meh, neutral, neutral face
ğŸ˜‘	expressionless, expressionless face, face, inexpressive, meh, unexpressive
ğŸ˜¶	face, face without mouth, mouth, quiet, silent
ğŸ™„	eyeroll, eyes, face, face with rolling eyes, rolling
ğŸ˜	face, smirk, smirking face
ğŸ˜£	face, persevere, persevering face
ğŸ˜¥	disappointed, face, relieved, sad but relieved face, whew
ğŸ˜®	face, face with open mouth, mouth, open, sympathy
ğŸ¤	face, mouth, zipper, zipper-mouth face
ğŸ˜¯	face, hushed, hushed face, stunned, surprised
ğŸ˜ª	face, sleep, sleepy face
ğŸ˜«	face, tired, tired face
ğŸ˜´	face, sleep, sleeping face, zzz
ğŸ˜Œ	face, relieved, relieved face
ğŸ˜›	face, face with tongue, tongue
ğŸ˜œ	eye, face, joke, tongue, wink, winking face with tongue
ğŸ˜	eye, face, horrible, squinting face with tongue, taste, tongue
ğŸ¤¤	drooling, drooling face, face
ğŸ˜’	face, unamused, unamused face, unhappy
ğŸ˜“	cold, downcast face with sweat, face, sweat
ğŸ˜”	dejected, face, pensive, pensive face
ğŸ˜•	confused, confused face, face, meh
ğŸ™ƒ	face, upside-down, upside-down face
ğŸ¤‘	face, money, money-mouth face, mouth
ğŸ˜²	astonished, astonished face, face, shocked, totally
â˜¹	face, frown, frowning face
ğŸ™	face, frown, slightly frowning face
ğŸ˜–	confounded, confounded face, face
ğŸ˜	disappointed, disappointed face, face
ğŸ˜Ÿ	face, worried, worried face
ğŸ˜¤	face, face with steam from nose, triumph, won
ğŸ˜¢	cry, crying face, face, sad, tear
ğŸ˜­	cry, face, loudly crying face, sad, sob, tear
ğŸ˜¦	face, frown, frowning face with open mouth, mouth, open
ğŸ˜§	anguished, anguished face, face
ğŸ˜¨	face, fear, fearful, fearful face, scared
ğŸ˜©	face, tired, weary, weary face
ğŸ¤¯	exploding head, shocked
ğŸ˜¬	face, grimace, grimacing face
ğŸ˜°	anxious face with sweat, blue, cold, face, rushed, sweat
ğŸ˜±	face, face screaming in fear, fear, munch, scared, scream
ğŸ¥µ	feverish, heat stroke, hot, hot face, red-faced, sweating
ğŸ¥¶	blue-faced, cold, cold face, freezing, frostbite, icicles
ğŸ˜³	dazed, face, flushed, flushed face
ğŸ¤ª	eye, goofy, large, small, zany face
ğŸ˜µ	dizzy, dizzy face, face
ğŸ˜¡	angry, face, mad, pouting, pouting face, rage, red
ğŸ˜ 	angry, angry face, face, mad
ğŸ¤¬	face with symbols on mouth, swearing
ğŸ˜·	cold, doctor, face, face with medical mask, mask, sick
ğŸ¤’	face, face with thermometer, ill, sick, thermometer
ğŸ¤•	bandage, face, face with head-bandage, hurt, injury
ğŸ¤¢	face, nauseated, nauseated face, vomit
ğŸ¤®	face vomiting, sick, vomit
ğŸ¤§	face, gesundheit, sneeze, sneezing face
ğŸ˜‡	angel, face, fantasy, halo, innocent, smiling face with halo
ğŸ¤ 	cowboy, cowboy hat face, cowgirl, face, hat
ğŸ¥³	celebration, hat, horn, party, partying face
ğŸ¥´	dizzy, intoxicated, tipsy, uneven eyes, wavy mouth, woozy face
ğŸ¥º	begging, mercy, pleading face, puppy eyes
ğŸ¤¥	face, lie, lying face, pinocchio
ğŸ¤«	quiet, shush, shushing face
ğŸ¤­	face with hand over mouth, whoops
ğŸ§	face with monocle, stuffy
ğŸ¤“	face, geek, nerd, nerd face
ğŸ˜ˆ	face, fairy tale, fantasy, horns, smile, smiling face with horns
ğŸ‘¿	angry face with horns, demon, devil, face, fantasy, imp
ğŸ¤¡	clown, clown face, face
ğŸ‘¹	creature, face, fairy tale, fantasy, monster, ogre
ğŸ‘º	creature, face, fairy tale, fantasy, goblin, monster
ğŸ’€	death, face, fairy tale, monster, skull
â˜ 	crossbones, death, face, monster, skull, skull and crossbones
ğŸ‘»	creature, face, fairy tale, fantasy, ghost, monster
ğŸ‘½	alien, creature, extraterrestrial, face, fantasy, ufo
ğŸ‘¾	alien, alien monster, creature, extraterrestrial, face, monster, ufo
ğŸ¤–	face, monster, robot, robot face
ğŸ’©	dung, face, monster, pile of poo, poo, poop
ğŸ˜º	cat, face, grinning cat face, mouth, open, smile
ğŸ˜¸	cat, eye, face, grin, grinning cat face with smiling eyes, smile
ğŸ˜¹	cat, cat face with tears of joy, face, joy, tear
ğŸ˜»	cat, eye, face, love, smile, smiling cat face with heart-eyes
ğŸ˜¼	cat, cat face with wry smile, face, ironic, smile, wry
ğŸ˜½	cat, eye, face, kiss, kissing cat face
ğŸ™€	cat, face, oh, surprised, weary, weary cat face
ğŸ˜¿	cat, cry, crying cat face, face, sad, tear
ğŸ˜¾	cat, face, pouting, pouting cat face
ğŸ™ˆ	evil, face, forbidden, monkey, see, see-no-evil monkey
ğŸ™‰	evil, face, forbidden, hear, hear-no-evil monkey, monkey
ğŸ™Š	evil, face, forbidden, monkey, speak, speak-no-evil monkey
ğŸ‘¶	baby, young
ğŸ§’	child, gender-neutral, unspecified gender, young
ğŸ‘¦	boy, young
ğŸ‘§	Virgo, girl, young, zodiac
ğŸ§‘	adult, gender-neutral, person, unspecified gender
ğŸ‘±	blond, blond-haired person, person: blond hair
ğŸ‘¨	adult, man
ğŸ‘±â€â™‚	blond, blond-haired man, man, man: blond hair
ğŸ§”	beard, man: beard, person
ğŸ‘©	adult, woman
ğŸ‘±â€â™€	blond-haired woman, blonde, woman, woman: blond hair
ğŸ§“	adult, gender-neutral, old, older person, unspecified gender
ğŸ‘´	adult, man, old, old man
ğŸ‘µ	adult, old, old woman, woman
ğŸ‘¨â€âš•	doctor, healthcare, man, man health worker, nurse, therapist
ğŸ‘©â€âš•	doctor, healthcare, nurse, therapist, woman, woman health worker
ğŸ‘¨â€ğŸ“	graduate, man, man student, student
ğŸ‘©â€ğŸ“	graduate, student, woman, woman student
ğŸ‘¨â€ğŸ«	instructor, man, man teacher, professor, teacher
ğŸ‘©â€ğŸ«	instructor, professor, teacher, woman, woman teacher
ğŸ‘¨â€âš–	justice, man, man judge, scales
ğŸ‘©â€âš–	judge, scales, woman, woman judge
ğŸ‘¨â€ğŸŒ¾	farmer, gardener, man, man farmer, rancher
ğŸ‘©â€ğŸŒ¾	farmer, gardener, rancher, woman, woman farmer
ğŸ‘¨â€ğŸ³	chef, cook, man, man cook
ğŸ‘©â€ğŸ³	chef, cook, woman, woman cook
ğŸ‘¨â€ğŸ”§	electrician, man, man mechanic, mechanic, plumber, tradesperson
ğŸ‘©â€ğŸ”§	electrician, mechanic, plumber, tradesperson, woman, woman mechanic
ğŸ‘¨â€ğŸ­	assembly, factory, industrial, man, man factory worker, worker
ğŸ‘©â€ğŸ­	assembly, factory, industrial, woman, woman factory worker, worker
ğŸ‘¨â€ğŸ’¼	architect, business, man, man office worker, manager, white-collar
ğŸ‘©â€ğŸ’¼	architect, business, manager, white-collar, woman, woman office worker
ğŸ‘¨â€ğŸ”¬	biologist, chemist, engineer, man, man scientist, physicist, scientist
ğŸ‘©â€ğŸ”¬	biologist, chemist, engineer, physicist, scientist, woman, woman scientist
ğŸ‘¨â€ğŸ’»	coder, developer, inventor, man, man technologist, software, technologist
ğŸ‘©â€ğŸ’»	coder, developer, inventor, software, technologist, woman, woman technologist
ğŸ‘¨â€ğŸ¤	actor, entertainer, man, man singer, rock, singer, star
ğŸ‘©â€ğŸ¤	actor, entertainer, rock, singer, star, woman, woman singer
ğŸ‘¨â€ğŸ¨	artist, man, man artist, palette
ğŸ‘©â€ğŸ¨	artist, palette, woman, woman artist
ğŸ‘¨â€âœˆ	man, man pilot, pilot, plane
ğŸ‘©â€âœˆ	pilot, plane, woman, woman pilot
ğŸ‘¨â€ğŸš€	astronaut, man, man astronaut, rocket
ğŸ‘©â€ğŸš€	astronaut, rocket, woman, woman astronaut
ğŸ‘¨â€ğŸš’	firefighter, firetruck, man, man firefighter
ğŸ‘©â€ğŸš’	firefighter, firetruck, woman, woman firefighter
ğŸ‘®	cop, officer, police, police officer
ğŸ‘®â€â™‚	cop, man, man police officer, officer, police
ğŸ‘®â€â™€	cop, officer, police, woman, woman police officer
ğŸ•µ	detective, sleuth, spy
ğŸ•µâ€â™‚	detective, man, man detective, sleuth, spy
ğŸ•µâ€â™€	detective, sleuth, spy, woman, woman detective
ğŸ’‚	guard
ğŸ’‚â€â™‚	guard, man, man guard
ğŸ’‚â€â™€	guard, woman, woman guard
ğŸ‘·	construction, construction worker, hat, worker
ğŸ‘·â€â™‚	construction, man, man construction worker, worker
ğŸ‘·â€â™€	construction, woman, woman construction worker, worker
ğŸ¤´	prince
ğŸ‘¸	fairy tale, fantasy, princess
ğŸ‘³	person wearing turban, turban
ğŸ‘³â€â™‚	man, man wearing turban, turban
ğŸ‘³â€â™€	turban, woman, woman wearing turban
ğŸ‘²	gua pi mao, hat, man, man with Chinese cap
ğŸ§•	headscarf, hijab, mantilla, tichel, woman with headscarf
ğŸ¤µ	groom, man, man in tuxedo, tuxedo
ğŸ‘°	bride, bride with veil, veil, wedding
ğŸ¤°	pregnant, pregnant woman, woman
ğŸ¤±	baby, breast, breast-feeding, nursing
ğŸ‘¼	angel, baby, baby angel, face, fairy tale, fantasy
ğŸ…	Christmas, Santa Claus, celebration, claus, father, santa
ğŸ¤¶	Christmas, Mrs., Mrs. Claus, celebration, claus, mother
ğŸ¦¸	good, hero, heroine, superhero, superpower
ğŸ¦¸â€â™€	good, hero, heroine, superpower, woman, woman superhero
ğŸ¦¸â€â™‚	good, hero, man, man superhero, superpower
ğŸ¦¹	criminal, evil, superpower, supervillain, villain
ğŸ¦¹â€â™€	criminal, evil, superpower, villain, woman, woman supervillain
ğŸ¦¹â€â™‚	criminal, evil, man, man supervillain, superpower, villain
ğŸ§™	mage, sorcerer, sorceress, witch, wizard
ğŸ§™â€â™€	sorceress, witch, woman mage
ğŸ§™â€â™‚	man mage, sorcerer, wizard
ğŸ§š	Oberon, Puck, Titania, fairy
ğŸ§šâ€â™€	Titania, woman fairy
ğŸ§šâ€â™‚	Oberon, Puck, man fairy
ğŸ§›	Dracula, undead, vampire
ğŸ§›â€â™€	undead, woman vampire
ğŸ§›â€â™‚	Dracula, man vampire, undead
ğŸ§œ	mermaid, merman, merperson, merwoman
ğŸ§œâ€â™€	mermaid, merwoman
ğŸ§œâ€â™‚	Triton, merman
ğŸ§	elf, magical
ğŸ§â€â™€	magical, woman elf
ğŸ§â€â™‚	magical, man elf
ğŸ§	djinn, genie
ğŸ§â€â™€	djinn, woman genie
ğŸ§â€â™‚	djinn, man genie
ğŸ§Ÿ	undead, walking dead, zombie
ğŸ§Ÿâ€â™€	undead, walking dead, woman zombie
ğŸ§Ÿâ€â™‚	man zombie, undead, walking dead
ğŸ™	frown, gesture, person frowning
ğŸ™â€â™‚	frowning, gesture, man, man frowning
ğŸ™â€â™€	frowning, gesture, woman, woman frowning
ğŸ™	gesture, person pouting, pouting
ğŸ™â€â™‚	gesture, man, man pouting, pouting
ğŸ™â€â™€	gesture, pouting, woman, woman pouting
ğŸ™…	forbidden, gesture, hand, person gesturing NO, prohibited
ğŸ™…â€â™‚	forbidden, gesture, hand, man, man gesturing NO, prohibited
ğŸ™…â€â™€	forbidden, gesture, hand, prohibited, woman, woman gesturing NO
ğŸ™†	OK, gesture, hand, person gesturing OK
ğŸ™†â€â™‚	OK, gesture, hand, man, man gesturing OK
ğŸ™†â€â™€	OK, gesture, hand, woman, woman gesturing OK
ğŸ’	hand, help, information, person tipping hand, sassy, tipping
ğŸ’â€â™‚	man, man tipping hand, sassy, tipping hand
ğŸ’â€â™€	sassy, tipping hand, woman, woman tipping hand
ğŸ™‹	gesture, hand, happy, person raising hand, raised
ğŸ™‹â€â™‚	gesture, man, man raising hand, raising hand
ğŸ™‹â€â™€	gesture, raising hand, woman, woman raising hand
ğŸ™‡	apology, bow, gesture, person bowing, sorry
ğŸ™‡â€â™‚	apology, bowing, favor, gesture, man, man bowing, sorry
ğŸ™‡â€â™€	apology, bowing, favor, gesture, sorry, woman, woman bowing
ğŸ¤¦	disbelief, exasperation, face, palm, person facepalming
ğŸ¤¦â€â™‚	disbelief, exasperation, facepalm, man, man facepalming
ğŸ¤¦â€â™€	disbelief, exasperation, facepalm, woman, woman facepalming
ğŸ¤·	doubt, ignorance, indifference, person shrugging, shrug
ğŸ¤·â€â™‚	doubt, ignorance, indifference, man, man shrugging, shrug
ğŸ¤·â€â™€	doubt, ignorance, indifference, shrug, woman, woman shrugging
ğŸ’†	face, massage, person getting massage, salon
ğŸ’†â€â™‚	face, man, man getting massage, massage
ğŸ’†â€â™€	face, massage, woman, woman getting massage
ğŸ’‡	barber, beauty, haircut, parlor, person getting haircut
ğŸ’‡â€â™‚	haircut, man, man getting haircut
ğŸ’‡â€â™€	haircut, woman, woman getting haircut
ğŸš¶	hike, person walking, walk, walking
ğŸš¶â€â™‚	hike, man, man walking, walk
ğŸš¶â€â™€	hike, walk, woman, woman walking
ğŸƒ	marathon, person running, running
ğŸƒâ€â™‚	man, man running, marathon, racing, running
ğŸƒâ€â™€	marathon, racing, running, woman, woman running
ğŸ’ƒ	dancing, woman, woman dancing
ğŸ•º	dance, man, man dancing
ğŸ‘¯	bunny ear, dancer, partying, people with bunny ears
ğŸ‘¯â€â™‚	bunny ear, dancer, men, men with bunny ears, partying
ğŸ‘¯â€â™€	bunny ear, dancer, partying, women, women with bunny ears
ğŸ§–	person in steamy room, sauna, steam room
ğŸ§–â€â™€	sauna, steam room, woman in steamy room
ğŸ§–â€â™‚	man in steamy room, sauna, steam room
ğŸ§—	climber, person climbing
ğŸ§—â€â™€	climber, woman climbing
ğŸ§—â€â™‚	climber, man climbing
ğŸ§˜	meditation, person in lotus position, yoga
ğŸ§˜â€â™€	meditation, woman in lotus position, yoga
ğŸ§˜â€â™‚	man in lotus position, meditation, yoga
ğŸ›€	bath, bathtub, person taking bath
ğŸ›Œ	hotel, person in bed, sleep
ğŸ•´	business, man, man in suit levitating, suit
ğŸ—£	face, head, silhouette, speak, speaking, speaking head
ğŸ‘¤	bust, bust in silhouette, silhouette
ğŸ‘¥	bust, busts in silhouette, silhouette
ğŸ¤º	fencer, fencing, person fencing, sword
ğŸ‡	horse, horse racing, jockey, racehorse, racing
â›·	ski, skier, snow
ğŸ‚	ski, snow, snowboard, snowboarder
ğŸŒ	ball, golf, person golfing
ğŸŒâ€â™‚	golf, man, man golfing
ğŸŒâ€â™€	golf, woman, woman golfing
ğŸ„	person surfing, surfing
ğŸ„â€â™‚	man, man surfing, surfing
ğŸ„â€â™€	surfing, woman, woman surfing
ğŸš£	boat, person rowing boat, rowboat
ğŸš£â€â™‚	boat, man, man rowing boat, rowboat
ğŸš£â€â™€	boat, rowboat, woman, woman rowing boat
ğŸŠ	person swimming, swim
ğŸŠâ€â™‚	man, man swimming, swim
ğŸŠâ€â™€	swim, woman, woman swimming
â›¹	ball, person bouncing ball
â›¹â€â™‚	ball, man, man bouncing ball
â›¹â€â™€	ball, woman, woman bouncing ball
ğŸ‹	lifter, person lifting weights, weight
ğŸ‹â€â™‚	man, man lifting weights, weight lifter
ğŸ‹â€â™€	weight lifter, woman, woman lifting weights
ğŸš´	bicycle, biking, cyclist, person biking
ğŸš´â€â™‚	bicycle, biking, cyclist, man, man biking
ğŸš´â€â™€	bicycle, biking, cyclist, woman, woman biking
ğŸšµ	bicycle, bicyclist, bike, cyclist, mountain, person mountain biking
ğŸšµâ€â™‚	bicycle, bike, cyclist, man, man mountain biking, mountain
ğŸšµâ€â™€	bicycle, bike, biking, cyclist, mountain, woman, woman mountain biking
ğŸ	car, racing, racing car
ğŸ	motorcycle, racing
ğŸ¤¸	cartwheel, gymnastics, person cartwheeling
ğŸ¤¸â€â™‚	cartwheel, gymnastics, man, man cartwheeling
ğŸ¤¸â€â™€	cartwheel, gymnastics, woman, woman cartwheeling
ğŸ¤¼	people wrestling, wrestle, wrestler
ğŸ¤¼â€â™‚	men, men wrestling, wrestle
ğŸ¤¼â€â™€	women, women wrestling, wrestle
ğŸ¤½	person playing water polo, polo, water
ğŸ¤½â€â™‚	man, man playing water polo, water polo
ğŸ¤½â€â™€	water polo, woman, woman playing water polo
ğŸ¤¾	ball, handball, person playing handball
ğŸ¤¾â€â™‚	handball, man, man playing handball
ğŸ¤¾â€â™€	handball, woman, woman playing handball
ğŸ¤¹	balance, juggle, multitask, person juggling, skill
ğŸ¤¹â€â™‚	juggling, man, man juggling, multitask
ğŸ¤¹â€â™€	juggling, multitask, woman, woman juggling
ğŸ‘«	couple, hand, hold, man, man and woman holding hands, woman
ğŸ‘¬	Gemini, couple, man, twins, two men holding hands, zodiac
ğŸ‘­	couple, hand, two women holding hands, woman
ğŸ’	couple, kiss
ğŸ’‘	couple, couple with heart, love
ğŸ‘ª	family
ğŸ¤³	camera, phone, selfie
ğŸ’ª	biceps, comic, flex, flexed biceps, muscle
ğŸ¦µ	kick, leg, limb
ğŸ¦¶	foot, kick, stomp
ğŸ‘ˆ	backhand, backhand index pointing left, finger, hand, index, point
ğŸ‘‰	backhand, backhand index pointing right, finger, hand, index, point
â˜	finger, hand, index, index pointing up, point, up
ğŸ‘†	backhand, backhand index pointing up, finger, hand, point, up
ğŸ–•	finger, hand, middle finger
ğŸ‘‡	backhand, backhand index pointing down, down, finger, hand, point
âœŒ	hand, v, victory, victory hand
ğŸ¤	cross, crossed fingers, finger, hand, luck
ğŸ––	finger, hand, spock, vulcan, vulcan salute
ğŸ¤˜	finger, hand, horns, rock-on, sign of the horns
ğŸ¤™	call, call me hand, hand
ğŸ–	finger, hand, hand with fingers splayed, splayed
âœ‹	hand, raised hand
ğŸ‘Œ	OK, OK hand, hand
ğŸ‘	+1, hand, thumb, thumbs up, up
ğŸ‘	-1, down, hand, thumb, thumbs down
âœŠ	clenched, fist, hand, punch, raised fist
ğŸ‘Š	clenched, fist, hand, oncoming fist, punch
ğŸ¤›	fist, left-facing fist, leftwards
ğŸ¤œ	fist, right-facing fist, rightwards
ğŸ¤š	backhand, raised, raised back of hand
ğŸ‘‹	hand, wave, waving, waving hand
ğŸ¤Ÿ	ILY, hand, love-you gesture
âœ	hand, write, writing hand
ğŸ‘	clap, clapping hands, hand
ğŸ‘	hand, open, open hands
ğŸ™Œ	celebration, gesture, hand, hooray, raised, raising hands
ğŸ¤²	palms up together, prayer
ğŸ™	ask, folded hands, hand, please, pray, thanks
ğŸ¤	agreement, hand, handshake, meeting, shake
ğŸ’…	care, cosmetics, manicure, nail, nail polish, polish
ğŸ‘‚	body, ear
ğŸ‘ƒ	body, nose
ğŸ‘£	clothing, footprint, footprints, print
ğŸ‘€	eye, eyes, face
ğŸ‘	body, eye
ğŸ‘â€ğŸ—¨	eye, eye in speech bubble, speech bubble, witness
ğŸ§ 	brain, intelligent
ğŸ¦´	bone, skeleton
ğŸ¦·	dentist, tooth
ğŸ‘…	body, tongue
ğŸ‘„	lips, mouth
ğŸ¦°	ginger, red hair, redhead
ğŸ¦±	afro, curly, curly hair, ringlets
ğŸ¦³	gray, hair, old, white, white hair
ğŸ¦²	bald, chemotherapy, hairless, no hair, shaven
ğŸ’‹	kiss, kiss mark, lips
ğŸ’˜	arrow, cupid, heart with arrow
ğŸ’	heart with ribbon, ribbon, valentine
ğŸ’–	excited, sparkle, sparkling heart
ğŸ’—	excited, growing, growing heart, nervous, pulse
ğŸ’“	beating, beating heart, heartbeat, pulsating
ğŸ’	revolving, revolving hearts
ğŸ’•	love, two hearts
ğŸ’Œ	heart, letter, love, love letter, mail
â£	exclamation, heavy heart exclamation, mark, punctuation
ğŸ’”	break, broken, broken heart
â¤	heart, red heart
ğŸ§¡	orange, orange heart
ğŸ’›	yellow, yellow heart
ğŸ’š	green, green heart
ğŸ’™	blue, blue heart
ğŸ’œ	purple, purple heart
ğŸ–¤	black, black heart, evil, wicked
ğŸ’Ÿ	heart, heart decoration
ğŸ’¤	comic, sleep, zzz
ğŸ’¢	anger symbol, angry, comic, mad
ğŸ’£	bomb, comic
ğŸ’¥	boom, collision, comic
ğŸ’¦	comic, splashing, sweat, sweat droplets
ğŸ’¨	comic, dash, dashing away, running
ğŸ’«	comic, dizzy, star
ğŸ’¬	balloon, bubble, comic, dialog, speech, speech balloon
ğŸ—¨	dialog, left speech bubble, speech
ğŸ—¯	angry, balloon, bubble, mad, right anger bubble
ğŸ’­	balloon, bubble, comic, thought, thought balloon
ğŸ•³	hole
ğŸ‘“	clothing, eye, eyeglasses, eyewear, glasses
ğŸ•¶	dark, eye, eyewear, glasses, sunglasses
ğŸ¥½	eye protection, goggles, swimming, welding
ğŸ¥¼	doctor, experiment, lab coat, scientist
ğŸ‘”	clothing, necktie, tie
ğŸ‘•	clothing, shirt, t-shirt, tshirt
ğŸ‘–	clothing, jeans, pants, trousers
ğŸ§£	neck, scarf
ğŸ§¤	gloves, hand
ğŸ§¥	coat, jacket
ğŸ§¦	socks, stocking
ğŸ‘—	clothing, dress
ğŸ‘˜	clothing, kimono
ğŸ‘™	bikini, clothing, swim
ğŸ‘š	clothing, woman, womanâ€™s clothes
ğŸ‘›	clothing, coin, purse
ğŸ‘œ	bag, clothing, handbag, purse
ğŸ‘	bag, clothing, clutch bag, pouch
ğŸ›	bag, hotel, shopping, shopping bags
ğŸ’	backpack, bag, rucksack, satchel, school
ğŸ‘	clothing, man, manâ€™s shoe, shoe
ğŸ‘Ÿ	athletic, clothing, running shoe, shoe, sneaker
ğŸ¥¾	backpacking, boot, camping, hiking, hiking boot
ğŸ¥¿	ballet flat, flat shoe, slip-on, slipper
ğŸ‘ 	clothing, heel, high-heeled shoe, shoe, woman
ğŸ‘¡	clothing, sandal, shoe, woman, womanâ€™s sandal
ğŸ‘¢	boot, clothing, shoe, woman, womanâ€™s boot
ğŸ‘‘	clothing, crown, king, queen
ğŸ‘’	clothing, hat, woman, womanâ€™s hat
ğŸ©	clothing, hat, top, top hat, tophat
ğŸ“	cap, celebration, clothing, graduation, graduation cap, hat
ğŸ§¢	baseball cap, billed cap
â›‘	aid, cross, face, hat, helmet, rescue workerâ€™s helmet
ğŸ“¿	beads, clothing, necklace, prayer, prayer beads, religion
ğŸ’„	cosmetics, lipstick, makeup
ğŸ’	diamond, ring
ğŸ’	diamond, gem, gem stone, jewel
ğŸµ	face, monkey, monkey face
ğŸ’	monkey
ğŸ¦	gorilla
ğŸ¶	dog, dog face, face, pet
ğŸ•	dog, pet
ğŸ©	dog, poodle
ğŸº	face, wolf, wolf face
ğŸ¦Š	face, fox, fox face
ğŸ¦	curious, raccoon, sly
ğŸ±	cat, cat face, face, pet
ğŸˆ	cat, pet
ğŸ¦	Leo, face, lion, lion face, zodiac
ğŸ¯	face, tiger, tiger face
ğŸ…	tiger
ğŸ†	leopard
ğŸ´	face, horse, horse face
ğŸ	equestrian, horse, racehorse, racing
ğŸ¦„	face, unicorn, unicorn face
ğŸ¦“	stripe, zebra
ğŸ¦Œ	deer
ğŸ®	cow, cow face, face
ğŸ‚	Taurus, bull, ox, zodiac
ğŸƒ	buffalo, water, water buffalo
ğŸ„	cow
ğŸ·	face, pig, pig face
ğŸ–	pig, sow
ğŸ—	boar, pig
ğŸ½	face, nose, pig, pig nose
ğŸ	Aries, male, ram, sheep, zodiac
ğŸ‘	ewe, female, sheep
ğŸ	Capricorn, goat, zodiac
ğŸª	camel, dromedary, hump
ğŸ«	bactrian, camel, hump, two-hump camel
ğŸ¦™	alpaca, guanaco, llama, vicuÃ±a, wool
ğŸ¦’	giraffe, spots
ğŸ˜	elephant
ğŸ¦	rhinoceros
ğŸ¦›	hippo, hippopotamus
ğŸ­	face, mouse, mouse face
ğŸ	mouse
ğŸ€	rat
ğŸ¹	face, hamster, hamster face, pet
ğŸ°	bunny, face, pet, rabbit, rabbit face
ğŸ‡	bunny, pet, rabbit
ğŸ¿	chipmunk, squirrel
ğŸ¦”	hedgehog, spiny
ğŸ¦‡	bat, vampire
ğŸ»	bear, bear face, face
ğŸ¨	bear, koala
ğŸ¼	face, panda, panda face
ğŸ¦˜	Australia, joey, jump, kangaroo, marsupial
ğŸ¦¡	badger, honey badger, pester
ğŸ¾	feet, paw, paw prints, print
ğŸ¦ƒ	bird, turkey
ğŸ”	bird, chicken
ğŸ“	bird, rooster
ğŸ£	baby, bird, chick, hatching, hatching chick
ğŸ¤	baby, baby chick, bird, chick
ğŸ¥	baby, bird, chick, front-facing baby chick
ğŸ¦	bird
ğŸ§	bird, penguin
ğŸ•Š	bird, dove, fly, peace
ğŸ¦…	bird, eagle
ğŸ¦†	bird, duck
ğŸ¦¢	bird, cygnet, swan, ugly duckling
ğŸ¦‰	bird, owl, wise
ğŸ¦š	bird, ostentatious, peacock, peahen, proud
ğŸ¦œ	bird, parrot, pirate, talk
ğŸ¸	face, frog, frog face
ğŸŠ	crocodile
ğŸ¢	terrapin, tortoise, turtle
ğŸ¦	lizard, reptile
ğŸ	Ophiuchus, bearer, serpent, snake, zodiac
ğŸ²	dragon, dragon face, face, fairy tale
ğŸ‰	dragon, fairy tale
ğŸ¦•	brachiosaurus, brontosaurus, diplodocus, sauropod
ğŸ¦–	T-Rex, Tyrannosaurus Rex
ğŸ³	face, spouting, spouting whale, whale
ğŸ‹	whale
ğŸ¬	dolphin, flipper
ğŸŸ	Pisces, fish, zodiac
ğŸ 	fish, tropical, tropical fish
ğŸ¡	blowfish, fish
ğŸ¦ˆ	fish, shark
ğŸ™	octopus
ğŸš	shell, spiral, spiral shell
ğŸ¦€	Cancer, crab, zodiac
ğŸ¦	bisque, claws, lobster, seafood
ğŸ¦	food, shellfish, shrimp, small
ğŸ¦‘	food, molusc, squid
ğŸŒ	snail
ğŸ¦‹	butterfly, insect, pretty
ğŸ›	bug, insect
ğŸœ	ant, insect
ğŸ	bee, honeybee, insect
ğŸ	beetle, insect, lady beetle, ladybird, ladybug
ğŸ¦—	cricket, grasshopper
ğŸ•·	insect, spider
ğŸ•¸	spider, spider web, web
ğŸ¦‚	Scorpio, scorpio, scorpion, zodiac
ğŸ¦Ÿ	disease, fever, insect, malaria, mosquito, virus
ğŸ¦ 	amoeba, bacteria, microbe, virus
ğŸ’	bouquet, flower
ğŸŒ¸	blossom, cherry, cherry blossom, flower
ğŸ’®	flower, white flower
ğŸµ	plant, rosette
ğŸŒ¹	flower, rose
ğŸ¥€	flower, wilted, wilted flower
ğŸŒº	flower, hibiscus
ğŸŒ»	flower, sun, sunflower
ğŸŒ¼	blossom, flower
ğŸŒ·	flower, tulip
ğŸŒ±	seedling, young
ğŸŒ²	evergreen tree, tree
ğŸŒ³	deciduous, deciduous tree, shedding, tree
ğŸŒ´	palm, palm tree, tree
ğŸŒµ	cactus, plant
ğŸŒ¾	ear, grain, rice, sheaf of rice
ğŸŒ¿	herb, leaf
â˜˜	plant, shamrock
ğŸ€	4, clover, four, four leaf clover, four-leaf clover, leaf
ğŸ	falling, leaf, maple, maple leaf
ğŸ‚	fallen leaf, falling, leaf
ğŸƒ	blow, flutter, leaf, leaf fluttering in wind, wind
ğŸ‡	fruit, grape, grapes
ğŸˆ	fruit, melon
ğŸ‰	fruit, watermelon
ğŸŠ	fruit, orange, tangerine
ğŸ‹	citrus, fruit, lemon
ğŸŒ	banana, fruit
ğŸ	fruit, pineapple
ğŸ¥­	fruit, mango, tropical
ğŸ	apple, fruit, red, red apple
ğŸ	apple, fruit, green, green apple
ğŸ	fruit, pear
ğŸ‘	fruit, peach
ğŸ’	berries, cherries, cherry, fruit, red
ğŸ“	berry, fruit, strawberry
ğŸ¥	food, fruit, kiwi, kiwi fruit
ğŸ…	fruit, tomato, vegetable
ğŸ¥¥	coconut, palm, piÃ±a colada
ğŸ¥‘	avocado, food, fruit
ğŸ†	aubergine, eggplant, vegetable
ğŸ¥”	food, potato, vegetable
ğŸ¥•	carrot, food, vegetable
ğŸŒ½	corn, ear, ear of corn, maize, maze
ğŸŒ¶	hot, hot pepper, pepper
ğŸ¥’	cucumber, food, pickle, vegetable
ğŸ¥¬	bok choy, cabbage, kale, leafy green, lettuce
ğŸ¥¦	broccoli, wild cabbage
ğŸ„	mushroom, toadstool
ğŸ¥œ	food, nut, peanut, peanuts, vegetable
ğŸŒ°	chestnut, plant
ğŸ	bread, loaf
ğŸ¥	bread, crescent roll, croissant, food, french
ğŸ¥–	baguette, baguette bread, bread, food, french
ğŸ¥¨	pretzel, twisted
ğŸ¥¯	bagel, bakery, schmear
ğŸ¥	crÃªpe, food, hotcake, pancake, pancakes
ğŸ§€	cheese, cheese wedge
ğŸ–	bone, meat, meat on bone
ğŸ—	bone, chicken, drumstick, leg, poultry, poultry leg
ğŸ¥©	chop, cut of meat, lambchop, porkchop, steak
ğŸ¥“	bacon, food, meat
ğŸ”	burger, hamburger
ğŸŸ	french, french fries, fries
ğŸ•	cheese, pizza, slice
ğŸŒ­	frankfurter, hot dog, hotdog, sausage
ğŸ¥ª	bread, sandwich
ğŸŒ®	mexican, taco
ğŸŒ¯	burrito, mexican, wrap
ğŸ¥™	falafel, flatbread, food, gyro, kebab, stuffed, stuffed flatbread
ğŸ¥š	egg, food
ğŸ³	cooking, egg, frying, pan
ğŸ¥˜	casserole, food, paella, pan, shallow, shallow pan of food
ğŸ²	pot, pot of food, stew
ğŸ¥£	bowl with spoon, breakfast, cereal, congee
ğŸ¥—	food, green, green salad, salad
ğŸ¿	popcorn
ğŸ§‚	condiment, salt, shaker
ğŸ¥«	can, canned food
ğŸ±	bento, bento box, box
ğŸ˜	cracker, rice, rice cracker
ğŸ™	Japanese, ball, rice, rice ball
ğŸš	cooked, cooked rice, rice
ğŸ›	curry, curry rice, rice
ğŸœ	bowl, noodle, ramen, steaming, steaming bowl
ğŸ	pasta, spaghetti
ğŸ 	potato, roasted, roasted sweet potato, sweet
ğŸ¢	kebab, oden, seafood, skewer, stick
ğŸ£	sushi
ğŸ¤	fried, fried shrimp, prawn, shrimp, tempura
ğŸ¥	cake, fish, fish cake with swirl, pastry, swirl
ğŸ¥®	autumn, festival, moon cake, yuÃ¨bÇng
ğŸ¡	Japanese, dango, dessert, skewer, stick, sweet
ğŸ¥Ÿ	dumpling, empanada, gyÅza, jiaozi, pierogi, potsticker
ğŸ¥ 	fortune cookie, prophecy
ğŸ¥¡	oyster pail, takeout box
ğŸ¦	cream, dessert, ice, icecream, soft, soft ice cream, sweet
ğŸ§	dessert, ice, shaved, shaved ice, sweet
ğŸ¨	cream, dessert, ice, ice cream, sweet
ğŸ©	dessert, donut, doughnut, sweet
ğŸª	cookie, dessert, sweet
ğŸ‚	birthday, birthday cake, cake, celebration, dessert, pastry, sweet
ğŸ°	cake, dessert, pastry, shortcake, slice, sweet
ğŸ§	bakery, cupcake, sweet
ğŸ¥§	filling, pastry, pie
ğŸ«	bar, chocolate, chocolate bar, dessert, sweet
ğŸ¬	candy, dessert, sweet
ğŸ­	candy, dessert, lollipop, sweet
ğŸ®	custard, dessert, pudding, sweet
ğŸ¯	honey, honey pot, honeypot, pot, sweet
ğŸ¼	baby, baby bottle, bottle, drink, milk
ğŸ¥›	drink, glass, glass of milk, milk
â˜•	beverage, coffee, drink, hot, hot beverage, steaming, tea
ğŸµ	beverage, cup, drink, tea, teacup, teacup without handle
ğŸ¶	bar, beverage, bottle, cup, drink, sake
ğŸ¾	bar, bottle, bottle with popping cork, cork, drink, popping
ğŸ·	bar, beverage, drink, glass, wine, wine glass
ğŸ¸	bar, cocktail, cocktail glass, drink, glass
ğŸ¹	bar, drink, tropical, tropical drink
ğŸº	bar, beer, beer mug, drink, mug
ğŸ»	bar, beer, clink, clinking beer mugs, drink, mug
ğŸ¥‚	celebrate, clink, clinking glasses, drink, glass
ğŸ¥ƒ	glass, liquor, shot, tumbler, tumbler glass, whisky
ğŸ¥¤	cup with straw, juice, soda
ğŸ¥¢	chopsticks, hashi
ğŸ½	cooking, fork, fork and knife with plate, knife, plate
ğŸ´	cooking, cutlery, fork, fork and knife, knife
ğŸ¥„	spoon, tableware
ğŸ”ª	cooking, hocho, kitchen knife, knife, tool, weapon
ğŸº	Aquarius, amphora, cooking, drink, jug, zodiac
ğŸŒ	Africa, Europe, earth, globe, globe showing Europe-Africa, world
ğŸŒ	Americas, earth, globe, globe showing Americas, world
ğŸŒ	Asia, Australia, earth, globe, globe showing Asia-Australia, world
ğŸŒ	earth, globe, globe with meridians, meridians, world
ğŸ—º	map, world, world map
ğŸ—¾	Japan, map, map of Japan
ğŸ§­	compass, magnetic, navigation, orienteering
ğŸ”	cold, mountain, snow, snow-capped mountain
â›°	mountain
ğŸŒ‹	eruption, mountain, volcano
ğŸ—»	fuji, mount fuji, mountain
ğŸ•	camping
ğŸ–	beach, beach with umbrella, umbrella
ğŸœ	desert
ğŸ	desert, desert island, island
ğŸ	national park, park
ğŸŸ	stadium
ğŸ›	classical, classical building
ğŸ—	building construction, construction
ğŸ§±	brick, bricks, clay, mortar, wall
ğŸ˜	houses
ğŸš	derelict, derelict house, house
ğŸ 	home, house
ğŸ¡	garden, home, house, house with garden
ğŸ¢	building, office building
ğŸ£	Japanese, Japanese post office, post
ğŸ¤	European, post, post office
ğŸ¥	doctor, hospital, medicine
ğŸ¦	bank, building
ğŸ¨	building, hotel
ğŸ©	hotel, love, love hotel
ğŸª	convenience, convenience store, store
ğŸ«	building, school
ğŸ¬	department, department store, store
ğŸ­	building, factory
ğŸ¯	Japanese, Japanese castle, castle
ğŸ°	European, castle
ğŸ’’	chapel, romance, wedding
ğŸ—¼	Tokyo, Tokyo tower, tower
ğŸ—½	Statue of Liberty, liberty, statue
â›ª	Christian, church, cross, religion
ğŸ•Œ	Muslim, islam, mosque, religion
ğŸ•	Jew, Jewish, religion, synagogue, temple
â›©	religion, shinto, shinto shrine, shrine
ğŸ•‹	Muslim, islam, kaaba, religion
â›²	fountain
â›º	camping, tent
ğŸŒ	fog, foggy
ğŸŒƒ	night, night with stars, star
ğŸ™	city, cityscape
ğŸŒ„	morning, mountain, sun, sunrise, sunrise over mountains
ğŸŒ…	morning, sun, sunrise
ğŸŒ†	city, cityscape at dusk, dusk, evening, landscape, sunset
ğŸŒ‡	dusk, sun, sunset
ğŸŒ‰	bridge, bridge at night, night
â™¨	hot, hot springs, hotsprings, springs, steaming
ğŸŒŒ	milky way, space
ğŸ 	carousel, carousel horse, horse
ğŸ¡	amusement park, ferris, ferris wheel, wheel
ğŸ¢	amusement park, coaster, roller, roller coaster
ğŸ’ˆ	barber, barber pole, haircut, pole
ğŸª	circus, circus tent, tent
ğŸš‚	engine, locomotive, railway, steam, train
ğŸšƒ	car, electric, railway, railway car, train, tram, trolleybus
ğŸš„	high-speed train, railway, shinkansen, speed, train
ğŸš…	bullet, bullet train, railway, shinkansen, speed, train
ğŸš†	railway, train
ğŸš‡	metro, subway
ğŸšˆ	light rail, railway
ğŸš‰	railway, station, train
ğŸšŠ	tram, trolleybus
ğŸš	monorail, vehicle
ğŸš	car, mountain, mountain railway, railway
ğŸš‹	car, tram, tram car, trolleybus
ğŸšŒ	bus, vehicle
ğŸš	bus, oncoming, oncoming bus
ğŸš	bus, tram, trolley, trolleybus
ğŸš	bus, minibus
ğŸš‘	ambulance, vehicle
ğŸš’	engine, fire, fire engine, truck
ğŸš“	car, patrol, police, police car
ğŸš”	car, oncoming, oncoming police car, police
ğŸš•	taxi, vehicle
ğŸš–	oncoming, oncoming taxi, taxi
ğŸš—	automobile, car
ğŸš˜	automobile, car, oncoming, oncoming automobile
ğŸš™	recreational, sport utility, sport utility vehicle
ğŸšš	delivery, delivery truck, truck
ğŸš›	articulated lorry, lorry, semi, truck
ğŸšœ	tractor, vehicle
ğŸš²	bicycle, bike
ğŸ›´	kick, kick scooter, scooter
ğŸ›¹	board, skateboard
ğŸ›µ	motor, motor scooter, scooter
ğŸš	bus, bus stop, busstop, stop
ğŸ›£	highway, motorway, road
ğŸ›¤	railway, railway track, train
ğŸ›¢	drum, oil, oil drum
â›½	diesel, fuel, fuel pump, fuelpump, gas, pump, station
ğŸš¨	beacon, car, light, police, police car light, revolving
ğŸš¥	horizontal traffic light, light, signal, traffic
ğŸš¦	light, signal, traffic, vertical traffic light
ğŸ›‘	octagonal, sign, stop, stop sign
ğŸš§	barrier, construction
âš“	anchor, ship, tool
â›µ	boat, resort, sailboat, sea, yacht
ğŸ›¶	boat, canoe
ğŸš¤	boat, speedboat
ğŸ›³	passenger, passenger ship, ship
â›´	boat, ferry, passenger
ğŸ›¥	boat, motor boat, motorboat
ğŸš¢	boat, passenger, ship
âœˆ	aeroplane, airplane
ğŸ›©	aeroplane, airplane, small airplane
ğŸ›«	aeroplane, airplane, airplane departure, check-in, departure, departures
ğŸ›¬	aeroplane, airplane, airplane arrival, arrivals, arriving, landing
ğŸ’º	chair, seat
ğŸš	helicopter, vehicle
ğŸšŸ	railway, suspension, suspension railway
ğŸš 	cable, gondola, mountain, mountain cableway
ğŸš¡	aerial, aerial tramway, cable, car, gondola, tramway
ğŸ›°	satellite, space
ğŸš€	rocket, space
ğŸ›¸	UFO, flying saucer
ğŸ›	bell, bellhop, bellhop bell, hotel
ğŸ§³	luggage, packing, travel
âŒ›	hourglass done, sand, timer
â³	hourglass, hourglass not done, sand, timer
âŒš	clock, watch
â°	alarm, alarm clock, clock
â±	clock, stopwatch
â²	clock, timer, timer clock
ğŸ•°	clock, mantelpiece clock
ğŸ•›	00, 12, 12:00, clock, oâ€™clock, twelve, twelve oâ€™clock
ğŸ•§	12, 12:30, clock, thirty, twelve, twelve-thirty
ğŸ•	00, 1, 1:00, clock, one, one oâ€™clock, oâ€™clock
ğŸ•œ	1, 1:30, clock, one, one-thirty, thirty
ğŸ•‘	00, 2, 2:00, clock, oâ€™clock, two, two oâ€™clock
ğŸ•	2, 2:30, clock, thirty, two, two-thirty
ğŸ•’	00, 3, 3:00, clock, oâ€™clock, three, three oâ€™clock
ğŸ•	3, 3:30, clock, thirty, three, three-thirty
ğŸ•“	00, 4, 4:00, clock, four, four oâ€™clock, oâ€™clock
ğŸ•Ÿ	4, 4:30, clock, four, four-thirty, thirty
ğŸ•”	00, 5, 5:00, clock, five, five oâ€™clock, oâ€™clock
ğŸ• 	5, 5:30, clock, five, five-thirty, thirty
ğŸ••	00, 6, 6:00, clock, oâ€™clock, six, six oâ€™clock
ğŸ•¡	6, 6:30, clock, six, six-thirty, thirty
ğŸ•–	00, 7, 7:00, clock, oâ€™clock, seven, seven oâ€™clock
ğŸ•¢	7, 7:30, clock, seven, seven-thirty, thirty
ğŸ•—	00, 8, 8:00, clock, eight, eight oâ€™clock, oâ€™clock
ğŸ•£	8, 8:30, clock, eight, eight-thirty, thirty
ğŸ•˜	00, 9, 9:00, clock, nine, nine oâ€™clock, oâ€™clock
ğŸ•¤	9, 9:30, clock, nine, nine-thirty, thirty
ğŸ•™	00, 10, 10:00, clock, oâ€™clock, ten, ten oâ€™clock
ğŸ•¥	10, 10:30, clock, ten, ten-thirty, thirty
ğŸ•š	00, 11, 11:00, clock, eleven, eleven oâ€™clock, oâ€™clock
ğŸ•¦	11, 11:30, clock, eleven, eleven-thirty, thirty
ğŸŒ‘	dark, moon, new moon
ğŸŒ’	crescent, moon, waxing, waxing crescent moon
ğŸŒ“	first quarter moon, moon, quarter
ğŸŒ”	gibbous, moon, waxing, waxing gibbous moon
ğŸŒ•	full, full moon, moon
ğŸŒ–	gibbous, moon, waning, waning gibbous moon
ğŸŒ—	last quarter moon, moon, quarter
ğŸŒ˜	crescent, moon, waning, waning crescent moon
ğŸŒ™	crescent, crescent moon, moon
ğŸŒš	face, moon, new moon face
ğŸŒ›	face, first quarter moon face, moon, quarter
ğŸŒœ	face, last quarter moon face, moon, quarter
ğŸŒ¡	thermometer, weather
â˜€	bright, rays, sun, sunny
ğŸŒ	bright, face, full, full moon face, moon
ğŸŒ	bright, face, sun, sun with face
â­	star
ğŸŒŸ	glittery, glow, glowing star, shining, sparkle, star
ğŸŒ 	falling, shooting, shooting star, star
â˜	cloud, weather
â›…	cloud, sun, sun behind cloud
â›ˆ	cloud, cloud with lightning and rain, rain, thunder
ğŸŒ¤	cloud, sun, sun behind small cloud
ğŸŒ¥	cloud, sun, sun behind large cloud
ğŸŒ¦	cloud, rain, sun, sun behind rain cloud
ğŸŒ§	cloud, cloud with rain, rain
ğŸŒ¨	cloud, cloud with snow, cold, snow
ğŸŒ©	cloud, cloud with lightning, lightning
ğŸŒª	cloud, tornado, whirlwind
ğŸŒ«	cloud, fog
ğŸŒ¬	blow, cloud, face, wind, wind face
ğŸŒ€	cyclone, dizzy, hurricane, twister, typhoon
ğŸŒˆ	rain, rainbow
ğŸŒ‚	closed umbrella, clothing, rain, umbrella
â˜‚	clothing, rain, umbrella
â˜”	clothing, drop, rain, umbrella, umbrella with rain drops
â›±	rain, sun, umbrella, umbrella on ground
âš¡	danger, electric, high voltage, lightning, voltage, zap
â„	cold, snow, snowflake
â˜ƒ	cold, snow, snowman
â›„	cold, snow, snowman, snowman without snow
â˜„	comet, space
ğŸ”¥	fire, flame, tool
ğŸ’§	cold, comic, drop, droplet, sweat
ğŸŒŠ	ocean, water, water wave, wave
ğŸƒ	celebration, halloween, jack, jack-o-lantern, lantern
ğŸ„	Christmas, Christmas tree, celebration, tree
ğŸ†	celebration, fireworks
ğŸ‡	celebration, fireworks, sparkle, sparkler
ğŸ§¨	dynamite, explosive, firecracker, fireworks
âœ¨	sparkle, sparkles, star
ğŸˆ	balloon, celebration
ğŸ‰	celebration, party, party popper, popper, tada
ğŸŠ	ball, celebration, confetti, confetti ball
ğŸ‹	Japanese, banner, celebration, tanabata tree, tree
ğŸ	Japanese, bamboo, celebration, pine, pine decoration
ğŸ	Japanese, Japanese dolls, celebration, doll, festival
ğŸ	carp, carp streamer, celebration, streamer
ğŸ	bell, celebration, chime, wind, wind chime
ğŸ‘	celebration, ceremony, moon, moon viewing ceremony
ğŸ§§	gift, good luck, hÃ³ngbÄo, lai see, money, red envelope
ğŸ€	celebration, ribbon
ğŸ	box, celebration, gift, present, wrapped, wrapped gift
ğŸ—	celebration, reminder, reminder ribbon, ribbon
ğŸŸ	admission, admission tickets, ticket
ğŸ«	admission, ticket
ğŸ–	celebration, medal, military, military medal
ğŸ†	prize, trophy
ğŸ…	medal, sports medal
ğŸ¥‡	1st place medal, first, gold, medal
ğŸ¥ˆ	2nd place medal, medal, second, silver
ğŸ¥‰	3rd place medal, bronze, medal, third
âš½	ball, football, soccer, soccer ball
âš¾	ball, baseball
ğŸ¥	ball, glove, softball, underarm
ğŸ€	ball, basketball, hoop
ğŸ	ball, game, volleyball
ğŸˆ	american, american football, ball, football
ğŸ‰	ball, football, rugby, rugby football
ğŸ¾	ball, racquet, tennis
ğŸ¥	flying disc, ultimate
ğŸ³	ball, bowling, game
ğŸ	ball, bat, cricket game, game
ğŸ‘	ball, field, field hockey, game, hockey, stick
ğŸ’	game, hockey, ice, ice hockey, puck, stick
ğŸ¥	ball, goal, lacrosse, stick
ğŸ“	ball, bat, game, paddle, ping pong, table tennis
ğŸ¸	badminton, birdie, game, racquet, shuttlecock
ğŸ¥Š	boxing, boxing glove, glove
ğŸ¥‹	judo, karate, martial arts, martial arts uniform, taekwondo, uniform
ğŸ¥…	goal, goal net, net
â›³	flag in hole, golf, hole
â›¸	ice, ice skate, skate
ğŸ£	fish, fishing pole, pole
ğŸ½	athletics, running, running shirt, sash, shirt
ğŸ¿	ski, skis, snow
ğŸ›·	sled, sledge, sleigh
ğŸ¥Œ	curling stone, game, rock
ğŸ¯	bullseye, dart, direct hit, game, hit, target
ğŸ±	8, ball, billiard, eight, game, pool 8 ball
ğŸ”®	ball, crystal, crystal ball, fairy tale, fantasy, fortune, tool
ğŸ§¿	bead, charm, evil-eye, nazar, nazar amulet, talisman
ğŸ®	controller, game, video game
ğŸ•¹	game, joystick, video game
ğŸ°	game, slot, slot machine
ğŸ²	dice, die, game, game die
ğŸ§©	clue, interlocking, jigsaw, piece, puzzle
ğŸ§¸	plaything, plush, stuffed, teddy bear, toy
â™ 	card, game, spade suit
â™¥	card, game, heart suit
â™¦	card, diamond suit, game
â™£	card, club suit, game
â™Ÿ	chess, chess pawn, dupe, expendable
ğŸƒ	card, game, joker, wildcard
ğŸ€„	game, mahjong, mahjong red dragon, red
ğŸ´	Japanese, card, flower, flower playing cards, game, playing
ğŸ­	art, mask, performing, performing arts, theater, theatre
ğŸ–¼	art, frame, framed picture, museum, painting, picture
ğŸ¨	art, artist palette, museum, painting, palette
ğŸ§µ	needle, sewing, spool, string, thread
ğŸ§¶	ball, crochet, knit, yarn
ğŸ”‡	mute, muted speaker, quiet, silent, speaker
ğŸ”ˆ	soft, speaker low volume
ğŸ”‰	medium, speaker medium volume
ğŸ”Š	loud, speaker high volume
ğŸ“¢	loud, loudspeaker, public address
ğŸ“£	cheering, megaphone
ğŸ“¯	horn, post, postal, postal horn
ğŸ””	bell
ğŸ”•	bell, bell with slash, forbidden, mute, quiet, silent
ğŸ¼	music, musical score, score
ğŸµ	music, musical note, note
ğŸ¶	music, musical notes, note, notes
ğŸ™	mic, microphone, music, studio, studio microphone
ğŸš	level, level slider, music, slider
ğŸ›	control, control knobs, knobs, music
ğŸ¤	karaoke, mic, microphone
ğŸ§	earbud, headphone
ğŸ“»	radio, video
ğŸ·	instrument, music, sax, saxophone
ğŸ¸	guitar, instrument, music
ğŸ¹	instrument, keyboard, music, musical keyboard, piano
ğŸº	instrument, music, trumpet
ğŸ»	instrument, music, violin
ğŸ¥	drum, drumsticks, music
ğŸ“±	cell, mobile, mobile phone, phone, telephone
ğŸ“²	arrow, cell, mobile, mobile phone with arrow, phone, receive
â˜	phone, telephone
ğŸ“	phone, receiver, telephone, telephone receiver
ğŸ“Ÿ	pager
ğŸ“ 	fax, fax machine
ğŸ”‹	battery
ğŸ”Œ	electric, electric plug, electricity, plug
ğŸ’»	computer, laptop computer, pc, personal
ğŸ–¥	computer, desktop, desktop computer
ğŸ–¨	computer, printer
âŒ¨	computer, keyboard
ğŸ–±	computer, computer mouse
ğŸ–²	computer, trackball
ğŸ’½	computer, computer disk, disk, minidisk, optical
ğŸ’¾	computer, disk, floppy, floppy disk
ğŸ’¿	cd, computer, disk, optical, optical disk
ğŸ“€	blu-ray, computer, disk, dvd, optical
ğŸ§®	abacus, calculation
ğŸ¥	camera, cinema, movie, movie camera
ğŸ	cinema, film, film frames, frames, movie
ğŸ“½	cinema, film, film projector, movie, projector, video
ğŸ¬	clapper, clapper board, movie
ğŸ“º	television, tv, video
ğŸ“·	camera, video
ğŸ“¸	camera, camera with flash, flash, video
ğŸ“¹	camera, video, video camera
ğŸ“¼	tape, vhs, video, videocassette
ğŸ”	glass, magnifying, magnifying glass tilted left, search, tool
ğŸ”	glass, magnifying, magnifying glass tilted right, search, tool
ğŸ•¯	candle, light
ğŸ’¡	bulb, comic, electric, idea, light, light bulb
ğŸ”¦	electric, flashlight, light, tool, torch
ğŸ®	bar, lantern, light, red, red paper lantern
ğŸ“”	book, cover, decorated, notebook, notebook with decorative cover
ğŸ“•	book, closed, closed book
ğŸ“–	book, open, open book
ğŸ“—	book, green, green book
ğŸ“˜	blue, blue book, book
ğŸ“™	book, orange, orange book
ğŸ“š	book, books
ğŸ““	notebook
ğŸ“’	ledger, notebook
ğŸ“ƒ	curl, document, page, page with curl
ğŸ“œ	paper, scroll
ğŸ“„	document, page, page facing up
ğŸ“°	news, newspaper, paper
ğŸ—	news, newspaper, paper, rolled, rolled-up newspaper
ğŸ“‘	bookmark, bookmark tabs, mark, marker, tabs
ğŸ”–	bookmark, mark
ğŸ·	label
ğŸ’°	bag, dollar, money, money bag, moneybag
ğŸ’´	banknote, bill, currency, money, note, yen, yen banknote
ğŸ’µ	banknote, bill, currency, dollar, dollar banknote, money, note
ğŸ’¶	banknote, bill, currency, euro, euro banknote, money, note
ğŸ’·	banknote, bill, currency, money, note, pound, pound banknote
ğŸ’¸	banknote, bill, fly, money, money with wings, wings
ğŸ’³	card, credit, credit card, money
ğŸ§¾	accounting, bookkeeping, evidence, proof, receipt
ğŸ’¹	chart, chart increasing with yen, graph, growth, money, yen
ğŸ’±	bank, currency, currency exchange, exchange, money
ğŸ’²	currency, dollar, heavy dollar sign, money
âœ‰	email, envelope, letter
ğŸ“§	e-mail, email, letter, mail
ğŸ“¨	e-mail, email, envelope, incoming, incoming envelope, letter, receive
ğŸ“©	arrow, e-mail, email, envelope, envelope with arrow, outgoing
ğŸ“¤	box, letter, mail, outbox, outbox tray, sent, tray
ğŸ“¥	box, inbox, inbox tray, letter, mail, receive, tray
ğŸ“¦	box, package, parcel
ğŸ“«	closed, closed mailbox with raised flag, mail, mailbox, postbox
ğŸ“ª	closed, closed mailbox with lowered flag, lowered, mail, mailbox, postbox
ğŸ“¬	mail, mailbox, open, open mailbox with raised flag, postbox
ğŸ“­	lowered, mail, mailbox, open, open mailbox with lowered flag, postbox
ğŸ“®	mail, mailbox, postbox
ğŸ—³	ballot, ballot box with ballot, box
âœ	pencil
âœ’	black nib, nib, pen
ğŸ–‹	fountain, fountain pen, pen
ğŸ–Š	ballpoint, pen
ğŸ–Œ	paintbrush, painting
ğŸ–	crayon
ğŸ“	memo, pencil
ğŸ’¼	briefcase
ğŸ“	file, file folder, folder
ğŸ“‚	file, folder, open, open file folder
ğŸ—‚	card, card index dividers, dividers, index
ğŸ“…	calendar, date
ğŸ“†	calendar, tear-off calendar
ğŸ—’	note, pad, spiral, spiral notepad
ğŸ—“	calendar, pad, spiral, spiral calendar
ğŸ“‡	card, card index, index, rolodex
ğŸ“ˆ	chart, chart increasing, graph, growth, trend, upward
ğŸ“‰	chart, chart decreasing, down, graph, trend
ğŸ“Š	bar, bar chart, chart, graph
ğŸ“‹	clipboard
ğŸ“Œ	pin, pushpin
ğŸ“	pin, pushpin, round pushpin
ğŸ“	paperclip
ğŸ–‡	link, linked paperclips, paperclip
ğŸ“	ruler, straight edge, straight ruler
ğŸ“	ruler, set, triangle, triangular ruler
âœ‚	cutting, scissors, tool
ğŸ—ƒ	box, card, card file box, file
ğŸ—„	cabinet, file, file cabinet, filing
ğŸ—‘	wastebasket
ğŸ”’	closed, locked
ğŸ”“	lock, open, unlock, unlocked
ğŸ”	ink, lock, locked with pen, nib, pen, privacy
ğŸ”	closed, key, lock, locked with key, secure
ğŸ”‘	key, lock, password
ğŸ—	clue, key, lock, old, old key
ğŸ”¨	hammer, tool
â›	mining, pick, tool
âš’	hammer, hammer and pick, pick, tool
ğŸ› 	hammer, hammer and wrench, spanner, tool, wrench
ğŸ—¡	dagger, knife, weapon
âš”	crossed, crossed swords, swords, weapon
ğŸ”«	gun, handgun, pistol, revolver, tool, weapon
ğŸ¹	Sagittarius, archer, arrow, bow, bow and arrow, zodiac
ğŸ›¡	shield, weapon
ğŸ”§	spanner, tool, wrench
ğŸ”©	bolt, nut, nut and bolt, tool
âš™	cog, cogwheel, gear, tool
ğŸ—œ	clamp, compress, tool, vice
âš–	Libra, balance, balance scale, justice, scale, zodiac
ğŸ”—	link
â›“	chain, chains
ğŸ§°	chest, mechanic, tool, toolbox
ğŸ§²	attraction, horseshoe, magnet, magnetic
âš—	alembic, chemistry, tool
ğŸ§ª	chemist, chemistry, experiment, lab, science, test tube
ğŸ§«	bacteria, biologist, biology, culture, lab, petri dish
ğŸ§¬	biologist, dna, evolution, gene, genetics, life
ğŸ”¬	microscope, science, tool
ğŸ”­	science, telescope, tool
ğŸ“¡	antenna, dish, satellite, satellite antenna
ğŸ’‰	medicine, needle, shot, sick, syringe
ğŸ’Š	doctor, medicine, pill, sick
ğŸšª	door
ğŸ›	bed, hotel, sleep
ğŸ›‹	couch, couch and lamp, hotel, lamp
ğŸš½	toilet
ğŸš¿	shower, water
ğŸ›	bath, bathtub
ğŸ§´	lotion, lotion bottle, moisturizer, shampoo, sunscreen
ğŸ§·	diaper, punk rock, safety pin
ğŸ§¹	broom, cleaning, sweeping, witch
ğŸ§º	basket, farming, laundry, picnic
ğŸ§»	paper towels, roll of paper, toilet paper
ğŸ§¼	bar, bathing, cleaning, lather, soap, soapdish
ğŸ§½	absorbing, cleaning, porous, sponge
ğŸ§¯	extinguish, fire, fire extinguisher, quench
ğŸ›’	cart, shopping, shopping cart, trolley
ğŸš¬	cigarette, smoking
âš°	coffin, death
âš±	ashes, death, funeral, funeral urn, urn
ğŸ—¿	face, moai, moyai, statue
ğŸ§	ATM sign, atm, automated, bank, teller
ğŸš®	litter, litter bin, litter in bin sign
ğŸš°	drinking, potable, potable water, water
â™¿	access, wheelchair symbol
ğŸš¹	lavatory, man, menâ€™s room, restroom, wc
ğŸšº	lavatory, restroom, wc, woman, womenâ€™s room
ğŸš»	WC, lavatory, restroom
ğŸš¼	baby, baby symbol, changing
ğŸš¾	closet, lavatory, restroom, water, water closet, wc
ğŸ›‚	control, passport, passport control
ğŸ›ƒ	customs
ğŸ›„	baggage, baggage claim, claim
ğŸ›…	baggage, left luggage, locker, luggage
âš 	warning
ğŸš¸	child, children crossing, crossing, pedestrian, traffic
â›”	entry, forbidden, no, no entry, not, prohibited, traffic
ğŸš«	entry, forbidden, no, not, prohibited
ğŸš³	bicycle, bike, forbidden, no, no bicycles, prohibited
ğŸš­	forbidden, no, no smoking, not, prohibited, smoking
ğŸš¯	forbidden, litter, no, no littering, not, prohibited
ğŸš±	non-drinking, non-potable, non-potable water, water
ğŸš·	forbidden, no, no pedestrians, not, pedestrian, prohibited
ğŸ“µ	cell, forbidden, mobile, no, no mobile phones, phone
ğŸ”	18, age restriction, eighteen, no one under eighteen, prohibited, underage
â˜¢	radioactive, sign
â˜£	biohazard, sign
â¬†	arrow, cardinal, direction, north, up arrow
â†—	arrow, direction, intercardinal, northeast, up-right arrow
â¡	arrow, cardinal, direction, east, right arrow
â†˜	arrow, direction, down-right arrow, intercardinal, southeast
â¬‡	arrow, cardinal, direction, down, down arrow, south
â†™	arrow, direction, down-left arrow, intercardinal, southwest
â¬…	arrow, cardinal, direction, left arrow, west
â†–	arrow, direction, intercardinal, northwest, up-left arrow
â†•	arrow, up-down arrow
â†”	arrow, left-right arrow
â†©	arrow, right arrow curving left
â†ª	arrow, left arrow curving right
â¤´	arrow, right arrow curving up
â¤µ	arrow, down, right arrow curving down
ğŸ”ƒ	arrow, clockwise, clockwise vertical arrows, reload
ğŸ”„	anticlockwise, arrow, counterclockwise, counterclockwise arrows button, withershins
ğŸ”™	BACK arrow, arrow, back
ğŸ”š	END arrow, arrow, end
ğŸ”›	ON! arrow, arrow, mark, on
ğŸ”œ	SOON arrow, arrow, soon
ğŸ”	TOP arrow, arrow, top, up
ğŸ›	place of worship, religion, worship
âš›	atheist, atom, atom symbol
ğŸ•‰	Hindu, om, religion
âœ¡	David, Jew, Jewish, religion, star, star of David
â˜¸	Buddhist, dharma, religion, wheel, wheel of dharma
â˜¯	religion, tao, taoist, yang, yin, yin yang
âœ	Christian, cross, latin cross, religion
â˜¦	Christian, cross, orthodox cross, religion
â˜ª	Muslim, islam, religion, star and crescent
â˜®	peace, peace symbol
ğŸ•	candelabrum, candlestick, menorah, religion
ğŸ”¯	dotted six-pointed star, fortune, star
â™ˆ	Aries, ram, zodiac
â™‰	Taurus, bull, ox, zodiac
â™Š	Gemini, twins, zodiac
â™‹	Cancer, crab, zodiac
â™Œ	Leo, lion, zodiac
â™	Virgo, zodiac
â™	Libra, balance, justice, scales, zodiac
â™	Scorpio, scorpion, scorpius, zodiac
â™	Sagittarius, archer, zodiac
â™‘	Capricorn, goat, zodiac
â™’	Aquarius, bearer, water, zodiac
â™“	Pisces, fish, zodiac
â›	Ophiuchus, bearer, serpent, snake, zodiac
ğŸ”€	arrow, crossed, shuffle tracks button
ğŸ”	arrow, clockwise, repeat, repeat button
ğŸ”‚	arrow, clockwise, once, repeat single button
â–¶	arrow, play, play button, right, triangle
â©	arrow, double, fast, fast-forward button, forward
â­	arrow, next scene, next track, next track button, triangle
â¯	arrow, pause, play, play or pause button, right, triangle
â—€	arrow, left, reverse, reverse button, triangle
âª	arrow, double, fast reverse button, rewind
â®	arrow, last track button, previous scene, previous track, triangle
ğŸ”¼	arrow, button, red, upwards button
â«	arrow, double, fast up button
ğŸ”½	arrow, button, down, downwards button, red
â¬	arrow, double, down, fast down button
â¸	bar, double, pause, pause button, vertical
â¹	square, stop, stop button
âº	circle, record, record button
â	eject, eject button
ğŸ¦	camera, cinema, film, movie
ğŸ”…	brightness, dim, dim button, low
ğŸ”†	bright, bright button, brightness
ğŸ“¶	antenna, antenna bars, bar, cell, mobile, phone
ğŸ“³	cell, mobile, mode, phone, telephone, vibration, vibration mode
ğŸ“´	cell, mobile, mobile phone off, off, phone, telephone
â™€	female sign, woman
â™‚	male sign, man
âš•	aesculapius, medical symbol, medicine, staff
â™¾	forever, infinity, unbounded, universal
â™»	recycle, recycling symbol
âšœ	fleur-de-lis
ğŸ”±	anchor, emblem, ship, tool, trident, trident emblem
ğŸ“›	badge, name, name badge
ğŸ”°	Japanese, Japanese symbol for beginner, beginner, chevron, leaf
â­•	circle, heavy large circle, o
âœ…	check, mark, white heavy check mark
â˜‘	ballot, ballot box with check, box, check
âœ”	check, heavy check mark, mark
âœ–	cancel, heavy multiplication x, multiplication, multiply, x
âŒ	cancel, cross mark, mark, multiplication, multiply, x
â	cross mark button, mark, square
â•	heavy plus sign, math, plus
â–	heavy minus sign, math, minus
â—	division, heavy division sign, math
â°	curl, curly loop, loop
â¿	curl, double, double curly loop, loop
ã€½	mark, part, part alternation mark
âœ³	asterisk, eight-spoked asterisk
âœ´	eight-pointed star, star
â‡	sparkle
â€¼	bangbang, double exclamation mark, exclamation, mark, punctuation
â‰	exclamation, exclamation question mark, interrobang, mark, punctuation, question
â“	mark, punctuation, question, question mark
â”	mark, outlined, punctuation, question, white question mark
â•	exclamation, mark, outlined, punctuation, white exclamation mark
â—	exclamation, exclamation mark, mark, punctuation
ã€°	dash, punctuation, wavy, wavy dash
Â©	copyright
Â®	registered
â„¢	mark, tm, trade mark, trademark
ğŸ’¯	100, full, hundred, hundred points, score
ğŸ” 	ABCD, input, input latin uppercase, latin, letters, uppercase
ğŸ”¡	abcd, input, input latin lowercase, latin, letters, lowercase
ğŸ”¢	1234, input, input numbers, numbers
ğŸ”£	input, input symbols, ã€’â™ª&%
ğŸ”¤	abc, alphabet, input, input latin letters, latin, letters
ğŸ…°	A button (blood type), a, blood type
ğŸ†	AB button (blood type), ab, blood type
ğŸ…±	B button (blood type), b, blood type
ğŸ†‘	CL button, cl
ğŸ†’	COOL button, cool
ğŸ†“	FREE button, free
â„¹	i, information
ğŸ†”	ID button, id, identity
â“‚	circle, circled M, m
ğŸ†•	NEW button, new
ğŸ†–	NG button, ng
ğŸ…¾	O button (blood type), blood type, o
ğŸ†—	OK, OK button
ğŸ…¿	P button, parking
ğŸ†˜	SOS button, help, sos
ğŸ†™	UP! button, mark, up
ğŸ†š	VS button, versus, vs
ğŸˆ	Japanese, Japanese â€œhereâ€ button, katakana, â€œhereâ€, ã‚³ã‚³
ğŸˆ‚	Japanese, Japanese â€œservice chargeâ€ button, katakana, â€œservice chargeâ€, ã‚µ
ğŸˆ·	Japanese, Japanese â€œmonthly amountâ€ button, ideograph, â€œmonthly amountâ€, æœˆ
ğŸˆ¶	Japanese, Japanese â€œnot free of chargeâ€ button, ideograph, â€œnot free of chargeâ€, æœ‰
ğŸˆ¯	Japanese, Japanese â€œreservedâ€ button, ideograph, â€œreservedâ€, æŒ‡
ğŸ‰	Japanese, Japanese â€œbargainâ€ button, ideograph, â€œbargainâ€, å¾—
ğŸˆ¹	Japanese, Japanese â€œdiscountâ€ button, ideograph, â€œdiscountâ€, å‰²
ğŸˆš	Japanese, Japanese â€œfree of chargeâ€ button, ideograph, â€œfree of chargeâ€, ç„¡
ğŸˆ²	Japanese, Japanese â€œprohibitedâ€ button, ideograph, â€œprohibitedâ€, ç¦
ğŸ‰‘	Japanese, Japanese â€œacceptableâ€ button, ideograph, â€œacceptableâ€, å¯
ğŸˆ¸	Japanese, Japanese â€œapplicationâ€ button, ideograph, â€œapplicationâ€, ç”³
ğŸˆ´	Japanese, Japanese â€œpassing gradeâ€ button, ideograph, â€œpassing gradeâ€, åˆ
ğŸˆ³	Japanese, Japanese â€œvacancyâ€ button, ideograph, â€œvacancyâ€, ç©º
ãŠ—	Japanese, Japanese â€œcongratulationsâ€ button, ideograph, â€œcongratulationsâ€, ç¥
ãŠ™	Japanese, Japanese â€œsecretâ€ button, ideograph, â€œsecretâ€, ç§˜
ğŸˆº	Japanese, Japanese â€œopen for businessâ€ button, ideograph, â€œopen for businessâ€, å–¶
ğŸˆµ	Japanese, Japanese â€œno vacancyâ€ button, ideograph, â€œno vacancyâ€, æº€
ğŸ”´	circle, geometric, red, red circle
ğŸ”µ	blue, blue circle, circle, geometric
âšª	circle, geometric, white circle
âš«	black circle, circle, geometric
â¬œ	geometric, square, white large square
â¬›	black large square, geometric, square
â—¼	black medium square, geometric, square
â—»	geometric, square, white medium square
â—½	geometric, square, white medium-small square
â—¾	black medium-small square, geometric, square
â–«	geometric, square, white small square
â–ª	black small square, geometric, square
ğŸ”¶	diamond, geometric, large orange diamond, orange
ğŸ”·	blue, diamond, geometric, large blue diamond
ğŸ”¸	diamond, geometric, orange, small orange diamond
ğŸ”¹	blue, diamond, geometric, small blue diamond
ğŸ”º	geometric, red, red triangle pointed up
ğŸ”»	down, geometric, red, red triangle pointed down
ğŸ’ 	comic, diamond, diamond with a dot, geometric, inside
ğŸ”˜	button, geometric, radio, radio button
ğŸ”²	black square button, button, geometric, square
ğŸ”³	button, geometric, outlined, square, white square button
ğŸ	checkered, chequered, chequered flag, racing
ğŸš©	post, triangular flag
ğŸŒ	Japanese, celebration, cross, crossed, crossed flags
ğŸ´	black flag, waving
ğŸ³	waving, white flag
ğŸ³â€ğŸŒˆ	rainbow, rainbow flag
ğŸ´â€â˜ 	Jolly Roger, pirate, pirate flag, plunder, treasure
