ğŸ»	piel, tipo 1, tipo 2, tono, tono de piel, tono de piel claro
ğŸ¼	piel, tipo 3, tono, tono de piel, tono de piel claro medio
ğŸ½	piel, tipo 4, tono, tono de piel, tono de piel medio
ğŸ¾	piel, tipo 5, tono, tono de piel, tono de piel oscuro medio
ğŸ¿	piel, tipo 6, tono, tono de piel, tono de piel oscuro
ğŸ˜€	cara, cara sonriendo, divertido, feliz, sonrisa
ğŸ˜	cara, cara radiante con ojos sonrientes, ojo, risa, sonrisa
ğŸ˜‚	cara, cara llorando de risa, felicidad, lÃ¡grima, risa
ğŸ¤£	cara, cara revolviÃ©ndose de la risa, carcajada, ojos cerrados, risa
ğŸ˜ƒ	cara, cara sonriendo con ojos grandes, divertido, risa, sonriendo
ğŸ˜„	abierta, cara, cara sonriendo con ojos sonrientes, ojo, sonrisa
ğŸ˜…	cara, cara sonriendo con sudor frÃ­o, frÃ­o, risa, sudor
ğŸ˜†	abierta, boca, cara, cara sonriendo con los ojos cerrados, risa
ğŸ˜‰	cara, cara guiÃ±ando el ojo, guiÃ±o
ğŸ˜Š	cara, cara feliz con ojos sonrientes, ojo, rubor, sonrisa
ğŸ˜‹	cara, cara saboreando comida, delicioso, hambre, rico
ğŸ˜	cara, cara sonriendo con gafas de sol, gafas, guay, sol
ğŸ˜	amor, cara, cara sonriendo con ojos de corazÃ³n, corazÃ³n, sonrisa
ğŸ˜˜	beso, cara, cara lanzando un beso
ğŸ¥°	adorar, cara sonriendo con 3 corazones, enamorada, enamorado
ğŸ˜—	beso, cara, cara besando
ğŸ˜™	beso, cara, cara besando con ojos sonrientes, ojo, sonrisa
ğŸ˜š	beso, cara, cara besando con los ojos cerrados, cerrado, ojo
â˜º	cara, cara sonriente, contorno, relajado, sonrisa
ğŸ™‚	cara, cara sonriendo ligeramente, sonrisa
ğŸ¤—	abrazo, cara, cara con manos abrazando, sonrisa
ğŸ¤©	cara, cara sonriendo con estrellas, estrellas, sonrisa
ğŸ¤”	cara, cara pensativa, pensando
ğŸ¤¨	cara con ceja alzada, desconfiado, escÃ©ptico
ğŸ˜	cara, cara neutral, inexpresivo, neutral
ğŸ˜‘	cara, cara sin expresiÃ³n, inexpresiva, inexpresivo, inexpresiÃ³n
ğŸ˜¶	boca, callado, cara, cara sin boca, silencio
ğŸ™„	cara, cara con ojos en blanco, frustraciÃ³n, ojos, vueltos
ğŸ˜	cara, cara sonriendo con superioridad, listillo, superioridad
ğŸ˜£	cara, cara desesperada, desesperaciÃ³n, frustraciÃ³n
ğŸ˜¥	aliviado, cara, cara triste pero aliviada, decepcionado, menos mal
ğŸ˜®	boca, cara, cara con la boca abierta
ğŸ¤	boca, cara, cara con la boca cerrada con cremallera, cremallera
ğŸ˜¯	alucinado, cara, cara estupefacta, estupefacto, sorprendido
ğŸ˜ª	cara, cara de sueÃ±o, dormir, sueÃ±o
ğŸ˜«	cansado, cara, cara cansada
ğŸ˜´	cara, cara durmiendo, dormido, sueÃ±o, zzz
ğŸ˜Œ	aliviado, cara, cara de alivio
ğŸ˜›	cara, cara sacando la lengua, lengua
ğŸ˜œ	cara, cara sacando la lengua y guiÃ±ando un ojo, guiÃ±o, lengua, ojo
ğŸ˜	cara, cara con ojos cerrados y lengua fuera, lengua, ojo, sabor
ğŸ¤¤	baba, babeando, cara, cara babeando
ğŸ˜’	cara, cara de desaprobaciÃ³n, insatisfacciÃ³n, rechazo
ğŸ˜“	cara, cara con sudor frÃ­o, frÃ­o, sudor
ğŸ˜”	alicaÃ­do, cara, cara desanimada, desanimado, pensativo
ğŸ˜•	cara, cara de confusiÃ³n, confuso
ğŸ™ƒ	cara, cara al revÃ©s, revÃ©s
ğŸ¤‘	boca, cara, cara con lengua de dinero, dinero
ğŸ˜²	alucinado, asombrado, cara, cara asombrada, pasmado
â˜¹	cara, cara con el ceÃ±o fruncido, ceÃ±o, fruncido
ğŸ™	cara, cara con el ceÃ±o ligeramente fruncido, ceÃ±o, fruncido
ğŸ˜–	cara, cara de frustraciÃ³n, frustrado
ğŸ˜	cara, cara decepcionada, decepcionado, decepciÃ³n
ğŸ˜Ÿ	cara, cara preocupada, preocupaciÃ³n, preocupado
ğŸ˜¤	cabreo, cara, cara resoplando, enfado
ğŸ˜¢	cara, cara llorando, llorar, lÃ¡grima, triste
ğŸ˜­	cara, cara llorando fuerte, llorar, lÃ¡grima, triste
ğŸ˜¦	boca abierta, cara, cara con el ceÃ±o fruncido y la boca abierta, ceÃ±o fruncido con boca abierta
ğŸ˜§	angustia, angustiado, cara, cara angustiada
ğŸ˜¨	asustado, cara, cara asustada, miedo, miedoso
ğŸ˜©	agotado, cansado, cara, cara agotada
ğŸ¤¯	cabeza, cabeza explotando, explosiÃ³n
ğŸ˜¬	cara, cara haciendo una mueca, mueca
ğŸ˜°	ansiedad, cara, cara con ansiedad y sudor, frÃ­o, sudor
ğŸ˜±	asustado, cara, cara gritando de miedo, miedo, pÃ¡nico
ğŸ¥µ	calor, cara con calor, cara roja, fiebre, golpe de calor, sudor
ğŸ¥¶	cara con frÃ­o, cara congelada, congelado, frÃ­o, helado
ğŸ˜³	cara, cara sonrojada, colorado, sonrojado
ğŸ¤ª	cara de loco, grande, ojo, pequeÃ±o
ğŸ˜µ	cara, cara mareada, mareo
ğŸ˜¡	cabreo, cara, cara cabreada, enfadado, furia
ğŸ˜ 	cara, cara enfadada, enfadado, histÃ©rico
ğŸ¤¬	cara con sÃ­mbolos en la boca, maldecir, palabrota, sÃ­mbolo
ğŸ˜·	cara, cara con mascarilla mÃ©dica, enfermo, malo, mÃ¡scara
ğŸ¤’	cara, cara con termÃ³metro, enfermo, malo, termÃ³metro
ğŸ¤•	cara, cara con la cabeza vendada, dolor, herida, venda
ğŸ¤¢	cara, cara de nÃ¡useas, nÃ¡useas, vomitar
ğŸ¤®	cara vomitando, enfermo, malo, vomitar
ğŸ¤§	cara, cara estornudando, estornudar, estornudo, paÃ±uelo
ğŸ˜‡	cara, cara sonriendo con aureola, halo, sonrisa, Ã¡ngel
ğŸ¤ 	cara, cara con sombrero de vaquero, sombrero, vaquera, vaquero
ğŸ¥³	capirote, cara de fiesta, celebraciÃ³n, fiesta, gorro, matasuegras
ğŸ¥´	atontado, cara de grogui, entonado, grogui, intoxicado, mareado
ğŸ¥º	cara de por favor, implorar, ojos adorables, piedad, por favor
ğŸ¤¥	cara, cara de mentiroso, mentiroso, nariz, pinocho
ğŸ¤«	callado, cara pidiendo silencio, silencio
ğŸ¤­	cara con mano sobre la boca, ostras, uy, vaya
ğŸ§	aristocrÃ¡tico, cara con monÃ³culo, estirado
ğŸ¤“	cara, cara de empollÃ³n, empollÃ³n, friki, friqui
ğŸ˜ˆ	cara, cara sonriendo con cuernos, cuernos, demonio, sonrisa
ğŸ‘¿	cara, cara enfadada con cuernos, cuernos, demonio, diablo
ğŸ¤¡	cara, cara de payaso, payaso
ğŸ‘¹	cara, cuento, cuernos, demonio japonÃ©s oni, sonrisa
ğŸ‘º	cara, cuento, demonio japonÃ©s tengu, fantasÃ­a, monstruo, tengu
ğŸ’€	calavera, cara, cuento, monstruo, muerte
â˜ 	calavera, calavera y huesos cruzados, cara, huesos, muerte
ğŸ‘»	cara, criatura, cuento, fantasma, monstruo
ğŸ‘½	alien, alienÃ­gena, cara, criatura, extraterrestre, ovni
ğŸ‘¾	alien, cara, criatura, extraterrestre, monstruo alienÃ­gena, ovni
ğŸ¤–	cara, cara de robot, monstruo, robot
ğŸ’©	caca, caca con ojos, cÃ³mic, mierda, mojÃ³n
ğŸ˜º	abierta, cara, cara de gato sonriendo, gato, sonrisa
ğŸ˜¸	cara, cara de gato sonriendo con ojos sonrientes, gato, sonrisa
ğŸ˜¹	cara, cara de gato llorando de risa, gato, lÃ¡grima, risa
ğŸ˜»	cara, cara de gato sonriendo y ojos de corazÃ³n, corazÃ³n, gato, sonrisa
ğŸ˜¼	cara, cara de gato con sonrisa irÃ³nica, gato, irÃ³nico, sonrisa
ğŸ˜½	beso, cara, cara de gato besando, gato, ojo
ğŸ™€	cara, cara de gato asustado, gato, pÃ¡nico, sorpresa
ğŸ˜¿	cara, cara de gato llorando, gato, lÃ¡grima, triste
ğŸ˜¾	cara, cara de gato enfadado, enfadado, gato
ğŸ™ˆ	cara, mal, mono, mono con los ojos tapados, prohibido
ğŸ™‰	cara, mal, mono, mono con los oÃ­dos tapados, prohibido
ğŸ™Š	cara, mal, mono, mono con la boca tapada, prohibido
ğŸ‘¶	bebÃ©, joven, niÃ±o
ğŸ§’	crÃ­o, gÃ©nero, infante, joven, neutro
ğŸ‘¦	joven, niÃ±o
ğŸ‘§	chica, joven, niÃ±a
ğŸ§‘	gÃ©nero, neutro, persona adulta
ğŸ‘±	persona adulta rubia, personas, rubio
ğŸ‘¨	adulto, hombre
ğŸ‘±â€â™‚	hombre, hombre rubio, rubiales, rubio
ğŸ§”	barba, persona con barba
ğŸ‘©	adulta, mujer
ğŸ‘±â€â™€	mujer, mujer rubia, rubia, rubiales
ğŸ§“	gÃ©nero, maduro, mayor, neutro, persona adulta madura
ğŸ‘´	anciano, hombre, mayor
ğŸ‘µ	anciana, mayor, mujer
ğŸ‘¨â€âš•	doctor, enfermero, mÃ©dico, profesional sanitario hombre, sanitario, terapeuta hombre
ğŸ‘©â€âš•	doctora, enfermera, mÃ©dica, profesional sanitario mujer, sanitaria, terapeuta mujer
ğŸ‘¨â€ğŸ“	estudiante, estudiante hombre, graduado, hombre, licenciado, universitario
ğŸ‘©â€ğŸ“	estudiante, estudiante mujer, graduada, licenciada, mujer, universitaria
ğŸ‘¨â€ğŸ«	educador, hombre, instructor, maestro, profesor
ğŸ‘©â€ğŸ«	educadora, instructora, maestra, mujer, profesora
ğŸ‘¨â€âš–	balanza, hombre, juez, justicia, magistrado
ğŸ‘©â€âš–	balanza, jueza, justicia, magistrada, mujer
ğŸ‘¨â€ğŸŒ¾	agricultor, campo, granjero, hombre, labrador
ğŸ‘©â€ğŸŒ¾	agricultora, campo, granjera, labradora, mujer
ğŸ‘¨â€ğŸ³	chef, cocinero, hombre, pinche
ğŸ‘©â€ğŸ³	chef, cocinera, mujer, pinche
ğŸ‘¨â€ğŸ”§	electricista, fontanero, hombre, mecÃ¡nico, operario
ğŸ‘©â€ğŸ”§	electricista, fontanera, mecÃ¡nica, mujer, operaria
ğŸ‘¨â€ğŸ­	fÃ¡brica, montaje, obrero, operario, trabajador
ğŸ‘©â€ğŸ­	fÃ¡brica, montaje, obrera, operaria, trabajadora
ğŸ‘¨â€ğŸ’¼	director, empresa, hombre, oficina, oficinista, oficinista hombre
ğŸ‘©â€ğŸ’¼	directora, empresa, mujer, oficina, oficinista, oficinista mujer
ğŸ‘¨â€ğŸ”¬	biÃ³logo, cientÃ­fico, fÃ­sico, hombre, quÃ­mico
ğŸ‘©â€ğŸ”¬	biÃ³loga, cientÃ­fica, fÃ­sica, mujer, quÃ­mica
ğŸ‘¨â€ğŸ’»	desarrollador, hombre, informÃ¡tico, programador, tecnÃ³logo
ğŸ‘©â€ğŸ’»	desarrolladora, informÃ¡tica, mujer, programadora, tecnÃ³loga
ğŸ‘¨â€ğŸ¤	artista, cantante hombre, estrella, hombre, rock
ğŸ‘©â€ğŸ¤	artista, cantante mujer, estrella, mujer, rock
ğŸ‘¨â€ğŸ¨	artista hombre, hombre, paleta, pintor, pinturas
ğŸ‘©â€ğŸ¨	artista mujer, mujer, paleta, pintora, pinturas
ğŸ‘¨â€âœˆ	aviÃ³n, hombre, piloto, piloto hombre, vuelo
ğŸ‘©â€âœˆ	aviÃ³n, mujer, piloto, piloto mujer, vuelo
ğŸ‘¨â€ğŸš€	astronauta, astronauta hombre, cohete, espacio, hombre
ğŸ‘©â€ğŸš€	astronauta, astronauta mujer, cohete, espacio, mujer
ğŸ‘¨â€ğŸš’	bombero, camiÃ³n, manguera
ğŸ‘©â€ğŸš’	bombera, camiÃ³n, manguera
ğŸ‘®	agente, agente de policÃ­a, personas, policÃ­a
ğŸ‘®â€â™‚	agente, agente de policÃ­a hombre, hombre, poli, policÃ­a
ğŸ‘®â€â™€	agente, agente de policÃ­a mujer, mujer, poli, policÃ­a
ğŸ•µ	cara, detective, espÃ­a
ğŸ•µâ€â™‚	agente, detective, detective hombre, espÃ­a, hombre, investigador
ğŸ•µâ€â™€	agente, detective, detective mujer, espÃ­a, investigadora, mujer
ğŸ’‚	guardia, personas
ğŸ’‚â€â™‚	guardia, guardia hombre, hombre, vigilante
ğŸ’‚â€â™€	guardia, guardia mujer, mujer, vigilante
ğŸ‘·	casco, construcciÃ³n, obrero, personas, trabajador
ğŸ‘·â€â™‚	albaÃ±il, construcciÃ³n, hombre, obrero, obrero hombre, trabajador
ğŸ‘·â€â™€	albaÃ±il, construcciÃ³n, mujer, obrera, trabajadora
ğŸ¤´	corona, prÃ­ncipe
ğŸ‘¸	cuento, fantasÃ­a, hadas, princesa
ğŸ‘³	hombre, persona con turbante, personas, turbante
ğŸ‘³â€â™‚	hombre, hombre con turbante, turbante
ğŸ‘³â€â™€	mujer, mujer con turbante, turbante
ğŸ‘²	gorro, gua, hombre, hombre con gorro chino, mao
ğŸ§•	hiyab, mujer con hiyab, paÃ±uelo
ğŸ¤µ	esmoquin, hombre, hombre con esmoquin, novio
ğŸ‘°	boda, mujer, novia, novia con velo, velo
ğŸ¤°	embarazada, mujer, mujer embarazada
ğŸ¤±	amamantar, bebÃ©, dar pecho, lactancia materna, pecho
ğŸ‘¼	bebÃ©, bebÃ© Ã¡ngel, cara, cuento, Ã¡ngel
ğŸ…	PapÃ¡ Noel, celebraciÃ³n, claus, navidad, papÃ¡ noel, santa
ğŸ¤¶	MamÃ¡ Noel, abuela, mamÃ¡, navidad, noel
ğŸ¦¸	bueno, heroÃ­na, hÃ©roe, personaje de superhÃ©roe, superhÃ©roe, superpoder
ğŸ¦¸â€â™€	heroÃ­na, hÃ©roe, mujer, superheroÃ­na, superhÃ©roe, superpoder
ğŸ¦¸â€â™‚	bueno, hombre, hÃ©roe, superhÃ©roe, superpoder
ğŸ¦¹	criminal, malo, malvado, personaje de supervillano, superpoder, villano
ğŸ¦¹â€â™€	criminal, malvada, mujer, superpoder, supervillana, villana
ğŸ¦¹â€â™‚	criminal, hombre, malvado, superpoder, supervillano, villano
ğŸ§™	bruja, brujo, hechicera, hechicero, persona maga
ğŸ§™â€â™€	bruja, hechicera, maga
ğŸ§™â€â™‚	brujo, hechicero, mago
ğŸ§š	campanilla, hada, oberÃ³n, puck, titania
ğŸ§šâ€â™€	campanilla, hada, hada mujer, titania
ğŸ§šâ€â™‚	hada, hada hombre, oberÃ³n, puck
ğŸ§›	drÃ¡cula, muerto viviente, no muerto, vampiro
ğŸ§›â€â™€	muerta viviente, no muerta, vampiresa
ğŸ§›â€â™‚	drÃ¡cula, muerto viviente, no muerto, vampiro hombre
ğŸ§œ	persona sirena, sirena
ğŸ§œâ€â™€	sirena
ğŸ§œâ€â™‚	sirena, sirena hombre, tritÃ³n
ğŸ§	elfo, mÃ¡gico
ğŸ§â€â™€	elfa, mujer, mÃ¡gico
ğŸ§â€â™‚	elfo, elfo hombre, mÃ¡gico
ğŸ§	genio, lÃ¡mpara
ğŸ§â€â™€	genio, genio mujer, lÃ¡mpara
ğŸ§â€â™‚	djinn, genio, genio hombre, lÃ¡mpara
ğŸ§Ÿ	caminante, muerto viviente, no muerto, zombi
ğŸ§Ÿâ€â™€	caminante, muerta viviente, no muerta, zombi mujer
ğŸ§Ÿâ€â™‚	caminante, muerto viviente, no muerto, zombi hombre
ğŸ™	ceÃ±o, fruncido, gesto, persona, persona frunciendo el ceÃ±o
ğŸ™â€â™‚	ceÃ±o, fruncido, gesto, hombre, hombre frunciendo el ceÃ±o
ğŸ™â€â™€	ceÃ±o, fruncido, gesto, mujer, mujer frunciendo el ceÃ±o
ğŸ™	gesto, persona, persona haciendo pucheros, pucheros
ğŸ™â€â™‚	gesto, hombre, hombre haciendo pucheros, pucheros
ğŸ™â€â™€	gesto, mujer, mujer haciendo pucheros, pucheros
ğŸ™…	gesto, mano, no, persona haciendo el gesto de "no", prohibido
ğŸ™…â€â™‚	gesto, hombre, hombre haciendo el gesto de "no", mano, prohibido
ğŸ™…â€â™€	gesto, mano, mujer, mujer haciendo el gesto de "no", prohibido
ğŸ™†	OK, gesto, mano, persona haciendo el gesto de "de acuerdo", vale
ğŸ™†â€â™‚	OK, gesto, hombre haciendo el gesto de "de acuerdo", mano, vale
ğŸ™†â€â™€	OK, gesto, mano, mujer haciendo el gesto de "de acuerdo", vale
ğŸ’	informaciÃ³n, mano, mostrador, persona, persona de mostrador de informaciÃ³n
ğŸ’â€â™‚	empleado de mostrador de informaciÃ³n, hombre, informaciÃ³n, mano, mostrador
ğŸ’â€â™€	empleada de mostrador de informaciÃ³n, informaciÃ³n, mano, mostrador, mujer
ğŸ™‹	feliz, gesto, levantar, mano, persona con la mano levantada
ğŸ™‹â€â™‚	gesto, hombre, hombre con la mano levantada, levantar, mano
ğŸ™‹â€â™€	gesto, levantar, mano, mujer, mujer con la mano levantada
ğŸ™‡	disculpa, gesto, perdÃ³n, persona haciendo una reverencia, reverencia
ğŸ™‡â€â™‚	disculpa, gesto, hombre haciendo una reverencia, perdÃ³n, reverencia
ğŸ™‡â€â™€	disculpa, gesto, mujer haciendo una reverencia, perdÃ³n, reverencia
ğŸ¤¦	facepalm, frente, incredulidad, mano, persona con la mano en la frente
ğŸ¤¦â€â™‚	facepalm, frente, hombre con la mano en la frente, incredulidad, mano
ğŸ¤¦â€â™€	facepalm, frente, incredulidad, mano, mujer con la mano en la frente
ğŸ¤·	duda, encogerse, hombros, indiferencia, persona encogida de hombros
ğŸ¤·â€â™‚	duda, encogerse, hombre encogido de hombros, hombros, indiferencia
ğŸ¤·â€â™€	duda, encogerse, hombros, indiferencia, mujer encogida de hombros
ğŸ’†	cara, facial, masaje, persona recibiendo masaje, salÃ³n
ğŸ’†â€â™‚	cara, facial, hombre recibiendo masaje, masaje, salÃ³n
ğŸ’†â€â™€	cara, facial, masaje, mujer recibiendo masaje, salÃ³n
ğŸ’‡	belleza, corte, pelo, peluquero, persona cortÃ¡ndose el pelo
ğŸ’‡â€â™‚	belleza, corte, hombre cortÃ¡ndose el pelo, pelo, peluquero
ğŸ’‡â€â™€	belleza, corte, mujer cortÃ¡ndose el pelo, pelo, peluquero
ğŸš¶	andar, caminando, caminar, persona caminando
ğŸš¶â€â™‚	andar, caminata, hombre, hombre caminando, marcha
ğŸš¶â€â™€	andar, caminata, marcha, mujer, mujer caminando
ğŸƒ	carrera, deporte, maratÃ³n, persona corriendo
ğŸƒâ€â™‚	carrera, correr, hombre, hombre corriendo, maratÃ³n
ğŸƒâ€â™€	carrera, correr, maratÃ³n, mujer, mujer corriendo
ğŸ’ƒ	bailar, mujer, mujer bailando
ğŸ•º	bailar, hombre, hombre bailando
ğŸ‘¯	fiesta, mujeres, orejas de conejo, personas, personas con orejas de conejo
ğŸ‘¯â€â™‚	bailar, fiesta, hombre, hombres con orejas de conejo, orejas de conejo
ğŸ‘¯â€â™€	bailar, fiesta, mujer, mujeres con orejas de conejo, orejas de conejo
ğŸ§–	persona en una sauna, sauna, vapor
ğŸ§–â€â™€	mujer en una sauna, sauna, vapor
ğŸ§–â€â™‚	hombre en una sauna, sauna, vapor
ğŸ§—	alpinista, escalador, persona escalando
ğŸ§—â€â™€	alpinista, escaladora, mujer escalando
ğŸ§—â€â™‚	alpinista, escalador, hombre escalando
ğŸ§˜	meditaciÃ³n, persona en posiciÃ³n de loto, yoga
ğŸ§˜â€â™€	meditaciÃ³n, mujer en posiciÃ³n de loto, yoga
ğŸ§˜â€â™‚	hombre en posiciÃ³n de loto, meditaciÃ³n, yoga
ğŸ›€	baÃ±era, baÃ±o, persona, persona en la baÃ±era
ğŸ›Œ	dormir, hotel, persona en la cama
ğŸ•´	hombre, hombre trajeado levitando, levitar, negocios, traje
ğŸ—£	cabeza, cabeza parlante, cara, hablar, silueta
ğŸ‘¤	busto, personas, silueta, silueta de busto
ğŸ‘¥	bustos, dos siluetas de bustos, personas, siluetas
ğŸ¤º	deporte, esgrima, esgrimista, espada, persona
ğŸ‡	caballo, caballo de carreras, carrera de caballos, carreras, jinete
â›·	esquiador, esquÃ­, nieve
ğŸ‚	deporte, practicante de snowboard, snowboard
ğŸŒ	golf, golfista, pelota
ğŸŒâ€â™‚	golf, hombre, hombre jugando al golf, jugador
ğŸŒâ€â™€	golf, jugadora, mujer, mujer jugando al golf
ğŸ„	deporte, persona haciendo surf, surf
ğŸ„â€â™‚	hombre, hombre haciendo surf, surf, surfero, surfista
ğŸ„â€â™€	mujer, mujer haciendo surf, surf, surfera, surfista
ğŸš£	barca, bote, persona remando en un bote, remo
ğŸš£â€â™‚	barca, bote, hombre, hombre remando en un bote, remo
ğŸš£â€â™€	barca, bote, mujer, mujer remando en un bote, remo
ğŸŠ	deporte, nadar, nataciÃ³n, persona nadando
ğŸŠâ€â™‚	hombre, hombre nadando, nadar
ğŸŠâ€â™€	mujer, mujer nadando, nadar
â›¹	balÃ³n, botar, pelota, persona botando un balÃ³n
â›¹â€â™‚	balÃ³n, botar, hombre, hombre botando un balÃ³n, pelota
â›¹â€â™€	balÃ³n, botar, mujer, mujer botando un balÃ³n, pelota
ğŸ‹	halterofilia, levantador, persona levantando pesas, pesas, peso
ğŸ‹â€â™‚	halterofilia, hombre, hombre levantando pesas, levantador de pesas, pesas
ğŸ‹â€â™€	halterofilia, levantadora de pesas, mujer, mujer levantando pesas, pesas
ğŸš´	bicicleta, ciclismo, ciclista, persona en bicicleta
ğŸš´â€â™‚	bicicleta, ciclismo, ciclista, hombre, hombre en bicicleta
ğŸš´â€â™€	bicicleta, ciclismo, ciclista, mujer, mujer en bicicleta
ğŸšµ	bicicleta, ciclista, montaÃ±a, mountain bike, persona en bicicleta de montaÃ±a
ğŸšµâ€â™‚	bicicleta, ciclista, hombre en bicicleta de montaÃ±a, montaÃ±a, mountain bike
ğŸšµâ€â™€	bicicleta, ciclista, montaÃ±a, mountain bike, mujer en bicicleta de montaÃ±a
ğŸ	carreras, coche, coche de carreras
ğŸ	carreras, moto, motocicleta, vehÃ­culo
ğŸ¤¸	acrobacia, gimnasia, persona haciendo voltereta, persona haciendo voltereta lateral, pirueta, voltereta
ğŸ¤¸â€â™‚	deporte, gimnasia, hombre, hombre haciendo una voltereta lateral, voltereta
ğŸ¤¸â€â™€	deporte, gimnasia, mujer, mujer haciendo voltereta lateral, voltereta
ğŸ¤¼	deporte, lucha, luchador, persona, personas luchando
ğŸ¤¼â€â™‚	deporte, hombre, hombres luchando, lucha, luchador
ğŸ¤¼â€â™€	deporte, lucha, luchadora, mujer, mujeres luchando
ğŸ¤½	deporte, persona, persona jugando al waterpolo, waterpolista, waterpolo
ğŸ¤½â€â™‚	agua, deporte, hombre jugando al waterpolo, waterpolista, waterpolo
ğŸ¤½â€â™€	agua, deporte, mujer jugando al waterpolo, waterpolista, waterpolo
ğŸ¤¾	balonmanista, balonmano, deporte, persona, persona jugando al balonmano
ğŸ¤¾â€â™‚	balonmanista, balonmano, deporte, hombre, hombre jugando al balonmano
ğŸ¤¾â€â™€	balonmanista, balonmano, deporte, mujer, mujer jugando al balonmano
ğŸ¤¹	equilibrio, malabares, malabarismo, malabarista, persona haciendo malabares
ğŸ¤¹â€â™‚	hombre, hombre haciendo malabares, malabares, malabarismo, malabarista
ğŸ¤¹â€â™€	malabares, malabarismo, malabarista, mujer, mujer haciendo malabares
ğŸ‘«	hombre, hombre y mujer de la mano, mano, mujer, pareja
ğŸ‘¬	dos hombres de la mano, gays, hombre, mano, pareja
ğŸ‘­	dos mujeres de la mano, lesbianas, mano, mujer, pareja
ğŸ’	beso, personas, romance
ğŸ’‘	amor, corazÃ³n, hombre y mujer enamorados, pareja, pareja enamorada, personas
ğŸ‘ª	familia, madre, niÃ±o, padre, personas
ğŸ¤³	autofoto, cÃ¡mara, selfi, selfie, telÃ©fono
ğŸ’ª	bÃ­ceps, bÃ­ceps flexionado, cÃ³mic, flexionado, fuerte, mÃºsculo
ğŸ¦µ	extremidad, patada, pierna
ğŸ¦¶	patada, pie, pisotÃ³n
ğŸ‘ˆ	dedo, dorso de mano con Ã­ndice a la izquierda, izquierda, mano, Ã­ndice
ğŸ‘‰	dedo, derecha, dorso de mano con Ã­ndice a la derecha, mano, Ã­ndice
â˜	apuntar, arriba, dedo, dedo Ã­ndice hacia arriba, mano
ğŸ‘†	apuntar, arriba, dedo, dorso de mano con Ã­ndice hacia arriba, mano
ğŸ–•	corazÃ³n, dedo, dedo corazÃ³n hacia arriba, mano, peineta
ğŸ‘‡	abajo, apuntar, dedo, dorso de mano con Ã­ndice hacia abajo, mano
âœŒ	mano, mano con seÃ±al de victoria, seÃ±al de victoria, victoria
ğŸ¤	cruzar, dedos, dedos cruzados, mano, suerte
ğŸ––	mano, saludo, saludo vulcano, spock, vulcano
ğŸ¤˜	cuernos, dedo, mano, mano haciendo el signo de cuernos, rock
ğŸ¤™	llamar, mano, mano haciendo el gesto de llamar, meÃ±ique, pulgar
ğŸ–	abierta, dedo, mano, mano abierta
âœ‹	levantada, mano, mano levantada
ğŸ‘Œ	aprobaciÃ³n, mano, ok, seÃ±al de aprobaciÃ³n con la mano
ğŸ‘	arriba, mano, pulgar, pulgar hacia arriba, seÃ±al
ğŸ‘	abajo, mano, pulgar, pulgar hacia abajo, seÃ±al
âœŠ	cerrado, mano, puÃ±etazo, puÃ±o, puÃ±o en alto
ğŸ‘Š	puÃ±etazo, puÃ±o, puÃ±o cerrado
ğŸ¤›	izquierda, puÃ±o, puÃ±o hacia la izquierda
ğŸ¤œ	derecha, puÃ±o, puÃ±o hacia la derecha
ğŸ¤š	dorso, dorso de la mano, levantado, mano
ğŸ‘‹	agitar, mano, mano saludando, saludar, saludo
ğŸ¤Ÿ	gesto de te quiero, mano, quiero
âœ	cuerpo, escribir, lÃ¡piz, mano, mano escribiendo
ğŸ‘	aplaudir, manos, manos aplaudiendo, palmas, seÃ±al
ğŸ‘	abiertas, manos, manos abiertas
ğŸ™Œ	celebraciÃ³n, gesto, hurra, mano, manos levantadas celebrando
ğŸ¤²	oraciÃ³n, palmas hacia arriba juntas
ğŸ™	mano, manos en oraciÃ³n, oraciÃ³n, orar, rezar
ğŸ¤	acuerdo, apretÃ³n, apretÃ³n de manos, manos
ğŸ’…	cosmÃ©tica, esmalte, manicura, pintarse las uÃ±as, uÃ±as
ğŸ‘‚	cuerpo, oreja
ğŸ‘ƒ	cuerpo, nariz
ğŸ‘£	cuerpo, huellas, huellas de pies, pies
ğŸ‘€	cara, ojos
ğŸ‘	cuerpo, ojo
ğŸ‘â€ğŸ—¨	bocadillo de texto, ojo, ojo en bocadillo de texto, testigo
ğŸ§ 	cerebro, inteligente
ğŸ¦´	esqueleto, hueso
ğŸ¦·	dentista, diente
ğŸ‘…	cuerpo, lengua
ğŸ‘„	boca, cara, cuerpo, labios
ğŸ¦°	pelirrojo, pelo, pelo pelirrojo, rojizo, rojo
ğŸ¦±	afro, bucle, pelo rizado, rizado, rizo, tirabuzÃ³n
ğŸ¦³	blanco, cana, gris, pelo, pelo blanco, viejo
ğŸ¦²	afeitado, bola de billar, calvo, quimioterapia, sin pelo
ğŸ’‹	beso, labios, marca de beso, romance
ğŸ’˜	amor, corazÃ³n, corazÃ³n con flecha, emociÃ³n, flecha
ğŸ’	corazÃ³n, corazÃ³n con lazo, emociÃ³n, lazo, san valentÃ­n
ğŸ’–	amor, brillante, corazÃ³n brillante, emociÃ³n
ğŸ’—	corazÃ³n, corazÃ³n creciente, creciente, emocionado, latido, nervioso
ğŸ’“	amor, corazÃ³n, corazÃ³n latiendo, emociÃ³n, latido
ğŸ’	corazones giratorios, corazÃ³n, giratorio
ğŸ’•	amantes, amor, corazÃ³n, dos corazones
ğŸ’Œ	amor, carta, carta de amor, corazÃ³n, correo
â£	corazÃ³n, exclamaciÃ³n, exclamaciÃ³n de corazÃ³n, puntuaciÃ³n
ğŸ’”	corazÃ³n, corazÃ³n roto, emociÃ³n, partido, roto
â¤	corazÃ³n, corazÃ³n rojo, emociÃ³n, rojo
ğŸ§¡	corazÃ³n, corazÃ³n naranja, emociÃ³n, naranja
ğŸ’›	amarillo, corazÃ³n, corazÃ³n amarillo, emociÃ³n
ğŸ’š	corazÃ³n, corazÃ³n verde, emociÃ³n, verde
ğŸ’™	azul, corazÃ³n, corazÃ³n azul, emociÃ³n
ğŸ’œ	corazÃ³n, corazÃ³n morado, emociÃ³n, morado
ğŸ–¤	corazÃ³n, corazÃ³n negro, negro
ğŸ’Ÿ	adorno de corazÃ³n, corazÃ³n
ğŸ’¤	cÃ³mic, dormir, sueÃ±o, sÃ­mbolo de sueÃ±o, zzz
ğŸ’¢	cÃ³mic, enfadado, enfado, sÃ­mbolo de enfado
ğŸ’£	bomba, cÃ³mic, emociÃ³n
ğŸ’¥	colisiÃ³n, cÃ³mic
ğŸ’¦	cÃ³mic, emociÃ³n, gotas de sudor, sudor
ğŸ’¨	carrera, correr, cÃ³mic, humo, salir corriendo
ğŸ’«	cÃ³mic, emociÃ³n, estrella, mareo, sÃ­mbolo de mareo
ğŸ’¬	bocadillo, bocadillo de diÃ¡logo, conversaciÃ³n, cÃ³mic, diÃ¡logo
ğŸ—¨	bocadillo, bocadillo de diÃ¡logo por la izquierda, burbuja, conversaciÃ³n, diÃ¡logo
ğŸ—¯	bocadillo, bocadillo de enfado por la derecha, cabreo, enfado, rabia
ğŸ’­	bocadillo, bocadillo de pensamiento, burbuja, cÃ³mic, pensamiento
ğŸ•³	agujero, orificio
ğŸ‘“	accesorios, gafas, ojo, ropa
ğŸ•¶	gafas, gafas de sol, ojo, oscuras, sol
ğŸ¥½	gafas, gafas de protecciÃ³n, nadar, protecciÃ³n ocular, soldar
ğŸ¥¼	bata de laboratorio, cientÃ­fico, doctor, experimento, mÃ©dico
ğŸ‘”	accesorio, corbata, ropa
ğŸ‘•	camiseta, ropa
ğŸ‘–	pantalones, ropa, vaqueros
ğŸ§£	abrigo, bufanda, cuello
ğŸ§¤	guantes, mano
ğŸ§¥	abrigo, chaquetÃ³n
ğŸ§¦	calcetines, pies, ropa
ğŸ‘—	mujer, ropa, vestido
ğŸ‘˜	japonÃ©s, kimono, ropa
ğŸ‘™	baÃ±o, bikini, playa, ropa
ğŸ‘š	blusa, camisa, femenina, ropa, ropa de mujer
ğŸ‘›	accesorios, cartera, complementos, monedero, mujer
ğŸ‘œ	accesorios, bolso, complementos, mujer
ğŸ‘	accesorios, bolso, bolso de mano, cartera, complementos
ğŸ›	bolsa, bolsas de compras, compra
ğŸ’	colegio, mochila, mochila escolar
ğŸ‘	calzado, hombre, ropa, zapato, zapato de hombre
ğŸ‘Ÿ	calzado, correr, ropa, tenis, zapatilla deportiva
ğŸ¥¾	bota, bota de senderismo, camping, mochilero, senderismo
ğŸ¥¿	bailarina, calzado, mujer, zapato
ğŸ‘ 	mujer, tacÃ³n, zapato, zapato de tacÃ³n
ğŸ‘¡	calzado, mujer, ropa, sandalia, sandalia de mujer
ğŸ‘¢	bota, bota de mujer, calzado, mujer, ropa
ğŸ‘‘	accesorios, complementos, corona, reina, rey
ğŸ‘’	accesorio, mujer, ropa, sombrero, sombrero de mujer
ğŸ©	chistera, copa, ropa, sombrero, sombrero de copa
ğŸ“	birrete, celebraciÃ³n, gorro, graduaciÃ³n
ğŸ§¢	bÃ©isbol, gorra, gorra con visera, visera
â›‘	ayuda, cara, casco, casco con una cruz blanca, cruz
ğŸ“¿	collar, cuentas, religiÃ³n, rosario
ğŸ’„	barra, cosmÃ©tica, labios, maquillaje, pintalabios
ğŸ’	anillo, diamante
ğŸ’	diamante, gema, joya, piedra, piedra preciosa, preciosa
ğŸµ	animal, cara, cara de mono, mono
ğŸ’	macaco, mono, simio
ğŸ¦	animal, cara, gorila
ğŸ¶	animal, cara, cara de perro, perro
ğŸ•	cachorro, perrete, perrito, perro
ğŸ©	caniche, perrito, perro
ğŸº	cara, cara de lobo, lobo
ğŸ¦Š	animal, cara, cara de zorro, zorro
ğŸ¦	astuto, curioso, ladino, mapache
ğŸ±	animal, cara, cara de gato, gato
ğŸˆ	gatete, gato, minino
ğŸ¦	cara, cara de leÃ³n, leo, leÃ³n, zodiaco
ğŸ¯	animal, cara de tigre, tigre
ğŸ…	felino, tigre
ğŸ†	felino, leopardo
ğŸ´	animal, caballo, cara, cara de caballo
ğŸ	caballo, caballo corriendo, caballo de carrera, ecuestre
ğŸ¦„	cara, cara de unicornio, unicornio
ğŸ¦“	cebra, raya
ğŸ¦Œ	animal, cara, ciervo
ğŸ®	animal, cara, cara de vaca, vaca
ğŸ‚	buey, cabestro, tauro, zodiaco
ğŸƒ	animal, bÃºfalo, bÃºfalo de agua
ğŸ„	bovino, res, vaca
ğŸ·	animal, cara, cara de cerdo, cerdo
ğŸ–	cerdo, cochino, gorrino, puerco
ğŸ—	cerdo salvaje, jabalÃ­
ğŸ½	cara, cerdo, morro, nariz, nariz de cerdo
ğŸ	aries, carnero, morueco, zodiaco
ğŸ‘	borrego, cordero, oveja, ovino
ğŸ	cabra, capricornio, caprino, chivo, zodiaco
ğŸª	camello, desierto, dromedario, joroba
ğŸ«	bactriano, camello, desierto, dromedario, jorobas
ğŸ¦™	alpaca, guanaco, lana, llama, vicuÃ±a
ğŸ¦’	jirafa, manchas
ğŸ˜	elefante, paquidermo
ğŸ¦	animal, cabeza, rinoceronte
ğŸ¦›	hipopÃ³tamo, paquidermo
ğŸ­	animal, cara, cara de ratÃ³n, ratÃ³n
ğŸ	ratÃ³n, roedor
ğŸ€	rata, roedor
ğŸ¹	animal, cara, cara de hÃ¡mster, hÃ¡mster, mascota
ğŸ°	animal, cara, cara de conejo, conejo
ğŸ‡	conejito, conejo, gazapo
ğŸ¿	animal, ardilla
ğŸ¦”	erizo, espinas, pÃºas
ğŸ¦‡	animal, murciÃ©lago, vampiro
ğŸ»	animal, cara, cara de oso, oso
ğŸ¨	bambÃº, koala
ğŸ¼	animal, cara, cara de oso panda, oso panda, panda
ğŸ¦˜	australia, canguro, marsupial, salto
ğŸ¦¡	ratel, tejÃ³n, tejÃ³n de la miel, tejÃ³n melero
ğŸ¾	animal, huellas, huellas de pezuÃ±as, pezuÃ±as
ğŸ¦ƒ	animal, ave, pavo
ğŸ”	ave, gallina, gallinÃ¡cea, pollo
ğŸ“	ave, gallina, gallinÃ¡cea, gallo, pollo
ğŸ£	ave, huevo, pollito, pollito rompiendo el cascarÃ³n, pollo
ğŸ¤	animal, ave, pollito, pollo, polluelo
ğŸ¥	animal, ave, pollito, pollito de frente, pollo
ğŸ¦	ave, pajarillo, pÃ¡jaro
ğŸ§	ave, pingÃ¼ino
ğŸ•Š	animal, paloma, paz, pÃ¡jaro
ğŸ¦…	ave, Ã¡guila
ğŸ¦†	ave, pato
ğŸ¦¢	ave, cisne, patito feo
ğŸ¦‰	ave, bÃºho, lechuza, pÃ¡jaro
ğŸ¦š	ave, orgulloso, pavo, pavo real, plumas
ğŸ¦œ	ave, hablar, loro, papagayo, pirata
ğŸ¸	animal, cara, cara de rana, rana
ğŸŠ	caimÃ¡n, cocodrilo
ğŸ¢	galÃ¡pago, tortuga
ğŸ¦	lagartija, lagarto, reptil
ğŸ	culebra, reptil, serpiente, vÃ­bora
ğŸ²	cara, cara de dragÃ³n, cuento, dragÃ³n, fantasÃ­a
ğŸ‰	animal, cuento, dragÃ³n, fantasÃ­a
ğŸ¦•	braquiosaurio, brontosaurio, diplodocus, saurÃ³podo
ğŸ¦–	t-rex, tiranosaurio, tiranosaurio rex
ğŸ³	animal, ballena, ballena soltando un chorro, chorro de agua
ğŸ‹	ballena, cachalote, cetÃ¡ceo
ğŸ¬	cetÃ¡ceo, delfÃ­n
ğŸŸ	pececillo, pescado, pez, piscis, zodiaco
ğŸ 	animal, pescado, pez, pez tropical
ğŸ¡	animal, globo, pez, pez globo
ğŸ¦ˆ	pez, tiburÃ³n
ğŸ™	cefalÃ³podo, octÃ³podo, pulpo
ğŸš	animal, concha, concha de mar
ğŸ¦€	animal, cangrejo, cÃ¡ncer, zodiaco
ğŸ¦	langosta, marisco, pinzas
ğŸ¦	camarÃ³n, comida, gamba, langostino, marisco
ğŸ¦‘	calamar, comida, molusco
ğŸŒ	caracol, caracola, molusco
ğŸ¦‹	bonito, insecto, mariposa
ğŸ›	bicho, gusano, insecto
ğŸœ	antenas, hormiga, insecto
ğŸ	abeja, flores, insecto, miel
ğŸ	cochinilla, mariquita
ğŸ¦—	grillo, saltamontes
ğŸ•·	animal, araÃ±a, insecto
ğŸ•¸	araÃ±a, tela, tela de araÃ±a, telaraÃ±a
ğŸ¦‚	escorpio, escorpiÃ³n, zodiaco
ğŸ¦Ÿ	fiebre, insecto, malaria, mosquito, virus
ğŸ¦ 	ameba, bacteria, germen, microbio, virus
ğŸ’	bouquet, flores, ramo, ramo de flores, romance
ğŸŒ¸	cerezo, flor, flor de cerezo, primavera
ğŸ’®	blanca, flor, flor blanca
ğŸµ	flor, planta, roseta
ğŸŒ¹	flor, rosa
ğŸ¥€	flor, flor marchita, marchita, marchitada, marchitarse, tristeza
ğŸŒº	flor, flor de hibisco, hibisco
ğŸŒ»	girasol, pipas, planta, semillas, sol
ğŸŒ¼	campo, flor, planta, primavera
ğŸŒ·	flor, tulipÃ¡n
ğŸŒ±	planta joven, plantÃ³n
ğŸŒ²	hoja perenne, perenne, Ã¡rbol, Ã¡rbol de hoja perenne
ğŸŒ³	caducifolio, hoja caduca, Ã¡rbol, Ã¡rbol de hoja caduca
ğŸŒ´	palmera, Ã¡rbol, Ã¡rbol de palma
ğŸŒµ	cactus, planta
ğŸŒ¾	arroz, espiga, espiga de arroz, planta
ğŸŒ¿	hierba, hoja, verde
â˜˜	planta, trÃ©bol
ğŸ€	suerte, trÃ©bol, trÃ©bol de cuatro hojas
ğŸ	arce, hoja, hoja de arce
ğŸ‚	caÃ­da, hojas, hojas caÃ­das
ğŸƒ	hoja, hojas revoloteando al viento, revolotear, soplar, viento
ğŸ‡	agracejo, fruta, racimo, uva, uvas
ğŸˆ	fruta, melÃ³n
ğŸ‰	fruta, sandÃ­a
ğŸŠ	fruta, mandarina, naranja
ğŸ‹	citrÃ³n, cÃ­trico, fruta, limÃ³n
ğŸŒ	banana, fruta, plÃ¡tano
ğŸ	ananÃ¡s, fruta, piÃ±a
ğŸ¥­	fruta, mango, tropical
ğŸ	fruta, manzana, manzana roja, poma, roja
ğŸ	fruta, manzana, manzana verde, poma, verde
ğŸ	fruta, pera, perilla
ğŸ‘	durazno, fruta, melocotÃ³n
ğŸ’	cereza, cerezas, fruta, guindas
ğŸ“	fresa, fresÃ³n, fruta
ğŸ¥	comida, fruta, kiwi
ğŸ…	ensalada, fruta, tomate, verdura
ğŸ¥¥	coco, palmera, piÃ±a colada
ğŸ¥‘	aguacate, comida, fruta
ğŸ†	berenjena, fruto, verdura
ğŸ¥”	comida, papa, patata, verdura
ğŸ¥•	comida, verdura, zanahoria
ğŸŒ½	espiga, espiga de maÃ­z, mazorca, maÃ­z, mijo
ğŸŒ¶	chile, chile picante, picante, planta
ğŸ¥’	comida, pepinillo, pepino, verdura
ğŸ¥¬	bok choy, col, kale, lechuga, pak choi, verdura de hoja, verdura de hoja verde
ğŸ¥¦	brÃ³coli, col, repollo
ğŸ„	champiÃ±Ã³n, hongo, seta
ğŸ¥œ	cacahuete, cacahuetes, comida, fruto seco, verdura
ğŸŒ°	castaÃ±a, castaÃ±o, fruto seco
ğŸ	pan, pan de molde, rebanada, tostada
ğŸ¥	bollo, comida, croissant, cruasÃ¡n, francÃ©s
ğŸ¥–	baguete, baguette, barra, comida, francÃ©s, pan
ğŸ¥¨	bretzel, galleta salada, pretzel
ğŸ¥¯	bagel, bocadillo, pan, panaderÃ­a
ğŸ¥	comida, dulce, pancakes, postre, tortita, tortitas
ğŸ§€	cuÃ±a, cuÃ±a de queso, queso, trozo
ğŸ–	carne, carne con hueso, hueso, restaurante
ğŸ—	muslo, muslo de pollo, pollo, restaurante
ğŸ¥©	carne, chuleta, corte de carne, filete
ğŸ¥“	bacon, beicon, carne, comida, panceta
ğŸ”	burger, hamburguesa
ğŸŸ	papas fritas, patatas, patatas fritas, restaurante
ğŸ•	pizza, porciÃ³n, restaurante
ğŸŒ­	perrito, perrito caliente, salchicha
ğŸ¥ª	bocadillo, bocata, emparedado, sÃ¡ndwich
ğŸŒ®	comida, mexicano, taco
ğŸŒ¯	burrito, comida, mexicano, tex mex, wrap
ğŸ¥™	comida, durum, falafel, kebab, pan de pita, pan relleno
ğŸ¥š	comida, huevo
ğŸ³	cocinar, freÃ­r, huevo, sartÃ©n
ğŸ¥˜	arroz, comida, paella
ğŸ²	comida de olla, olla de comida, puchero, restaurante
ğŸ¥£	cereal, cuenco con cuchara, desayuno
ğŸ¥—	bol, comida, ensalada, verde
ğŸ¿	maÃ­z, palomitas
ğŸ§‚	condimento, sal, salero
ğŸ¥«	comida enlatada, conserva, lata
ğŸ±	bento, caja, caja de bento, comida, restaurante
ğŸ˜	arroz, galleta, galleta de arroz
ğŸ™	arroz, bola de arroz, japonÃ©s, onigiri, restaurante
ğŸš	arroz, arroz cocido, restaurante
ğŸ›	arroz, arroz con curry, curry, restaurante
ğŸœ	fideos calientes, fideos chinos, fideos ramen, ramen, tazÃ³n de fideos
ğŸ	espagueti, pasta, restaurante
ğŸ 	asada, papa asada, patata, patata asada, restaurante
ğŸ¢	brocheta, japonÃ©s, marisco, oden, pincho
ğŸ£	restaurante, sushi
ğŸ¤	frito, gamba, gamba frita, restaurante
ğŸ¥	comida japonesa, pastel, pastel de pescado japonÃ©s, pescado
ğŸ¥®	festival, luna, otoÃ±o, pastel de luna, yuebing
ğŸ¡	dango, japonÃ©s, pincho, postre, restaurante
ğŸ¥Ÿ	comida, dumpling, gyÅza, jiaozi, masa
ğŸ¥ 	adivinaciÃ³n, galleta de la fortuna, profecÃ­a, supersticiÃ³n
ğŸ¥¡	caja para llevar, recipiente para llevar, restaurante
ğŸ¦	cucurucho, cucurucho de helado, dulce, helado, helado de cucurucho, restaurante
ğŸ§	granizado hawaiano, helado, hielo, postre, raspado
ğŸ¨	helado, postre, sorbete
ğŸ©	berlina, dÃ³nut, pastel, rosquilla
ğŸª	dulce, galleta, pasta, postre
ğŸ‚	celebraciÃ³n, cumpleaÃ±os, tarta, tarta de cumpleaÃ±os
ğŸ°	pedazo de tarta, restaurante, tarta, trozo de tarta
ğŸ§	cupcake, dulce, magdalena, reposterÃ­a
ğŸ¥§	masa, pastel, relleno
ğŸ«	barra, chocolate, restaurante, tableta, tableta de chocolate
ğŸ¬	caramelo, chuche, chucherÃ­a, dulce, golosina
ğŸ­	chuche, chucherÃ­a, dulce, golosina, piruleta
ğŸ®	dulce, flan, postre, pudding
ğŸ¯	dulce, miel, tarro, tarro de miel
ğŸ¼	bebÃ©, bibe, biberÃ³n, bibi, botella, leche
ğŸ¥›	bebida, leche, vaso, vaso de leche
â˜•	bebida, bebida caliente, cafÃ©, caliente, tÃ©
ğŸµ	bebida, taza, tazÃ³n de tÃ©, tÃ©
ğŸ¶	bar, bebida, botella, restaurante, sake, tazÃ³n
ğŸ¾	bar, beber, botella, botella descorchada, cava, corcho
ğŸ·	bar, bebida, copa, copa de vino, vaso, vino
ğŸ¸	bar, copa, copa de cÃ³ctel, cÃ³ctel, restaurante
ğŸ¹	bar, bebida, bebida tropical, restaurante, tropical
ğŸº	bar, cerveza, jarra, jarra de cerveza, restaurante
ğŸ»	bar, cerveza, jarra, jarras, jarras de cerveza brindando, restaurante
ğŸ¥‚	bebida, brindar, brindis, celebraciÃ³n, copa, copas brindando
ğŸ¥ƒ	chupito, copa, licor, vaso, vaso de whisky, whisky
ğŸ¥¤	refresco, vaso con pajita, zumo
ğŸ¥¢	cubiertos, hashi, palillos
ğŸ½	cuchillo, cuchillo y tenedor con un plato, plato, restaurante, tenedor
ğŸ´	cuchillo, restaurante, tenedor, tenedor y cuchillo
ğŸ¥„	cubiertos, cuchara, cucharilla
ğŸ”ª	arma, cocinar, cuchillo, cuchillo de cocina
ğŸº	acuario, beber, jarra, zodiaco, Ã¡nfora
ğŸŒ	europa, globo terrÃ¡queo mostrando Europa y Ãfrica, globo terrÃ¡queo mostrando europa y Ã¡frica, mundo, tierra, Ã¡frica
ğŸŒ	amÃ©rica, globo, globo terrÃ¡queo mostrando AmÃ©rica, globo terrÃ¡queo mostrando amÃ©rica, mundo, tierra
ğŸŒ	asia, australia, globo terrÃ¡queo mostrando Asia y Australia, globo terrÃ¡queo mostrando asia y australia, mundo, tierra
ğŸŒ	globo, globo terrÃ¡queo con meridianos, meridianos, mundo, tierra
ğŸ—º	mapa, mapa mundial, mapamundi, mundo
ğŸ—¾	japÃ³n, mapa, mapa de JapÃ³n, mapa de japÃ³n
ğŸ§­	brÃºjula, magnÃ©tico, navegaciÃ³n, orientaciÃ³n
ğŸ”	frÃ­o, montaÃ±a, montaÃ±a con nieve, nieve
â›°	montaÃ±a, monte
ğŸŒ‹	erupciÃ³n, erupciÃ³n volcÃ¡nica, volcÃ¡n
ğŸ—»	montaÃ±a, monte Fuji, monte fuji
ğŸ•	acampada, campamento, camping, vacaciones
ğŸ–	playa, playa y sombrilla, sombrilla
ğŸœ	arena, desierto
ğŸ	desierta, isla, isla desierta
ğŸ	nacional, parque, parque nacional
ğŸŸ	estadio
ğŸ›	clÃ¡sico, edificio, edificio clÃ¡sico
ğŸ—	construcciÃ³n, edificio, obra
ğŸ§±	arcilla, cemento, ladrillo, muro, pared
ğŸ˜	casas, edificio, urbanizaciÃ³n
ğŸš	abandonada, casa, casa abandonada, deshabitada, inhabitada, vacÃ­a
ğŸ 	casa, vivienda
ğŸ¡	casa, casa con jardÃ­n, construcciÃ³n, jardÃ­n, vivienda
ğŸ¢	construcciÃ³n, edificio, edificio de oficinas, oficinas
ğŸ£	correos, edificio, japÃ³n, oficina de correos, oficina de correos japonesa
ğŸ¤	correos, edificio, europa, oficina de correos, oficina de correos europea
ğŸ¥	doctor, edificio, hospital, medicina, mÃ©dico
ğŸ¦	banca, banco, edificio
ğŸ¨	alojamiento, edificio, hotel, turismo
ğŸ©	amor, edificio, hotel, hotel del amor
ğŸª	edificio, establecimiento, tienda 24 horas, tienda de comestibles
ğŸ«	colegio, edificio, edificio de colegio
ğŸ¬	comercio, grandes almacenes
ğŸ­	edificio, fÃ¡brica, industria
ğŸ¯	castillo, castillo japonÃ©s, construcciÃ³n
ğŸ°	castillo, castillo europeo, construcciÃ³n
ğŸ’’	boda, iglesia, iglesia celebrando boda, romance
ğŸ—¼	Torre de Tokio, tokio, torre, torre de tokio
ğŸ—½	Estatua de la Libertad, estatua, estatua de la libertad, libertad
â›ª	cristianismo, cruz, edificio, iglesia, religiÃ³n
ğŸ•Œ	islam, mezquita, religiÃ³n
ğŸ•	judaÃ­smo, religiÃ³n, sinagoga
â›©	japÃ³n, religiÃ³n, santuario, santuario sintoÃ­sta, sintoÃ­smo
ğŸ•‹	Kaaba, islam, kaaba, religiÃ³n
â›²	fuente
â›º	campaÃ±a, camping, tienda, tienda de campaÃ±a, vacaciones
ğŸŒ	bruma, niebla
ğŸŒƒ	estrellas, noche, noche estrellada
ğŸ™	ciudad, edificio, paisaje, paisaje urbano
ğŸŒ„	amanecer, amanecer sobre montaÃ±as, montaÃ±a, salida, sol
ğŸŒ…	amanecer, salida del sol
ğŸŒ†	atardecer, ciudad, ciudad al atardecer, edificios, paisaje
ğŸŒ‡	edificios, puesta del sol
ğŸŒ‰	noche, puente, puente de noche
â™¨	aguas termales, termas, vapor
ğŸŒŒ	VÃ­a LÃ¡ctea, espacio, galaxia, vÃ­a lÃ¡ctea
ğŸ 	caballo, caballo de tiovivo, entretenimiento, tiovivo
ğŸ¡	atracciones, entretenimiento, feria, noria, noria de feria
ğŸ¢	atracciones, entretenimiento, feria, montaÃ±a rusa, parque
ğŸ’ˆ	barbero, barberÃ­a, peluquero, poste, poste de barbero
ğŸª	carpa, carpa de circo, circo, entretenimiento
ğŸš‚	locomotora, locomotora de vapor, tren, vehÃ­culo
ğŸšƒ	ferrocarril, tranvÃ­a, tren elÃ©ctrico, vagÃ³n, vehÃ­culo
ğŸš„	ferrocarril, rÃ¡pido, tren, tren de alta velocidad, velocidad
ğŸš…	bala, shinkansen, tren, tren bala, vehÃ­culo, velocidad
ğŸš†	ferrocarril, tren, vehÃ­culo
ğŸš‡	metro, subterrÃ¡neo, suburbano, transporte
ğŸšˆ	ferrocarril, transporte, tren, tren ligero
ğŸš‰	estaciÃ³n, estaciÃ³n de tren, tren
ğŸšŠ	transporte, tranvÃ­a, trolebÃºs
ğŸš	ferrocarril, monocarril, monorraÃ­l, transporte, tren
ğŸš	ferrocarril, ferrocarril de montaÃ±a, montaÃ±a, vehÃ­culo
ğŸš‹	tranvÃ­a, vagÃ³n, vagÃ³n de tranvÃ­a, vehÃ­culo
ğŸšŒ	autobÃºs, bus, transporte
ğŸš	autobÃºs, autobÃºs prÃ³ximo, prÃ³ximo, vehÃ­culo
ğŸš	transporte, tranvÃ­a, trolebÃºs
ğŸš	autobÃºs, bus, minibÃºs, transporte
ğŸš‘	ambulancia, asistencia mÃ©dica, transporte, vehÃ­culo
ğŸš’	camiÃ³n, camiÃ³n de bomberos, coche de bomberos, fuego, vehÃ­culo
ğŸš“	coche de policÃ­a, coche patrulla, policÃ­a, vehÃ­culo
ğŸš”	coche de policÃ­a prÃ³ximo, coche patrulla, policÃ­a, prÃ³ximo, vehÃ­culo
ğŸš•	coche, taxi, vehÃ­culo
ğŸš–	taxi, taxi prÃ³ximo, vehÃ­culo
ğŸš—	automÃ³vil, coche, vehÃ­culo
ğŸš˜	automÃ³vil, coche, coche prÃ³ximo, prÃ³ximo, vehÃ­culo
ğŸš™	camping, caravana, furgoneta, vacaciones, vehÃ­culo, vehÃ­culo deportivo utilitario
ğŸšš	camiÃ³n de reparto, mercancÃ­as, reparto, transporte, vehÃ­culo
ğŸš›	camiÃ³n, camiÃ³n articulado, trÃ¡iler, vehÃ­culo
ğŸšœ	agricultura, tractor, vehÃ­culo
ğŸš²	bici, bicicleta, vehÃ­culo
ğŸ›´	patinete
ğŸ›¹	monopatÃ­n, skateboard, tabla
ğŸ›µ	escÃºter, moto, scooter
ğŸš	autobÃºs, parada, parada de autobÃºs
ğŸ›£	autopista, carretera
ğŸ›¤	tren, vÃ­a, vÃ­a de tren
ğŸ›¢	barril, barril de petrÃ³leo, bidÃ³n, petrÃ³leo
â›½	bomba de gasolina, combustible, gasolina, surtidor, surtidor de gasolina
ğŸš¨	coche de policÃ­a, luces, luces de policÃ­a, policÃ­a
ğŸš¥	luz, semÃ¡foro horizontal, seÃ±ales de trÃ¡fico, trÃ¡fico
ğŸš¦	luz, semÃ¡foro, semÃ¡foro vertical, seÃ±ales de trÃ¡fico, trÃ¡fico
ğŸ›‘	octÃ¡gono, parada, seÃ±al, seÃ±al de stop, stop
ğŸš§	construcciÃ³n, obras, seÃ±al, seÃ±al de obras
âš“	ancla, barco, gancho
â›µ	barco, barco de vela, centro turÃ­stico, resort, yate
ğŸ›¶	barca, barco, canoa, piragua
ğŸš¤	barco, lancha motora, vehÃ­culo
ğŸ›³	barco, barco de pasajeros, pasajeros, vehÃ­culo
â›´	barco, ferri, ferry
ğŸ›¥	barco, barco a motor, motor, vehÃ­culo
ğŸš¢	barco, vehÃ­culo
âœˆ	aeroplano, aviÃ³n, vehÃ­culo
ğŸ›©	avioneta, vehÃ­culo
ğŸ›«	aeroplano, aviÃ³n, aviÃ³n despegando, salida, vehÃ­culo
ğŸ›¬	aeroplano, aviÃ³n, aviÃ³n aterrizando, llegada, vehÃ­culo
ğŸ’º	asiento, asiento de transporte, plaza, silla
ğŸš	aspas, helicÃ³ptero, rotores, vehÃ­culo, volar
ğŸšŸ	ferrocarril, ferrocarril de suspensiÃ³n, suspensiÃ³n, vehÃ­culo
ğŸš 	cable, funicular, montaÃ±a, telefÃ©rico, telefÃ©rico de montaÃ±a, vehÃ­culo
ğŸš¡	aÃ©reo, telefÃ©rico, tranvÃ­a, vehÃ­culo
ğŸ›°	espacio, satÃ©lite, vehÃ­culo
ğŸš€	cohete, espacio, vehÃ­culo
ğŸ›¸	ovni, platillo volante
ğŸ›	botones, campanilla, hotel, timbre, timbre de hotel
ğŸ§³	equipaje, maleta, viajar
âŒ›	arena, reloj, reloj de arena sin tiempo, temporizador
â³	reloj con arena cayendo, reloj de arena con tiempo, temporizador
âŒš	reloj
â°	alarma, despertador, reloj, reloj despertador
â±	cronÃ³metro, reloj
â²	reloj, temporizador
ğŸ•°	reloj, reloj de sobremesa, sobremesa
ğŸ•›	12 en punto, 12:00, doce, reloj
ğŸ•§	12:30, doce y media, reloj
ğŸ•	1 en punto, 1:00, reloj, una
ğŸ•œ	1:30, reloj, una y media
ğŸ•‘	2 en punto, 2:00, dos, reloj
ğŸ•	2:30, dos y media, reloj
ğŸ•’	3 en punto, 3:00, reloj, tres
ğŸ•	3:30, reloj, tres y media
ğŸ•“	4 en punto, 4:00, cuatro, reloj
ğŸ•Ÿ	4:30, cuatro y media, reloj
ğŸ•”	5 en punto, 5:00, cinco, reloj
ğŸ• 	5:30, cinco y media, reloj
ğŸ••	6 en punto, 6:00, reloj, seis
ğŸ•¡	6:30, reloj, seis y media
ğŸ•–	7 en punto, 7:00, reloj, siete
ğŸ•¢	7:30, reloj, siete y media
ğŸ•—	8 en punto, 8:00, ocho, reloj
ğŸ•£	8:30, ocho y media, reloj
ğŸ•˜	9 en punto, 9:00, nueve, reloj
ğŸ•¤	9:30, nueve y media, reloj
ğŸ•™	10 en punto, 10:00, diez, reloj
ğŸ•¥	10:30, diez y media, reloj
ğŸ•š	11 en punto, 11:00, once, reloj
ğŸ•¦	11:30, once y media, reloj
ğŸŒ‘	luna, luna nueva, oscuridad
ğŸŒ’	creciente, cuarto, espacio, luna, luna creciente
ğŸŒ“	creciente, cuarto, espacio, luna, luna en cuarto creciente
ğŸŒ”	creciente, gibosa, luna, luna gibosa creciente
ğŸŒ•	llena, luna, luna llena, plenilunio
ğŸŒ–	gibosa, luna, luna gibosa menguante, menguante
ğŸŒ—	cuarto, luna, luna en cuarto menguante, menguante
ğŸŒ˜	luna, luna menguante, menguante
ğŸŒ™	creciente, espacio, luna
ğŸŒš	cara, espacio, luna, luna nueva con cara
ğŸŒ›	cara, creciente, cuarto, espacio, luna, luna de cuarto creciente con cara
ğŸŒœ	cara, creciente, cuarto, espacio, luna, luna de cuarto menguante con cara
ğŸŒ¡	temperatura, termÃ³metro
â˜€	espacio, rayos, sol, soleado
ğŸŒ	cara, llena, luna, luna llena con cara
ğŸŒ	brillante, cara, sol, sol con cara
â­	estrella, estrella blanca mediana
ğŸŒŸ	brillante, estrella, estrella brillante, resplandeciente
ğŸŒ 	estrella, estrella fugaz, lluvia
â˜	nube, tiempo
â›…	nube, sol, sol con nubes, sol detrÃ¡s de una nube
â›ˆ	lluvia, nube, nube con rayo y lluvia, trueno
ğŸŒ¤	nube, sol, sol detrÃ¡s de una nube pequeÃ±a
ğŸŒ¥	nube, sol, sol detrÃ¡s de una nube grande
ğŸŒ¦	lluvia, nube, sol, sol detrÃ¡s de una nube con lluvia
ğŸŒ§	lluvia, nube, nube con lluvia
ğŸŒ¨	frÃ­o, nieve, nube, nube con nieve
ğŸŒ©	nube, nube con rayo, rayo
ğŸŒª	nube, torbellino, tornado
ğŸŒ«	niebla, nube
ğŸŒ¬	cara, cara de viento, nube, soplar, viento
ğŸŒ€	ciclÃ³n, mareo, tifÃ³n, tornado
ğŸŒˆ	arcoÃ­ris, colores, lluvia
ğŸŒ‚	accesorios, lluvia, paraguas, paraguas cerrado
â˜‚	lluvia, paraguas, paraguas abierto
â˜”	gotas, lluvia, paraguas, paraguas con gotas de lluvia
â›±	arena, sol, sombrilla, sombrilla en la arena
âš¡	alto voltaje, peligro, peligro de alto voltaje, seÃ±al, seÃ±al de alto voltaje, voltaje
â„	copo de nieve, frÃ­o, nieve
â˜ƒ	muÃ±eco de nieve con nieve, nieve
â›„	muÃ±eco de nieve, muÃ±eco de nieve sin nieve, nieve
â˜„	cometa, espacio
ğŸ”¥	fuego, llama
ğŸ’§	agua, cÃ³mic, gota, sudor
ğŸŒŠ	mar, ocÃ©ano, ola, ola de mar
ğŸƒ	calabaza, calabaza de Halloween, calabaza de halloween, celebraciÃ³n, halloween, linterna
ğŸ„	celebraciÃ³n, navidad, Ã¡rbol, Ã¡rbol de Navidad, Ã¡rbol de navidad
ğŸ†	celebraciÃ³n, fuegos artificiales
ğŸ‡	bengala, celebraciÃ³n, fuegos artificiales
ğŸ§¨	dinamita, explosivo, fuegos artificiales, petardo
âœ¨	bengala, chispas, estrellas, estrellas centelleantes
ğŸˆ	celebraciÃ³n, globo
ğŸ‰	caÃ±Ã³n de confeti, celebraciÃ³n, confeti, fiesta
ğŸŠ	bola de confeti, celebraciÃ³n, confeti
ğŸ‹	celebraciÃ³n, festividad, tanabata, Ã¡rbol, Ã¡rbol de tanabata
ğŸ	aÃ±o nuevo japonÃ©s, bambÃº, celebraciÃ³n, decoraciÃ³n, decoraciÃ³n de pino, kadomatsu
ğŸ	celebraciÃ³n, festival, hinamatsuri, muÃ±ecas, muÃ±ecas japonesas
ğŸ	banderÃ­n, banderÃ­n de carpas, carpa, celebraciÃ³n, koinobori
ğŸ	campanilla, campanilla de viento, furin, viento
ğŸ‘	celebraciÃ³n, ceremonia de contemplaciÃ³n de la luna, contemplaciÃ³n, luna, tsukimi
ğŸ§§	buena suerte, hÃ³ngbÄo, lai see, regalo, sobre rojo
ğŸ€	celebraciÃ³n, lazo
ğŸ	celebraciÃ³n, envoltorio, presente, regalo, regalo envuelto
ğŸ—	conmemorativo, lazo, lazo conmemorativo
ğŸŸ	acceso, admisiÃ³n, entrada, entradas, evento
ğŸ«	acceso, admisiÃ³n, tique
ğŸ–	celebraciÃ³n, medalla, medalla militar, militar
ğŸ†	premio, trofeo
ğŸ…	medalla, medalla deportiva, premio
ğŸ¥‡	medalla, medalla de oro, oro, primero
ğŸ¥ˆ	medalla, medalla de plata, plata, segundo
ğŸ¥‰	bronce, medalla, medalla de bronce, tercero
âš½	balÃ³n, balÃ³n de fÃºtbol, fÃºtbol
âš¾	balÃ³n, baseball, bÃ©isbol, pelota
ğŸ¥	bola, pelota, pelota de softball, softball
ğŸ€	balÃ³n, balÃ³n de baloncesto, canasta, deporte
ğŸ	balÃ³n, juego, pelota, voleibol
ğŸˆ	balÃ³n, balÃ³n de fÃºtbol americano, deporte, fÃºtbol americano
ğŸ‰	balÃ³n, balÃ³n de rugby, deporte, rugby
ğŸ¾	deporte, pelota, pelota de tenis, tenis
ğŸ¥	disco, disco volador, frisbee
ğŸ³	bola, bola de bolos, bolos, juego
ğŸ	crÃ­quet, juego, pelota
ğŸ‘	hierba, hockey, hockey sobre hierba, juego, palo, pelota
ğŸ’	disco, hielo, hockey, hockey sobre hielo, palo
ğŸ¥	bola, lacrosse, palo, pelota, raqueta
ğŸ“	juego, mesa, pelota, ping pong, tenis de mesa
ğŸ¸	bÃ¡dminton, pluma, raqueta, volante
ğŸ¥Š	boxeo, deporte, guante, guante de boxeo
ğŸ¥‹	artes marciales, judo, kÃ¡rate, taekwondo, uniforme de artes marciales
ğŸ¥…	deporte, porterÃ­a, red
â›³	banderÃ­n, banderÃ­n en hoyo, golf, hoyo
â›¸	hielo, patÃ­n, patÃ­n de hielo
ğŸ£	caÃ±a, caÃ±a de pescar, entretenimiento, esparcimiento, pesca, pez
ğŸ½	banda, camiseta con banda, camiseta de correr, camiseta sin mangas, deporte
ğŸ¿	deporte, esquÃ­, esquÃ­es, esquÃ­s
ğŸ›·	trineo
ğŸ¥Œ	juego, piedra de curling, roca
ğŸ¯	blanco, diana, en el blanco, juego
ğŸ±	8, billar, bola negra de billar, bola ocho, juego
ğŸ”®	adivinaciÃ³n, bola, bola de cristal, buena fortuna, cristal
ğŸ§¿	amuleto, mal de ojo, nazar, ojo turco, talismÃ¡n
ğŸ®	juego, mando, mando de videoconsola, videojuego
ğŸ•¹	joystick, juego, mando, palanca, videojuego
ğŸ°	juego, mÃ¡quina, mÃ¡quina tragaperras
ğŸ²	dado, juego
ğŸ§©	conectar, pieza, pista, puzle, rompecabezas
ğŸ§¸	juguete, osito de peluche, oso, peluche
â™ 	carta, juego, palo, palo de picas, picas
â™¥	carta, corazones, juego, palo, palo de corazones
â™¦	carta, diamantes, juego, palo, palo de diamantes
â™£	carta, juego, palo, palo de trÃ©boles, trÃ©boles
â™Ÿ	ajedrez, peÃ³n, peÃ³n de ajedrez
ğŸƒ	comodÃ­n, joker
ğŸ€„	dragÃ³n rojo, dragÃ³n rojo de mahjong, juego, mahjong
ğŸ´	carta, cartas de flores, flor, hanafuda, naipe japonÃ©s
ğŸ­	actuaciÃ³n, arte, artes escÃ©nicas, entretenimiento, mÃ¡scaras de teatro
ğŸ–¼	cuadro enmarcado, marco, museo
ğŸ¨	arte, artista, paleta, paleta de pintor, pintura
ğŸ§µ	aguja, carrete, coser, costura, hilo
ğŸ§¶	bola, crochÃ©, ovillo, punto, tejer
ğŸ”‡	altavoz, altavoz con marca de cancelaciÃ³n, altavoz silenciado, mute, silencio
ğŸ”ˆ	altavoz a volumen bajo, volumen bajo
ğŸ”‰	altavoz a volumen medio, altavoz con volumen medio, medio, volumen medio
ğŸ”Š	altavoz, altavoz a volumen alto, alto, volumen alto
ğŸ“¢	altavoz, altavoz de mano, comunicaciÃ³n
ğŸ“£	comunicaciÃ³n, megÃ¡fono
ğŸ“¯	corneta, corneta de posta, posta
ğŸ””	campana
ğŸ”•	campana, campana con signo de cancelaciÃ³n, cancelaciÃ³n, ruido
ğŸ¼	mÃºsica, partitura, pentagrama
ğŸµ	mÃºsica, nota, nota musical
ğŸ¶	mÃºsica, notas, notas musicales
ğŸ™	estudio, micrÃ³fono, micrÃ³fono de estudio, mÃºsica
ğŸš	control, control de volumen, fader, volumen
ğŸ›	control, diales, mÃºsica, potenciÃ³metros, ruedas, ruedas de control
ğŸ¤	entretenimiento, karaoke, micro, micrÃ³fono
ğŸ§	auricular, cascos
ğŸ“»	radio
ğŸ·	instrumento, instrumento musical, mÃºsica, saxo, saxofÃ³n
ğŸ¸	guitarra, instrumento, instrumento musical, mÃºsica
ğŸ¹	instrumento, instrumento musical, mÃºsica, teclado, teclado musical
ğŸº	instrumento, instrumento musical, mÃºsica, trompeta
ğŸ»	instrumento, instrumento musical, mÃºsica, violÃ­n
ğŸ¥	baquetas, mÃºsica, tambor
ğŸ“±	celular, mÃ³vil, telÃ©fono, telÃ©fono mÃ³vil
ğŸ“²	flecha, llamada, mÃ³vil, mÃ³vil con una flecha, recibir, telÃ©fono
â˜	telÃ©fono
ğŸ“	auricular de telÃ©fono, comunicaciÃ³n, telÃ©fono
ğŸ“Ÿ	busca, comunicaciÃ³n, localizador
ğŸ“ 	comunicaciÃ³n, fax, mÃ¡quina de fax
ğŸ”‹	baterÃ­a, pila
ğŸ”Œ	corriente, electricidad, elÃ©ctrico, enchufe, enchufe elÃ©ctrico
ğŸ’»	ordenador, ordenador portÃ¡til, pc, personal
ğŸ–¥	ordenador, ordenador de sobremesa, sobremesa
ğŸ–¨	impresora, ordenador
âŒ¨	ordenador, teclado
ğŸ–±	ordenador, ratÃ³n, ratÃ³n de ordenador
ğŸ–²	bola de desplazamiento, ordenador, trackball
ğŸ’½	disco, md, minidisc
ğŸ’¾	disco, disco de 3 1/2, disquete
ğŸ’¿	cd, disco, disco Ã³ptico
ğŸ“€	disco, disco DVD, dvd
ğŸ§®	cÃ¡lculo, Ã¡baco
ğŸ¥	cine, cÃ¡mara, cÃ¡mara de cine, entretenimiento, pelÃ­cula
ğŸ	cine, fotograma, fotograma de pelÃ­cula, pelÃ­cula
ğŸ“½	cine, pelÃ­cula, proyector, proyector de cine
ğŸ¬	cine, claqueta, claqueta de cine, entretenimiento, pelÃ­cula
ğŸ“º	televisiÃ³n, tv
ğŸ“·	cÃ¡mara, cÃ¡mara de fotos
ğŸ“¸	cÃ¡mara, cÃ¡mara con flash, flash
ğŸ“¹	cÃ¡mara, videocÃ¡mara, vÃ­deo
ğŸ“¼	cinta, cinta de vÃ­deo
ğŸ”	buscar, lupa, lupa orientada hacia la izquierda
ğŸ”	buscar, lupa, lupa orientada hacia la derecha
ğŸ•¯	luz, vela
ğŸ’¡	bombilla, cÃ³mic, electricidad, idea, luz
ğŸ”¦	linterna, luz
ğŸ®	izakaya, linterna izakaya, linterna japonesa, lÃ¡mpara japonesa, lÃ¡mpara roja, restaurante
ğŸ“”	cuaderno, cuaderno con tapa decorativa, decoraciÃ³n, tapa
ğŸ“•	cerrado, libro, libro cerrado
ğŸ“–	abierto, libro, libro abierto
ğŸ“—	libro, libro verde, verde
ğŸ“˜	azul, libro, libro azul
ğŸ“™	libro, libro naranja, naranja
ğŸ“š	libros
ğŸ““	cuaderno, libreta
ğŸ“’	cuaderno, libro de contabilidad
ğŸ“ƒ	documento, pÃ¡gina, pÃ¡gina doblada
ğŸ“œ	pergamino, pergamino de papel
ğŸ“„	anverso, documento, pÃ¡gina, pÃ¡gina hacia arriba
ğŸ“°	diario, periÃ³dico
ğŸ—	noticias, papel, periÃ³dico, periÃ³dico enrollado
ğŸ“‘	marcadores, pestaÃ±as
ğŸ”–	marcador, marcapÃ¡ginas
ğŸ·	etiqueta
ğŸ’°	bolsa, bolsa de dinero, bolsa de dÃ³lares, dinero
ğŸ’´	billete, billete de banco, billete de yen, dinero, yen
ğŸ’µ	billete, billete de banco, billete de dÃ³lar, dinero, dÃ³lar
ğŸ’¶	billete, billete de banco, billete de euro, dinero, euro
ğŸ’·	billete de banco, billete de libra, dinero, libra
ğŸ’¸	billete, billete con alas, billete de banco, dinero, dinero con alas
ğŸ’³	crÃ©dito, tarjeta, tarjeta de crÃ©dito
ğŸ§¾	contabilidad, prueba, recibo, tenedurÃ­a de libros, testimonio
ğŸ’¹	alza, mercado, mercado al alza, mercado alcista, tabla
ğŸ’±	cambio, cambio de divisas, dinero, divisa, moneda
ğŸ’²	dinero, dÃ³lar, sÃ­mbolo, sÃ­mbolo de dÃ³lar
âœ‰	carta, correo, sobre
ğŸ“§	comunicaciÃ³n, correo, correo electrÃ³nico, sobre
ğŸ“¨	carta, comunicaciÃ³n, correo, correo electrÃ³nico, sobre, sobre entrante
ğŸ“©	carta, comunicaciÃ³n, correo, correo electrÃ³nico, sobre, sobre con flecha
ğŸ“¤	bandeja, bandeja de salida, comunicaciÃ³n, correo, enviado, salida
ğŸ“¥	bandeja, bandeja de entrada, comunicaciÃ³n, correo, entrada, recibido
ğŸ“¦	caja, paquete
ğŸ“«	bandera, buzÃ³n, buzÃ³n cerrado, buzÃ³n cerrado con la bandera levantada, con contenido
ğŸ“ª	bandera, buzÃ³n, buzÃ³n cerrado, buzÃ³n cerrado con la bandera bajada, vacÃ­o
ğŸ“¬	bandera, buzÃ³n, buzÃ³n abierto, buzÃ³n abierto con la bandera levantada, con contenido
ğŸ“­	bandera, buzÃ³n, buzÃ³n abierto, buzÃ³n abierto con la bandera bajada, vacÃ­o
ğŸ“®	buzÃ³n, cartas, correo
ğŸ—³	papeleta, urna, urna con papeleta, voto
âœ	escolar, escribir, lapicero, lÃ¡piz
âœ’	bolÃ­grafo, escribir, pluma, pluma negra, tinta
ğŸ–‹	bolÃ­grafo, escribir, pluma, tinta
ğŸ–Š	boli, bolÃ­grafo, escribir
ğŸ–Œ	pincel, pintar
ğŸ–	cera, lÃ¡piz, lÃ¡piz de cera
ğŸ“	comunicaciÃ³n, cuaderno de notas
ğŸ’¼	cartera, documentos, maletÃ­n
ğŸ“	archivo, carpeta, carpeta de archivos
ğŸ“‚	abierta, archivo, carpeta, carpeta de archivos abierta
ğŸ—‚	fichas, fichero, separador, separador de fichas
ğŸ“…	calendario, fecha
ğŸ“†	calendario, calendario recortable, fecha
ğŸ—’	bloc, bloc de notas de espiral, cuaderno, espiral, notas
ğŸ—“	calendario, calendario de espiral, espiral
ğŸ“‡	cartera, ficha, organizador, organizador de fichas, tarjetas
ğŸ“ˆ	ascendente, grÃ¡fica, grÃ¡fica de evoluciÃ³n ascendente, grÃ¡fico, tendencia ascendente
ğŸ“‰	descendente, grÃ¡fica, grÃ¡fica de evoluciÃ³n descendente, grÃ¡fico, tendencia descendente
ğŸ“Š	barras, grÃ¡fico, grÃ¡fico de barras
ğŸ“‹	papeles, pinza, portapapeles, tabla
ğŸ“Œ	chincheta, tachuela
ğŸ“	chincheta, chincheta redonda
ğŸ“	clip
ğŸ–‡	clips, clips unidos, unidos, uniÃ³n
ğŸ“	regla
ğŸ“	escuadra, regla, regla triangular, triÃ¡ngulo
âœ‚	cortar, herramienta, tijeras
ğŸ—ƒ	archivador, archivador de tarjetas, archivo, caja
ğŸ—„	archivador, archivos, oficina, organizador
ğŸ—‘	basura, cubo, papelera
ğŸ”’	candado, candado cerrado, cerrado, cerrar
ğŸ”“	abierto, abrir, candado, candado abierto
ğŸ”	candado, candado con pluma estilogrÃ¡fica, cerrado, estilogrÃ¡fica, pluma, privacidad
ğŸ”	candado, candado cerrado y llave, cerrado, llave, seguro
ğŸ”‘	contraseÃ±a, llave
ğŸ—	antigua, llave, llave antigua
ğŸ”¨	herramienta, martillo
â›	herramienta, mina, pico
âš’	herramienta, martillo, martillo y pico, pico
ğŸ› 	herramienta, llave inglesa, martillo, martillo y llave inglesa
ğŸ—¡	arma, cuchillo, daga, puÃ±al
âš”	arma, cruzadas, espadas, espadas cruzadas
ğŸ”«	arma, pistola, revÃ³lver
ğŸ¹	arco, arco y flecha, arquero, flecha, sagitario, zodiaco
ğŸ›¡	defensa, escudo
ğŸ”§	herramienta, llave inglesa
ğŸ”©	herramienta, tornillo, tornillo y tuerca, tuerca
âš™	engranaje, herramienta
ğŸ—œ	herramienta, tornillo, tornillo de banco
âš–	balanza, justicia, libra, peso, zodiaco
ğŸ”—	eslabÃ³n
â›“	cadena, cadenas
ğŸ§°	armario, caja de herramientas, herramienta, mecÃ¡nico
ğŸ§²	atracciÃ³n, herradura, imÃ¡n, magnÃ©tico
âš—	alambique, herramienta, quÃ­mica
ğŸ§ª	ciencia, experimento, laboratorio, quÃ­mica, quÃ­mico, tubo de ensayo
ğŸ§«	bacterias, biologÃ­a, biÃ³logo, cultivo, laboratorio, placa de petri
ğŸ§¬	adn, biÃ³logo, evoluciÃ³n, gen, genÃ©tica, vida
ğŸ”¬	instrumento, laboratorio, microscopio
ğŸ”­	astronomÃ­a, instrumento, telescopio
ğŸ“¡	antena, antena de satÃ©lite, comunicaciÃ³n, satÃ©lite
ğŸ’‰	aguja, jeringa, jeringuilla, medicina, mÃ©dico
ğŸ’Š	comprimido, medicina, mÃ©dico, pastilla, pÃ­ldora
ğŸšª	puerta
ğŸ›	cama, dormir, hotel
ğŸ›‹	hotel, lÃ¡mpara, sofÃ¡, sofÃ¡ y lÃ¡mpara
ğŸš½	baÃ±o, inodoro, vÃ¡ter, wc
ğŸš¿	agua, baÃ±o, ducha
ğŸ›	baÃ±era, baÃ±o
ğŸ§´	bote de crema, champÃº, crema, hidratante, protector solar
ğŸ§·	imperdible, paÃ±al, punk rock
ğŸ§¹	barrer, bruja, escoba, fregar
ğŸ§º	cesta, colada, cosecha, pÃ­cnic
ğŸ§»	papel absorbente, papel higiÃ©nico, rollo de papel
ğŸ§¼	baÃ±arse, enjabonarse, jabonera, jabÃ³n, lavarse, pastilla
ğŸ§½	absorbente, esponja, limpiar, poroso
ğŸ§¯	apagar, extinguir, extintor, incendio
ğŸ›’	carrito, carrito de la compra, carro, compra, supermercado
ğŸš¬	cigarrillo, cigarro, fumar
âš°	ataÃºd, muerte
âš±	funeraria, muerte, urna, urna funeraria
ğŸ—¿	Pascua, estatua, estatua moÃ¡i, moÃ¡i
ğŸ§	atm, banco, cajero, seÃ±al de cajero automÃ¡tico
ğŸš®	basura, papelera, seÃ±al, seÃ±al de usar papelera, tirar la basura en la papelera
ğŸš°	agua, agua potable, potable
â™¿	acceso, seÃ±al, silla, silla de ruedas, sÃ­mbolo, sÃ­mbolo de silla de ruedas
ğŸš¹	aseo de caballeros, aseo para hombres, baÃ±o, servicio, seÃ±al, seÃ±al con un hombre
ğŸšº	aseo de seÃ±oras, baÃ±o, servicio, seÃ±al, seÃ±al con una mujer, seÃ±al de aseo para mujeres
ğŸš»	aseos, servicios, seÃ±al de aseos, wc
ğŸš¼	bebÃ©, cambiar, lactancia, seÃ±al de bebÃ©
ğŸš¾	WC, aseos, lavabo, servicios
ğŸ›‚	control, control de pasaportes, pasaportes
ğŸ›ƒ	aduana
ğŸ›„	equipaje, maleta, recogida de equipajes
ğŸ›…	consigna, depÃ³sito, equipaje, servicio de equipaje en depÃ³sito
âš 	advertencia, cuidado, seÃ±al
ğŸš¸	cruzando, niÃ±os, niÃ±os cruzando, seÃ±al
â›”	direcciÃ³n prohibida, no, prohibido, seÃ±al, seÃ±al de direcciÃ³n prohibida
ğŸš«	entrar, no, pasar, prohibiciÃ³n, prohibido
ğŸš³	bicicleta, bicicletas prohibidas, prohibido, vehÃ­culo
ğŸš­	fumar, no, prohibido, prohibido fumar, seÃ±al
ğŸš¯	basura, prohibido, prohibido tirar basura, seÃ±al, seÃ±al de no tirar basura
ğŸš±	agua, agua no potable, no potable
ğŸš·	peatones, peatÃ³n, prohibido, prohibido el paso de peatones, seÃ±al
ğŸ“µ	mÃ³vil, no hacer llamadas, prohibido, prohibido el uso de mÃ³viles, telÃ©fono
ğŸ”	prohibido, prohibido para menores de 18 aÃ±os, prohibido para menos de 18 aÃ±os
â˜¢	radiactividad, radiactivo, radioactividad, radioactivo, seÃ±al
â˜£	peligro, riesgo biolÃ³gico, seÃ±al
â¬†	direcciÃ³n, flecha, flecha arriba, flecha hacia arriba, norte
â†—	arriba, derecha, direcciÃ³n, flecha, flecha hacia la esquina superior derecha, noreste
â¡	derecha, direcciÃ³n, este, flecha, flecha hacia la derecha
â†˜	abajo, derecha, direcciÃ³n, flecha, flecha hacia la esquina inferior derecha, sudeste
â¬‡	abajo, direcciÃ³n, flecha, flecha hacia abajo, sur
â†™	abajo, direcciÃ³n, flecha, flecha hacia la esquina inferior izquierda, izquierda, suroeste
â¬…	flecha, flecha hacia la izquierda, izquierda, oeste
â†–	arriba, direcciÃ³n, flecha, flecha hacia la esquina superior izquierda, izquierda, noroeste
â†•	abajo, arriba, direcciÃ³n, flecha, flecha arriba y abajo
â†”	derecha, direcciÃ³n, flecha, flecha izquierda y derecha, izquierda
â†©	curva, direcciÃ³n, flecha, flecha derecha curvÃ¡ndose a la izquierda, izquierda
â†ª	curva, derecha, direcciÃ³n, flecha, flecha izquierda curvÃ¡ndose a la derecha
â¤´	arriba, curva, direcciÃ³n, flecha, flecha derecha curvÃ¡ndose hacia arriba
â¤µ	abajo, curva, direcciÃ³n, flecha, flecha derecha curvÃ¡ndose hacia abajo
ğŸ”ƒ	flechas, flechas verticales en sentido horario, flechas verticales sentido horario, horario, seÃ±al de recarga
ğŸ”„	direcciÃ³n, flechas, flechas en sentido antihorario, sentido antihorario, seÃ±al de recarga
ğŸ”™	atrÃ¡s, atrÃ¡s con flecha izquierda, back, flecha, flecha BACK, flecha a la izquierda
ğŸ”š	final, final con flecha izquierda, flecha, flecha END, flecha a la izquierda
ğŸ”›	flecha, flecha ON!, flecha de doble punta con la palabra "on" encima, on, seÃ±al
ğŸ”œ	flecha, flecha SOON, soon, soon con flecha a la derecha
ğŸ”	arriba, flecha TOP, flecha hacia arriba, top, top con flecha hacia arriba
ğŸ›	culto, lugar de culto, religiÃ³n
âš›	sÃ­mbolo, sÃ­mbolo de Ã¡tomo, Ã¡tomo
ğŸ•‰	hindÃº, om, religiÃ³n
âœ¡	david, estrella, estrella de David, estrella de david, judaÃ­smo, religiÃ³n
â˜¸	budismo, dharma, religiÃ³n, rueda, rueda del dharma
â˜¯	religiÃ³n, taoÃ­smo, yang, yin, yin yang
âœ	cristianismo, cruz, cruz latina, religiÃ³n
â˜¦	cruz, cruz ortodoxa, religiÃ³n
â˜ª	estrella, islam, luna, media luna y estrella, religiÃ³n
â˜®	paz, sÃ­mbolo de la paz
ğŸ•	candelabro, menorÃ¡, religiÃ³n
ğŸ”¯	adivinaciÃ³n, buena fortuna, estrella, estrella de seis puntas, seis puntas
â™ˆ	Aries, aries, carnero, zodiaco
â™‰	Tauro, buey, tauro, toro, zodiaco
â™Š	GÃ©minis, gemelos, gÃ©minis, zodiaco
â™‹	CÃ¡ncer, cangrejo, cÃ¡ncer, zodiaco
â™Œ	Leo, leo, leÃ³n, zodiaco
â™	Virgo, virgo, zodiaco
â™	Libra, balanza, escala, justicia, libra, zodiaco
â™	Escorpio, escorpio, escorpiÃ³n, zodiaco
â™	Sagitario, arquero, sagitario, zodiaco
â™‘	Capricornio, cabra, capricornio, zodiaco
â™’	Acuario, acuario, agua, zodiaco
â™“	Piscis, pescado, pez, piscis, zodiaco
â›	Ofiuco, ofiuco, serpiente, zodiaco
ğŸ”€	cruzado, flechas, flechas entrecruzadas, reproducciÃ³n aleatoria
ğŸ”	flechas, repeticiÃ³n, repetir
ğŸ”‚	flechas, repeticiÃ³n, repetir una vez, uno
â–¶	botÃ³n de reproducciÃ³n, flecha, reproducir, triÃ¡ngulo
â©	avance rÃ¡pido, avanzar, doble, flecha
â­	pista siguiente, raya vertical, siguiente, triÃ¡ngulos
â¯	pausa, reproducir, reproducir o pausa, triÃ¡ngulo
â—€	izquierda, retroceso, triÃ¡ngulo
âª	flecha, flecha doble a la izquierda, izquierda, rebobinado, rebobinar
â®	atrÃ¡s, escena anterior, pista anterior, triÃ¡ngulo
ğŸ”¼	arriba, botÃ³n, botÃ³n triÃ¡ngulo hacia arriba, triÃ¡ngulo, triÃ¡ngulo hacia arriba
â«	arriba, flecha, triÃ¡ngulo doble hacia arriba
ğŸ”½	abajo, botÃ³n, botÃ³n triÃ¡ngulo hacia abajo, triÃ¡ngulo, triÃ¡ngulo hacia abajo
â¬	triÃ¡ngulo, triÃ¡ngulo doble abajo, triÃ¡ngulo doble hacia abajo
â¸	barras, botÃ³n, pausa, vertical
â¹	botÃ³n, cuadrado, detener, parar
âº	botÃ³n, cÃ­rculo, grabar
â	botÃ³n, expulsar
ğŸ¦	cine, entretenimiento, pelÃ­cula
ğŸ”…	bajo, brillo, brillo bajo, seÃ±al de brillo bajo, tenue
ğŸ”†	alto, brillante, brillo, brillo alto, seÃ±al de brillo alto
ğŸ“¶	antena, barras de cobertura, celular, mÃ³vil, seÃ±al, telÃ©fono
ğŸ“³	modo vibraciÃ³n, mÃ³vil, telÃ©fono, telÃ©fono celular, vibraciÃ³n
ğŸ“´	apagado, mÃ³vil, telÃ©fono, telÃ©fono celular, telÃ©fono mÃ³vil apagado
â™€	mujer, signo, signo femenino, sÃ­mbolo
â™‚	hombre, signo, signo masculino, sÃ­mbolo
âš•	asclepio, esculapio, medicina, serpiente, sÃ­mbolo de medicina
â™¾	ilimitado, infinito, siempre, universal
â™»	reciclaje, reciclar, seÃ±al, sÃ­mbolo de reciclaje, sÃ­mbolo universal de reciclaje sÃ³lido, universal
âšœ	flor, flor de lis, lis
ğŸ”±	ancla, emblema, emblema de tridente, tridente
ğŸ“›	etiqueta, etiqueta identificativa, nombre
ğŸ”°	amarillo, japonÃ©s, principiante, sÃ­mbolo japonÃ©s para principiante, verde
â­•	cÃ­rculo, cÃ­rculo rojo, o, rojo
âœ…	marca, marca de verificaciÃ³n blanca, selecciÃ³n, verificaciÃ³n
â˜‘	marca, recuadro, selecciÃ³n, verificaciÃ³n, verificaciÃ³n en un recuadro
âœ”	marca, marca de verificaciÃ³n negra, selecciÃ³n, verificaciÃ³n
âœ–	X de multiplicaciÃ³n, cancelar, marca, selecciÃ³n, verificaciÃ³n
âŒ	cancelar, cruz, marca de cruz, marca de tachado, tachar
â	cuadrado, marca, marca de cruz en un cuadrado, selecciÃ³n, x
â•	mÃ¡s, signo, signo mÃ¡s
â–	menos, signo, signo menos
â—	divisiÃ³n, signo, signo de divisiÃ³n
â°	bucle, giro, tirabuzÃ³n
â¿	bucle, bucle doble, doble
ã€½	alternancia, marca, marca de alternancia
âœ³	asterisco, asterisco de ocho puntas
âœ´	estrella, estrella de ocho puntas
â‡	chispa
â€¼	exclamaciÃ³n, exclamaciÃ³n doble, puntuaciÃ³n
â‰	exclamaciÃ³n, exclamaciÃ³n e interrogaciÃ³n, interrogaciÃ³n, pregunta, puntuaciÃ³n
â“	interrogaciÃ³n, interrogaciÃ³n roja, pregunta, puntuaciÃ³n
â”	interrogaciÃ³n, interrogaciÃ³n blanca, pregunta, puntuaciÃ³n
â•	exclamaciÃ³n, exclamaciÃ³n blanca, puntuaciÃ³n
â—	exclamaciÃ³n, exclamaciÃ³n roja, puntuaciÃ³n
ã€°	guion, guion ondulado, marca de sonido largo, ondulado
Â©	copyright, sÃ­mbolo de copyright
Â®	marca registrada, sÃ­mbolo de marca registrada
â„¢	marca comercial, sÃ­mbolo de marca comercial
ğŸ’¯	100, cien puntos, pleno, puntos
ğŸ” 	abcd, letras, letras latinas mayÃºsculas, mayÃºsculas
ğŸ”¡	abcd, letras, letras latinas minÃºsculas, minÃºsculas
ğŸ”¢	1234, dÃ­gitos, nÃºmeros
ğŸ”£	sÃ­mbolos, ã€’â™ª&%
ğŸ”¤	ABC, alfabeto latino, latino
ğŸ…°	A, grupo, grupo sanguÃ­neo A, sanguÃ­neo, tipo A
ğŸ†	AB, grupo, grupo sanguÃ­neo AB, sanguÃ­neo, tipo AB
ğŸ…±	B, grupo, grupo sanguÃ­neo B, sanguÃ­neo, tipo B
ğŸ†‘	borrar, sÃ­mbolo
ğŸ†’	botÃ³n, botÃ³n COOL, cool, mola
ğŸ†“	botÃ³n FREE, gratis, sÃ­mbolo gratis
â„¹	i, informaciÃ³n
ğŸ†”	ID, identidad, sÃ­mbolo de identificaciÃ³n, sÃ­mbolo identidad
â“‚	cÃ­rculo, m, m en cÃ­rculo
ğŸ†•	NEW, botÃ³n, botÃ³n NEW, nuevo
ğŸ†–	botÃ³n, botÃ³n NG, ng, nuevo
ğŸ…¾	grupo sanguÃ­neo, grupo sanguÃ­neo tipo O, o
ğŸ†—	botÃ³n, botÃ³n OK, ok
ğŸ…¿	aparcamiento, p, parking
ğŸ†˜	ayuda, socorro, sos, sÃ­mbolo, sÃ­mbolo de socorro
ğŸ†™	arriba, botÃ³n UP!, informaciÃ³n, novedad, sÃ­mbolo, up
ğŸ†š	botÃ³n VS, contra, frente a, sÃ­mbolo, versus, vs
ğŸˆ	ideograma japonÃ©s para "aquÃ­", japonÃ©s, katakana, â€œaquÃ­â€
ğŸˆ‚	cortesÃ­a, ideograma japonÃ©s para "de cortesÃ­a", japonÃ©s, katakana
ğŸˆ·	ideograma, ideograma japonÃ©s para "cantidad mensual", japonÃ©s, kanji, â€œcantidad mensualâ€
ğŸˆ¶	ideograma, ideograma japonÃ©s para "de pago", japonÃ©s, kanji, â€œde pagoâ€
ğŸˆ¯	ideograma, ideograma japonÃ©s para "reservado", japonÃ©s, kanji, reservado
ğŸ‰	ganga, ideograma, ideograma japonÃ©s para "ganga", japonÃ©s, kanji
ğŸˆ¹	descuento, ideograma, ideograma japonÃ©s para "descuento", japonÃ©s, kanji
ğŸˆš	gratis, ideograma, ideograma japonÃ©s para "gratis", japonÃ©s, kanji
ğŸˆ²	ideograma, ideograma japonÃ©s para "prohibido", japonÃ©s, kanji, prohibido
ğŸ‰‘	aceptable, ideograma, ideograma japonÃ©s para "aceptable", japonÃ©s, kanji
ğŸˆ¸	aplicaciÃ³n, ideograma, ideograma japonÃ©s para "aplicaciÃ³n", japonÃ©s, kanji
ğŸˆ´	aprobado, ideograma, ideograma japonÃ©s para "aprobado", japonÃ©s, kanji
ğŸˆ³	ideograma, ideograma japonÃ©s para "vacante", japonÃ©s, kanji, vacante
ãŠ—	enhorabuena, ideograma, ideograma japonÃ©s para "enhorabuena", japonÃ©s, kanji
ãŠ™	ideograma, ideograma japonÃ©s para "secreto", japonÃ©s, kanji, secreto
ğŸˆº	abierto, ideograma, ideograma japonÃ©s para "abierto", japonÃ©s, kanji
ğŸˆµ	completo, ideograma, ideograma japonÃ©s para "completo", japonÃ©s, kanji, lleno
ğŸ”´	cÃ­rculo, cÃ­rculo rojo grande, geometrÃ­a, rojo
ğŸ”µ	azul, cÃ­rculo, cÃ­rculo azul grande, geometrÃ­a
âšª	cÃ­rculo, cÃ­rculo blanco, geometrÃ­a
âš«	cÃ­rculo, cÃ­rculo negro, geometrÃ­a
â¬œ	blanco, cuadrado, cuadrado blanco grande, geometrÃ­a
â¬›	cuadrado, cuadrado negro grande, geometrÃ­a, negro
â—¼	cuadrado, cuadrado negro mediano, geometrÃ­a, negro
â—»	blanco, cuadrado, cuadrado blanco mediano, geometrÃ­a
â—½	blanco, cuadrado, cuadrado blanco mediano-pequeÃ±o, geometrÃ­a
â—¾	cuadrado, cuadrado negro mediano-pequeÃ±o, geometrÃ­a, negro
â–«	blanco, cuadrado, cuadrado blanco pequeÃ±o, geometrÃ­a
â–ª	cuadrado, cuadrado negro pequeÃ±o, geometrÃ­a, negro
ğŸ”¶	geometrÃ­a, naranja, rombo, rombo naranja grande
ğŸ”·	azul, geometrÃ­a, rombo, rombo azul grande
ğŸ”¸	geometrÃ­a, naranja, rombo, rombo naranja pequeÃ±o
ğŸ”¹	azul, geometrÃ­a, rombo, rombo azul pequeÃ±o
ğŸ”º	geometrÃ­a, rojo, triÃ¡ngulo, triÃ¡ngulo hacia arriba rojo, triÃ¡ngulo rojo hacia arriba
ğŸ”»	geometrÃ­a, rojo, triÃ¡ngulo, triÃ¡ngulo hacia abajo rojo, triÃ¡ngulo rojo hacia abajo
ğŸ’ 	flor, geometrÃ­a, rombo, rombo con pÃ©talo
ğŸ”˜	botÃ³n, botÃ³n de opciÃ³n, opciÃ³n
ğŸ”²	botÃ³n, botÃ³n cuadrado con borde negro, cuadrado
ğŸ”³	botÃ³n, botÃ³n cuadrado con borde blanco, cuadrado
ğŸ	bandera, bandera de cuadros, carreras, cuadros, deporte, motor
ğŸš©	bandera, bandera de localizaciÃ³n triangular, bandera informativa de localizaciÃ³n, bandera triangular, localizaciÃ³n
ğŸŒ	banderas, banderas cruzadas, celebraciÃ³n, japÃ³n
ğŸ´	bandera, bandera negra, negra, ondear
ğŸ³	bandera, bandera blanca, blanca, ondear
ğŸ³â€ğŸŒˆ	arcoÃ­ris, bandera, bandera del arcoÃ­ris
ğŸ´â€â˜ 	Jolly Roger, bandera pirata, botÃ­n, pirata, tesoro
