ğŸ»	piel, piel tipo 1â€“2, tipo, tono
ğŸ¼	piel, piel tipo 3, tipo, tono
ğŸ½	piel, piel tipo 4, tipo, tono
ğŸ¾	piel, piel tipo 5, tipo, tono
ğŸ¿	piel, piel tipo 6, tipo, tono
ğŸ˜€	cara, cara feliz, contento, divertido, sonrisa
ğŸ˜	cara, cara y ojos sonrientes, divertido, risa, sonrisa
ğŸ˜‚	cara, cara llorando, felicidad, feliz, lÃ¡grimas
ğŸ¤£	cara, cara llorando de risa, carcajada, risa, sonrisa
ğŸ˜ƒ	boca abierta, cara, divertido, risa, sonrisa, sonrisa con boca abierta
ğŸ˜„	boca abierta, boca y ojos sonrientes, cara, divertido, risa, sonrisa
ğŸ˜…	boca abierta, cara, sonrisa, sonrisa boca abierta, sonrisa y sudor frÃ­o, sudor frÃ­o
ğŸ˜†	boca abierta, cara, sonrisa con boca abierta y ojos cerrados
ğŸ˜‰	cara, cara con guiÃ±o, guiÃ±o
ğŸ˜Š	cara, cara alegre, ojos sonrientes, sonrisa
ğŸ˜‹	broma, cara, cara de broma, delicioso, rico, sonriente
ğŸ˜	cara, cara sonriendo con lentes de sol, lentes, lentes de sol, onda, sol
ğŸ˜	amor, cara, cara sonriendo con ojos de corazÃ³n, corazones, dulce, ojos con corazones, sonriente, tierno
ğŸ˜˜	besos, cara, cara lanzando un beso, cara manda un beso, corazÃ³n
ğŸ¥°	cara sonriendo con 4 corazones
ğŸ˜—	cara besando, cara dando un beso
ğŸ˜™	beso, beso y sonrisa, cara, cara besando con ojos sonrientes, ojos, sonriente
ğŸ˜š	beso, beso con ojos cerrados, cara, cerrados, ojos
ğŸ™‚	cara, cara sonriendo levemente, leve sonrisa, sonrisa
ğŸ¤—	abrazo, cara
ğŸ¤”	cara, cara pensante, duda, pensar
ğŸ˜‘	cara, cara sin expresiÃ³n, inexpresivo, nada
ğŸ™„	cara, cara revoleando los ojos, ojos, revoleando
ğŸ˜	cara, cara sonriendo con superioridad, creÃ­do, gesto de superioridad, sarcÃ¡stico, sonrisa
ğŸ˜£	cara, cara perseverante, equivocado, me equivoquÃ©, perdÃ³n, perseverar
ğŸ˜¥	aliviado, alivio, cara, cara triste pero aliviada, decepcionado, decepciÃ³n, sudor
ğŸ˜®	abierta, boca, cara, cara con boca abierta, empatÃ­a, sorpresa
ğŸ¤	boca, boca cerrada, cara, cara con la boca cerrada con cierre, cierre
ğŸ˜¯	cara, sorprendido, sorpresa
ğŸ˜ª	cara, cara de sueÃ±o, gota, sueÃ±o
ğŸ˜«	agotado, cansado, cara, cara cansada, cara de exhausto, exhausto
ğŸ˜´	cara, cara durmiendo, dormir, sueÃ±o
ğŸ˜Œ	aliviado, alivio, cara
ğŸ˜›	broma, cara, cara sacando la lengua, divertido, lengua, sacar, sacar la lengua
ğŸ˜œ	broma, cara, cara sacando la lengua y guiÃ±ando un ojo, divertido, guiÃ±o, lengua, sacar lengua y guiÃ±ar
ğŸ˜	asco, broma, cara, cara con los ojos bien cerrados y sacando la lengua, horrible, lengua, sacar la lengua
ğŸ¤¤	baba, cara
ğŸ˜’	aburrido, cara, enojado
ğŸ˜”	cara, cara desanimada, cara pensativa, deprimido, pensativo, triste
ğŸ˜•	cara, cara de confusiÃ³n, confundido, confusiÃ³n, triste
ğŸ¤‘	cara, cara con lengua de dinero, dinero, lengua, pensando en dinero
ğŸ˜²	asombro, cara, horrorizado, sorprendido
ğŸ™	cara, triste
ğŸ˜–	cara, cara de frustraciÃ³n, enojo, frustraciÃ³n, tristeza
ğŸ˜	cara, cara de decepciÃ³n, decepcionado, decepciÃ³n
ğŸ˜Ÿ	cara, cara de preocupaciÃ³n, preocupado
ğŸ˜¤	cara, ganÃ©, mirada de triunfo, triunfo, victoria
ğŸ˜¢	cara, cara con llanto, llanto, llorar, triste, tristeza
ğŸ˜­	cara, llorar, lÃ¡grimas
ğŸ˜¦	abierta, boca, cara, cara boquiabierta
ğŸ˜§	angustiado, cara, cara de angustia, sufrir
ğŸ˜¨	cara, cara de miedo, horror, miedo, temor, terror
ğŸ˜©	agotado, cansado, cara, cara de cansancio, exhausto
ğŸ˜¬	cara
ğŸ˜°	abierta, boca, en aprietos, frÃ­o, miedo, sudor, temor
ğŸ˜±	cara, cara de terror, grito, horror, miedo, terror
ğŸ˜³	cara sonrojada
ğŸ˜µ	cara, cara de mareado, mareado
ğŸ˜¡	cara, cara de odio, enojado, enojo, ira, odio, rojo
ğŸ˜ 	cara, cara de enojado, enojado, enojo
ğŸ˜·	barbijo, cara, cara con barbijo, enfermo, resfrÃ­o
ğŸ¤’	cara con termÃ³metro
ğŸ¤•	cabeza vendada, cara, dolor, herido, vendas
ğŸ¤¢	cara, nÃ¡useas, vÃ³mito
ğŸ¤§	cara, cara de estornudo, estornudar, estornudo, resfrÃ­o
ğŸ˜‡	aureola, cara, inocente, sonriente con aureola, sonrisa, Ã¡ngel
ğŸ¤ 	cara, sombrero, vaquera, vaquero
ğŸ¤¥	cara, mentira, nariz, pinocho
ğŸ¤­	chanfle, uy, vaya
ğŸ¤“	anteojos, cara, cara de nerd, geek, nerd
ğŸ˜ˆ	cara, cuernos, diablo, pÃ­caro, sonriente con cuernos, sonrisa
ğŸ‘¿	cara, diablo, fantasÃ­a, granuja
ğŸ‘¹	cara, cara de ogro japonÃ©s, cuento, fantasÃ­a, japonÃ©s, ogro, oni
ğŸ‘º	cara, cara de demonio japonÃ©s, cuento, demonio, japonÃ©s, tengu
ğŸ’€	calavera, cara, crÃ¡neo, miedo, monstruo, muerte
ğŸ‘»	cuento, fantasÃ­a, monstruo
ğŸ‘¾	OVNI, alien, cara, cuento, espacial, espacio, extraterrestre, fantasÃ­a, monstruo, monstruo extraterrestre
ğŸ¤–	cara, monstruo, robot
ğŸ’©	caca, cara, estiÃ©rcol, gracioso
ğŸ˜º	abierta, boca, cara, gato, gato sonriente
ğŸ˜¸	cara, gato, gato llorando de risa, sonriente, sonrisa
ğŸ˜¹	alegrÃ­a, cara, gato, llorando, lÃ¡grimas
ğŸ˜»	amor, cara, corazones, gato, gato sonriente con corazones
ğŸ˜¼	cara, gato, gato sarcÃ¡stico, irÃ³nico, sarcÃ¡stico, sonrisa
ğŸ˜½	beso, cara, cerrados, gato, gato mandando un beso, ojos
ğŸ™€	cara de gato asustado
ğŸ˜¿	cara de gato llorando
ğŸ˜¾	cara de gato enfadado
ğŸ™ˆ	cara, mono, mono con ojos tapados, no, ojos, tapados, ver
ğŸ™‰	cara, mono, mono con orejas tapadas, no, orejas, oÃ­r, tapadas
ğŸ™Š	boca, callado, cara, hablar, mono, mono con boca tapada, no, secreto, silencio, tapada
ğŸ‘¶	cara, persona
ğŸ‘¦	cara, chico, joven, nene, persona
ğŸ‘§	cara, chica, joven, nena, persona
ğŸ‘±	cara, persona, rubio
ğŸ‘¨	cara, persona, seÃ±or
ğŸ‘©	cara, persona, seÃ±ora
ğŸ§“	adulto mayor
ğŸ‘´	cara, hombre, hombre mayor, mayor, seÃ±or, viejo
ğŸ‘µ	cara, mayor, mujer, mujer mayor, seÃ±ora, vieja
ğŸ‘®	cara, oficial, persona, policÃ­a
ğŸ’‚	cara, hombre, inglÃ©s, sombrero
ğŸ‘·	cara, construcciÃ³n, hombre, obrero, obrero de construcciÃ³n, persona, trabajador
ğŸ¤´	prÃ­ncipe
ğŸ‘¸	cara, cuento, fantasÃ­a, hadas, persona
ğŸ‘³	cara, hombre, persona, turbante
ğŸ‘²	cara, chino, hombre, persona, sombrero
ğŸ‘°	boda, cara, casamiento, mujer, novia, velo
ğŸ¤°	embarazada, embarazo, mujer
ğŸ‘¼	Comments, cara de Ã¡ngel bebÃ©
ğŸ…	Navidad, fiesta, noel, papÃ¡, santa
ğŸ§šâ€â™€	hada mujer
ğŸ§šâ€â™‚	hada hombre
ğŸ§œ	sirena, sireno
ğŸ§œâ€â™‚	sireno
ğŸ™	cara, ceÃ±o, enojado, mal, mujer frunciendo el ceÃ±o, persona
ğŸ™â€â™€	ceÃ±o, fruncido, gesto, mujer, mujer que frunce el seÃ±o, persona, triste
ğŸ™	cara, enojada, mujer, mujer enojada, persona
ğŸ™…	brazos, cruzados, gesto, gesto de estÃ¡ mal, no, prohibido
ğŸ™†	bien, gesto, gesto de estÃ¡ bien, ok
ğŸ’	entrada, informaciÃ³n, mesa, mujer, persona, persona en mesa entrada
ğŸ™‹	contenta, levantar, mano, persona, persona levantando la mano, yo
ğŸ™‡	gesto, perdÃ³n, persona, reverencia
ğŸ¤¦	cara, exasperaciÃ³n, facepalm, frente, incredulidad, mano, mano en la frente
ğŸ¤·	duda, encogerse, hombros, ignorancia, indiferencia, no sÃ©
ğŸ’†	belleza, masaje, masaje facial, relax, salÃ³n, spa
ğŸ’‡	belleza, corte, corte de pelo, mujer, pelo, peluquero, peluquerÃ­a, salÃ³n
ğŸš¶	caminar, caminata, persona
ğŸƒ	correr, deporte, deportista, maratÃ³n, persona
ğŸ’ƒ	bailar, bailarina, bailarÃ­n, baile, flamenco, persona
ğŸ•º	bailar, baile, hombre
ğŸ‘¯	chicas, conejita, conejo, mujer, mujeres de fiesta, orejas, persona
ğŸ›€	baÃ±era, baÃ±era con persona, baÃ±o, persona
ğŸ›Œ	cama, dormir, hotel, persona durmiendo
ğŸ‘¥	bustos, personas, siluetas, siluetas de torsos
ğŸ¤º	esgrimista
ğŸ‡	caballo, carrera, deporte, jinete
ğŸš£	bote, bote a remo, remos, vehÃ­culo
ğŸš´	bicicleta, deporte
ğŸšµ	bicicleta, ciclista, montaÃ±a
ğŸ¤¸	deporte, gimnasia, persona, pirueta, voletereta lateral
ğŸ¤¼	deporte, luchadores, luchar, pelea, persona
ğŸ¤½	agua, deporte, persona, waterpolo
ğŸ¤¾	balonmano, handball, mano, pelota, persona
ğŸ¤¾â€â™‚	hombre jugando handball
ğŸ¤¾â€â™€	mujer jugando handball
ğŸ‘«	amor, hombre, mujer, pareja, pareja de la mano, personas
ğŸ‘¬	dos hombres de la mano
ğŸ‘­	dos mujeres de la mano
ğŸ’	beso, pareja, pareja besÃ¡ndose, personas, romance, romÃ¡ntico
ğŸ’‘	amor, corazÃ³n, enamorado, pareja, pareja enamorada, personas, romance, romÃ¡ntico
ğŸ¤³	autofoto, cÃ¡mara, selfie, telÃ©fono
ğŸ’ª	bÃ­ceps flexionado
ğŸ–•	dedo, dedo medio, insulto, mano, medio
ğŸ¤	dedos cruzados
ğŸ––	dedos, mano, saludo, spock, star, trek, vulcano
ğŸ¤˜	cuernos, dedos, gesto de cuernos, mano, rock, roll
ğŸ¤™	gesto, gesto de llamada, llamada, mano
âœ‹	abierta, mano, palma, papel
ğŸ‘Œ	gesto, mano, ok, seÃ±al de OK
âœŠ	cerrada, mano, piedra, puÃ±o, puÃ±o levantado
ğŸ‘Š	puÃ±o cerrado
ğŸ¤›	izquierda, puÃ±o, puÃ±o a la izquierda
ğŸ¤œ	derecha, puÃ±o, puÃ±o a la derecha
ğŸ¤š	mano, palma, palma de la mano
ğŸ‘‹	mano saludando
ğŸ‘	manos aplaudiendo
ğŸ‘	abiertas, gesto, manos
ğŸ™Œ	celebrar, chocar, chocar las manos, cinco, festejo, manos
ğŸ™	favor, gracias, manos, oraciÃ³n, orar, por, rezar, rezo
ğŸ¤	acuerdo, apretÃ³n, manos, reuniÃ³n
ğŸ’…	esmalte, manicura, uÃ±as
ğŸ‘£	cuerpo, huellas, pie, pisada
ğŸ‘â€ğŸ—¨	bocadillo de texto, ojo, ojo en una burbuja de texto, testigo
ğŸ’‹	marca de beso
ğŸ’	amor, corazÃ³n, corazÃ³n con moÃ±o, emociÃ³n, moÃ±o
ğŸ’–	corazÃ³n brillante
ğŸ’—	amor, corazÃ³n, corazÃ³n que crece, emociÃ³n, entusiasmado, nervioso
ğŸ’“	amor, corazÃ³n, corazÃ³n que palpita, emociÃ³n, latidos, palpitar
ğŸ’	amor, corazones que giran, corazÃ³n, emociÃ³n, girar, vueltas
ğŸ’•	amor, corazÃ³n, enamorado
ğŸ’Œ	carta, corazÃ³n, romance, sobre con corazÃ³n
ğŸ’”	corazÃ³n roto
ğŸ’›	corazÃ³n amarillo
ğŸ’š	corazÃ³n verde
ğŸ’™	corazÃ³n azul
ğŸ’œ	corazÃ³n morado
ğŸ’Ÿ	corazÃ³n, corazÃ³n de decoraciÃ³n
ğŸ’¤	cÃ³mics, dormido, emociÃ³n, estar durmiendo, roncar
ğŸ’¢	cÃ³mics, emociÃ³n, enojo, seÃ±al de enojo
ğŸ’¥	choque, cÃ³mic, emociÃ³n, explosiÃ³n
ğŸ’¦	cÃ³mics, emociÃ³n, sudar
ğŸ’¨	salir corriendo
ğŸ’«	cÃ³mic, emociÃ³n, estrellas, mareado, mareo, ver
ğŸ’¬	burbuja, cÃ³mic, diÃ¡logo, globo, globo de diÃ¡logo, hablar
ğŸ’­	burbuja, cÃ³mic, globo, globo de pensamiento, pensamiento, pensar
ğŸ‘”	camisa, corbata, ropa, vestimenta
ğŸ‘•	remera, ropa, vestimenta
ğŸ‘–	jeans, pantalones, ropa, vaquero, vestimenta
ğŸ‘—	ropa, vestimenta
ğŸ‘˜	japonÃ©s, ropa, vestido, vestimenta
ğŸ‘™	baÃ±o, nadar, pileta, piscina, ropa, traje, vestimenta
ğŸ‘š	blusa, mujer, ropa, vestimenta
ğŸ‘›	cartera, dinero, monedas, ropa, vestimenta
ğŸ‘œ	bolsa, bolso, cartera, cartera de mano, mujer, ropa, vestimenta
ğŸ‘	bolso, cartera, ropa, sobre, vestimenta
ğŸ’	escuela, estudiar, maletÃ­n, mochila
ğŸ‘	hombre, ropa, vestimenta, zapato
ğŸ‘Ÿ	deporte, ropa deportiva, vestimenta, zapato deportivo
ğŸ‘ 	mujer, ropa, vestimenta, zapato, zapato de taco alto, zapato de tacÃ³n alto
ğŸ‘¡	mujer, ropa, sandalia, vestimenta
ğŸ‘¢	bota, mujer, ropa, vestimenta
ğŸ‘‘	reina, rey, ropa, vestimenta
ğŸ‘’	mujer, ropa, sombrero, vestimenta
ğŸ©	caballero, copa, galera, hombre, sombrero
ğŸ“¿	collar, cuentas, oraciÃ³n
ğŸ’„	cosmÃ©ticos, labial, lÃ¡piz labial, maquillaje
ğŸ’	compromiso, romance
ğŸ’	diamante, joya, piedra preciosa
ğŸ’	animal
ğŸ¦	animal, gorila
ğŸ©	animal, perro
ğŸº	animal, cara, lobo
ğŸ¦Š	animal, cara, zorro
ğŸ¦	animal, cara, leÃ³n
ğŸ…	animal
ğŸ†	animal
ğŸ	animal
ğŸ¦„	animal, cara, unicornio
ğŸ¦Œ	animal, ciervo, venado
ğŸ‚	animal
ğŸƒ	animal, bÃºfalo
ğŸ„	animal
ğŸ·	animal, cara, cerdo, chancho
ğŸ–	animal, chancho
ğŸ—	animal
ğŸ½	animal, cara, cerdo, chancho, hocico, hocico de cerdo
ğŸ	animal
ğŸ‘	animal
ğŸ	animal
ğŸª	animal, joroba
ğŸ«	animal, joroba
ğŸ˜	animal
ğŸ¦	animal, rinoceronte
ğŸ	animal
ğŸ€	animal
ğŸ‡	animal
ğŸ¨	animal
ğŸ¼	animal, cara, cara de panda, panda
ğŸ¾	animal, huella, pata, pezuÃ±a
ğŸ”	animal
ğŸ“	animal
ğŸ£	animal, cascarÃ³n, nacer, pollito
ğŸ¤	animal, cara de pollito, pollito
ğŸ¥	animal, pollito
ğŸ§	animal
ğŸ¦…	animal, ave, Ã¡guila
ğŸ¦†	animal, ave, pato
ğŸ¦‰	animal, ave, bÃºho, lechuza
ğŸ¸	animal, cara, rana
ğŸŠ	animal
ğŸ¢	animal
ğŸ¦	animal, lagartija, lagarto, reptil
ğŸ	animal
ğŸ‰	animal
ğŸ³	animal, ballena, ballena soplando un chorro de agua, chorro
ğŸ‹	animal
ğŸ¬	animal
ğŸ 	animal, pez, tropical
ğŸ¦ˆ	animal, pez, tiburÃ³n
ğŸ™	animal
ğŸš	animal, caracol, caracola, caracola marina, marino
ğŸ¦€	animal
ğŸ¦	camarÃ³n, comida, langostino, marisco
ğŸŒ	animal
ğŸ¦‹	bonita, insecto, mariposa
ğŸ›	animal, insecto, oruga
ğŸœ	animal, insecto
ğŸ	animal, insecto
ğŸ	animal, escarabajo, insecto
ğŸ¦‚	animal
ğŸ’	flores, ramo, romÃ¡ntico
ğŸŒ¸	cerezo, flor
ğŸ’®	flor, sello
ğŸŒ¹	flor
ğŸ¥€	flor, marchita, tristeza
ğŸŒ»	flor, planta
ğŸŒ¼	planta
ğŸŒ·	flor
ğŸŒ±	hojas, plantita, plÃ¡ntula
ğŸŒ²	perenne, pino, siempreverde, Ã¡rbol
ğŸŒ³	caducas, caducifolio, hojas, Ã¡rbol, Ã¡rbol caducifolio
ğŸŒ´	Ã¡rbol
ğŸŒ¾	arroz, mazorca, planta
ğŸŒ¿	hoja, planta
ğŸ€	cuatro, hojas, suerte, trebol
ğŸ‚	hoja, hojas
ğŸƒ	hoja al viento, hojas, soplar, viento
ğŸ‡	fruta, planta
ğŸˆ	fruta, planta
ğŸ‰	fruta, planta
ğŸŠ	cÃ­trico, fruta, naranja
ğŸ‹	cÃ­trico, fruta
ğŸŒ	banana, fruta, planta
ğŸ	ananÃ¡, fruta, planta
ğŸ	fruta, manzana, roja
ğŸ	fruta, manzana, verde
ğŸ	futa, planta
ğŸ‘	durazno, fruta, planta
ğŸ’	cereza, fruta, planta
ğŸ“	fruta, frutilla, planta
ğŸ…	planta, vegetal, verdura
ğŸ¥‘	comida, fruta, palta
ğŸ†	planta, vegetal, verdura
ğŸ¥”	comida, papa, patata, vegetal
ğŸ¥•	comida, vegetal, zanahoria
ğŸŒ½	choclo, mazorca, mazorca de maÃ­z, maÃ­z, planta
ğŸ¥’	comida, pepino, vegetal
ğŸ¥œ	comida, fruto seco, manÃ­, vegetal
ğŸŒ°	planta
ğŸ	comida, pan, rodaja
ğŸ¥	comida, croissant, francÃ©s, medialuna
ğŸ¥–	baguette, comida, francÃ©s, pan
ğŸ¥	comida, dulce, hotcakes, panqueques
ğŸ§€	comida, cuÃ±a, queso
ğŸ–	carne, comida, hueso, restaurante
ğŸ—	comida, pata, pata de pollo, pollo, restaurante
ğŸ¥“	carne, comida, panceta, tocino
ğŸ”	comida
ğŸŸ	comida, hamburguesa, papas fritas
ğŸ•	comida, pizza, porciÃ³n, restaurante
ğŸŒ­	comida, pan, pancho, perrito, salchicha
ğŸŒ®	comida, mexicana
ğŸŒ¯	comida, mexicana
ğŸ¥™	comida, fajita, gyro, kebab, relleno
ğŸ³	cocina, huevo, restaurante, sartÃ©n
ğŸ¥˜	comida, paella, sartÃ©n
ğŸ²	comida, olla, restaurante
ğŸ¥—	comida, ensalada
ğŸ¿	cine, maÃ­z, palomitas, palomitas de maÃ­z, pochoclo
ğŸ±	comida, japonesa, restaurante
ğŸ˜	arroz, galleta, galleta arroz
ğŸ™	arroz, comida, japonesa, onigiri, restaurante
ğŸš	arroz, china, comida, japonesa, restaurante
ğŸ›	arroz, comida, curry, restaurante
ğŸœ	bol de fideos, china, comida, fideos, ramen
ğŸ	comida, espaguetis, pastas, restaurante
ğŸ 	asada, batata, batata asada, comida, restaurante
ğŸ¢	brocheta de mariscos, brochetas, brochettes, comida, japonesa, mariscos, restaurante
ğŸ£	comida, japonesa
ğŸ¤	camarones, camarones fritos, comida, japonesa, restaurante, tempura
ğŸ¥	comida, croqueta, pastel de pescado, pescado, restaurante
ğŸ¡	brocheta, brocheta dulce japonesa, comida, dango, dulce, japonesa, restaurante
ğŸ¦	comida, dulce, frÃ­o, helado, helado en cucurucho, restaurante
ğŸ§	comida, dulce, frÃ­o, helado, hielo, hielo molido, restaurante
ğŸ¨	crema, dulce, helada, postre
ğŸ©	comida, dona, dulce, postre, rosquilla
ğŸª	cafÃ©, comida, dulce, postre
ğŸ‚	celebraciÃ³n, cumpleaÃ±os, dulce, fiesta, torta, torta de cumpleaÃ±os, velas
ğŸ°	celebraciÃ³n, cumpleaÃ±os, dulce, fiesta, porciÃ³n de torta, torta, velas
ğŸ«	dulce, postre
ğŸ¬	dulce, postre
ğŸ­	chupetÃ­n, dulce, golosina, paleta, paleta dulce
ğŸ®	dulce, postre, restaurante
ğŸ¯	dulce, miel, pote, tarro
ğŸ¼	bebÃ©, botella, leche, mamadera
ğŸµ	bebida, taza, taza de tÃ©, tÃ©
ğŸ¶	bar, bebida, botella, japonÃ©s, tazÃ³n
ğŸ¾	bebida, botella, celebrar, champaÃ±a, champÃ¡n, festejar
ğŸ·	bar, bebida, copa, restaurante, vino
ğŸ¹	bar, bebida, cÃ³ctel, restaurante, trago, tropical
ğŸº	bar, bebida, jarra, jarro, restaurante
ğŸ»	bar, bebida, brindis, brindis con cerveza, celebrar, cerveza, festejar, jarra, jarro, restaurante
ğŸ¥‚	bebida, brindis, celebraciÃ³n, copas
ğŸ¥ƒ	licor, vaso, vaso pequeÃ±o, whisky
ğŸ´	cubiertos, cuchillo, cuchillo y tenedor, restaurante, tenedor
ğŸ¥„	cubiertos, cuchara, cucharita
ğŸ”ª	arma, cocina, cuchillo
ğŸº	jarra, vasija
ğŸŒ	Europa, globo, globo terrÃ¡queo Europa/Ãfrica, mapa, terrÃ¡queo, Ãfrica
ğŸŒ	Asia, Australia, OceanÃ­a, globo, globo terrÃ¡queo Asia/OceanÃ­a, mapa, terrÃ¡queo
ğŸŒ	Tierra, globo, meridianos, mundo, paralelos, terrÃ¡queo
ğŸŒ‹	erupciÃ³n, fuego
ğŸ—»	montaÃ±a, monte, monte Fuji
ğŸ¡	casa, hogar, jardÃ­n, vivienda
ğŸ¢	edificio, oficina
ğŸ£	correo, edificio, oficina, oficina de correo japonesa
ğŸ¤	correo, edificio, oficina, oficina de correo europea
ğŸ¦	dinero, edificio
ğŸ¨	alojamiento, edificio
ğŸ©	alojamiento, amor, edificio, hotel, motel
ğŸª	edificio, tienda
ğŸ«	edificio, escuela
ğŸ¬	centro, comercial, edificio, shopping, tienda
ğŸ¯	castillo, edificio, japonÃ©s
ğŸ°	Europa, castillo, edificio
ğŸ’’	capilla, casamiento, casamiento en capilla, romance
ğŸ—½	Estados, Unidos, estatua, libertad
ğŸ•Œ	edificio, islam, musulmÃ¡n, religiÃ³n
ğŸ•	edificio, judaÃ­smo, religiÃ³n, templo
ğŸ•‹	edificio, islam, musulmÃ¡n, religiÃ³n
ğŸŒ	bruma, neblina, niebla
ğŸŒ„	amanecer, amanecer en las montaÃ±as, atardecer, montaÃ±a, sol
ğŸŒ…	atardecer, puesta, sol
ğŸŒ†	amanecer, atardecer, ciudad, edificios
ğŸŒ‡	amanecer, atardecer, edificios, puesta, puesta de sol sobre edificios, sol
ğŸŒŒ	cielo, estrellas, galaxia, lÃ¡ctea, vÃ­a
ğŸ 	caballo, caballo de carrusel, calesita, carrusel
ğŸ¡	diversiones, mundo, noria, parque, vuelta
ğŸ¢	diversiones, montaÃ±a, parque, rusa
ğŸ’ˆ	barbero, barberÃ­a, peluquerÃ­a
ğŸª	carpa, circo
ğŸš‚	ferrocarril, locomotora, transporte, tren, tren a vapor, viajar, viaje
ğŸšƒ	elÃ©ctrico, ferrocarril, tranvÃ­a, tren, tren elÃ©ctrico, vagÃ³n
ğŸš„	bala, ferrocarril, rÃ¡pido, transporte, tren, velocidad, viajar, viaje
ğŸš…	bala, ferrocarril, rÃ¡pido, transporte, tren, velocidad, viajar, viaje
ğŸš†	ferrocarril, transporte, viajar, viaje
ğŸš‰	ferrocarril, transporte, tranvÃ­a, tren
ğŸšŠ	transporte
ğŸš	monocarril, monorriel, transporte, tren
ğŸš	ferrocarril, montaÃ±a, transporte, tren, viajar, viaje
ğŸš‹	transporte, tranvÃ­a, vagÃ³n
ğŸšŒ	bus, colectivo, transporte
ğŸš	combi, transporte, van
ğŸš’	bomberos, camiÃ³n, camiÃ³n de bomberos, carro, transporte
ğŸš“	auto, auto de policÃ­a, patrullero, policÃ­a, transporte
ğŸš•	transporte
ğŸš–	taxi, taxi se aproxima, transporte
ğŸš—	auto, automÃ³vil, carro, transporte
ğŸš™	auto, automÃ³vil, carro, transporte, vehÃ­culo recreativo
ğŸšš	camiÃ³n, reparto, transporte
ğŸš›	acoplado, camiÃ³n, transporte
ğŸšœ	vehÃ­culo
ğŸ›´	monopatÃ­n
ğŸ›¹	skateboard
ğŸ›µ	moto, scooter
ğŸš	autobÃºs, bus, colectivo, parada
ğŸš¨	auto, luz, luz de patrullero, patrullero, policÃ­a, sirena, transporte
ğŸš¥	luces, semÃ¡foro, trÃ¡fico, trÃ¡nsito
ğŸš¦	luces, semÃ¡foro, semÃ¡foro vertical, trÃ¡fico, trÃ¡nsito
ğŸ›‘	pare, seÃ±al, seÃ±al de pare, stop
ğŸš§	cartel, construcciÃ³n, peligro, seÃ±al de construcciÃ³n
ğŸ›¶	bote, canoa, remo
ğŸš¤	bote, lancha, vehÃ­culo
ğŸš¢	crucero, vehÃ­culo
ğŸ›«	aviÃ³n, check, despegar, despegue, in, partida, salida
ğŸ›¬	arribo, aterrizaje, aterrizar, aviÃ³n
ğŸ’º	asiento, silla
ğŸšŸ	suspensiÃ³n, tren, tren colgante, vehÃ­culo
ğŸš 	montaÃ±a, telefÃ©rico, tren, vehÃ­culo
ğŸš¡	aÃ©reo, colgante, montaÃ±a, tranvÃ­a, tranvÃ­a aÃ©reo, tren
ğŸš€	espacio
â°	alarma, despertador, reloj, reloj de alarma
ğŸ•§	12, doce, media, reloj
ğŸ•œ	1, media, reloj, una
ğŸ•	2, dos, media, reloj
ğŸ•	3, media, reloj, tres
ğŸ•Ÿ	4, cuatro, media, reloj
ğŸ• 	5, cinco, media, reloj
ğŸ•¡	6, media, reloj, seis
ğŸ•¢	7, media, reloj, siete
ğŸ•£	8, media, ocho, reloj
ğŸ•¤	9, media, nueve, reloj
ğŸ•¥	10, diez, media, reloj
ğŸ•¦	11, media, once, reloj
ğŸŒ‘	clima, espacio, luna, negra, nueva
ğŸŒ’	clima, creciente, espacio, luna, luna nueva visible, nueva, visible
ğŸŒ“	clima, creciente, cuarto, espacio, luna
ğŸŒ”	clima, creciente, espacio, gibosa, luna
ğŸŒ–	clima, espacio, gibosa, luna, menguante
ğŸŒ—	clima, cuarto, espacio, luna, menguante
ğŸŒ˜	clima, creciente, luna, luna creciente menguante, menguante
ğŸŒ™	clima, creciente, cuarto, espacio, luna, media luna
ğŸŒš	cara, luna, nueva
ğŸŒ›	cara, creciente, cuarto, luna
ğŸŒŸ	brillante, estrella
ğŸŒ 	espacio, estrella, fugaz
ğŸŒ€	clima, huracÃ¡n, tifÃ³n, tornado
ğŸŒˆ	clima
ğŸŒ‚	clima, lluvia, lluvioso, paraguas
ğŸ’§	clima, cÃ³mic, frÃ­o, sudar
ğŸŒŠ	mar, ocÃ©ano, ola
ğŸƒ	Halloween, calabaza, linterna
ğŸ„	celebraciÃ³n, navidad, Ã¡rbol
ğŸ†	artificiales, celebraciÃ³n, festejo, fiesta, fuegos
ğŸ‡	artificiales, celebraciÃ³n, festejo, fiesta, fuegos
âœ¨	brillo, estrella, estrellas
ğŸˆ	celebraciÃ³n, fiesta
ğŸ‰	celebraciÃ³n, fiesta, lanzador de serpentina, serpentina
ğŸŠ	celebraciÃ³n, confeti, festejo, piÃ±ata
ğŸ‹	estrellas, festividad, fiesta, japonesa, papel
ğŸ	adorno para pinos, aÃ±o, japonÃ©s, nuevo, pino
ğŸ	JapÃ³n, festival, festividad, muÃ±eca
ğŸ	bandera, banderÃ­n, banderÃ­n con forma de carpa, celebraciÃ³n, festejo, japonÃ©s
ğŸ	campanilla, viento
ğŸ‘	Otsukimi, celebraciÃ³n, ceremonia, ceremonia japonesa, luna
ğŸ€	celebraciÃ³n, cinta, festejo, moÃ±o, regalo
ğŸ	celebraciÃ³n, moÃ±o, presente
ğŸ«	boleto, entrada, entretenimiento
ğŸ…	deportes, triunfo
ğŸ¥‡	medalla, medalla de primer lugar, oro, primero
ğŸ¥ˆ	medalla, medalla de segundo lugar, plata, segundo
ğŸ¥‰	bronce, medalla, medalla de tercer lugar, tercero
ğŸ€	bÃ¡squet, bÃ¡squetbol, cesto, deporte, pelota, pelota de bÃ¡squet
ğŸ	deporte, pelota
ğŸˆ	americano, deporte, fÃºtbol, pelota, pelota de fÃºtbol americano
ğŸ‰	deporte, pelota, pelota de rugby, rugby
ğŸ¾	deporte, pelota, raqueta, tenis
ğŸ³	bola, boliche, bowling, juego
ğŸ	cricket, criquet, deporte, pelota
ğŸ‘	cÃ©sped, deporte, hockey, palo, pelota
ğŸ’	deporte, hielo, hockey, palo
ğŸ“	deporte, mesa, paleta, pelota, ping, pong
ğŸ¸	deporte, raqueta
ğŸ¥‹	artes marciales, deporte, judo, karate, taekwondo, uniforme
ğŸ¥…	arco, deporte, red
ğŸ£	caÃ±a, libre, pesca, pescado, pescar, tiempo
ğŸ½	camiseta, camiseta para correr, correr, deporte, mangas, musculosa, sin
ğŸ¿	deporte, esquiar, nieve
ğŸ¯	centro, dardo, dardo en el centro, diana, juego, objetivo
ğŸ±	8, billar, bola, bola ocho, ocho, pool
ğŸ”®	adivinar, bola, cristal, fantasÃ­a, futuro
ğŸ°	apostar, apuestas, casino, juego, mÃ¡quina, tragamonedas
ğŸƒ	carta, carta comodÃ­n, comodÃ­n, naipes
ğŸ´	Hanafuda, carta, flor, japonÃ©s, juego
ğŸ¨	arte, artista, paleta, paleta de pinturas, pintor, pintura
ğŸ”‡	altavoz, hablar, no, parlante, silenciado, silencio
ğŸ”‰	altavoz, altavoz con volumen bajo, bajo, parlante, volumen
ğŸ”Š	altavoz, alto, parlante, volumen
ğŸ“¢	altavoces, altavoz, estadio, parlante
ğŸ“£	altavoz, parlante
ğŸ“¯	clarÃ­n, corneta, corneta de correo, correo, instrumento
ğŸ””	sonido
ğŸ”•	campana, campana tachada, sonido
ğŸ¼	clave, clave de sol, mÃºsica, partitura, pentagrama, sol
ğŸµ	corchea, mÃºsica, nota
ğŸ¶	corchea, mÃºsica, nota
ğŸ¤	entretenimiento, karaoke, mÃºsica
ğŸ·	instrumento, mÃºsica, saxo
ğŸ¸	instrumento, mÃºsica
ğŸ¹	instrumento, mÃºsica, teclado
ğŸº	instrumento, mÃºsica
ğŸ»	instrumento, mÃºsica
ğŸ¥	mÃºsica, palitos, tambor
ğŸ“²	celular, flecha, hacer llamada, mÃ³vil, telÃ©fono
ğŸ“	comunicaciÃ³n, telÃ©fono, tubo
ğŸ“ 	comunicaciÃ³n, fax
ğŸ”Œ	electricidad, enchufe
ğŸ’½	computadora, disco, minidisc, minidisco
ğŸ’¾	disco, diskette, floppy
ğŸ“€	DVD, disco
ğŸ¥	cine, cÃ¡mara, entretenimiento, filmadora, pelÃ­cula
ğŸ“¼	cinta, cinta de video, video
ğŸ”	aumento, buscar, instrumento, lupa, lupa hacia la izquierda
ğŸ”	aumento, buscar, instrumento, lupa, lupa hacia la derecha
ğŸ’¡	cÃ³mic, idea, lamparita, lÃ¡mpara
ğŸ®	farol, farol de papel japonÃ©s, izakaya, linterna, papel, restaurante, roja
ğŸ“”	cuaderno, decorado, tapa
ğŸ“™	libro, libro anaranjado, naranja
ğŸ““	negro
ğŸ“’	contabilidad, libro
ğŸ“ƒ	doblada, documento doblado, pÃ¡gina
ğŸ“„	documento, frente, hoja, pÃ¡gina
ğŸ“°	diario, noticias
ğŸ—	diario, noticias, periÃ³dico
ğŸ“‘	marcador, pestaÃ±as, pestaÃ±as de marcador
ğŸ’´	billete, dinero, yen
ğŸ’µ	billete, dinero, dÃ³lar
ğŸ’¶	billete, dinero, euro
ğŸ’·	billete, dinero, libra
ğŸ’¸	alas, billetes, dinero, dÃ³lares
ğŸ’¹	dinero, grÃ¡fico, mercado, mercado en alza, tendencia, yen
ğŸ’±	cambio, cambio de divisa, dinero, divisa
ğŸ“§	comunicaciÃ³n, correo, electrÃ³nico, sobre
ğŸ“¨	carta, comunicaciÃ³n, correo, electrÃ³nico, mensaje, mensaje entrante, recibido, sobre
ğŸ“©	carta, comunicaciÃ³n, correo electrÃ³nico, enviado, mensaje, mensaje saliente, sobre
ğŸ“®	cartas
ğŸ“	comunicaciÃ³n, memo, nota, recordatorio
ğŸ“‚	abrir, abrir carpeta, archivos, carpeta
ğŸ“…	cita, fecha, reuniÃ³n
ğŸ“†	calendario, calendario con hojas, hojas
ğŸ“‡	Rolodex, Ã­ndice
ğŸ“ˆ	alza, ascendente, aumentar, grÃ¡fico, mejor, mejorar, tabla, tendencia ascendente
ğŸ“‰	alza, descendente, disminuir, empeorar, grÃ¡fico, peor, reducir, tabla, tendencia descendente
ğŸ“Œ	chinche, tachuela
ğŸ“	chinche, chincheta, tachuela
ğŸ“	clip, clip para hojas, hojas, papel
ğŸ“	regla, regla recta
ğŸ“	regla, triangular
ğŸ”	candado, candado y lapicera, lapicera, pluma
ğŸ”	candado, cerrado, llave
ğŸ”‘	clave, contraseÃ±a
ğŸ¹	arco, arma, arquero, flecha
ğŸ”§	herramienta, inglesa, llave
ğŸ”©	herramienta, perno, perno con tuerca, tuerca
ğŸ”—	cadena, enlace, eslabones, eslabones de cadena, vÃ­nculo
ğŸ”­	instrumento
ğŸ“¡	antena, antena satelital, comunicaciÃ³n, satelital, satÃ©lite
ğŸ’‰	aguja, inyecciÃ³n, jeringa, medicina, mÃ©dico
ğŸ’Š	medicamento, medicina, mÃ©dico, pastilla
ğŸš½	baÃ±o
ğŸš¿	agua
ğŸ›’	carriito, carrito de compras, carro, compras, supermercado, tienda
ğŸš¬	cigarrillo, fumar, permitido
ğŸ—¿	MoÃ¡i, Pascua, estatua, estatua de la isla de Pascua, isla
ğŸ§	automÃ¡tico, cajero, cajero automÃ¡tico
ğŸš®	basura, cartel cesto de basura, seÃ±al
ğŸš°	agua, potable, seÃ±al
ğŸš»	baÃ±o, pÃºblico, servicios, seÃ±al, seÃ±al de baÃ±o
ğŸš¾	baÃ±o, servicios, seÃ±al
ğŸ›‚	inspecciÃ³n de pasaportes
ğŸ›ƒ	seÃ±al
ğŸ›„	equipaje, reclamo, reclamo de equipaje, seÃ±al
ğŸ›…	depÃ³sito, depÃ³sito de equipaje, equipaje, locker, seÃ±al
ğŸš¸	cruce de niÃ±os, niÃ±os, seÃ±al
ğŸš«	entrar, no, pasar, prohibido, seÃ±al, seÃ±al de prohibiciÃ³n
ğŸš³	bicicletas, no se permiten bicicletas, prohibido, seÃ±al, vehÃ­culo
ğŸš¯	basura, no, prohibido, seÃ±al
ğŸš±	agua, no, potable, seÃ±al
ğŸš·	cruzar, pasar, peatÃ³n, prohibido, seÃ±al
ğŸ“µ	celular, mÃ³vil, no se permiten celulares, prohibido, telÃ©fono
ğŸ”	18, menores, prohibido, prohibido para menores de 18
ğŸ”ƒ	flechas, flechas circulares sentido horario, horario, recarga, sentido
ğŸ”„	antihorario, flechas, sentido
ğŸ”™	atrÃ¡s, flecha, flecha atrÃ¡s, izquierda
ğŸ”š	atrÃ¡s, final, flecha, flecha final, izquierda
ğŸ”›	adelante, flecha, flecha de encendido, marca
ğŸ”œ	derecha, flecha, pronto, seÃ±al de pronto
ğŸ”	arriba, flecha, seÃ±al hacia arriba
ğŸ›	lugar, lugar de oraciÃ³n, oraciÃ³n, religiÃ³n
ğŸ•	candelabro, judaÃ­smo, judÃ­o, religiÃ³n
ğŸ”¯	David, estrella, puntas, seis
â›	ofiuco, serpiente, zodÃ­aco
ğŸ”€	azar, cruzadas, flecha, mÃºsica, reproducciÃ³n al azar
ğŸ”	flechas, mÃºsica, repetir, repetir todo, todo
ğŸ”‚	flechas, mÃºsica, repetir, repetir uno, uno
â–¶	botÃ³n, mÃºsica, reproducciÃ³n
â©	adelantar, avance, botÃ³n, mÃºsica, rÃ¡pido
â­	adelantar, avanzar, avanzar a la pista siguiente, botÃ³n, mÃºsica, siguiente
â¯	botÃ³n, mÃºsica, pausa, pausar o reproducir, triÃ¡ngulo
â—€	botÃ³n, mÃºsica, retroceder
âª	botÃ³n, mÃºsica, retroceso, retroceso rÃ¡pido, rÃ¡pido
â®	anterior, botÃ³n, mÃºsica, Ãºltima pista
ğŸ”¼	arriba, botÃ³n, botÃ³n hacia arriba, flecha, subir
â«	arriba, botÃ³n, doble, flecha, subir
ğŸ”½	abajo, bajar, botÃ³n, botÃ³n hacia abajo, flecha
â¬	abajo, bajar, botÃ³n, doble, flecha
ğŸ¦	botÃ³n, cine, cÃ¡mara, filmar
ğŸ”…	bajar, brillo, tenue
ğŸ”†	alto, brillante, brillo
ğŸ“¶	antena, celular, cobertura, telÃ©fono
ğŸ“³	celular, mÃ³vil, telÃ©fono, vibraciÃ³n
ğŸ“´	apagado, celular, celular apagado, mÃ³vil, telÃ©fono
âšœ	flor, lis, sÃ­mbolo
ğŸ”±	emblema
ğŸ“›	identificaciÃ³n, identificaciÃ³n con nombre, nombre, prendedor
ğŸ”°	amarillo, bandera, hoja, japonÃ©s, principiante, sÃ­mbolo japonÃ©s de principiante, verde
âœ…	marca, verificaciÃ³n
âŒ	cruz, x
â	cruz, cruz con recuadro, x
â•	mÃ¡s, signo, suma
â–	menos, resta, signo
â—	divisiÃ³n, signo, signo divisiÃ³n
â¿	bucle, giro
â”	contorno, interrogaciÃ³n, pregunta, signo, signo de interrogaciÃ³n gris
â•	contorno, exclamaciÃ³n, signo, signo de exclamaciÃ³n gris
ğŸ’¯	100, 100 puntos, perfecto, puntaje, puntos
ğŸ” 	letras, mayÃºsculas
ğŸ”¡	letras, minÃºsculas
ğŸ”¢	1234
ğŸ”£	entrada
ğŸ”¤	alfabeto, latino
ğŸ†	AB, grupo, sanguÃ­neo
ğŸ†‘	CL, borrar, borrar recuadrado, cuadrado
ğŸ†’	cool, cuadrado, genial
ğŸ†“	cuadrado, free, gratis, libre
ğŸ†”	cuadrado, identificaciÃ³n
ğŸ†•	cuadrado, new, nuevo
ğŸ†–	NG, cuadrado, mal, no estÃ¡ bien
ğŸ†—	bueno, cuadrado, ok
ğŸ†˜	SOS, auxilio, cuadrado
ğŸ†™	arriba, cuadrado, mejor
ğŸ†š	VS, contra, cuadrado
ğŸˆ	aquÃ­, ideograma, japonÃ©s
ğŸˆ·	ideograma, japonÃ©s, mensual
ğŸˆ¶	ideograma, japonÃ©s, tarifas, tarifas en japonÃ©s
ğŸˆ¯	dedo en japonÃ©s, ideograma, japonÃ©s, reservado
ğŸ‰	chino, ideograma, ventaja, ventaja en chino
ğŸˆ¹	descuento, ideograma, japonÃ©s
ğŸˆš	gratis, ideograma, japonÃ©s
ğŸˆ²	ideograma, japonÃ©s, prohibido
ğŸ‰‘	aprobado, chino, ideograma
ğŸˆ¸	chino, ideograma, solicitud, solicitud en chino
ğŸˆ´	chino, ideograma, juntos, juntos en chino
ğŸˆ³	chino, ideograma, vacÃ­o, vacÃ­o en chino
ğŸˆº	administrar, administrar en chino, chino, ideograma
ğŸˆµ	chino, completo, ideograma
ğŸ”´	cÃ­rculo, cÃ­rculo rojo, grande, rojo
ğŸ”µ	azul, cÃ­rculo, cÃ­rculo azul, grande
ğŸ”¶	anaranjado, diamante, diamante naranja grande, naranja
ğŸ”·	azul, diamante, diamante azul grande
ğŸ”¸	anaranjado, diamante, diamante naranja pequeÃ±o, naranja
ğŸ”¹	azul, diamante, diamante azul pequeÃ±o
ğŸ”º	arriba, rojo, triÃ¡ngulo
ğŸ”»	abajo, rojo, triÃ¡ngulo
ğŸ’ 	cÃ³mic, diamante, flor, pÃ©talo de flor
ğŸ”˜	botÃ³n, botÃ³n de radio, radio
ğŸ”²	blanco, borde, botÃ³n, cuadrado, cuadrado blanco con borde negro, marco, negro
ğŸ”³	blanco, borde, botÃ³n, cuadrado, cuadrado negro con borde blanco, marco, negro
ğŸ	autos, bandera, blanco, carrera, deporte, negro
ğŸš©	bandera, bandera de ubicaciÃ³n, banderÃ­n, triangular, ubicaciÃ³n
ğŸŒ	JapÃ³n, banderas, celebraciÃ³n
Â©ï¸	autor, copyright, derechos, signo de derechos autor
Â®ï¸	marca, registrada, signo de marca registrada
â€¼ï¸	doble, exclamaciÃ³n, signo
â‰ï¸	exclamaciÃ³n, pregunta, signo
â„¢ï¸	marca, registrada, sÃ­mbolo, sÃ­mbolo de marca registrada
â„¹ï¸	asistencia
â†•ï¸	abajo, arriba, direcciÃ³n, flecha, flecha ascendente y descendente
â†–ï¸	arriba, cardinal, derecha, direcciÃ³n, flecha, flecha hacia el noroeste, noroeste, punto
â†—ï¸	arriba, cardinal, derecha, direcciÃ³n, flecha, flecha hacia el noreste, noreste, punto
â†˜ï¸	abajo, cardinal, derecha, direcciÃ³n, flecha, flecha hacia el sudeste, punto, sudeste
â†™ï¸	abajo, cardinal, direcciÃ³n, flecha, flecha hacia el sudoeste, izquierda, punto, sudoeste
â†©ï¸	curva, curva hacia la izquierda, direcciÃ³n, flecha, izquierda
â†ªï¸	curva, curva hacia la derecha, derecha, direcciÃ³n, flecha
âŒ›ï¸	arena, reloj
âŒ¨ï¸	accesorio, computadora
âï¸	botÃ³n, mÃºsica
â±ï¸	reloj, segundos, tiempo
â²ï¸	reloj, segundos, tiempo
â³ï¸	arena, reloj, reloj de arena funcionando, temporizador
â¸ï¸	barras, botÃ³n, mÃºsica, verticales
â¹ï¸	botÃ³n, cuadrado, mÃºsica
âºï¸	botÃ³n, cÃ­rculo, mÃºsica
â“‚ï¸	M, letra, letra m en un cÃ­rculo, metro
â–ªï¸	cuadrado, negro, pequeÃ±o
â–«ï¸	blanco, cuadrado, pequeÃ±o
â—»ï¸	blanco, cuadrado, mediano
â—¼ï¸	cuadrado, mediano, negro
â—½ï¸	blanco, cuadrado, mediano, pequeÃ±o
â—¾ï¸	cuadrado, mediano, negro, pequeÃ±o
â˜€ï¸	calor, estrella, rayos
â˜ï¸	nublado, tiempo
â˜‚ï¸	accesorio, clima, lluvia, paraguas, paraguas abierto
â˜ƒï¸	clima, frÃ­o, invierno, muÃ±eco, muÃ±eco de nieve nevado, nieve
â˜„ï¸	espacio, estrella
â˜ï¸	cables, lÃ­nea, telÃ©fono, telÃ©fono de lÃ­nea
â˜‘ï¸	casilla, casilla seleccionada, verificaciÃ³n
â˜”ï¸	accesorio, gotas, lluvia, paraguas, paraguas con gotas
â˜ï¸	apuntar, arriba, dedo, dedo hacia arriba, mano, palma, seÃ±alar, Ã­ndice
â˜ ï¸	calavera, cara, huesos
â˜¢ï¸	peligro, radiaciÃ³n, seÃ±al
â˜£ï¸	biolÃ³gico, peligro, peligro biolÃ³gico, seÃ±al
â˜¦ï¸	cristianismo, cruz, ortodoxa, religiÃ³n
â˜ªï¸	estrella y creciente, islam, musulmÃ¡n, religiÃ³n
â˜¸ï¸	budismo, dharma, religiÃ³n
â˜¹ï¸	cara, triste
â˜ºï¸	cara, relajado, sonriente, sonrisa
â™ˆï¸	aries, carnero, zodÃ­aco
â™‰ï¸	buey, tauro, toro, zodÃ­aco
â™Šï¸	gÃ©minis, mellizos, zodÃ­aco
â™‹ï¸	cangrejo, cÃ¡ncer, zodÃ­aco
â™Œï¸	leo, leÃ³n, zodÃ­aco
â™ï¸	virgen, virgo, zodÃ­aco
â™ï¸	balanza, justicia, libra, zodÃ­aco
â™ï¸	escorpio, escorpiÃ³n, zodÃ­aco
â™ï¸	arquero, sagitario, zodÃ­aco
â™‘ï¸	cabra, capricornio, zodÃ­aco
â™’ï¸	acuario, agua, zodÃ­aco
â™“ï¸	pez, piscis, zodÃ­aco
â™ ï¸	cartas, juegos, naipes, palos, picas
â™£ï¸	cartas, juegos, naipes, palos, trÃ©boles
â™¥ï¸	cartas, corazones, juegos, naipes, palos
â™¦ï¸	cartas, diamantes, juegos, naipes, palos
â™¨ï¸	aguas, caliente, fuentes termales, termales, termas, vapor
â™»ï¸	reciclaje, sÃ­mbolo
â™¿ï¸	acceso, acceso para silla de ruedas, seÃ±al, silla de ruedas
âš’ï¸	herramientas, martillo, pico
âš“ï¸	barco, bote
âš”ï¸	armas, espadas
âš–ï¸	herramienta, justicia, peso
âš—ï¸	destilar, herramienta, quÃ­mica
âš›ï¸	ateo, sÃ­mbolo atÃ³mico, Ã¡tomo
âš¡ï¸	electricidad, peligro, tensiÃ³n, voltaje
âšªï¸	blanco, cÃ­rculo, grande
âš«ï¸	cÃ­rculo, grande, negro
âš±ï¸	funeral, muerte, urna
âš½ï¸	fÃºtbol, pelota, pelota de fÃºtbol
âš¾ï¸	bÃ©isbol, pelota, pelota de bÃ©isbol
â›„ï¸	clima, frÃ­o, invierno, muÃ±eco, nieve
â›…ï¸	nubes, nublado, parcialmente nublado, sol, soleado, tiempo
â›ˆï¸	lluvia, nube, tiempo, tormenta, trueno
â›ï¸	herramienta, minerÃ­a
â›‘ï¸	ayuda, casco, casco con cruz blanca, casco de rescatista
â›”ï¸	entrar, no, pasar, prohibido, prohibido entrar, seÃ±al
â›©ï¸	JapÃ³n, edificio, jinja, religiÃ³n, santuario
â›ªï¸	edificio, religiÃ³n
â›°ï¸	montaÃ±a, montaÃ±as
â›±ï¸	arena, playa, sol, sombrilla
â›³ï¸	bandera, bandera en hoyo, golf, hoyo
â›´ï¸	bote, ferry, transbordador, trasbordador, vehÃ­culo
â›µï¸	bote, mar, velero
â›·ï¸	deporte, esquÃ­, nieve
â›¸ï¸	deporte, hielo, patinaje, patinaje sobre hielo
â›¹ï¸	bÃ¡squet, deporte, pelota, persona, persona con una pelota
â›ºï¸	acampar, campamento, camping, carpa
â›½ï¸	dispensador, estaciÃ³n, estaciÃ³n de gasolina, gasolina, nafta, servicio, surtidor
âœˆï¸	aire, vehÃ­culo, viajar, viaje, volar
âœ‰ï¸	correo
âœŒï¸	V, dedos, gesto de victoria, mano, tijera, victoria
âœï¸	mano escribiendo
âœï¸	escolar, escribir, Ãºtil
âœ’ï¸	lapicera, lapicera de pluma, pluma, tinta
âœ”ï¸	marca, marca de verificaciÃ³n grande, verificaciÃ³n
âœ–ï¸	cancelar, multiplicaciÃ³n, signo, x
âœ¡ï¸	judaÃ­smo, religiÃ³n
âœ³ï¸	asterisco, ocho, puntas, sÃ­mbolo
âœ´ï¸	estrella, ocho, puntas
â„ï¸	clima, frÃ­o, nieve
â‡ï¸	signo
â“ï¸	pregunta, signo, signo de interrogaciÃ³n
â—ï¸	exclamaciÃ³n, signo, signo de exclamaciÃ³n
â£ï¸	corazÃ³n, exclamaciÃ³n, exclamaciÃ³n con forma de corazÃ³n
â¤ï¸	corazÃ³n rojo
â¡ï¸	cardinal, derecha, direcciÃ³n, este, flecha, flecha hacia el este, punto
â¤´ï¸	arriba, curva, curva hacia arriba, direcciÃ³n, flecha
â¤µï¸	abajo, curva, curva hacia abajo, direcciÃ³n, flecha
â¬…ï¸	cardinal, direcciÃ³n, flecha, flecha hacia el oeste, izquierda, oeste, punto
â¬†ï¸	arriba, cardinal, direcciÃ³n, flecha, flecha hacia el norte, norte, punto
â¬‡ï¸	abajo, cardinal, direcciÃ³n, flecha, flecha hacia el sur, punto, sur
â¬›ï¸	cuadrado, grande, negro
â¬œï¸	blanco, cuadrado, grande
â­ï¸	blanca, estrella, estrella blanca
â­•ï¸	cÃ­rculo, cÃ­rculo grande
ã€°ï¸	guiÃ³n, lÃ­nea ondulada, ondulado, puntuaciÃ³n
ã€½ï¸	alternancia, marca
ãŠ—ï¸	chino, felicitaciones, felicitaciones en chino, ideograma
ãŠ™ï¸	chino, ideograma, secreto
ğŸ€„ï¸	dragÃ³n, mahjong, mosaico, mosaico mahjong, rojo
ğŸ…°ï¸	A, grupo, sanguÃ­neo
ğŸ…±ï¸	B, grupo, sanguÃ­neo
ğŸ…¾ï¸	0, O, grupo, sanguÃ­neo
ğŸ…¿ï¸	P, estacionamiento, letra
ğŸˆ‚ï¸	ideograma, japonÃ©s, servicio
ğŸŒï¸	AmÃ©rica, globo, globo terrÃ¡queo AmÃ©rica, mapa, terrÃ¡queo
ğŸŒ•ï¸	clima, espacio, llena, luna
ğŸŒœï¸	cara, cuarto, luna, menguante
ğŸŒ¡ï¸	clima, temperatura
ğŸŒ¤ï¸	clima, nube, sol, soleado con nubes
ğŸŒ¥ï¸	clima, nube, nublado
ğŸŒ¦ï¸	clima, lluvia, nube, sol, soleado con lluvia
ğŸŒ§ï¸	clima, lluvia, nube
ğŸŒ¨ï¸	clima, nieve, nube
ğŸŒ©ï¸	clima, nubes, nubes y relÃ¡mpagos, relÃ¡mpagos
ğŸŒªï¸	clima, nube, viento
ğŸŒ«ï¸	clima, neblina, nieve
ğŸŒ¬ï¸	cara, clima, soplar, viento
ğŸŒ¶ï¸	comida, picante, pimiento, pimiento picante
ğŸ¸ï¸	bar, bebida, restaurante, trago
ğŸ½ï¸	cubiertos, cuchillo, plato, plato y cubiertos, restaurante, tenedor
ğŸ“ï¸	birrete, celebraciÃ³n, gorro de graduaciÃ³n, graduaciÃ³n, graduado
ğŸ—ï¸	cinta, cinta conmemorativa, conmemoraciÃ³n
ğŸ™ï¸	estudio, grabaciÃ³n, micrÃ³fono, micrÃ³fono de grabaciÃ³n, voz
ğŸšï¸	control deslizante, deslizar, mÃºsica, nivel
ğŸ›ï¸	perillas
ğŸï¸	cine, cuadros de pelÃ­cula, pelÃ­cula
ğŸŸï¸	evento
ğŸ§ï¸	auriculares, entretenimiento, mÃºsica
ğŸ¬ï¸	cine, pizarra
ğŸ­ï¸	actuaciÃ³n, artes, mÃ¡scaras, teatro
ğŸ®ï¸	control, joystick, juego, mando, video, video juegos, videojuego
ğŸ‚ï¸	deporte, nieve, snowboard, tabla
ğŸ„ï¸	deporte, surf, surfista
ğŸ†ï¸	copa, premio
ğŸ‹ï¸	deporte, pesas
ğŸŒï¸	golf, jugador, jugador de golf, pelota
ğŸï¸	motocicleta
ğŸï¸	auto, auto de carrera, carrera
ğŸ”ï¸	frÃ­o, montaÃ±a, montaÃ±as nevadas, nieve
ğŸ•ï¸	acampar, campamento, carpa, vacaciones
ğŸ–ï¸	mar, playa, sombrilla, vacaciones
ğŸ—ï¸	construcciÃ³n, edificio, edificio en construcciÃ³n
ğŸ˜ï¸	casas, viviendas
ğŸ™ï¸	ciudad, edificios
ğŸšï¸	abandonado, descuidado, edificio, edificio abandonado
ğŸ›ï¸	clÃ¡sico, edificio, monumento
ğŸœï¸	arena
ğŸï¸	atracciÃ³n, parque, vacaciones
ğŸ ï¸	hogar, vivienda
ğŸ³ï¸	bandera, blanca, paz
ğŸˆï¸	animal
ğŸ•ï¸	animal
ğŸŸï¸	animal
ğŸ¦ï¸	animal, ave
ğŸ‘ï¸	cuerpo
ğŸ‘†ï¸	dorso de mano con dedo Ã­ndice hacia arriba
ğŸ‘‡ï¸	dorso de mano con dedo Ã­ndice hacia abajo
ğŸ‘ˆï¸	apuntar, dedo, dorso, izquierda, mano, seÃ±alar, Ã­ndice, Ã­ndice hacia la izquierda
ğŸ‘‰ï¸	apuntar, dedo, derecha, dorso, mano, seÃ±alar, Ã­ndice, Ã­ndice hacia la derecha
ğŸ‘ï¸	+1, arriba, mano, pulgar
ğŸ‘ï¸	-1, abajo, mano, pulgar
ğŸ‘“ï¸	gafas, lentes, ropa, vestimenta
ğŸ‘ªï¸	hija, hijo, madre, mamÃ¡, padre, papÃ¡, personas
ğŸ‘½ï¸	OVNI, alien, cara, cuento, espacial, espacio, extraterrestre, fantasÃ­a, monstruo
ğŸ’£ï¸	explosiÃ³n, explota
ğŸ’°ï¸	bolsa, dinero, dÃ³lares
ğŸ’»ï¸	computadora, laptop, netbook, notebook, personal
ğŸ’¿ï¸	Blu-ray, CD, DVD, disco, Ã³ptico
ğŸ“‹ï¸	carpeta, sujetapapeles
ğŸ“šï¸	libro, pila
ğŸ“Ÿï¸	buscapersonas, comunicaciÃ³n
ğŸ“¤ï¸	bandeja, comunicaciÃ³n, correo, enviados, salida, saliente
ğŸ“¥ï¸	bandeja, comunicaciÃ³n, correo, entrada, entrante, recibidos
ğŸ“ªï¸	bandera, buzÃ³n, buzÃ³n cerrado bandera baja, correo
ğŸ“«ï¸	bandera, buzÃ³n, buzÃ³n cerrado bandera levantada, correo
ğŸ“¬ï¸	bandera, buzÃ³n, buzÃ³n abierto bandera levantada, correo
ğŸ“­ï¸	bandera, buzÃ³n, buzÃ³n abierto bandera baja, correo
ğŸ“·ï¸	cÃ¡mara, cÃ¡mara fotogrÃ¡fica, fotos
ğŸ“¹ï¸	cÃ¡mara, video
ğŸ“ºï¸	TV, televisiÃ³n, televisor, video
ğŸ“»ï¸	comunicaciÃ³n
ğŸ“½ï¸	cine, pelÃ­culas, proyector, video
ğŸ”ˆï¸	parlante, sonido, volumen
ğŸ”’ï¸	candado, cerrado
ğŸ”“ï¸	abierto, candado
ğŸ•Šï¸	animal
ğŸ•ï¸	1, reloj, una
ğŸ•‘ï¸	2, dos, reloj
ğŸ•’ï¸	3, reloj, tres
ğŸ•“ï¸	4, cuatro, reloj
ğŸ•”ï¸	5, cinco, reloj
ğŸ••ï¸	6, reloj, seis
ğŸ•–ï¸	7, reloj, siete
ğŸ•—ï¸	8, ocho, reloj
ğŸ•˜ï¸	9, nueve, reloj
ğŸ•™ï¸	10, diez, reloj
ğŸ•šï¸	11, once, reloj
ğŸ•›ï¸	12, doce, punto, reloj
ğŸ•¯ï¸	cera, fuego, luz
ğŸ•°ï¸	decoraciÃ³n, reloj, reloj de repisa, repisa
ğŸ•³ï¸	agujero
ğŸ•´ï¸	hombre, hombre de traje, persona, traje
ğŸ•µï¸	cara, hombre, lupa, persona, sombrero
ğŸ•¶ï¸	anteojos, anteojos de sol, gafas, oscuros, ropa, sol, vestimenta
ğŸ•¸ï¸	araÃ±a, tela, telaraÃ±a
ğŸ•¹ï¸	control, juego, mando, video, videojuego
ğŸ–‡ï¸	clips, unidos
ğŸ–Šï¸	bolÃ­grafo, escribir, lapicera
ğŸ–‹ï¸	lapicera, pluma, pluma fuente, tinta
ğŸ–ï¸	crayÃ³n, dibujar, pintar
ğŸ–ï¸	abierta, dedos, mano, palma, yo
ğŸ–¥ï¸	computadora, computadora de escritorio, escritorio
ğŸ–¨ï¸	accesorio, computadora
ğŸ–±ï¸	accesorio, computadora, mouse
ğŸ–²ï¸	accesorio, computadora, rueda de desplazamiento
ğŸ–¼ï¸	arte, marco, museo, pintura
ğŸ—‚ï¸	archivos, separadores para tarjetas, Ã­ndice
ğŸ—ƒï¸	archivos, caja, organizador de tarjetas
ğŸ—„ï¸	archivero, archivos, oficina
ğŸ—‘ï¸	basura, cesto, papeles
ğŸ—’ï¸	anotador, bloc de notas con espiral, escribir, notas
ğŸ—“ï¸	calendario, calendario con espiral, fechas
ğŸ—œï¸	compresor, herramienta
ğŸ—¡ï¸	armas, cuchillo, daga
ğŸ—£ï¸	cabeza, cara, hablar, silueta, silueta hablando
ğŸ—¨ï¸	burbuja, cÃ³mic, diÃ¡logo, globo, globo de diÃ¡logo izquierdo, izquierdo
ğŸ—¯ï¸	burbuja, cÃ³mic, derecho, enojado, enojo, globo, globo de enojo derecho
ğŸ—³ï¸	elecciones, urna, votaciÃ³n
ğŸ—ºï¸	mapa, mapamundi, mundo
ğŸ˜ï¸	cara, indiferente, neutral, neutro
ğŸš‡ï¸	metro, subte, subterrÃ¡neo, transporte
ğŸšï¸	autobÃºs, autobÃºs que llega, bus, colectivo, micro
ğŸš‘ï¸	transporte
ğŸš”ï¸	auto, patrullero, patrullero se aproxima, policÃ­a, transporte
ğŸš˜ï¸	auto, auto se aproxima, automÃ³vil, carro, transporte
ğŸš²ï¸	bici, transporte
ğŸš¹ï¸	hombre, seÃ±al, sÃ­mbolo de hombre
ğŸšºï¸	mujer, seÃ±al, sÃ­mbolo de mujer
ğŸš¼ï¸	bebÃ©, bordo, cambiador, seÃ±al
ğŸ›‹ï¸	descansar, lÃ¡mpara, sofÃ¡
ğŸ›ï¸	bolsa, bolsas de compras, compras
ğŸ›ï¸	campana, campanilla de hotel, hotel
ğŸ›ï¸	dormir, habitaciÃ³n, hotel
ğŸ› ï¸	herramienta, inglesa, llave, martillo
ğŸ›¡ï¸	protecciÃ³n
ğŸ›¢ï¸	barril, petrÃ³leo, tambor, tambor de petrÃ³leo
ğŸ›¤ï¸	ferrocarril, tren, vÃ­as
ğŸ›¥ï¸	bote, motor, vehÃ­culo
ğŸ›©ï¸	aire, aviÃ³n, vehÃ­culo, viajar, viaje
ğŸ›°ï¸	espacio
