ğŸ˜€	cara, cara sonriendo, contento, divertido, sonrisa
ğŸ˜	cara, cara radiante con ojos sonrientes, divertido, risa, sonrisa
ğŸ˜‚	cara, cara llorando de felicidad, felicidad, feliz, lÃ¡grimas
ğŸ˜ƒ	boca abierta, cara sonriendo con ojos grandes, divertido, risa, sonrisa
ğŸ˜„	boca abierta, cara sonriendo con ojos sonrientes, divertido, risa, sonrisa
ğŸ˜…	boca abierta, cara sonriendo con sudor frÃ­o, sonrisa, sonrisa boca abierta, sudor frÃ­o
ğŸ˜†	boca abierta, cara, cara sonriendo con los ojos cerrados
ğŸ˜‰	cara, cara guiÃ±ando el ojo, guiÃ±o
ğŸ˜Š	cara, cara feliz con ojos sonrientes, ojos sonrientes, sonrisa
ğŸ˜‹	broma, cara saboreando comida, delicioso, rico, sonriente
ğŸ˜	cara, cara sonriendo con lentes de sol, lentes de sol, onda, sol
ğŸ˜	amor, cara sonriendo con ojos de corazÃ³n, corazones, sonriente, tierno
ğŸ˜˜	besos, cara, cara lanzando un beso, corazÃ³n
ğŸ¥°	adoraciÃ³n, cara sonriente con 4 corazones, enamoramiento, flechazo
ğŸ˜—	cara, cara dando un beso
ğŸ˜™	beso, cara, cara besando con ojos sonrientes, ojos, sonriente
ğŸ˜š	beso, cara, cara besando con los ojos cerrados, cerrados, ojos
ğŸ™‚	cara, cara sonriendo ligeramente, sonrisa
ğŸ˜‘	cara sin expresiÃ³n
ğŸ™„	cara con ojos en blanco
ğŸ˜	cara sonriendo con superioridad
ğŸ˜£	cara perseverante
ğŸ˜¥	cara triste pero aliviada
ğŸ˜®	cara con boca abierta, empatÃ­a, sorpresa
ğŸ¤	boca, cara, cara con la boca cerrada con cierre, zipper
ğŸ˜«	cara cansada
ğŸ˜›	cara sacando la lengua
ğŸ˜œ	cara sacando la lengua y guiÃ±ando un ojo
ğŸ˜	cara con los ojos bien cerrados y sacando la lengua, cara con ojos cerrados y sacando la lengua
ğŸ˜”	cara desanimada
ğŸ¤‘	cara con lengua de dinero
ğŸ˜	cara, cara decepcionada, decepcionado, decepciÃ³n
ğŸ˜Ÿ	cara, cara preocupada, preocupado
ğŸ˜¤	cara resoplando
ğŸ˜¢	cara llorando, llanto, llorar, triste, tristeza
ğŸ˜¦	abierta, boca, cara, cara con el ceÃ±o fruncido y la boca abierta
ğŸ˜§	cara angustiada
ğŸ˜¨	cara asustada
ğŸ˜©	cara agotada
ğŸ˜¬	cara, cara haciendo mueca, mueca
ğŸ˜°	cara con ansiedad y sudor
ğŸ˜±	cara gritando de miedo, grito, horror, miedo, terror
ğŸ¥µ	calor, cara colorada, cara de calor, fiebre, golpe de calor, sudor
ğŸ¥¶	cara azul, cara de frÃ­o, congelamiento, frÃ­o, helado, tempano
ğŸ˜³	avergonzado, sonrojado, sorprendido, sorpresa, vergÃ¼enza
ğŸ¤ª	cara de loco, ojo grande, ojo pequeÃ±o
ğŸ˜µ	cara, cara mareada, mareado
ğŸ˜¡	cara de enojo
ğŸ˜ 	cara, cara enfadada, enfadado, enojo
ğŸ¤¬	cara con boca censurada, cara con sÃ­mbolos en la boca, maldecir, palabrota
ğŸ˜·	barbijo, cara, cara con mascarilla mÃ©dica, cubrebocas, enfermo
ğŸ¤•	cara, cara con la cabeza vendada, dolor, herido, vendas
ğŸ¤§	cara, cara estornudando, estornudar, estornudo, resfrÃ­o
ğŸ˜‡	cara sonriendo con aureola
ğŸ¥³	cara de fiesta, celebraciÃ³n, fiesta, gorro, matasuegras
ğŸ¥´	boca ondulada, borrachera, cara de mareo, intoxicaciÃ³n, mareo, ojos desparejos
ğŸ¥º	cara de sÃºplica, ganas de llorar, ojos llorosos, suplicar
ğŸ¤­	chanfle, risita, uy, vaya
ğŸ˜ˆ	cara malvada sonriendo con cuernos, cara sonriendo con cuernos, cuernos, diablo, pÃ­caro, sonrisa
ğŸ‘¿	cara, cara enfadada con cuernos, cara malvada enfadada con cuernos, diablo, fantasÃ­a
ğŸ‘¹	demonio japonÃ©s oni, fantasÃ­a, japonÃ©s, ogro, oni
ğŸ‘º	cara, cuento, demonio, demonio japonÃ©s tengu, japonÃ©s, tengu
ğŸ’€	calavera, cara, miedo, monstruo, muerte
ğŸ‘¾	cara, extraterrestre, monstruo alienÃ­gena, ovni
ğŸ¤–	cara, cara de robot, monstruo
ğŸ’©	caca con ojos, cara, estiÃ©rcol, gracioso
ğŸ˜º	abierta, boca, cara, cara de gato sonriendo, gato
ğŸ˜¸	cara, cara de gato sonriendo con ojos sonrientes, gato, sonriente, sonrisa
ğŸ˜»	amor, cara, cara de gato sonriendo con ojos de corazÃ³n, corazones, gato
ğŸ˜¼	cara de gato con sonrisa irÃ³nica, gato, irÃ³nico, sarcÃ¡stico, sonrisa
ğŸ˜½	beso, cara de gato besando, cerrados, gato, ojos
ğŸ˜¿	gato, llanto, llorar, lÃ¡grima, triste
ğŸ˜¾	cara, enfadado, enojado, gato
ğŸ™ˆ	cara, mono, mono con los ojos tapados, no ver
ğŸ™‰	cara, mono, mono con los oÃ­dos tapados, no oÃ­r
ğŸ™Š	cara, mono, mono con la boca tapada, no hablar
ğŸ‘¶	bebÃ©, cara, infante, nene
ğŸ§’	joven
ğŸ§‘	persona
ğŸ‘±	cara, persona rubia
ğŸ‘¨	adulto, cara, persona, seÃ±or
ğŸ‘±â€â™‚	cara, gÃ¼ero, hombre rubio, rubio
ğŸ§”	barba, barbÃ³n, cara, persona con barba
ğŸ‘±â€â™€	cara, gÃ¼era, mujer, mujer rubia
ğŸ§“	persona mayor
ğŸ‘¨â€âš•	doctor, enfermero, mÃ©dico, profesional sanitario hombre
ğŸ‘©â€âš•	doctora, enfermera, mÃ©dica, profesional sanitario mujer
ğŸ‘¨â€ğŸš’	bombero
ğŸ‘©â€ğŸš’	bombera
ğŸ‘®	agente, oficial, policÃ­a
ğŸ‘®â€â™‚	agente, agente de policÃ­a hombre, oficial hombre, policÃ­a
ğŸ‘®â€â™€	agente, agente de policÃ­a mujer, oficial mujer, policÃ­a
ğŸ’‚	guardia real, guardia real britÃ¡nica, guardia real con sombrero, guardia real inglesa
ğŸ’‚â€â™‚	hombre de guardia real, hombre de guardia real britÃ¡nica, hombre de la guardia real con sombrero, hombre vigilante
ğŸ’‚â€â™€	mujer de guardia real, mujer de la guardia real britÃ¡nica, mujer guardia real con sombrero, mujer vigilante
ğŸ‘·	persona obrera de construcciÃ³n
ğŸ‘·â€â™‚	obrero de construcciÃ³n
ğŸ‘·â€â™€	obrera de construcciÃ³n
ğŸ¤´	cara, cuento, fantasÃ­a, persona, realeza
ğŸ‘¸	cara, cuento, fantasÃ­a, persona, realeza
ğŸ‘³	cara, persona, turbante
ğŸ‘°	boda, casamiento, mujer, novia, velo
ğŸ‘¼	bebÃ©, cara, cuento de hadas, fantasÃ­a, Ã¡ngel
ğŸ…	Navidad, claus, noel, papÃ¡, santa
ğŸ¤¶	Navidad, mamÃ¡, mamÃ¡ noel, seÃ±ora Claus
ğŸ¦¸	bien, heroÃ­na, hÃ©roe, superheroÃ­na, superpoder
ğŸ¦¸â€â™€	bien, heroÃ­na, hÃ©roe, mujer, mujer superheroÃ­na, superpoder
ğŸ¦¸â€â™‚	bien, hombre, hÃ©roe, superhÃ©roe, superpoder
ğŸ¦¹	delito, mal, superpoder, supervillano, villano
ğŸ¦¹â€â™€	delito, mal, mujer, superpoder, supervillana, villana
ğŸ¦¹â€â™‚	delito, hombre, hombre supervillano, mal, superpoder, villano
ğŸ§š	campanita, hada, oberÃ³n, puck, titania
ğŸ§›	drÃ¡cula, muerto viviente, vampiro
ğŸ§›â€â™€	muerta viviente, vampiresa
ğŸ§›â€â™‚	drÃ¡cula, muerto viviente, vampiro
ğŸ§Ÿ	persona zombi
ğŸ§Ÿâ€â™€	muerta viviente, zombi hombre
ğŸ§Ÿâ€â™‚	muerto viviente, zombi hombre
ğŸ™	persona frunciendo el ceÃ±o
ğŸ™â€â™€	mujer frunciendo el ceÃ±o
ğŸ™	persona haciendo pucheros
ğŸ™…	persona haciendo el gesto de "no"
ğŸ™†	persona haciendo el gesto de "de acuerdo"
ğŸ’	informaciÃ³n, mesa, persona, persona de mostrador de informaciÃ³n, persona en mostrador de informaciÃ³n
ğŸ’â€â™‚	empleado, hombre, hombre en mostrador de informaciÃ³n, informaciÃ³n, mesa
ğŸ’â€â™€	empleada, informaciÃ³n, mesa, mujer, mujer en mostrador de informaciÃ³n
ğŸ™‹	levantar, mano, persona, persona levantando la mano, yo
ğŸ¤¦	persona con la mano en la frente
ğŸ¤¦â€â™‚	exasperaciÃ³n, facepalm, hombre, hombre con la mano en la frente, incredulidad
ğŸ¤¦â€â™€	exasperaciÃ³n, facepalm, incredulidad, mujer, mujer con la mano en la frente
ğŸ¤·	duda, encogerse, hombros, ignorancia, indiferencia
ğŸ’†	persona recibiendo masaje
ğŸ’‡	persona cortÃ¡ndose el pelo
ğŸ’‡â€â™‚	corte de pelo, hombre, pelo, peluquerÃ­a, salÃ³n
ğŸ’‡â€â™€	corte de pelo, mujer, pelo, peluquero, peluquerÃ­a
ğŸ’ƒ	bailarina
ğŸ•º	bailarÃ­n
ğŸ‘¯	conejita, conejo, mujer, mujeres de fiesta, orejas
ğŸ§–	persona en sauna
ğŸ§–â€â™€	mujer en sauna
ğŸ§–â€â™‚	hombre en sauna
ğŸ›€	persona en tina
ğŸš£â€â™‚	hombre remando
ğŸš£â€â™€	mujer remando
ğŸŠâ€â™‚	hombre, hombre nadando, nadar, nataciÃ³n
ğŸŠâ€â™€	mujer, mujer nadando, nadar, nataciÃ³n
ğŸšµ	bicicleta, ciclismo de montaÃ±a, ciclista, montaÃ±a
ğŸ¤¸	persona haciendo una vuelta de carro
ğŸ¤¸â€â™‚	hombre haciendo una vuelta de carro
ğŸ¤¸â€â™€	mujer haciendo una vuelta de carro
ğŸ¤½	deporte acuÃ¡tico, deportista, persona, waterpolo
ğŸ¤¹	malabarista
ğŸ‘«	hombre y mujer de la mano
ğŸ‘¬	amor, gemelos, hombres, pareja
ğŸ‘­	amor, gemelas, mujeres, pareja
ğŸ’	beso
ğŸ’‘	hombre y mujer enamorados
ğŸ¤³	selfi
ğŸ–•	dedo, insulto, mano, mano con el dedo medio levantado, medio
ğŸ¤	dedos cruzados, mano, suerte
ğŸ––	saludo, spock, star, trek, vulcano
ğŸ¤˜	cuernos, dedos, mano haciendo los cuernos, rock, roll
ğŸ¤™	gesto, llamada, mano, mano haciendo el gesto de llamar
âœ‹	mano, mano abierta, palma de la mano
ğŸ‘Œ	seÃ±al de aprobaciÃ³n con la mano
âœŠ	puÃ±o en alto
ğŸ¤›	izquierda, puÃ±o, puÃ±o hacia la izquierda
ğŸ¤œ	derecha, puÃ±o, puÃ±o hacia la derecha
ğŸ¤š	dorso de la mano
ğŸ™Œ	chocar, cinco, festejo, manos, manos levantadas celebrando
ğŸ™	favor, gracias, oraciÃ³n, orar, rezar
ğŸ’…	esmalte, pintarse las uÃ±as, uÃ±as
ğŸ‘£	cuerpo, huellas de pies, pie, pisada
ğŸ‘â€ğŸ—¨	ojo en un globo de texto
ğŸ¦°	pelirrojo
ğŸ¦±	afro, pelo enrulado, rizos, rulos, tirabuzÃ³n
ğŸ¦³	anciano, cabello, canas, gris, pelo, pelo canoso
ğŸ¦²	calvo, quimioterapia, rapado, sin cabello, sin pelo
ğŸ’	amor, corazÃ³n, corazÃ³n con lazo, emociÃ³n, moÃ±o
ğŸ’—	amor, corazÃ³n, corazÃ³n creciente, emociÃ³n, entusiasmado
ğŸ’“	corazÃ³n, corazÃ³n latiendo, emociÃ³n, latidos, palpitar
ğŸ’	amor, corazones giratorios, corazÃ³n, emociÃ³n, girar
ğŸ’”	corazÃ³n, mal, roto, sufrir, triste
ğŸ’œ	corazÃ³n, emociÃ³n, morado
ğŸ’Ÿ	adorno de corazÃ³n, corazÃ³n
ğŸ’¤	cÃ³mics, emociÃ³n, estar durmiendo, roncar, sÃ­mbolo de sueÃ±o
ğŸ’¢	cÃ³mics, emociÃ³n, seÃ±al de enojo, sÃ­mbolo de enfado
ğŸ’¥	choque, cÃ³mics, emociÃ³n, explosiÃ³n
ğŸ’¨	correr, corriendo, emociÃ³n, escapar, huir
ğŸ’«	cÃ³mics, emociÃ³n, estrellas, mareo, sÃ­mbolo de mareo
ğŸ’¬	burbuja, cÃ³mics, diÃ¡logo, globo, globo de diÃ¡logo
ğŸ’­	burbuja, cÃ³mics, globo, globo de pensamiento, pensamiento
ğŸ¥½	goggles, lentes de nataciÃ³n, lentes de protecciÃ³n, lentes para nadar, soldar
ğŸ¥¼	bata de laboratorio, cientÃ­fico, experimento, mÃ©dico
ğŸ‘•	camiseta, playera, ropa, vestimenta
ğŸ‘–	jeans, pantalones de mezclilla, ropa, vaquero, vestimenta
ğŸ§£	bufanda, cuello, vestimenta
ğŸ§¤	guantes, mano, vestimenta
ğŸ§¥	abrigo, chamarra, vestimenta
ğŸ§¦	calcetines, pies, ropa, vestimenta
ğŸ‘—	ropa, vestido, vestimenta
ğŸ‘™	alberca, nadar, piscina, ropa, traje de baÃ±o
ğŸ‘œ	bolso
ğŸ‘	bolso de mano, cartera, ropa, sobre, vestimenta
ğŸ’	escuela, estudiar, maletÃ­n, mochila escolar
ğŸ‘Ÿ	ropa, tenis, vestimenta, zapato deportivo
ğŸ¥¾	acampar, bota, botas de excursiÃ³n, excursiÃ³n, senderismo
ğŸ¥¿	bailarina, calzado de piso, zapato de piso, zapato plano
ğŸ‘ 	mujer, ropa, vestimenta, zapatilla, zapato
ğŸ‘‘	realeza, reina, rey
ğŸ©	caballero, copa, galera, sombrero, sombrero de copa
ğŸ’	compromiso, joya, romance
ğŸ¦	cara, gorila
ğŸ¶	cara, cara de perro, perro
ğŸ©	animal, perro, perro de aguas, poodle
ğŸ¦	astucia, curiosidad, mapache
ğŸ…	animal, felino, tigre
ğŸ†	animal, felino, leopardo
ğŸ	animal, caballo, ecuestre, equino, galopar
ğŸ„	animal, vaca, vacuno
ğŸ·	animal, cara, cerdo, porcino, puerco
ğŸ–	animal, cerdo, marrano, porcino, puerco
ğŸ—	animal, jabalÃ­
ğŸ½	cara, cerdo, chancho, hocico, hocico de cerdo
ğŸ	animal, aries, carnero
ğŸ‘	animal, oveja, ovejero, ovino
ğŸ	animal, cabra, caprino
ğŸª	animal, camÃ©lido, dromedario, joroba
ğŸ«	animal, camello, camÃ©lido, joroba
ğŸ¦™	alpaca, camÃ©lido, guanaco, lana, llama, vicuÃ±a
ğŸ˜	animal, elefante
ğŸ¦›	animal, hipopÃ³tamo
ğŸ	animal, ratÃ³n
ğŸ€	animal, rata
ğŸ°	cara, cara de conejo, conejo
ğŸ‡	animal, conejo
ğŸ¦”	erizo
ğŸ¦˜	Australia, canguro, marsupial, saltar
ğŸ¦¡	tejÃ³n, tejÃ³n de la miel
ğŸ”	gallina
ğŸ“	animal, ave, gallo
ğŸ§	animal, ave, pingÃ¼ino
ğŸ¦¢	animal, ave, cisne, patito feo
ğŸ¦š	ave, orgullo, ostentaciÃ³n, pavo, pavo real
ğŸ¦œ	animal, ave, cotorro, hablar, loro, perico
ğŸŠ	animal, cocodrilo, lagarto, reptil
ğŸ¢	animal, reptil, tortuga
ğŸ	animal, reptil, serpiente, vÃ­bora
ğŸ²	animal, cara de dragÃ³n, cuento, dragÃ³n, fantasÃ­a
ğŸ‰	animal, cuento, dragÃ³n, fantasÃ­a
ğŸ‹	animal, ballena
ğŸ¬	animal, delfÃ­n
ğŸ™	animal, pulpo, tentÃ¡culos
ğŸš	caracol marino
ğŸ¦€	animal, cangrejo, crustÃ¡ceo, cÃ¡ncer, mariscos
ğŸ¦	bisque, langosta, mariscos, pinzas
ğŸ¦	camarÃ³n, comida, langostino, mariscos
ğŸ¦‘	calamar, comida, mariscos
ğŸŒ	animal, babosa, baboso, caracol, insecto
ğŸ¦‹	animal, bonita, insecto, mariposa
ğŸœ	animal, hormiga, insecto
ğŸ	abeja, animal, insecto
ğŸ¦—	animal, grillo, insecto, saltamontes
ğŸ¦‚	animal, escorpiÃ³n, insecto, venenoso
ğŸ¦Ÿ	enfermedad, fiebre, insecto, malaria, mosquito, virus
ğŸ¦ 	ameba, amiba, bacteria, microbio, virus
ğŸŒ¹	amor, flor, planta, rosa
ğŸŒ»	flor, girasol, planta
ğŸŒ¼	flor, florecer
ğŸŒ·	flor, tulipÃ¡n
ğŸŒ´	cocos, palmera, Ã¡rbol
ğŸ€	cuatro, hojas, suerte, trÃ©bol
ğŸ	arce, hoja, hoja de arce, maple
ğŸˆ	fruta, melÃ³n, planta
ğŸ‰	fruta, planta, sandÃ­a
ğŸŠ	cÃ­trico, fruta, mandarina
ğŸŒ	plÃ¡tano
ğŸ	piÃ±a
ğŸ¥­	fruta, mango, Ã¡rbol
ğŸ“	fresa
ğŸ¥	fruta, kiwi, planta
ğŸ…	jitomate, planta, vegetal, verdura
ğŸ¥‘	aguacate
ğŸ¥¬	col, kale, lechuga, repollo chino, verdura de hoja
ğŸ¥œ	cacahuate
ğŸŒ°	castaÃ±a, comida, fruto seco, planta
ğŸ	barra de pan, comida, pan
ğŸ¥	comida, cuernito, medialuna, pan
ğŸ¥–	baguette, comida, pan francÃ©s
ğŸ¥¯	bagel, panaderÃ­a, untar
ğŸ–	carne, comida, hueso
ğŸ—	comida, pata, pata de pollo, pollo
ğŸ”	comida, hamburguesa
ğŸŸ	comida, papas fritas
ğŸŒ­	perro caliente
ğŸ¥ª	sÃ¡ndwich
ğŸŒ®	comida, comida mexicana, tacos, taquitos
ğŸŒ¯	burrito, comida, comida mexicana
ğŸ³	cocina, huevo, sartÃ©n
ğŸ²	comida, estofado, guisado, guiso, olla
ğŸ¥£	tazÃ³n con cuchara
ğŸœ	tazÃ³n de fideos
ğŸ	comida, comida italiana, espaguetis, pastas
ğŸ 	asada, batata, comida, planta, tubÃ©rculo
ğŸ¢	brocheta de mariscos, brochetas, brochettes, comida, mariscos
ğŸ¤	camarones, camarones fritos, comida, japonesa, tempura
ğŸ¥®	festival, otoÃ±o, pastel de luna, yuebing
ğŸ¡	brocheta, comida, dango, dulce, japonesa
ğŸ¥Ÿ	empanada
ğŸ¥¡	caja para llevar, comida para llevar, recipiente para llevar
ğŸ¦	helado en barquillo
ğŸ§	dulce, frÃ­o, helado, hielo, hielo molido
ğŸª	dulce, galleta, postre
ğŸ‚	pastel de cumpleaÃ±os
ğŸ°	rebanada de pastel
ğŸ§	cupcake, madalena, madgalena, pastelito
ğŸ¥§	pay
ğŸ«	chocolate, dulce, postre
ğŸ¾	botella, celebrar, champaÃ±a, champÃ¡n, festejar
ğŸ¹	bar, bebida, cÃ³ctel, trago, tropical
ğŸ»	bebida, brindis, brindis con cerveza, celebrar, cerveza
ğŸŒ	Europa, globo, globo terrÃ¡queo Europa/Ãfrica, Ãfrica
ğŸŒ	Asia, Australia, globo, globo terrÃ¡queo Asia/OceanÃ­a
ğŸŒ	globo, meridianos, mundo, paralelos, terrÃ¡queo
ğŸ§­	brÃºjula, direcciÃ³n, magnetismo, navegaciÃ³n, orientaciÃ³n, rumbo
ğŸ§±	cemento, ladrillo, ladrillos, mezcla, pared
ğŸ¨	alojamiento, edificio, hotel, turismo
ğŸª	24/7, edificio, siempre abierto, tienda
ğŸ«	colegio, edificio, escuela
ğŸ¬	tienda departamental
ğŸ’’	boda religiosa
ğŸ—½	Estados Unidos, Estatua de la Libertad, NYC, Nueva York
ğŸ•Œ	edificio, islam, mezquita, musulmÃ¡n, religiÃ³n
ğŸ•	edificio, judaÃ­smo, religiÃ³n, sinagoga, templo
ğŸ•‹	El Cubo, edificio, islam, musulmÃ¡n, religiÃ³n
ğŸŒ‡	amanecer, atardecer, edificios, puesta, puesta de sol sobre edificios
ğŸ¡	rueda de la fortuna
ğŸ¢	feria, montaÃ±a rusa, parque, parque de atracciones, rusa
ğŸ’ˆ	peluquerÃ­a
ğŸª	carpa, circo, entretenimiento, espectÃ¡culo artÃ­stico, show de circo
ğŸš‚	locomotora
ğŸš„	bala, ferrocarril, rÃ¡pido, tren, velocidad
ğŸš…	bala, ferrocarril, rÃ¡pido, tren, velocidad
ğŸšŠ	transporte, tranvÃ­a, tren ligero
ğŸš	ferrocarril, montaÃ±a, transporte, tren, viajar
ğŸšŒ	bus, camiÃ³n, colectivo, ruta, transporte
ğŸš“	auto, auto de policÃ­a, patrulla, policÃ­a, transporte
ğŸš•	taxi, transporte
ğŸš™	vehÃ­culo utilitario deportivo
ğŸš›	trailer
ğŸšœ	campo, tractor, vehÃ­culo, vehÃ­culo de trabajo
ğŸ›´	patÃ­n del diablo
ğŸ›¹	patineta, skateboard, tabla
ğŸ›µ	motoneta
ğŸš¨	sirena de patrulla
ğŸ›‘	seÃ±al de alto
ğŸ›¶	bote, canoa, deporte acuÃ¡tico, remo, transporte
ğŸš¤	bote, deporte acuÃ¡tico, lancha, transporte
ğŸš¢	crucero, transporte
ğŸ›«	aviÃ³n, despegar, despegue, partida, salida
ğŸ’º	asiento
ğŸš€	cohete, espacial, espacio
ğŸ›¸	platillo volador
ğŸ§³	equipaje, maleta, valija, viaje
ğŸŒ‘	espacio, fase lunar, luna, negra, nuev
ğŸŒ’	creciente, espacio, luna, nueva, visible
ğŸŒ“	creciente, cuarto, espacio, fase lunar, luna
ğŸŒ”	creciente, espacio, fase lunar, gibosa, luna
ğŸŒ–	espacio, fase lunar, gibosa, luna, menguante
ğŸŒ—	cuarto, espacio, fase lunar, luna, menguante
ğŸŒ˜	creciente, fase lunar, luna, menguante
ğŸŒ™	cruasÃ¡n, cuarto creciente, fase lunar, luna creciente
ğŸ„	Navidad, celebraciÃ³n, Ã¡rbol
âœ¨	brillo, estrellas, luces
ğŸˆ	celebraciÃ³n, fiesta, globo
ğŸ	koinobori
ğŸ	campanilla, fuurin, viento
ğŸ‘	ceremonia de contemplaciÃ³n de la luna
ğŸ§§	buena suerte, dinero, regalo, sobre rojo
ğŸ	celebraciÃ³n, moÃ±o, obsequio, presente, regalo
ğŸ«	boleto, entretenimiento, evento, ticket, ticket de admisiÃ³n
ğŸ¥	antebrazo, guante, pelota, sÃ³ftbol
ğŸ€	bÃ¡squet, bÃ¡squetbol, deporte, pelota, pelota de bÃ¡squet
ğŸ	pelota de voleibol
ğŸˆ	americano, balÃ³n, deporte, fÃºtbol, pelota de fÃºtbol americano
ğŸ¥	frisbee, ultimate
ğŸ¥	gol, lacrosse, palo, pelota
ğŸ“	mesa, paleta, pelota, ping, pong
ğŸ¥‹	artes marciales, judo, karate, taekwondo, uniforme
ğŸ£	caÃ±a, ocio, pesca, pescado, pescar
ğŸ½	camiseta, camiseta para correr, correr, mangas, musculosa
ğŸ¯	dardo, dardo en el centro, dardo en la diana, diana, objetivo
ğŸ§¿	cuenta, hechizo, mal de ojo, nazar, talismÃ¡n
ğŸ°	apuestas, casino, juego, mÃ¡quina, tragamonedas
ğŸ²	dado, juego de azar
ğŸ§©	entrelazar, pieza, pista, rompecabezas
ğŸ§¸	felpa, juguete, oso, oso de peluche, relleno
ğŸ¨	arte, artista, paleta, paleta de pinturas, pintor
ğŸ§µ	aguja, bobina, carrete, cordel, coser, hilo
ğŸ§¶	crochÃ©, ovillo, pelota, tejer
ğŸ”‡	bocina selenciada, bocina silenciada, silencio, sin volumen
ğŸ”‰	bocina a volumen medio
ğŸ”Š	bocina a volumen alto
ğŸ“¢	altavoz
ğŸ”•	campana, campana tachada, silencio
ğŸ¼	partitura
ğŸµ	corchea, mÃºsica, nota, nota musical
ğŸ¶	corcheas, mÃºsica, notas, notas musicales
ğŸ¸	guitarra, instrumento, mÃºsica
ğŸº	instrumento, mÃºsica, trompeta
ğŸ»	instrumento, mÃºsica, violÃ­n
ğŸ¥	baquetas, mÃºsica, palitos, tambor
ğŸ“²	flecha apuntado a telÃ©fono celular
ğŸ’½	disco duro
ğŸ¥	cÃ¡mara de video
ğŸ“¼	videocasete
ğŸ’¡	foco
ğŸ®	farol, farol de papel japonÃ©s, izakaya, linterna, papel
ğŸ““	cuaderno, negro
ğŸ“ƒ	pÃ¡gina doblada
ğŸ§¾	contabilidad, contadurÃ­a, evidencia
ğŸ’¹	grÃ¡fico, mercado, mercado en alza, tendencia, yen
ğŸ“§	comunicaciÃ³n, correo, electrÃ³nico, email
ğŸ“¨	carta, correo electrÃ³nico, mensaje, recibido, sobre
ğŸ“©	carta, comunicaciÃ³n, correo electrÃ³nico, enviado, mensaje
ğŸ“	comunicaciÃ³n, memo, memorÃ¡ndum, nota, recordatorio
ğŸ’¼	bolso de hombre, maletÃ­n, portafolio
ğŸ“ˆ	alza, ascendente, grÃ¡fico, tabla, tendencia ascendente
ğŸ“‰	baja, descendente, grÃ¡fico, tabla, tendencia descendente
ğŸ§°	cofre, herramienta, mecÃ¡nico
ğŸ§«	bacteria, biologÃ­a, biÃ³logo, laboratorio, microbio, placa de Petri
ğŸ§¬	ADN, biÃ³logo, evoluciÃ³n, gen, genÃ©tica, vida
ğŸ”­	instrumento, microscopio, observatorio
ğŸš½	baÃ±o, escusado, inodoro, retrete
ğŸš¿	regadera
ğŸ›	tina
ğŸ§´	botella de lociÃ³n, champÃº, humectante, lociÃ³n, protector solar
ğŸ§·	broche, broche de seguridad, paÃ±al
ğŸ§¹	barrer, bruja, escoba, limpiar
ğŸ§º	campesino, canasta, lavar la ropa, picnic
ğŸ§»	papel higiÃ©nico, rollo de papel, toallas de papel
ğŸ§¼	barra, barra de jabÃ³n, baÃ±arse, jabÃ³n, lavar
ğŸ§½	absorber, esponja, limpiar, poroso
ğŸ§¯	apagar, extinguir, extintor, fuego, matafuegos
ğŸ›’	carriito, carrito de compras, carro, compras, supermercado
ğŸ—¿	estatua de Isla de Pascua
ğŸ§	cartel de cajero automÃ¡tico
ğŸ›ƒ	aduana
ğŸš«	no, pasar, prohibido, seÃ±al, seÃ±al de prohibiciÃ³n
ğŸ”¯	David, estrella de David, estrella de seis puntas, hexagrama
â­	avanzar, avanzar a la pista siguiente, botÃ³n, mÃºsica, siguiente
ğŸ¦	botÃ³n, cine, cÃ¡mara, filmar, grabar
ğŸ”…	reducir brillo
ğŸ”†	aumentar brillo
ğŸ”±	barco, emblema, navegaciÃ³n, neptuno, tridente
ğŸ“›	gafete
ğŸ”°	bandera, hoja, japonÃ©s, principiante, sÃ­mbolo japonÃ©s de principiante
âœ…	marca de verificaciÃ³n blanca gruesa
â•	signo se suma grueso
â–	signo de resta
â—	signo de divisiÃ³n
ğŸ’¯	100, perfecto, puntaje, puntos, puntuaciÃ³n
ğŸˆ·	"cantidad mensual" en japonÃ©s, ideograma, japonÃ©s, mensual
ğŸ”²	borde, botÃ³n, cuadrado, cuadrado blanco con borde negro, marco
ğŸ”³	borde, botÃ³n, cuadrado, cuadrado negro con borde blanco, marco
ğŸ	bandera, bandera de llegada, carrera, deporte, meta
ğŸš©	banderÃ­n triangular
ğŸ³â€ğŸŒˆ	arcoÃ­ris, bandera, bandera del arcoÃ­ris, bandera gay
ğŸ´â€â˜ 	Jolly Roger, bandera pirata, botÃ­n, calavera, pirata
â†–ï¸	arriba, direcciÃ³n, flecha, flecha hacia el noroeste, noroeste
â†—ï¸	derecha, direcciÃ³n, flecha, flecha hacia el noreste, noreste
â†˜ï¸	flecha hacia el sureste
â†™ï¸	flecha hacia el suroeste
â†©ï¸	flecha de retorno al oeste por la derecha
â†ªï¸	flecha de retorno al este por la izquierda
âŒ›ï¸	arena, reloj, se acabÃ³ el tiempo, tiempo agotado
âï¸	botÃ³n, botÃ³n expulsar, mÃºsica
â±ï¸	cronÃ³metro, mediciÃ³n del tiempo, reloj, segundos, tiempo
â²ï¸	mediciÃ³n del tiempo, reloj, segundos, temporizador, tiempo
â˜ƒï¸	invierno, muÃ±eco, muÃ±eco de nieve nevado, nieve
â˜ï¸	telÃ©fono fijo
â˜‘ï¸	casilla, casilla seleccionada, seleccionado, verificaciÃ³n
â˜ï¸	apuntar, arriba, dedo Ã­ndice hacia arriba, seÃ±alar, Ã­ndice
â˜ ï¸	calavera y huesos cruzados, cara, huesos
â˜¸ï¸	rueda del dharma
â™Ÿï¸	ajedrez, peÃ³n (ajedrez)
â™¨ï¸	aguas, caliente, fuentes termales, termales, termas
â™»ï¸	reciclado, reciclaje, reciclar, sÃ­mbolo
â™¾ï¸	eterno, ilimitado, infinito, universal
â™¿ï¸	seÃ±al de acceso para silla de ruedas
â›…ï¸	nubes, nublado, parcialmente nublado, sol, tiempo
â›‘ï¸	ayuda, casco, casco con una cruz blanca, casco de rescatista
â›ªï¸	cristianismo, edificio, iglesia, religiÃ³n
â›´ï¸	bote, ferry, transbordador, transporte, trasbordador
â›µï¸	bote, deporte acuÃ¡tico, mar, transporte, velero
â›·ï¸	deporte, esquiar, esquÃ­, nieve
â›¹ï¸	persona botando un balÃ³n
â›ºï¸	casa de campaÃ±a
â›½ï¸	dispensador, estaciÃ³n de gasolina, gasolina, nafta, surtidor
âœˆï¸	aire, transporte, viajar, viaje, volar
âœ‰ï¸	carta, comunicaciÃ³n, correo, sobre
âœŒï¸	amor y paz, mano con seÃ±al de victoria, tijera, victoria
âœ’ï¸	pluma de lapicera
âœ”ï¸	marca de verificaciÃ³n gruesa
âœ–ï¸	signo de multiplicaciÃ³n grueso
âœ¡ï¸	David, judaÃ­smo, judÃ­o, religiÃ³n
â‡ï¸	chispa
â¤ï¸	amor, corazÃ³n, emociÃ³n, rojo
â¡ï¸	derecha, direcciÃ³n, este, flecha, flecha hacia el este
â¤´ï¸	flecha de retorno al norte por la izquierda
â¤µï¸	flecha de retorno al sur por la derecha
â¬…ï¸	direcciÃ³n, flecha, flecha hacia el oeste, izquierda, oeste
â¬†ï¸	cardinal, direcciÃ³n, flecha, flecha hacia el norte, norte
â¬‡ï¸	cardinal, direcciÃ³n, flecha, flecha hacia el sur, punto
â­•ï¸	cÃ­rculo grueso
ğŸŒ•ï¸	espacio, fase lunar, llena, luna
ğŸŒ¶ï¸	chile picante
ğŸ½ï¸	cubiertos, cuchillo, plato, restaurante, tenedor
ğŸ“ï¸	birrete, celebraciÃ³n, graduaciÃ³n, graduado
ğŸ–ï¸	celebraciÃ³n, grado, medalla, militar
ğŸŸï¸	boleto de entrada
ğŸ§ï¸	audÃ­fonos
ğŸ®ï¸	control, joystick, juego, mando, video juegos
ğŸ„ï¸	persona haciendo surf
ğŸ†ï¸	copa, ganador, premio, trofeo, victoria
ğŸ‹ï¸	fisicoculturismo, gimnasio, gym, halterofilia, pesas
ğŸŒï¸	persona jugando al golf
ğŸï¸	auto de carreras
ğŸœï¸	arena, desierto, seco, sequÃ­a
ğŸï¸	isla, isla desierta
ğŸï¸	atracciÃ³n, naturaleza, parque, vacaciones
ğŸŸï¸	deporte, estadio, eventos
ğŸˆï¸	animal, felino, gato, minino
ğŸ•ï¸	animal, canino, mascota, perro
ğŸŸï¸	animal, pez
ğŸ¦ï¸	animal, ave, periquito, periquito australiano
ğŸ¿ï¸	ardilla
ğŸ‘†ï¸	apuntar, dedo, mano, seÃ±alar, Ã­ndice
ğŸ‘‡ï¸	abajo, apuntar, mano, seÃ±alar, Ã­ndice
ğŸ‘ˆï¸	apuntar, dedo, dorso, mano con dedo Ã­ndice hacia la izquierda, Ã­ndice, Ã­ndice hacia la izquierda
ğŸ‘‰ï¸	apuntar, dedo, dorso, mano con dedo Ã­ndice hacia la derecha, Ã­ndice, Ã­ndice hacia la derecha
ğŸ‘ï¸	+1, OK, de acuerdo, pulgar, seÃ±al de OK
ğŸ‘ï¸	-1, abajo, desacuerdo, mano, pulgar
ğŸ‘“ï¸	anteojos, lentes, ropa, vestimenta
ğŸ‘ªï¸	familia, hija, hijo, madre, padre
ğŸ‘½ï¸	alien, alienÃ­gena, cara, extraterrestre, ovni
ğŸ’£ï¸	cÃ³mics, explosiÃ³n, explota
ğŸ“Ÿï¸	bÃ­per
ğŸ“¤ï¸	bandeja, comunicaciÃ³n, correo, enviados, salida
ğŸ“¥ï¸	comunicaciÃ³n, correo, entrada, entrante, recibidos
ğŸ“ºï¸	televisiÃ³n
ğŸ“»ï¸	comunicaciÃ³n, estaciÃ³n de radio, mÃºsica, noticias, radio
ğŸ”ˆï¸	bocina a volumen bajo
ğŸ•Šï¸	animal, ave, paloma, paz
ğŸ•³ï¸	cÃ³mics, pozo
ğŸ•µï¸	detective, espÃ­a, investigador, investigar, lupa
ğŸ•¶ï¸	lentes de sol, lentes oscuros, sol
ğŸ•¸ï¸	araÃ±a, telaraÃ±a
ğŸ•¹ï¸	control, juego, juego de video, video, videojuego
ğŸ–Šï¸	bolÃ­grafo, escribir, lapicera, pluma
ğŸ–ï¸	colorear, crayola, crayÃ³n, dibujar, pintar
ğŸ–ï¸	dedos, mano, mano abierta, palma de la mano
ğŸ—‘ï¸	papelera
ğŸ—œï¸	abrazadera
ğŸ—¨ï¸	burbuja, cÃ³mics, diÃ¡logo, globo, globo de diÃ¡logo izquierdo
ğŸ—¯ï¸	burbuja, cÃ³mics, derecho, enojado, globo
ğŸšï¸	autobÃºs se aproxima
ğŸš‘ï¸	ambulancia, hospital, transporte, urgencia
ğŸš”ï¸	patrulla se aproxima
ğŸš²ï¸	bici, bicicleta, transporte
ğŸš¹ï¸	seÃ±al del baÃ±o de los hombres
ğŸšºï¸	seÃ±al del baÃ±o de las mujeres
ğŸš¼ï¸	bebÃ©, cambiador, seÃ±al
ğŸ›ï¸	dormir, habitaciÃ³n, hotel, recÃ¡mara
ğŸ›¡ï¸	escudo, protecciÃ³n
ğŸ›¢ï¸	barril de petrÃ³leo
ğŸ›©ï¸	aire, aviÃ³n, transporte, viajar, viaje
ğŸ›³ï¸	barco, barco de pasajeros, pasajeros, transporte
