ğŸ»	hele nahatoon, nahatoon, nahk, tÃ¼Ã¼p 1â€“2
ğŸ¼	keskmiselt hele nahatoon, nahatoon, nahk, tÃ¼Ã¼p 3
ğŸ½	keskmine nahatoon, nahatoon, nahk, tÃ¼Ã¼p 4
ğŸ¾	keskmiselt tume nahatoon, nahatoon, nahk, tÃ¼Ã¼p 5
ğŸ¿	nahatoon, nahk, tume nahatoon, tÃ¼Ã¼p 6
ğŸ˜€	irve, laia naeratusega nÃ¤gu, naeratus, nÃ¤gu
ğŸ˜	irve, naeratus, naerul silmade ja laia naeratusega nÃ¤gu, nÃ¤gu, silm
ğŸ˜‚	naer, nÃ¤gu, pisar, rÃµÃµm, rÃµÃµmupisaratega nÃ¤gu
ğŸ¤£	kÃµver, naer, naerust kÃµveras
ğŸ˜ƒ	avatud, avatud suuga naerunÃ¤gu, lahti, naeratus, nÃ¤gu, suu
ğŸ˜„	avatud, avatud suu ja naeratavate silmadega naerunÃ¤gu, lahti, naeratus, nÃ¤gu, silm, suu
ğŸ˜…	avatud, higi, kÃ¼lm, kÃ¼lma higiga kaetud ja avatud suuga naerunÃ¤gu, naeratus, nÃ¤gu
ğŸ˜†	avatud, avatud suu ja suletud silmadega naerunÃ¤gu, lahti, naer, naeratus, nÃ¤gu, rahul, suu
ğŸ˜‰	nÃ¤gu, silma pilgutav nÃ¤gu, silmapilgutus
ğŸ˜Š	naeratavate silmadega naerunÃ¤gu, naeratus, nÃ¤gu, punastamine, silm
ğŸ˜‹	maitsev, maitsvat toitu nautija nÃ¤gu, naeratus, nautimine, nÃ¤gu
ğŸ˜	ere, ilm, lahe, naeratus, nÃ¤gu, prillid, pÃ¤ike, pÃ¤ikeseprillid, pÃ¤ikeseprillidega naerunÃ¤gu, silm
ğŸ˜	armastus, naeratus, nÃ¤gu, silm, sÃ¼da, sÃ¼damekujuliste silmadega naerunÃ¤gu
ğŸ˜˜	nÃ¤gu, suudlus, suudlust saatev nÃ¤gu, sÃ¼da
ğŸ¥°	armunud, imetlev, naeratav kolme sÃ¼damega nÃ¤gu, sisse vÃµetud
ğŸ˜—	nÃ¤gu, suudlev nÃ¤gu, suudlus
ğŸ˜™	naeratavate silmadega suudlev nÃ¤gu, naeratus, nÃ¤gu, silm, suudlus
ğŸ˜š	nÃ¤gu, silm, suletud, suletud silmadega suudlev nÃ¤gu, suudlus
ğŸ™‚	naeratus, naeratusega nÃ¤gu, nÃ¤gu
ğŸ¤—	kallistamine, kallistav nÃ¤gu, kallistus, nÃ¤gu
ğŸ¤©	nÃ¤gu, silmad, staar, staariga silmitsi, suu kÃµrvuni
ğŸ¤”	mÃµtlemine, mÃµtlev nÃ¤gu, nÃ¤gu
ğŸ¤¨	kergitatud kulmudega nÃ¤gu, skeptiline, umbusaldav
ğŸ˜‘	ilmetu, ilmetu nÃ¤gu, mittemidagiÃ¼tlev, nÃ¤gu, vÃ¤heÃ¼tlev
ğŸ˜¶	ilma suuta nÃ¤gu, nÃ¤gu, suu, vaikne, vaikus
ğŸ™„	nÃ¤gu, pÃ¶Ã¶ritamine, pÃ¶Ã¶ritavate silmadega nÃ¤gu, silmad
ğŸ˜	irvitus, muigav nÃ¤gu, nÃ¤gu
ğŸ˜£	kannatamine, nÃ¤gu, sihikindel nÃ¤gu
ğŸ˜¥	kergendus, leevendus, nÃ¤gu, pettunud, pettunud, kuid kergendust tundev nÃ¤gu
ğŸ˜®	avatud, avatud suuga nÃ¤gu, kaastunne, lahti, nÃ¤gu, suu
ğŸ¤	nÃ¤gu, suu, tÃµmblukk, tÃµmblukusuuga nÃ¤gu
ğŸ˜¯	hÃ¤mmingus, nÃ¤gu, vaigistatud, vaigistatud nÃ¤gu, Ã¼llatunud
ğŸ˜ª	magamine, nÃ¤gu, unine nÃ¤gu
ğŸ˜«	nÃ¤gu, vÃ¤sinud, vÃ¤sinud nÃ¤gu
ğŸ˜´	magav nÃ¤gu, nÃ¤gu, uni, zzz
ğŸ˜Œ	kergendus, kergendust tundev nÃ¤gu, nÃ¤gu
ğŸ˜›	keel, nÃ¤gu, suust vÃ¤ljas keelega nÃ¤gu
ğŸ˜œ	keel, nali, nÃ¤gu, silm, silmapilgutus, suust vÃ¤ljas keelega ja silma pilgutav nÃ¤gu
ğŸ˜	keel, maitse, nÃ¤gu, silm, suust vÃ¤ljas keelega ja suletud silmadega nÃ¤gu, Ãµudne
ğŸ¤¤	ila, ilastav nÃ¤gu, nÃ¤gu
ğŸ˜’	nÃ¤gu, pÃµlglik, pÃµlglik nÃ¤gu, Ãµnnetu
ğŸ˜“	higi, kÃ¼lm, kÃ¼lma higiga kaetud nÃ¤gu, nÃ¤gu
ğŸ˜”	mÃµtlik, mÃµtlik nÃ¤gu, nukker, nÃ¤gu
ğŸ˜•	nÃ¤gu, segaduses, segaduses nÃ¤gu
ğŸ™ƒ	nÃ¤gu, tagurpidi, tagurpidi nÃ¤gu
ğŸ¤‘	nÃ¤gu, nÃ¤gu, millel on raha suus, raha, suu
ğŸ˜²	ehmunud, hÃ¤mmastunud nÃ¤gu, hÃ¤mmastus, lÃ¶Ã¶dud, nÃ¤gu
ğŸ™	kulmukortsutus, nÃ¤gu, veidi kulmu kortsutav nÃ¤gu
ğŸ˜–	kimbatus, kimbatuses nÃ¤gu, nÃ¤gu
ğŸ˜	kergendus, leevendus, nÃ¤gu, pettunud, pettunud nÃ¤gu
ğŸ˜Ÿ	murelik, murelik nÃ¤gu, nÃ¤gu
ğŸ˜¤	aur, nina, ninast auru ajav nÃ¤gu, nÃ¤gu
ğŸ˜¢	kurb, nutt, nuttev nÃ¤gu, nÃ¤gu, pisar
ğŸ˜­	kurb, nutmine, nutt, nÃ¤gu, pisar, valjusti nuttev nÃ¤gu
ğŸ˜¦	avatud, avatud suuga mossitav nÃ¤gu, mossis, nÃ¤gu, suu
ğŸ˜§	ahastus, ahastuses nÃ¤gu, nÃ¤gu
ğŸ˜¨	hirm, hirmunud nÃ¤gu, hirmus, kartlik, nÃ¤gu
ğŸ˜©	nÃ¤gu, rammestunud, rammestunud nÃ¤gu, vÃ¤sinud
ğŸ¤¯	plahvatav pea, Å¡okeeritud
ğŸ˜¬	grimass, grimassitav nÃ¤gu, nÃ¤gu
ğŸ˜°	avatud, higi, kÃ¼lm, kÃ¼lma higiga kaetud ja avatud suuga nÃ¤gu, nÃ¤gu, sinine, suu
ğŸ˜±	hirm, hirmul, hirmunud, hirmunult karjuv nÃ¤gu, karje, munch, nÃ¤gu
ğŸ¥µ	higistav, higistav nÃ¤gu, kuumarabandus, nÃ¤ost punane, palavikuline
ğŸ¥¶	jÃ¤Ã¤purikad, jÃ¤Ã¤tuv, kÃ¼lmakahjustus, kÃ¼lmunud, kÃ¼lmunud nÃ¤gu, nÃ¤ost sinine
ğŸ˜³	nÃ¤gu, punastamine, punastav nÃ¤gu
ğŸ¤ª	pÃ¶Ã¶rase ilmega nÃ¤gu, silm, suur, vÃ¤ike
ğŸ˜µ	nÃ¤gu, oimetu, oimetu nÃ¤gu
ğŸ˜¡	mossitav, mossitav nÃ¤gu, nÃ¤gu, punane, tige, viha, vihane
ğŸ˜ 	nÃ¤gu, tige, tige nÃ¤gu, vihane
ğŸ¤¬	suul olevate sÃ¼mbolitega nÃ¤gu, vandumine
ğŸ˜·	arst, haige, kirurgimaskiga kaetud nÃ¤gu, kÃ¼lm, mask, nÃ¤gu, ravim
ğŸ¤’	haige, kraadiklaas, kraadiklaasiga nÃ¤gu, nÃ¤gu
ğŸ¤•	kinniseotud, kinniseotud peaga nÃ¤gu, nÃ¤gu, side, vigastus
ğŸ¤¢	iiveldus, iiveldust tundev nÃ¤gu, nÃ¤gu, okse
ğŸ¤®	iiveldus, okse, oksendav nÃ¤gu
ğŸ¤§	aevastav nÃ¤gu, aevastus, nÃ¤gu, terviseks
ğŸ˜‡	aupaistega naerunÃ¤gu, fantaasia, halo, ingel, muinasjutt, naeratus, nÃ¤gu, sÃ¼Ã¼tu
ğŸ¤ 	kauboi, kauboimÃ¼tsiga nÃ¤gu, mÃ¼ts, nÃ¤gu
ğŸ¥³	mÃ¼ts, peovile, pidu, pidutsemine, pidutsev nÃ¤gu
ğŸ¥´	alkoholiuimas, joobnud, lainelised huuled, oimetu, uimane nÃ¤gu, Ã¼ks silm poolkinni
ğŸ¥º	anuv nÃ¤gu, halastust ootav, kutsikasilmad, paluv
ğŸ¤¥	nÃ¤gu, vale, valetav nÃ¤gu
ğŸ¤«	kuss!, sÃµrme suul hoidev nÃ¤gu, vaikust
ğŸ¤­	kÃ¤tt suul hoidev nÃ¤gu, ups
ğŸ§	monokliga nÃ¤gu, vanamoeline
ğŸ¤“	friik, nohik, nohiku nÃ¤gu, nÃ¤gu
ğŸ˜ˆ	fantaasia, muinasjutt, naeratus, nÃ¤gu, sarved, sarviline naerunÃ¤gu
ğŸ‘¿	deemon, fantaasia, kurat, muinasjutt, nÃ¤gu, paharet, saatan
ğŸ¤¡	kloun, klouninÃ¤gu, nÃ¤gu
ğŸ‘¹	fantaasia, jaapan, koletis, koll, muinasjutt, nÃ¤gu, olend, sookoll
ğŸ‘º	fantaasia, jaapan, koletis, koll, muinasjutt, mÃ¤ekoll, nÃ¤gu, olend
ğŸ’€	kolm, kolp, kondid, luud, muinasjutt, nÃ¤gu, pealuu, surm
ğŸ‘»	kummitus, muinasjutt, nÃ¤gu, olend, tont, viirastus
ğŸ‘¾	fantaasia, koletis, kosmos, maavÃ¤line, muinasjutt, nÃ¤gu, olend, tulnukas, tulnukkoletis, ufo
ğŸ¤–	koletis, nÃ¤gu, robot, roboti nÃ¤gu
ğŸ’©	kaka, kakahunnik, koletis, koll, koomiks, nÃ¤gu, sÃµnnik
ğŸ˜º	avatud, avatud suuga naeratav kass, kass, lahti, naeratus, nÃ¤gu, suu
ğŸ˜¸	irve, irvitus, kass, lÃµbusate silmadega irvitav kass, naeratus, nÃ¤gu, silm
ğŸ˜¹	kass, nÃ¤gu, pisar, rÃµÃµm, rÃµÃµmupisarais kass
ğŸ˜»	armastus, kass, naeratus, nÃ¤gu, sÃ¼da, sÃ¼damekujuliste silmadega naeratav kass
ğŸ˜¼	iroonia, irooniline, kass, naeratus, nÃ¤gu, viril, virilalt naeratav kass
ğŸ˜½	kass, nÃ¤gu, silm, suletud silmadega suudlev kass, suudlus
ğŸ™€	kass, nÃ¤gu, ootamatu, Ã¼llatunud, Ã¼llatunud kass, Ã¼llatus
ğŸ˜¿	kass, kurb, nutt, nuttev kass, nÃ¤gu, pisar
ğŸ˜¾	kass, mossis, mossitav kass, nÃ¤gu
ğŸ™ˆ	ahv, kaetud silmadega ahv, keelatud, keeld, kuri, nÃ¤gu, vaatamine
ğŸ™‰	ahv, kaetud kÃµrvadega ahv, keelatud, keeld, kuri, kuulamine, nÃ¤gu
ğŸ™Š	ahv, kaetud suuga ahv, keelatud, keeld, kuri, nÃ¤gu, rÃ¤Ã¤kimine
ğŸ‘¶	beebi, imik, tita, titt
ğŸ§’	laps, noor, sooliselt neutraalne
ğŸ‘¦	noormees, poiss
ğŸ‘§	neiu, plika, tÃ¼druk
ğŸ§‘	sooliselt neutraalne, tÃ¤iskasvanu
ğŸ‘±	blond, blondide juustega inimene, blondiin
ğŸ‘¨	mees
ğŸ‘±â€â™‚	blond, blond mees, blondiin, mees
ğŸ§”	habe, habemega isik
ğŸ‘©	naine
ğŸ‘±â€â™€	blond, blond naine, blondiin, naine
ğŸ§“	eakas, sooliselt neutraalne, vana
ğŸ‘´	eakas mees, mees, vana
ğŸ‘µ	eakas naine, naine, vana
ğŸ‘¨â€âš•	arst, meditsiin, meditsiiniÃµde, mees, meesarst
ğŸ‘©â€âš•	arst, meditsiin, meditsiiniÃµde, naine, naisarst
ğŸ‘¨â€ğŸ“	lÃµpetaja, mees, meesÃµpilane, Ãµpilane
ğŸ‘©â€ğŸ“	lÃµpetaja, naine, naisÃµpilane, Ãµpilane
ğŸ‘¨â€ğŸ«	juhendaja, mees, meesÃµpetaja, professor, Ãµpetaja
ğŸ‘©â€ğŸ«	juhendaja, naine, naisÃµpetaja, professor, Ãµpetaja
ğŸ‘¨â€âš–	kohus, mees, meeskohtunik, ÃµigusemÃµistmine
ğŸ‘©â€âš–	kohus, naine, naiskohtunik, ÃµigusemÃµistmine
ğŸ‘¨â€ğŸŒ¾	aednik, farmer, mees, meesfarmer, pÃµllumees
ğŸ‘©â€ğŸŒ¾	aednik, farmer, naine, naisfarmer
ğŸ‘¨â€ğŸ³	kokk, mees, meeskokk
ğŸ‘©â€ğŸ³	kokk, naine, naiskokk
ğŸ‘¨â€ğŸ”§	elektrik, mees, meesmehaanik, mehaanik, torulukksepp, torumees
ğŸ‘©â€ğŸ”§	elektrik, mehaanik, naine, naismehaanik, torulukksepp
ğŸ‘¨â€ğŸ­	liinitÃ¶Ã¶line, mees, meessoost tehasetÃ¶Ã¶line, tehas, tÃ¶Ã¶line
ğŸ‘©â€ğŸ­	liinitÃ¶Ã¶line, naine, naissoost tehasetÃ¶Ã¶line, tehas, tÃ¶Ã¶line
ğŸ‘¨â€ğŸ’¼	arhitekt, juhataja, meeskontoritÃ¶Ã¶taja, valgekrae, Ã¤rimees
ğŸ‘©â€ğŸ’¼	arhitekt, juhataja, naiskontoritÃ¶Ã¶taja, valgekrae, Ã¤rinaine
ğŸ‘¨â€ğŸ”¬	bioloog, fÃ¼Ã¼sik, insener, keemik, meesteadlane
ğŸ‘©â€ğŸ”¬	bioloog, fÃ¼Ã¼sik, insener, keemik, naisteadlane
ğŸ‘¨â€ğŸ’»	arendaja, mees, meesprogrammeerija, programmeerija, tarkvara, tehnoloog
ğŸ‘©â€ğŸ’»	arendaja, naine, naisprogrammeerija, programmeerija, tarkvara, tehnoloog
ğŸ‘¨â€ğŸ¤	artist, laulja, mees, meeslaulja, staar
ğŸ‘©â€ğŸ¤	artist, laulja, naine, naislaulja, staar
ğŸ‘¨â€ğŸ¨	kunstnik, mees, meeskunstnik, palett
ğŸ‘©â€ğŸ¨	kunstnik, naine, naiskunstnik, palett
ğŸ‘¨â€âœˆ	lendur, lennuk, mees, meespiloot, piloot
ğŸ‘©â€âœˆ	lendur, lennuk, naine, naispiloot, piloot
ğŸ‘¨â€ğŸš€	astronaut, kosmos, mees, meesastronaut, rakett
ğŸ‘©â€ğŸš€	astronaut, kosmos, naine, naisastronaut, rakett
ğŸ‘¨â€ğŸš’	mees, meestuletÃµrjuja, tuletÃµrjeauto, tuletÃµrjuja
ğŸ‘©â€ğŸš’	naine, naistuletÃµrjuja, tuletÃµrjeauto, tuletÃµrjuja
ğŸ‘®	politsei, politseinik
ğŸ‘®â€â™‚	konstaabel, mees, meespolitseinik, politseinik
ğŸ‘®â€â™€	konstaabel, naine, naispolitseinik, politseinik
ğŸ•µâ€â™‚	detektiiv, mees, meesdetektiiv, spioon, uurija
ğŸ•µâ€â™€	detektiiv, naine, naisdetektiiv, spioon, uurija
ğŸ’‚	valvur
ğŸ’‚â€â™‚	mees, meesvalvur, valvur
ğŸ’‚â€â™€	naine, naisvalvur, valvur
ğŸ‘·	ehitaja, ehitus, kiiver, tÃ¶Ã¶line
ğŸ‘·â€â™‚	ehitaja, ehitus, kiiver, mees, meesehitaja
ğŸ‘·â€â™€	ehitaja, ehitus, kiiver, naine, naisehitaja
ğŸ¤´	prints
ğŸ‘¸	fantaasia, muinasjutt, printsess
ğŸ‘³	mees, turban, turbaniga inimene
ğŸ‘³â€â™‚	mees, mees turbaniga, turban
ğŸ‘³â€â™€	naine, naine turbaninga, turban
ğŸ‘²	Hiina mÃ¼tsiga mees, hiina, mees, mÃ¼ts
ğŸ§•	hijab, mantilja, pearÃ¤tiga naine, pearÃ¤tik, tichel
ğŸ¤µ	mees, mees smokingus, peigmees, smoking
ğŸ‘°	loor, loori kandev pruut, pruut, pulm
ğŸ¤°	naine, rase, rase naine
ğŸ¤±	imetamine, imik, rind, rinnaga toitmine
ğŸ‘¼	ingel, inglibeebi, inglilaps, laps, lapsenÃ¤gu, muinasjutt
ğŸ…	jÃµulud, jÃµuluvana, muinasjutt
ğŸ¤¶	abikaasa, jÃµuluvana, jÃµuluvana abikaasa
ğŸ¦¸	hea, kangelane, kangelanna, superkangelane, supervÃµime
ğŸ¦¸â€â™€	hea, kangelane, kangelanna, naine, naissuperkangelane, supervÃµimed
ğŸ¦¸â€â™‚	hea, kangelane, mees, meeskangelane, supervÃµimed
ğŸ¦¹	kuri, kurikael, kurjategija, superkurikael, supervÃµimed
ğŸ¦¹â€â™€	kuri, kurikael, kurjategija, naine, naissoost superkurikael, supervÃµimed
ğŸ¦¹â€â™‚	kuri, kurikael, kurjategija, mees, meessoost superkurikael, supervÃµimed
ğŸ§™	maag, nÃµiamoor, nÃµid, vÃµlur
ğŸ§™â€â™€	naismaag, nÃµid
ğŸ§™â€â™‚	meesmaag, vÃµlur
ğŸ§š	Oberon, Puck, Titania, haldjas
ğŸ§šâ€â™€	Titania, naishaldjas
ğŸ§šâ€â™‚	Oberon, Puck, meeshaldjas
ğŸ§›	Dracula, surematu, vampiir
ğŸ§›â€â™€	naisvampiir, surematu
ğŸ§›â€â™‚	Dracula, meesvampiir, surematu
ğŸ§œ	meesnÃ¤kk, merineitsi, naisnÃ¤kk, nÃ¤kk
ğŸ§œâ€â™€	merineitsi, naisnÃ¤kk
ğŸ§œâ€â™‚	Triton, meesnÃ¤kk
ğŸ§	maagiline, pÃ¤kapikk
ğŸ§â€â™€	maagiline, naispÃ¤kapikk
ğŸ§â€â™‚	maagiline, meespÃ¤kapikk
ğŸ§	dÅ¾inn
ğŸ§â€â™€	dÅ¾inn, naisdÅ¾inn
ğŸ§â€â™‚	dÅ¾inn, meesdÅ¾inn
ğŸ§Ÿ	elav surnu, surematu, zombi
ğŸ§Ÿâ€â™€	elav surnu, naiszombi, surematu
ğŸ§Ÿâ€â™‚	elav surnu, meeszombi, surematu
ğŸ™	ilme, kulmu kortsutav inimene, kulmukortsutus
ğŸ™â€â™‚	ilme, kulmu kortsutav mees, kulmukortsutus, mees
ğŸ™â€â™€	ilme, kulmu kortsutav naine, kulmukortsutus, naine
ğŸ™	ilme, mossis, mossitav, mossitav inimene
ğŸ™â€â™‚	ilme, mees, mossis, mossitav, mossitav mees
ğŸ™â€â™€	ilme, mossis, mossitav, mossitav naine, naine
ğŸ™…	ei, eitav Å¾est, keelatud, kÃ¤ed, Å¾est
ğŸ™…â€â™‚	eitavat Å¾esti nÃ¤itav mees, keelatud, kÃ¤ed ristis, mees, Å¾est
ğŸ™…â€â™€	eitavat Å¾esti nÃ¤itav naine, keelatud, kÃ¤ed ristis, naine, Å¾est
ğŸ™†	kÃ¤ed, nÃµustuv Å¾est, ok, Å¾est
ğŸ™†â€â™‚	korras, kÃ¤ed pea peal, nÃµustuvat Å¾esti nÃ¤itav mees, ok, Å¾est
ğŸ™†â€â™€	korras, kÃ¤ed pea peal, nÃµustuvat Å¾esti nÃ¤itav naine, ok, Å¾est
ğŸ’	abi, info, infoleti tÃ¶Ã¶taja, kÃ¤si, teave
ğŸ’â€â™‚	abi, infoleti meestÃ¶Ã¶taja, mees, teave
ğŸ’â€â™€	abi, infoleti naistÃ¶Ã¶taja, naine, teave
ğŸ™‹	kÃ¤si, kÃ¤tt tÃµstev rÃµÃµmus inimene, rÃµÃµmus, Ãµnnelik, Å¾est
ğŸ™‹â€â™‚	kÃ¤si, kÃ¤tt tÃµstev mees, mees, tervitus, Å¾est
ğŸ™‹â€â™€	kÃ¤si, kÃ¤tt tÃµstev naine, naine, tervitus, Å¾est
ğŸ™‡	kummardav inimene, kummardus, vabandus, Å¾est
ğŸ™‡â€â™‚	kummardus, mees, sÃ¼gavalt kummarduv mees, vabandus, Å¾est
ğŸ™‡â€â™€	kummardus, naine, sÃ¼gavalt kummarduv naine, vabandus, Å¾est
ğŸ¤¦	meeleheide, nÃ¤gu, umbusk
ğŸ¤¦â€â™‚	kÃ¤ega vastu pead lÃ¶Ã¶v mees, meeleheide, mees, uskumatu
ğŸ¤¦â€â™€	kÃ¤ega vastu pead lÃ¶Ã¶v naine, meeleheide, naine, uskumatu
ğŸ¤·	kehitus, Ãµlakehitus, Ãµlg, Ã¼kskÃµiksus
ğŸ¤·â€â™‚	kehitus, mees, Ãµlakehitus, Ãµlgu kehitav mees, Ã¼kskÃµiksus
ğŸ¤·â€â™€	kehitus, naine, Ãµlakehitus, Ãµlgu kehitav naine, Ã¼kskÃµiksus
ğŸ’†	massaaÅ¾, nÃ¤omassaaÅ¾
ğŸ’†â€â™‚	massaaÅ¾, mees, nÃ¤gu, nÃ¤omassaaÅ¾, nÃ¤omassaaÅ¾i saav mees
ğŸ’†â€â™€	massaaÅ¾, naine, nÃ¤gu, nÃ¤omassaaÅ¾, nÃ¤omassaaÅ¾i saav naine
ğŸ’‡	ilusalong, juukselÃµikus, juuksur
ğŸ’‡â€â™‚	ilusalong, juukselÃµikus, juuksur, mees, mees juuksuris
ğŸ’‡â€â™€	ilusalong, juukselÃµikus, juuksur, naine, naine juuksuris
ğŸš¶	jalakÃ¤ija, jalutamine, kÃµndimine
ğŸš¶â€â™‚	jalakÃ¤ija, jalutamine, kÃµndimine, kÃµndiv mees, mees
ğŸš¶â€â™€	jalakÃ¤ija, jalutamine, kÃµndimine, kÃµndiv naine, naine
ğŸƒ	jooks, jooksja, maraton
ğŸƒâ€â™‚	jooksev mees, jooksja, maraton, mees, vÃµistlus
ğŸƒâ€â™€	jooksev naine, jooksja, maraton, naine, vÃµistlus
ğŸ’ƒ	naine, tants, tantsimine, tantsiv naine
ğŸ•º	mees, tants, tantsiv mees
ğŸ‘¯	jÃ¤nesekÃµrvadega tÃ¼drukud, jÃ¤nku, kÃµrvad, pidutsevad jÃ¤nesekÃµrvadega inimesed, tants, tÃ¼drukud
ğŸ‘¯â€â™‚	jÃ¤nku, kÃµrvad, mehed, pidutsevad jÃ¤nesekÃµrvadega mehed, tants
ğŸ‘¯â€â™€	jÃ¤nku, kÃµrvad, naised, pidutsevad jÃ¤nesekÃµrvadega naised, tants
ğŸ§–	leiliruum, leiliruumis olev inimene, saun
ğŸ§–â€â™€	leiliruum, leiliruumis olev naine, saun
ğŸ§–â€â™‚	leiliruum, leiliruumis olev mees, saun
ğŸ§—	mÃ¤gironija, mÃ¤kke roniv inimene
ğŸ§—â€â™€	mÃ¤gironija, mÃ¤kke roniv naine
ğŸ§—â€â™‚	mÃ¤gironija, mÃ¤kke roniv mees
ğŸ§˜	jooga, lootosasendis inimene, meditatsioon
ğŸ§˜â€â™€	jooga, lootosasendis naine, meditatsioon
ğŸ§˜â€â™‚	jooga, lootosasendis mees, meditatsioon
ğŸ›€	inimene vannis, vann
ğŸ›Œ	hotell, inimene voodis, uni
ğŸ‘¤	bÃ¼st, bÃ¼sti siluett, siluett
ğŸ‘¥	bÃ¼st, bÃ¼stide siluetid, siluett
ğŸ¤º	inimene, mÃµÃµk, sport, vehkleja, vehklemine
ğŸ‡	hobune, hobuste vÃµiduajamine, ratsutaja, vÃµiduajamine
ğŸŒâ€â™‚	golf, golfi mÃ¤ngiv mees, mees
ğŸŒâ€â™€	golf, golfi mÃ¤ngiv naine, naine
ğŸ„â€â™‚	mees, meessurfar, surf, surfaja, surfar
ğŸ„â€â™€	naine, naissurfar, surf, surfaja, surfar
ğŸš£	aerupaadiga inimene, paat, sÃµiduk
ğŸš£â€â™‚	aerupaadiga mees, aerupaat, mees, paat
ğŸš£â€â™€	aerupaadiga naine, aerupaat, naine, paat
ğŸŠâ€â™‚	mees, meesujuja, ujuja, ujumine
ğŸŠâ€â™€	naine, naisujuja, ujuja, ujumine
â›¹â€â™‚	mees, mees palliga, pall
â›¹â€â™€	naine, naine palliga, pall
ğŸ‹â€â™‚	jÃµutÃµstja, kang, mees, meesjÃµutÃµstja, tÃµstja
ğŸ‹â€â™€	jÃµutÃµstja, kang, naine, naisjÃµutÃµstja, tÃµstja
ğŸš´	jalgratas, jalgrattur, rattur
ğŸš´â€â™‚	jalgratas, mees, meesrattur, ratas, rattur
ğŸš´â€â™€	jalgratas, naine, naisrattur, ratas, rattur
ğŸšµ	jalgratas, mÃ¤gi, mÃ¤girattur, rattur
ğŸšµâ€â™‚	jalgratas, mees, meesmÃ¤girattur, mÃ¤giratas, rattur
ğŸšµâ€â™€	jalgratas, mÃ¤giratas, naine, naismÃ¤girattur, rattur
ğŸ¤¸	hundiratas, hundiratast viskav inimene, iluvÃµimlemine, inimene, sport
ğŸ¤¸â€â™‚	hundiratas, hundiratast viskav mees, iluvÃµimlemine, mees, sport
ğŸ¤¸â€â™€	hundiratas, hundiratast viskav naine, naine, sport
ğŸ¤¼	inimesed, maadlejad, maadlus, sport
ğŸ¤¼â€â™‚	inimesed, maadlevad mehed, maadlus, mees, sport
ğŸ¤¼â€â™€	inimesed, maadlevad naised, maadlus, naine, sport
ğŸ¤½	inimene, sport, veepall, veepalli mÃ¤ngiv inimene
ğŸ¤½â€â™‚	inimene, mees, sport, veepall, veepalli mÃ¤ngiv mees
ğŸ¤½â€â™€	inimene, naine, sport, veepall, veepalli mÃ¤ngiv naine
ğŸ¤¾	inimene, kÃ¤sipall, kÃ¤sipalli mÃ¤ngiv inimene, pall, sport
ğŸ¤¾â€â™‚	kÃ¤sipall, kÃ¤sipalli mÃ¤ngiv mees, mees, pall, sport
ğŸ¤¾â€â™€	kÃ¤sipall, kÃ¤sipalli mÃ¤ngiv naine, naine, pall, sport
ğŸ¤¹	oskused, tasakaal, Å¾ongleerimine, Å¾onglÃ¶Ã¶r
ğŸ¤¹â€â™‚	mees, meesÅ¾onglÃ¶Ã¶r, oskused, tasakaal, Å¾ongleerimine
ğŸ¤¹â€â™€	naine, naisÅ¾onglÃ¶Ã¶r, oskused, tasakaal, Å¾ongleerimine
ğŸ‘«	kÃ¤ed, mees, mees ja naine hoiavad kÃ¤est kinni, naine, paarike
ğŸ‘¬	kaks meest hoiavad kÃ¤est kinni, kaksikud, kÃ¤ed, mehed, paar
ğŸ‘­	kaks naist hoiavad kÃ¤est kinni, kÃ¤ed, naised, paar
ğŸ’	musi, suudlus
ğŸ’‘	armastus, paarike sÃ¼damega, romantika, sÃ¼da
ğŸ¤³	kaamera, selfi, telefon
ğŸ’ª	keha, lihas, muskel, pingutatud biitseps
ğŸ¦µ	jalalÃ¶Ã¶k, jalg, jÃ¤se
ğŸ¦¶	jalalaba, jalalÃ¶Ã¶k, trampimine
ğŸ–•	keha, keskmine, keskmine sÃµrm, kÃ¤si, sÃµrm
ğŸ¤	kÃ¤si, risti, sÃµrmed, sÃµrmed risti, Ãµnn
ğŸ––	keha, kÃ¤si, spock, sÃµrm, vulcan, vulcanite tervitus
ğŸ¤˜	keha, kÃ¤si, rokk, sarved, sarvede mÃ¤rk, sÃµrm
ğŸ¤™	helista, helista mulle, kÃ¤si
âœ‹	keha, kÃ¤si, Ã¼lestÃµstetud kÃ¤si
ğŸ‘Œ	OK-kÃ¤emÃ¤rk, keha, kÃ¤si
âœŠ	keha, kÃ¤si, lÃ¶Ã¶k, rusikas, Ã¼lestÃµstetud rusikas
ğŸ‘Š	keha, kÃ¤si, lÃ¶Ã¶k, rusikalÃ¶Ã¶k, rusikas
ğŸ¤›	rusikas, vasakule, vasakule suunatud rusikas
ğŸ¤œ	paremale, paremale suunatud rusikas, rusikas
ğŸ¤š	kÃ¤si, tÃµstetud, tÃµstetud kÃ¤si
ğŸ‘‹	keha, kÃ¤si, lehvitav kÃ¤si, lehvitus
ğŸ¤Ÿ	ILY, armastust vÃ¤ljendav Å¾est, kÃ¤si
ğŸ‘	aplaus, keha, kÃ¤si, plaksutamine, plaksutavad kÃ¤ed
ğŸ‘	avatud, avatud kÃ¤ed, keha, kÃ¤si
ğŸ™Œ	hurraa, kÃ¤ed, tÃ¤histamine, Ã¼lestÃµstetud kÃ¤ed, Å¾est
ğŸ¤²	palve, peopesad Ã¼leval koos
ğŸ™	aitÃ¤h, kÃ¤ed, palve, palveasendis kÃ¤ed, tÃ¤nan, Å¾est
ğŸ¤	kohtumine, kÃ¤epigistus, kÃ¤si, tervitus
ğŸ’…	hooldus, keha, kosmeetika, kÃ¼Ã¼nelakk, kÃ¼Ã¼s, lakk, manikÃ¼Ã¼r
ğŸ‘ƒ	keha, nina
ğŸ‘£	jalajÃ¤lg, jalajÃ¤ljed, jÃ¤lg, keha
ğŸ‘€	keha, nÃ¤gu, silm, silmad
ğŸ‘â€ğŸ—¨	dialoog, jutumull, silm, silm jutumullis, tunnistaja
ğŸ§ 	aju, intelligentne
ğŸ¦´	kont, luustik
ğŸ¦·	hambaarst, hammas
ğŸ‘…	keel, keha
ğŸ‘„	huuled, suu
ğŸ¦°	punajuus, punapea, punased juuksed
ğŸ¦±	afrojuuksed, krussis juuksed, lokid, lokkis juuksed
ğŸ¦³	hallid, heledad juuksed, juuksed, valged, vana
ğŸ¦²	juukseid pole, juusteta, keemiaravi, kiilaspea, raseeritud
ğŸ’‹	huuled, musi, romantika, suudluse jÃ¤lg, sÃ¼da
ğŸ’˜	nool, noolega sÃ¼da, romantika, sÃ¼da
ğŸ’	lindiga sÃ¼da, lint, sÃµbrapÃ¤ev, sÃ¼da
ğŸ’–	elevil, sÃ¤delev sÃ¼da, sÃ¤ra, sÃ¼da
ğŸ’—	kasvav, kasvav sÃ¼da, nÃ¤rviline, pulss, pÃµnev, sÃ¼da
ğŸ’“	lÃ¶Ã¶k, pulss, sÃ¼da, tukslev sÃ¼da
ğŸ’	pÃ¶Ã¶rlev, pÃ¶Ã¶rlevad sÃ¼damed, sÃ¼da
ğŸ’•	armastus, kaks sÃ¼dant, sÃ¼da
ğŸ’Œ	armastus, armastuskiri, kiri, romantika, sÃ¼da
ğŸ’”	murtud, murtud sÃ¼da, sÃ¼da
ğŸ§¡	oranÅ¾, oranÅ¾ sÃ¼da
ğŸ’›	kollane, kollane sÃ¼da, sÃ¼da
ğŸ’š	roheline, roheline sÃ¼da, sÃ¼da
ğŸ’™	sinine, sinine sÃ¼da, sÃ¼da
ğŸ’œ	lilla, lilla sÃ¼da, sÃ¼da
ğŸ–¤	kuri, must, must sÃ¼da, sÃ¼da
ğŸ’Ÿ	sÃ¼da, sÃ¼damekujuline kaunistus
ğŸ’¤	koomiks, uni, zzz
ğŸ’¢	koomiks, tige, viha sÃ¼mbol, vihane
ğŸ’¥	koomiks, piraki
ğŸ’¦	higi, higipiisad, koomiks, piisad
ğŸ’¨	jooksmine, kiirustamine, koomiks
ğŸ’«	koomiks, peadpÃ¶Ã¶ritav, tÃ¤ht
ğŸ’¬	dialoog, jutt, jutumull, koomiks, mull
ğŸ’­	koomiks, mull, mÃµte, mÃµttemull
ğŸ¥½	kaitseprillid, keevitamine, silmakaitse, ujumine
ğŸ¥¼	arst, katse, laborant, laborikittel, teadlane
ğŸ‘”	lips, riided
ğŸ‘•	T-sÃ¤rk, riided, sÃ¤rk, t-sÃ¤rk
ğŸ‘–	pÃ¼ksid, riided, teksad
ğŸ§£	kael, sall
ğŸ§¤	kindad, kÃ¤si
ğŸ§¥	jakk, mantel
ğŸ§¦	sokid, sukk
ğŸ‘—	kleit, riided
ğŸ‘˜	kimono, riided
ğŸ‘™	bikiinid, riided, ujumine
ğŸ‘š	naine, naisteriided, riided
ğŸ‘›	kott, mÃ¼nt, rahakott, ridikÃ¼l
ğŸ‘œ	kott, kÃ¤ekott, riided
ğŸ‘	kott, riided
ğŸ’	kool, kott, ranits
ğŸ‘	king, mees, meesteking, riided
ğŸ‘Ÿ	jooksuking, king, riided, sport, toss
ğŸ¥¾	matk, matkaja, matkamine, matkasaabas, saabas, seljakotimatk
ğŸ¥¿	baleriina, madal king, paelteta king, sussking
ğŸ‘ 	king, konts, kÃµrge kontsaga king, naine, riided
ğŸ‘¡	king, naine, naistesandaal, riided, sandaal
ğŸ‘¢	king, naine, naistesaabas, riided, saabas
ğŸ‘‘	kroon, kuninganna, kuningas, riided
ğŸ‘’	kÃ¼bar, mÃ¼ts, naine, naistekÃ¼bar, riided
ğŸ©	kÃ¼bar, mÃ¼ts, riided, torukÃ¼bar
ğŸ§¢	nokkmÃ¼ts, pesapallimÃ¼ts
ğŸ“¿	helmed, kaelakee, palvehelmed, palvetamine, riided, usk
ğŸ’„	huulepulk, kosmeetika, meik
ğŸ’	romantika, sÃµrmus, teemant
ğŸ’	juveel, kalliskivi, romantika, teemant
ğŸµ	ahv, ahvi nÃ¤gu, nÃ¤gu
ğŸ’	ahv
ğŸ¦	gorilla, loom
ğŸ¶	koer, koera nÃ¤gu, lemmikloom, nÃ¤gu
ğŸ©	koer, puudel
ğŸº	hundi nÃ¤gu, hunt, nÃ¤gu
ğŸ¦Š	loom, nÃ¤gu, rebane, rebase nÃ¤gu
ğŸ¦	kaval, pesukaru, uudishimulik
ğŸ±	kass, kassi nÃ¤gu, lemmikloom, nÃ¤gu
ğŸ¦	lÃµvi, lÃµvi nÃ¤gu, nÃ¤gu, sodiaak
ğŸ¯	nÃ¤gu, tiiger, tiigri nÃ¤gu
ğŸ…	tiiger
ğŸ†	leopard
ğŸ´	hobune, hobuse nÃ¤gu, nÃ¤gu
ğŸ	hobune, ratsasport, vÃµiduajamine
ğŸ¦„	nÃ¤gu, Ã¼kssarvik, Ã¼kssarviku nÃ¤gu
ğŸ¦“	sebra, triibud, vÃ¶Ã¶did
ğŸ¦Œ	hirv, loom
ğŸ®	lehm, lehma nÃ¤gu, nÃ¤gu
ğŸ‚	hÃ¤rg, sodiaak, sÃµnn, veis
ğŸƒ	pÃ¼hvel, vesi, vesipÃ¼hvel
ğŸ„	lehm, nÃ¤gu
ğŸ·	nÃ¤gu, sea nÃ¤gu, siga
ğŸ–	emis, siga
ğŸ—	kult, metssiga
ğŸ½	nina, nÃ¤gu, sea kÃ¤rss, siga
ğŸ	jÃ¤Ã¤r, oinas, sodiaak
ğŸ‘	lammas
ğŸ	kaljukits, kits, sodiaak
ğŸª	dromedar, kaamel, kÃ¼Ã¼r
ğŸ«	baktrian, kaamel, kahe kÃ¼Ã¼ruga kaamel, kÃ¼Ã¼r
ğŸ¦™	alpaka, guanako, laama, vikunja, vill
ğŸ¦’	kaelkirjak, laigud
ğŸ˜	elevant
ğŸ¦	loom, ninasarvik
ğŸ¦›	jÃµehobu, jÃµehobuke
ğŸ­	hiir, hiire nÃ¤gu, nÃ¤gu
ğŸ	hiir
ğŸ€	rott
ğŸ¹	hamster, hamstri nÃ¤gu, lemmikloom, nÃ¤gu
ğŸ°	jÃ¤nes, jÃ¤nese nÃ¤gu, lemmikloom, nÃ¤gu
ğŸ‡	jÃ¤nes, lemmikloom
ğŸ¦”	okkaline, siil
ğŸ¦‡	loom, nahkhiir, vampiir
ğŸ»	karu, karu nÃ¤gu, nÃ¤gu
ğŸ¨	koaala
ğŸ¼	nÃ¤gu, panda, panda nÃ¤gu
ğŸ¦˜	Austraalia, hÃ¼pe, kukkur, kukkurloom, kÃ¤nguru
ğŸ¦¡	meemÃ¤ger, mÃ¤ger, nuhtlus
ğŸ¾	jalg, jÃ¤lg, kÃ¤pajÃ¤ljed, kÃ¤pp
ğŸ¦ƒ	kalkun
ğŸ”	kana
ğŸ“	kukk
ğŸ£	koorumine, kooruv tibu, tibu
ğŸ¤	tibu, vÃ¤ike tibu
ğŸ¥	tibu, vÃ¤ike tibu eestvaates
ğŸ§	pingviin
ğŸ¦…	kotkas, lind
ğŸ¦†	lind, part
ğŸ¦¢	inetu pardipoeg, lind, luigepoeg, luik
ğŸ¦‰	lind, Ã¶Ã¶kull
ğŸ¦š	eneseimetlus, hooplemine, lind, paabulind, uhkus
ğŸ¦œ	jutt, lind, papagoi, piraat
ğŸ¸	konn, konna nÃ¤gu, nÃ¤gu
ğŸŠ	krokodill
ğŸ¢	kilpkonn
ğŸ¦	roomaja, sisalik
ğŸ	madu, maokandja, sodiaak
ğŸ²	draakon, draakoni nÃ¤gu, muinasjutt, nÃ¤gu
ğŸ‰	draakon, muinasjutt
ğŸ¦•	brahhiosaurus, brontosaurus, diplodookus, sauropod
ğŸ¦–	tÃ¼rannosaurus
ğŸ³	nÃ¤gu, vaal, vesi, vett pritsiv vaal
ğŸ‹	vaal
ğŸ¬	delfiin, loib
ğŸ 	kala, troopiline, troopiline kala
ğŸ¡	kala, siilkala
ğŸ¦ˆ	hai, kala
ğŸ™	kaheksajalg
ğŸš	karp, spiraalne, spiraalne teokarp
ğŸ¦€	krabi, sodiaak, vÃ¤hk
ğŸ¦	homaar, homaarisupp, mereannid, sÃµrad
ğŸ¦	koorikloom, krevett, toit
ğŸ¦‘	kalmaar, mollusk, toit
ğŸŒ	tigu
ğŸ¦‹	ilus, liblikas, putukas
ğŸ›	putukas, rÃ¶Ã¶vik
ğŸœ	putukas, sipelgas
ğŸ	mesilane, putukas
ğŸ	lepatriinu, putukas, pÃµrnikas
ğŸ¦—	kilk, rohutirts
ğŸ¦‚	skorpion, sodiaak, suur skorpion
ğŸ¦Ÿ	haigus, malaaria, palavik, putukas, sÃ¤Ã¤sk, viirus
ğŸ¦ 	amÃ¶Ã¶b, bakter, mikroob, viirus
ğŸ’	kimp, lill, romantika, taim
ğŸŒ¸	kirsiÃµis, kirss, lill, taim, Ãµis
ğŸ’®	lill, valge lill
ğŸŒ¹	lill, roos, taim
ğŸ¥€	lill, nÃ¤rbunud, nÃ¤rbunud lill
ğŸŒº	hibisk, lill, taim
ğŸŒ»	lill, pÃ¤evalill, pÃ¤ike, taim
ğŸŒ¼	lill, taim, Ãµis
ğŸŒ·	lill, taim, tulp
ğŸŒ±	idu, taim, vÃµrse
ğŸŒ²	igihaljas, igihaljas puu, puu, taim
ğŸŒ³	leht, lehtpuu, puu, taim
ğŸŒ´	palm, palmipuu, puu, taim
ğŸŒµ	kaktus, taim
ğŸŒ¾	riis, riisitaim, taim, vihk
ğŸŒ¿	leht, maitsetaim, taim
ğŸ€	leht, neli, nelja lehega ristik, ristik, taim
ğŸ	langev, leht, taim, vaher, vahtraleht
ğŸ‚	langenud leht, langev, leht, taim
ğŸƒ	leht, taim, tuul, tuules lendlev leht
ğŸ‡	puuvili, taim, viinamari, viinamarjad
ğŸˆ	melon, puuvili, taim
ğŸ‰	arbuus, puuvili, taim
ğŸŠ	mandariin, puuvili, taim
ğŸ‹	puuvili, sidrun, taim
ğŸŒ	banaan, puuvili, taim
ğŸ	ananass, puuvili, taim
ğŸ¥­	mango, puuvili, troopiline
ğŸ	punane, punane Ãµun, puuvili, taim, Ãµun
ğŸ	puuvili, roheline, roheline Ãµun, taim, Ãµun
ğŸ	pirn, puuvili, taim
ğŸ‘	puuvili, taim, virsik
ğŸ’	kirsid, kirss, puuvili, taim
ğŸ“	maasikas, mari, puuvili, taim
ğŸ¥	kiivi, puuvili, toit
ğŸ…	kÃ¶Ã¶givili, taim, tomat
ğŸ¥¥	kookospÃ¤hkel, palm, piÃ±a colada
ğŸ¥‘	avokaado, puuvili, toit
ğŸ†	baklaÅ¾aan, kÃ¶Ã¶givili, taim
ğŸ¥”	juurvili, kartul, toit
ğŸ¥•	juurvili, porgand, toit
ğŸŒ½	mais, maisitÃµlvik, taim, tÃµlvik
ğŸ¥’	kurk, kÃ¶Ã¶givili, toit
ğŸ¥¬	hiina kapsas, kapsas, lehtkapsas, lehtkÃ¶Ã¶givili, lehtsalat
ğŸ¥¦	brokoli, metskapsas
ğŸ„	mÃ¼rgiseen, seen
ğŸ¥œ	maapÃ¤hkel, maapÃ¤hklid, pÃ¤hkel, toit
ğŸŒ°	kastan, taim
ğŸ	leib, pÃ¤ts
ğŸ¥	croissant, prantsuse, sai, sarvesai, toit
ğŸ¥–	baguette, pikk, sai, toit
ğŸ¥¨	keerutatud, soolakringel
ğŸ¥¯	mÃ¤Ã¤re, pagaritoode, rÃµngassai
ğŸ¥	crÃªpe, pannkoogid, pannkook, toit
ğŸ§€	juust, juustutÃ¼kk
ğŸ–	kondiga liha, kont, liha, luu
ğŸ—	kana, kanakoib, koib, kont, luu
ğŸ¥©	karbonaad, lambalihakarbonaad, lihalÃµik, praelÃµik, sealihakarbonaad
ğŸ¥“	liha, peekon, toit
ğŸ”	burger, hamburger
ğŸŸ	friikartul, friikartulid
ğŸ•	juust, pitsa, pizza, viil
ğŸŒ­	hot dog, hotdog, viiner, vorst
ğŸ¥ª	leib, vÃµileib
ğŸŒ®	mehhiko, tako
ğŸŒ¯	burrito, mehhiko
ğŸ¥™	falafel, kebab, toit, tÃ¤idetud pita
ğŸ¥š	muna, toit
ğŸ³	muna, pann, praadimine, toiduvalmistamine
ğŸ¥˜	paella, panniroog, toit
ğŸ²	hautis, potitÃ¤is toitu, pott
ğŸ¥£	hommikueine, hommikusÃ¶Ã¶gihelbed, lusikaga kauss, riisipuding
ğŸ¥—	roheline, roheline salat, salat, toit
ğŸ¿	mais, popkorn
ğŸ§‚	maitseaine, sool, soolatoos
ğŸ¥«	konserv, toidukonserv
ğŸ±	bento einekarp, karp, toit
ğŸ˜	leib, riis, riisikÃ¼psis
ğŸ™	pall, riis, riisipall
ğŸš	keedetud, keedetud riis, riis
ğŸ›	karri, karriga riis, riis
ğŸœ	aur, aurav kauss, kauss, nuudel
ğŸ	pasta, spagetid
ğŸ 	kartul, rÃ¶stitud, rÃ¶stitud bataat
ğŸ¢	kebab, mereannid, oden, pulk
ğŸ£	suÅ¡i
ğŸ¤	krevett, praetud, praetud krevett, tempura
ğŸ¥	keerdudega kalakotlet, kook, spiraal, tort
ğŸ¥®	festival, kuukook, sÃ¼gis, yuÃ¨bÇng
ğŸ¡	dango, magus, magustoit, pulk
ğŸ¥Ÿ	empanada, gyÅza, jiaozi, pelmeen, pierogi
ğŸ¥ 	ennustus, ÃµnnekÃ¼psis
ğŸ¥¡	kaasamÃ¼Ã¼gikarp, kiirtoidukarp
ğŸ¦	jÃ¤Ã¤tis, magus, magustoit, pehme, pehme jÃ¤Ã¤tis
ğŸ§	jÃ¤Ã¤, magus, magustoit, mahlajÃ¤Ã¤
ğŸ¨	jÃ¤Ã¤tis, magus, magustoit
ğŸ©	magus, magustoit, sÃµÃµrik
ğŸª	kÃ¼psis, magus, magustoit
ğŸ‚	kÃ¼Ã¼nlad, magustoit, sÃ¼nnipÃ¤ev, sÃ¼nnipÃ¤evatort, tort
ğŸ°	kook, liivataignakook, lÃµik, magus, magustoit
ğŸ§	magus, muffin, pagaritoode
ğŸ¥§	pirukas, tÃ¤idis
ğŸ«	magus, magustoit, Å¡okolaad, Å¡okolaaditahvel
ğŸ¬	komm, magus, magustoit
ğŸ­	komm, magus, magustoit, pulgakomm
ğŸ®	magus, magustoit, puding, vanillipuding
ğŸ¯	magus, meepott, mesi
ğŸ¼	beebi, lutipudel, piim, pudel
ğŸ¥›	jook, klaas, klaas piima, piim
ğŸµ	jook, kÃµrvata teetass, tass, tee
ğŸ¶	baar, jook, pudel, riisiviin, tass
ğŸ¾	baar, jook, kork, pudel, pudeli avamine
ğŸ·	baar, jook, klaas, vein, veiniklaas
ğŸ¹	baar, jook, troopiline, troopiline jook
ğŸº	baar, jook, kann, Ãµllekann, Ãµlu
ğŸ»	baar, jook, kann, kÃµlisevad Ãµllekannud, Ãµlu
ğŸ¥‚	jooma, klaasid, kÃµlisevad klaasid, kÃµlks, tÃ¤histama
ğŸ¥ƒ	joogiklaas, napsuklaas, viskiklaas
ğŸ¥¤	kÃµrrega tops, limonaad, mahl
ğŸ¥¢	hashi, sÃ¶Ã¶gipulgad
ğŸ´	kahvel, kahvel ja nuga, nuga, toit
ğŸ¥„	lauanÃµud, lusikas
ğŸ”ª	kÃ¶Ã¶ginuga, kÃ¶Ã¶k, nuga, relv, tÃ¶Ã¶riist
ğŸº	amfora, jook, kann, vaas, veevalaja
ğŸŒ	Euroopa ja Aafrika gloobusel, aafrika, euroopa, gloobus, maa, maailm
ğŸŒ	Aasia ja Austraalia gloobusel, aasia, austraalia, gloobus, maa, maailm
ğŸŒ	gloobus, maa, maailm, meridiaanid, meridiaanidega gloobus
ğŸ—¾	Jaapani kaart, jaapan, kaart
ğŸ§­	kompass, magnetiline, navigeerimine, orienteerumine
ğŸŒ‹	laava, mÃ¤gi, purse, vulkaan
ğŸ—»	Fuji mÃ¤gi, fuji, mÃ¤gi
ğŸ§±	mÃ¶rt, savi, sein, telliskivi, telliskivid
ğŸ¡	aed, aiaga maja, kodu, maja
ğŸ¢	hoone, kontorihoone, maja
ğŸ£	Jaapani postkontor, hoone, post
ğŸ¤	hoone, post, postkontor
ğŸ¥	arst, haigla, hoone, meditsiin
ğŸ¦	hoone, pank
ğŸ¨	hoone, hotell
ğŸ©	armastus, armuhotell, hoone, hotell
ğŸª	hoone, kauplus, pood
ğŸ«	hoone, kool
ğŸ¬	hoone, kaubamaja, pood
ğŸ¯	Jaapan, Jaapani loss, loss
ğŸ°	hoone, loss
ğŸ’’	kabel, kirik, pulmad, romantika
ğŸ—¼	Tokyo torn, tokyo, torn
ğŸ—½	Vabadussammas, kuju, sammas, vabadus
ğŸ•Œ	islam, moslem, moÅ¡ee, usk
ğŸ•	judaism, juut, sÃ¼nagoog, usk
ğŸ•‹	islam, kaaba, moslem, usk
ğŸŒ	ilm, udu, udune
ğŸŒƒ	ilm, tÃ¤ht, Ã¶ine tÃ¤histaevas, Ã¶Ã¶
ğŸŒ„	hommik, ilm, mÃ¤gi, pÃ¤ike, pÃ¤ikesetÃµus, pÃ¤ikesetÃµus mÃ¤gedes
ğŸŒ…	hommik, ilm, pÃ¤ike, pÃ¤ikesetÃµus
ğŸŒ†	hoone, ilm, linna siluett videvikus, loojang, pÃ¤ike, siluett, videvik, Ãµhtu
ğŸŒ‡	hoone, ilm, loojang, pÃ¤ike, pÃ¤ikeseloojang
ğŸŒ‰	ilm, sild, sild Ã¶Ã¶sel, Ã¶Ã¶
ğŸŒŒ	Linnutee, kosmos, tÃ¤hed
ğŸ 	hobune, karussell, karussellihobune
ğŸ¡	lÃµbustuspark, vaateratas
ğŸ¢	Ameerika mÃ¤ed, ameerika, lÃµbustuspark, mÃ¤ed
ğŸ’ˆ	habemeajaja, habemeajaja silt, juuksur
ğŸª	telk, tsirkus, tsirkusetelk
ğŸš‚	aur, raudtee, rong, sÃµiduk, vedur
ğŸšƒ	elekter, rong, rongivagun, rÃ¶Ã¶pad, sÃµiduk, tramm, troll, vagun
ğŸš„	kiirrong, raudtee, sÃµiduk
ğŸš…	kiirrong, raudtee, sÃµiduk, terava ninaga kiirrong
ğŸš†	raudtee, rong, sÃµiduk
ğŸšˆ	kergraudtee, raudtee, rong
ğŸš‰	jaam, raudtee, rong
ğŸšŠ	tramm, troll
ğŸš	raudtee, rong, sÃµiduk, Ã¼herÃ¶Ã¶pmeline raudtee
ğŸš	mÃ¤gi, mÃ¤giraudtee, raudtee, rong, vagun
ğŸš‹	tramm, trammivagun, troll, vagun
ğŸšŒ	buss, sÃµiduk
ğŸš	buss, tramm, troll, trollibuss
ğŸš	buss, sÃµiduk, vÃ¤ikebuss
ğŸš’	auto, sÃµiduk, tuletÃµrje, tuletÃµrjeauto
ğŸš“	auto, patrull, politsei, politseiauto, sÃµiduk
ğŸš•	sÃµiduk, takso
ğŸš–	eestvaade, sÃµiduk, takso, takso eestvaates
ğŸš—	auto, sÃµiduk
ğŸš™	auto, mahtuniversaal, sÃµiduk, universaal
ğŸšš	kuller, kulleriauto, sÃµiduk, veoauto
ğŸš›	sÃµiduk, veoauto, veok
ğŸšœ	sÃµiduk, traktor
ğŸ›´	tÃµukekas, tÃµukeratas
ğŸ›¹	rula, rulalaud
ğŸ›µ	motoroller, skuuter
ğŸš	buss, bussipeatus, peatus
ğŸš¨	auto, politsei, politseiauto vilkur, pÃ¶Ã¶rlemine, sÃµiduk, vilkur
ğŸš¥	foor, horisontaalne foor, liiklus
ğŸš¦	foor, liiklus, vertikaalne foor
ğŸ›‘	liiklusmÃ¤rk, mÃ¤rk, stopp, stoppmÃ¤rk
ğŸš§	barjÃ¤Ã¤r, ehitustÃ¶Ã¶d, tÃµke
ğŸ›¶	kanuu, paat
ğŸš¤	kiirkaater, paat, sÃµiduk
ğŸš¢	laev, sÃµiduk
ğŸ›«	lennuk, sÃµiduk, ÃµhkutÃµus, ÃµhkutÃµusev lennuk
ğŸ›¬	lennuk, maandumine, maanduv lennuk, sÃµiduk
ğŸ’º	iste, tool
ğŸš	helikopter, sÃµiduk
ğŸšŸ	raudtee, rippraudtee, sÃµiduk, vagun
ğŸš 	gondel, kÃ¶is, kÃ¶istee mÃ¤gedes, mÃ¤gi, sÃµiduk, vagun
ğŸš¡	gondel, kÃ¶is, kÃ¶israudtee, raudtee, sÃµiduk, vagun
ğŸš€	kosmos, rakett, sÃµiduk
ğŸ›¸	UFO, lendav taldrik
ğŸ§³	kohver, pakkimine, reis
â°	kell, Ã¤ratus, Ã¤ratuskell
ğŸ•§	12, 12:30, 30, kell, kell pool Ã¼ks, pool, Ã¼ks
ğŸ•œ	1, 1:30, 30, kaks, kell, kell pool kaks, pool
ğŸ•	2, 2:30, 30, kell, kell pool kolm, kolm, pool
ğŸ•	3, 30, 3:30, kell, kell pool neli, neli, pool
ğŸ•Ÿ	30, 4, 4:30, kell, kell pool viis, pool, viis
ğŸ• 	30, 5, 5:30, kell, kell pool kuus, kuus, pool
ğŸ•¡	30, 6, 6:30, kell, kell pool seitse, pool, seitse
ğŸ•¢	30, 7, 7:30, kaheksa, kell, kell pool kaheksa, pool
ğŸ•£	30, 8, 8:30, kell, kell pool Ã¼heksa, pool, Ã¼heksa
ğŸ•¤	30, 9, 9:30, kell, kell pool kÃ¼mme, kÃ¼mme, pool
ğŸ•¥	10, 10:30, 30, kell, kell pool Ã¼ksteist, pool, Ã¼ksteist
ğŸ•¦	11, 11:30, 30, kell, kell pool kaksteist, pool kaksteist
ğŸŒ‘	ilm, kosmos, kuu, noorkuu, pime
ğŸŒ’	ilm, kasvav kuusirp, kosmos, kuu, noorkuu, sirp
ğŸŒ“	ilm, kasvav poolkuu, kosmos, kuu, poolkuu
ğŸŒ”	ilm, kasvav, kasvav kuu, kuu, poolkuu
ğŸŒ–	ilm, kahanev, kahanev kuu, kosmos, kuu
ğŸŒ—	ilm, kahanev poolkuu, kosmos, kuu, poolkuu
ğŸŒ˜	ilm, kahanev, kahanev kuusirp, kosmos, kuu, sirp
ğŸŒ™	ilm, kosmos, kuu, kuusirp, sirp
ğŸŒš	ilm, kosmos, kuu, nÃ¤gu, nÃ¤oga noorkuu
ğŸŒ›	ilm, kosmos, kuu, nÃ¤gu, nÃ¤oga kasvav kuu, poolkuu
ğŸŒ	ere, ilm, kosmos, kuu, nÃ¤gu, nÃ¤oga tÃ¤iskuu, tÃ¤iskuu
ğŸŒ	ere, ilm, kosmos, nÃ¤gu, nÃ¤oga pÃ¤ike, pÃ¤ike
ğŸŒŸ	helendav, helendav tÃ¤ht, sÃ¤ra, tÃ¤ht
ğŸŒ 	komeet, kosmos, langev, langev tÃ¤ht, tÃ¤ht
ğŸŒ€	ilm, orkaan, taifuun, tornaado, tsÃ¼klon
ğŸŒˆ	ilm, vihm, vikerkaar
ğŸŒ‚	ilm, riided, suletud vihmavari, vihm, vihmavari
ğŸ”¥	leek, tuli
ğŸ’§	higi, ilm, koomiks, kÃ¼lm, piisk
ğŸŒŠ	ilm, ookean, veelaine, vesi
ğŸƒ	halloween, kÃµrvits, kÃµrvitsalatern, latern
ğŸ„	jÃµulud, jÃµulupuu, kuusk, pÃ¼had
ğŸ†	ilutulestik, tÃ¤histamine
ğŸ‡	ilutulestik, sÃ¤rakÃ¼Ã¼nal
ğŸ§¨	Ilutulestikurakett, dÃ¼namiit, ilutulestik, lÃµhkeaine
âœ¨	sÃ¤de, sÃ¤demed, sÃ¤ra, tÃ¤ht
ğŸˆ	tÃ¤histamine, Ãµhupall
ğŸ‰	pidu, pidupÃ¤ev, sÃ¼nnipÃ¤ev, Ã¼llatus
ğŸŠ	konfetid, pall, pidu
ğŸ‹	pidu, puu, tanabata soovipuu
ğŸ	bambus, mÃ¤nd, puu, taim, vÃ¤ravamÃ¤nd
ğŸ	Jaapani nukud, festival, nukk
ğŸ	kala, kalakujuline vimpel, lipp, vimpel
ğŸ	kell, tuul, tuulekell
ğŸ‘	festival, kuu, kuutseremoonia, tseremoonia
ğŸ§§	edu, hÃ³ngbÄo, kingitus, punane Ã¼mbrik, raha, Ãµnn
ğŸ€	lint, lips
ğŸ	karp, kingipakk, kink, pakitud
ğŸ«	pilet, pÃ¤Ã¤se
ğŸ…	medal, sport
ğŸ¥‡	esimene, kuld, kuldmedal, medal
ğŸ¥ˆ	hÃµbe, hÃµbemedal, medal, teine
ğŸ¥‰	kolmas, medal, pronks, pronksmedal
ğŸ¥	kindad, pall, pehmepall, vise
ğŸ€	korvpall, pall
ğŸ	mÃ¤ng, pall, vÃµrkpall
ğŸˆ	Ameerika jalgpall, ameerika, jalgpall, pall
ğŸ‰	jalgpall, pall, ragbi, ragbipall
ğŸ¾	pall, reket, tennis, tennisepall
ğŸ¥	taldrikulennutamine, visketaldrik
ğŸ³	keegel, kurikas, kuul, mÃ¤ng
ğŸ	kriket, kurikas, mÃ¤ng, pall
ğŸ‘	maahoki, maahokikepp, mÃ¤ng, pall, vÃ¤ljak
ğŸ’	jÃ¤Ã¤, jÃ¤Ã¤hoki, jÃ¤Ã¤hokikepp, jÃ¤Ã¤hokikepp ja litter, litter, mÃ¤ng
ğŸ¥	kahvpall, kahvpallikepp, kepp, pall, vÃ¤rav
ğŸ“	lauatennis, mÃ¤ng, pall, pingpong, reket
ğŸ¸	mÃ¤ng, reket, sulgpall
ğŸ¥Š	kinnas, poks, poksikinnas, sport
ğŸ¥‹	dÅ¾uudo, karate, riietus, vÃµitluskunstid, vÃµitluskunstide riietus
ğŸ¥…	sport, vÃ¤rav, vÃ¤ravavÃµrk, vÃµrk
ğŸ£	kala, Ãµng
ğŸ½	jooks, jooksusÃ¤rk, sÃ¤rk
ğŸ¿	lumi, suusad, suusk
ğŸ›·	kelk, regi, saan
ğŸ¥Œ	jÃ¤Ã¤keegli kivi, kivi, mÃ¤ng
ğŸ¯	noolemÃ¤ng, sihtmÃ¤rk, tabamus, tÃ¤istabamus
ğŸ±	8, kuul, mÃ¤ng, piljard, piljardikuul
ğŸ”®	ennustamine, kristallkuul, muinasjutt, tÃ¶Ã¶riist
ğŸ§¿	Nazari amulett, Nazari silm, amulett, helmes, kuri silm, talisman
ğŸ°	automaat, mÃ¤ng, mÃ¤nguautomaat
ğŸ²	mÃ¤ng, tÃ¤ring
ğŸ§©	pusle, pusletÃ¼kk, tÃ¼kk, Ã¼hendamine
ğŸ§¸	lelu, mÃ¤nguasi, mÃ¤ngukaru, pehme, plÃ¼Ã¼s
ğŸƒ	jokker, kaart, mÃ¤ng
ğŸ´	kaart, lill, mÃ¤ng, mÃ¤ngukaardid
ğŸ¨	kunst, kunstniku palett, maal, muuseum, palett
ğŸ§µ	niidirull, niit, nÃµel, Ãµmblemine
ğŸ§¶	heegeldamine, kera, kudumine, lÃµng, lÃµngakera
ğŸ”‡	heli, kÃµlar, vaigistatud kÃµlar, vaikne
ğŸ”‰	heli, kÃµlar, poolvalju heliga kÃµlar, vaikne
ğŸ”Š	heli, kÃµlar, vali, valju heliga kÃµlar
ğŸ“¢	avalik, kÃµne, vali, valjuhÃ¤Ã¤ldi
ğŸ“£	kÃµne, megafon
ğŸ“¯	post, postisarv, sarv
ğŸ””	kell, kelluke
ğŸ”•	keelatud, kelluke, kelluke keelumÃ¤rgiga, vaigistatud kelluke, vaigistus, vaikne, vaikus
ğŸ¼	muusika, noodijoonestik, noot
ğŸµ	muusika, noot
ğŸ¶	muusika, noodid, noot
ğŸ¤	karaoke, mikrofon
ğŸ·	muusika, pill, saksofon
ğŸ¸	kitarr, muusika, pill
ğŸ¹	klahvpill, klaver, muusika, pill
ğŸº	muusika, pill, trompet
ğŸ»	muusika, pill, viiul
ğŸ¥	muusika, trumm, trummipulgad
ğŸ“±	mobiil, mobiiltelefon, telefon
ğŸ“²	kÃµne, mobiil, nool, noolega mobiiltelefon, telefon
ğŸ“	telefon, telefonitoru, toru
ğŸ“ 	faks, faksimasin, masin
ğŸ”‹	aku, patarei
ğŸ”Œ	elekter, elektripistik, pistik
ğŸ’½	arvuti, arvutiketas, ketas, optiline
ğŸ’¾	arvuti, diskett, ketas
ğŸ“€	DVD, arvuti, blu-ray, ketas, optiline
ğŸ§®	arvelaud, arvutamine
ğŸ¥	film, filmikaamera, kaamera, video
ğŸ“¸	foto, kaamera, pildistamine, vÃ¤lguga kaamera, vÃ¤lk
ğŸ“¼	kassett, video, videokassett
ğŸ”	otsi, suurendusklaas, tÃ¶Ã¶riist, vasakule kallutatud luup
ğŸ”	otsi, paremale kallutatud luup, suurendusklaas, tÃ¶Ã¶riist
ğŸ’¡	elekter, idee, lamp, pirn, valgus
ğŸ”¦	elekter, taskulamp, tÃ¶Ã¶riist, valgus
ğŸ®	lamp, latern, punane, punane paberlatern, valgus
ğŸ“”	dekoratiivse kaanega mÃ¤rkmik, kaaned, mÃ¤rkmik, raamat
ğŸ“•	raamat, suletud, suletud raamat
ğŸ“–	avatud, avatud raamat, raamat
ğŸ“—	raamat, roheline, roheline raamat
ğŸ“˜	raamat, sinine, sinine raamat
ğŸ“™	oranÅ¾, oranÅ¾ raamat, raamat
ğŸ““	pÃ¤evik, raamat
ğŸ“’	arve, arveraamat, raamat
ğŸ“ƒ	dokument, kaardunud paberileht, leht
ğŸ“œ	kÃ¤sikiri, paber
ğŸ“„	dokument, leht, paberilehe eestvaade
ğŸ“°	ajaleht, uudised
ğŸ—	ajaleht, rull, rullikeeratud ajaleht, uudised
ğŸ“‘	jÃ¤rjehoidja, jÃ¤rjehoidjad, marker, mÃ¤rgis
ğŸ”–	jÃ¤rjehoidja
ğŸ’´	jeen, pank, raha, rahatÃ¤ht, valuuta
ğŸ’µ	dollar, pank, raha, rahatÃ¤ht, valuuta
ğŸ’¶	euro, pank, raha, rahatÃ¤ht, valuuta
ğŸ’·	nael, naelsterling, pank, rahatÃ¤ht, valuuta
ğŸ’¸	dollar, pank, raha, tiibadega raha, tiivad
ğŸ§¾	arvepidamine, kviitung, raamatupidamine, tÃµend
ğŸ’¹	graafik, jeen, kasv, turg, tÃµusev graafik jeenisÃ¼mboliga, valuuta
ğŸ’±	pank, raha, vahetus, valuuta, valuutavahetus
ğŸ’²	dollar, raha, suur dollarimÃ¤rk, valuuta
ğŸ“§	kiri, meil, meilisÃµnum, Ã¼mbrik
ğŸ“¨	e-post, kiri, meil, sissetulev Ã¼mbrik, Ã¼mbrik
ğŸ“©	e-kiri, nool, noolega Ã¼mbrik, saadetud, Ã¼mbrik
ğŸ“®	post, postkast
ğŸ“	memo, mÃ¤rge, pliiats
ğŸ’¼	kohver, portfell
ğŸ“	dokument, fail, kaust
ğŸ“‚	avatud, avatud kaust, dokument, fail, kaust
ğŸ“…	kalender, kuupÃ¤ev
ğŸ“†	kalender, kuupÃ¤ev, rebitav kalender
ğŸ“‡	kaart, kataloog, register
ğŸ“ˆ	graafik, kasv, tendents, tÃµusev graafik, Ã¼les
ğŸ“‰	alla, graafik, langev graafik, langus, tendents
ğŸ“Š	diagramm, graafik, tulp, tulpdiagramm
ğŸ“Œ	nÃµel, nÃ¶Ã¶pnÃµel
ğŸ“	nÃµel, nÃ¶Ã¶pnÃµel, Ã¼mara peaga nÃ¶Ã¶pnÃµel
ğŸ“	kirjaklamber, klamber
ğŸ“	sirge, sirge joonlaud
ğŸ“	joonlaud, kolmnurk, kolmnurkne joonlaud
ğŸ”	lukk, lukk ja pastakas, lukk ja sulepea, privaatsus, sulepea, tint
ğŸ”	lukk, lukus, suletud, suletud lukk vÃµtmega, vÃµti
ğŸ”‘	lukk, parool, vÃµti
ğŸ”¨	haamer, tÃ¶Ã¶riist
ğŸ”«	pÃ¼stol, relv, revolver, tÃ¶Ã¶riist
ğŸ¹	ambur, nool, relv, vibu, vibu ja nool
ğŸ”§	mutrivÃµti, tÃ¶Ã¶riist
ğŸ”©	mutter, polt, polt ja mutter, tÃ¶Ã¶riist
ğŸ”—	lÃ¼li
ğŸ§°	kast, laegas, tÃ¶Ã¶riistad, tÃ¶Ã¶riistakast
ğŸ§²	atraktsioon, hobuseraud, magnet
ğŸ§ª	katse, katseklaas, keemia, keemik, labor, teadus
ğŸ§«	Petri tass, bakterid, bioloog, bioloogia, kultuur, labor
ğŸ§¬	DNA, bioloog, elu, evolutsioon, geen, geneetika
ğŸ”¬	mikroskoop, tÃ¶Ã¶riist
ğŸ”­	teleskoop, tÃ¶Ã¶riist
ğŸ“¡	antenn, satelliit, satelliitantenn, taldrik
ğŸ’‰	arst, haigus, nÃµel, ravim, sÃ¼stal
ğŸ’Š	arst, haige, ravim, tablett
ğŸšª	uks
ğŸš½	WC-pott, tualett, wc
ğŸš¿	duÅ¡Å¡, vesi
ğŸ›	vann
ğŸ§´	emulsioon, emulsioonipudel, niisutav kreem, pÃ¤evituskreem, Å¡ampoon
ğŸ§·	haaknÃµel, mÃ¤he, punkrokk
ğŸ§¹	luud, nÃµid, puhastamine, pÃ¼hkimine
ğŸ§º	korv, pesu, piknik, taluelu
ğŸ§»	paberirull, paberkÃ¤terÃ¤tid, tualettpaber
ğŸ§¼	pesemine, puhastamine, seebialus, seebivaht, seep, tÃ¼kiseep
ğŸ§½	imav, pesemine, pesukÃ¤sn, poorne
ğŸ§¯	kustutamine, summutamine, tulekustuti, tuli
ğŸ›’	kÃ¤ru, ostma, ostukÃ¤ru, poodlemine
ğŸš¬	sigaret, suitsetama
ğŸ—¿	kuju, moai, nÃ¤gu
ğŸ§	pangaautomaat, sularaha, teller
ğŸš®	praht, prÃ¼gikast, prÃ¼gikasti silt
ğŸš°	joodav, joogivesi, vesi
ğŸš»	tualett, wc
ğŸš¾	WC, tualett, vesi, wc
ğŸ›‚	kontroll, pass, passikontroll
ğŸ›ƒ	toll
ğŸ›„	kÃ¤ttesaamine, pagas, pagasi kÃ¤ttesaamine
ğŸ›…	hoiukapid, kapp, pagas
ğŸš¸	jalakÃ¤ija, laps, lapsed teel, liiklus, tÃ¤nav
ğŸš«	keelatud, sisenemine
ğŸš³	jalgratas, jalgrattad keelatud, keelatud, sÃµiduk
ğŸš¯	keelatud, risustamine, risustamine keelatud
ğŸš±	joodav, joomiseks kÃµlbmatu vesi, keelatud, vesi
ğŸš·	jalakÃ¤ija, jalakÃ¤ijad keelatud, keelatud
ğŸ“µ	ei, keelatud, mobiil, telefon, telefonid on keelatud
ğŸ”	18, alaealine, alla 18-aastastele keelatud, kaheksateist, keelatud, vanusepiirang
ğŸ”ƒ	laadimine, nool, pÃ¤ripÃ¤eva, vertikaalsed nooled pÃ¤ripÃ¤eva
ğŸ”„	nool, nooled vastupÃ¤eva, vastupÃ¤eva
ğŸ”™	nool, nool BACK, tagasi
ğŸ”š	lÃµpp, nool, nool END
ğŸ”›	mÃ¤rk, nool, nool ON!
ğŸ”œ	nool, nool SOON, varsti
ğŸ”	nool, nool TOP, Ã¼les
ğŸ›	palvetamine, pÃ¼hakoda, usk
ğŸ•	kÃ¼Ã¼nlajalg, menoraa, usk
ğŸ”¯	punktiga kuusnurkne tÃ¤ht, tÃ¤ht, Ãµnn
â›	Maokandja, sodiaak
ğŸ”€	juhuslik, juhusliku jÃ¤rjekorra nupp, nool, risti
ğŸ”	kordamisnupp, kordus, nool, pÃ¤ripÃ¤eva
ğŸ”‚	kordus, nool, pÃ¤ripÃ¤eva, Ã¼he korduse nupp
â–¶	esitamine, esitusnupp, kolmnurk, nool
â©	edasi, edasikerimisnupp, kerimine, nool, topelt
â­	jÃ¤rgmine, jÃ¤rgmise loo nupp, kolmnurk, lugu, nool
â¯	esitamine, esitus- ja pausinupp, kolmnurk, nool, paus
â—€	kolmnurk, nool, tagasi, tagurpidi esitamise nupp
âª	kerimine, kolmnurk, tagasi, tagasikerimise nupp, topelt
â®	eelmine, eelmise loo nupp, kolmnurk, lugu, nool, stseen
ğŸ”¼	nool, nupp, Ã¼les, Ã¼lesnupp
â«	kiirkerimine Ã¼les, nool, topelt
ğŸ”½	alla, allanupp, nool, nupp
â¬	alla, kiirkerimine alla, nool, topelt
ğŸ¦	film, kaamera, kino
ğŸ”…	eredus, hÃ¤mar, tuhm, tuhmistamisnupp
ğŸ”†	ere, eredus, ereduse nupp
ğŸ“¶	antenn, levi, mobiil, signaal, telefon
ğŸ“³	mobiil, reÅ¾iim, telefon, vÃ¤rin, vÃ¤rinareÅ¾iim
ğŸ“´	mobiil, telefon, vÃ¤ljalÃ¼litatud mobiiltelefon, vÃ¤ljas
âšœ	Bourbonide liilia, fleur-de-lis, prantsuse liilia
ğŸ”±	ankur, embleem, kolmhargi sÃ¼mbol, kolmhark, laev
ğŸ“›	mÃ¤rk, nimesilt, nimi
ğŸ”°	algaja, algaja sÃ¼mbol, kollane, leht, roheline
âœ…	mÃ¤rge, suur valge mÃ¤rge
âŒ	ei, korrutamine, korrutusmÃ¤rk, x
â	korrutusmÃ¤rgiga nupp, mÃ¤rk, ruut, x
â•	matemaatika, pluss, suur plussmÃ¤rk
â–	matemaatika, miinus, suur miinusmÃ¤rk
â—	jagamine, matemaatika, suur jagamismÃ¤rk
â°	lokk, silmus
â¿	silmus, topelt, topeltsilmus
â”	kirjavahemÃ¤rk, kÃ¼simus, kÃ¼simÃ¤rk, valge kÃ¼simÃ¤rk
â•	hÃ¼Ã¼umÃ¤rk, valge hÃ¼Ã¼umÃ¤rk
ğŸ’¯	100, punkt, sada, sada punkti, tÃ¤is
ğŸ” 	abcd, ladina, ladina suurtÃ¤hed, suurtÃ¤hed, tÃ¤hed
ğŸ”¡	abcd, ladina, ladina vÃ¤iketÃ¤hed, tÃ¤hed, vÃ¤iketÃ¤hed
ğŸ”¢	1234, numbrid
ğŸ”£	sisestus, sÃ¼mbolid
ğŸ”¤	abc, ladina, ladina tÃ¤hed, tÃ¤hed, tÃ¤hestik
ğŸ†	ab, nupp AB (veregrupp), veri
ğŸ†‘	cl, nupp CL
ğŸ†’	lahe, nupp COOL
ğŸ†“	nupp FREE, tasuta
ğŸ†”	id, identiteet, nupp ID
ğŸ†•	nupp NEW, uus
ğŸ†–	ng, nupp NG
ğŸ†—	nupp OK, ok
ğŸ†˜	abi, appi, nupp SOS, sos
ğŸ†™	mÃ¤rk, nupp UP!, Ã¼les
ğŸ†š	nupp VS, versus, vs
ğŸˆ	"siin", jaapani keel, jaapani nupp "siin", katakana, ã‚³ã‚³
ğŸˆ·	"kuutasu", ideogramm, jaapani keel, jaapani nupp "kuutasu", æœˆ
ğŸˆ¶	"pole tasuta", ideogramm, jaapani keel, jaapani nupp "pole tasuta", æœ‰
ğŸˆ¯	"reserveeritud", ideogramm, jaapani keel, jaapani nupp "reserveeritud", æŒ‡
ğŸ‰	"soodne", ideogramm, jaapani keel, jaapani nupp "soodne", å¾—
ğŸˆ¹	"allahindlus", ideogramm, jaapani keel, jaapani nupp "allahindlus", å‰²
ğŸˆš	"tasuta", ideogramm, jaapani keel, jaapani nupp "tasuta", ç„¡
ğŸˆ²	"keelatud", ideogramm, jaapani keel, jaapani nupp "keelatud", ç¦
ğŸ‰‘	"vastuvÃµetav", ideogramm, jaapani keel, jaapani nupp "vastuvÃµetav", å¯
ğŸˆ¸	"rakendus", ideogramm, jaapani keel, jaapani nupp "rakendus", ç”³
ğŸˆ´	"sooritatud", ideogramm, jaapani keel, jaapani nupp "sooritatud", åˆ
ğŸˆ³	"vaba", ideogramm, jaapani keel, jaapani nupp "vaba", ç©º
ğŸˆº	"avatud", ideogramm, jaapani keel, jaapani nupp "avatud", å–¶
ğŸˆµ	"pole vaba", ideogramm, jaapani keel, jaapani nupp "pole vaba", æº€
ğŸ”´	geomeetria, punane, punane ring, ring
ğŸ”µ	geomeetria, ring, sinine, sinine ring
ğŸ”¶	geomeetria, oranÅ¾, romb, suur oranÅ¾ romb, teemant
ğŸ”·	geomeetria, romb, sinine, suur sinine romb, teemant
ğŸ”¸	geomeetria, oranÅ¾, romb, teemant, vÃ¤ike oranÅ¾ romb
ğŸ”¹	geomeetria, romb, sinine, teemant, vÃ¤ike sinine romb
ğŸ”º	geomeetria, punane, punane kolmnurk, Ã¼les
ğŸ”»	alla, geomeetria, punane, punane tagurpidi kolmnurk
ğŸ’ 	geomeetria, koomiks, punktiga romb, romb, sees, teemant
ğŸ”˜	geomeetria, nupp, raadio, raadionupp
ğŸ”²	geomeetria, must ruudukujuline nupp, nupp, piirjoon, ruut
ğŸ”³	geomeetria, nupp, piirjoon, ruut, valge ruudukujuline nupp
ğŸ	lipp, ruuduline, ruudulipp, vÃµidusÃµit
ğŸš©	kolmnurk, kolmnurkne lipp, lipp
ğŸŒ	lipp, pidu, ristatud lipud, risti
ğŸ´	lehvimine, lipp, must lipp
ğŸ³â€ğŸŒˆ	lipp, vikerkaar, vikerkaarelipp
ğŸ´â€â˜ 	piraadilipp, piraat, rÃ¶Ã¶vimine, varandus
Â©ï¸	autoriÃµigus
Â®ï¸	registreeritud
â€¼ï¸	hÃ¼Ã¼umÃ¤rk, topelthÃ¼Ã¼umÃ¤rk
â‰ï¸	hÃ¼Ã¼umÃ¤rk, kÃ¼simÃ¤rgiga hÃ¼Ã¼umÃ¤rk, kÃ¼simÃ¤rk
â„¢ï¸	kaubamÃ¤rk, mÃ¤rk
â„¹ï¸	i, info, teabeallikas, teave
â†”ï¸	nool, nool paremale-vasakule
â†•ï¸	nool, nool Ã¼les-alla
â†–ï¸	loe, nool, nool Ã¼les vasakule, suund
â†—ï¸	kirre, nool, nool Ã¼les paremale, suund
â†˜ï¸	kagu, nool, nool alla paremale, suund
â†™ï¸	edel, nool, nool alla vasakule, suund
â†©ï¸	kaardus nool vasakule, nool, vasak
â†ªï¸	kaardus nool paremale, nool, parem
âŒšï¸	kell, kÃ¤ekell
âŒ›ï¸	kell, liiv, liivakell
âŒ¨ï¸	arvuti, klaviatuur
âï¸	nupp, vÃ¤lja, vÃ¤ljutamisnupp
â±ï¸	kell, stopper
â²ï¸	kell, taimer
â³ï¸	kell, liiv, voolava liivaga kell
â¸ï¸	paus, pausinupp, topelt, vertikaalne
â¹ï¸	peatamisnupp, ruut, stopp
âºï¸	ring, salvestamine, salvestusnupp
â“‚ï¸	M ringis, m, ring
â–ªï¸	geomeetria, ruut, vÃ¤ike must ruut
â–«ï¸	geomeetria, ruut, vÃ¤ike valge ruut
â—»ï¸	geomeetria, keskmine valge ruut, ruut
â—¼ï¸	geomeetria, keskmine must ruut, ruut
â—½ï¸	geomeetria, ruut, vÃ¤iksem valge ruut
â—¾ï¸	geomeetria, ruut, vÃ¤iksem must ruut
â˜€ï¸	ere, ilm, kiired, kosmos, pÃ¤ike
â˜ï¸	ilm, pilv
â˜‚ï¸	ilm, riided, vihm, vihmavari
â˜ƒï¸	ilm, kÃ¼lm, lumememm, lumi
â˜„ï¸	komeet, kosmos
â˜ï¸	telefon
â˜‘ï¸	mÃ¤rge, mÃ¤rgitud ruut
â˜”ï¸	ilm, piiskadega vihmavari, piist, riided, vihm, vihmavari
â˜•ï¸	jook, kohv, kuum, kuum jook, tee
â˜˜ï¸	ristik, taim
â˜ï¸	keha, kÃ¤si, nimetissÃµrm, osutamine, sÃµrm, Ã¼les osutav sÃµrm
â˜ ï¸	keha, koletis, kolp, kolp ja sÃ¤Ã¤reluud, kondid, luud, nÃ¤gu, pealuu, surm
â˜¢ï¸	oht, radioaktiivne
â˜£ï¸	bioloogiline, bioloogiline oht, oht
â˜¦ï¸	kristlus, rist, usk, Ãµigeusu rist
â˜ªï¸	islam, moslem, tÃ¤ht ja kuusirp, usk
â˜®ï¸	rahu, rahu sÃ¼mbol
â˜¯ï¸	taoism, usk, yang, yin, yin-yang
â˜¸ï¸	budism, dharma, dharma ratas, ratas, usk
â˜¹ï¸	kulmu kortsutav nÃ¤gu, kulmukortsutus, nÃ¤gu
â˜ºï¸	naeratus, naerunÃ¤gu, nÃ¤gu, piirjoon, rahulik
â™€ï¸	naine, naisesÃ¼mbol, sÃ¼mbol
â™‚ï¸	mees, mehesÃ¼mbol, sÃ¼mbol
â™ˆï¸	JÃ¤Ã¤r, sodiaak
â™‰ï¸	SÃµnn, sodiaak
â™Šï¸	Kaksikud, sodiaak
â™‹ï¸	VÃ¤hk, sodiaak
â™Œï¸	LÃµvi, sodiaak
â™ï¸	Neitsi, sodiaak
â™ï¸	Kaalud, sodiaak
â™ï¸	Skorpion, sodiaak
â™ï¸	Ambur, sodiaak
â™‘ï¸	Kaljukits, sodiaak
â™’ï¸	Veevalaja, sodiaak
â™“ï¸	Kalad, sodiaak
â™Ÿï¸	ettur, kÃµrvalejÃ¤etav, male, tÃ¼ssamine
â™ ï¸	kaart, mast, mÃ¤ng, poti
â™£ï¸	kaart, mast, mÃ¤ng, risti
â™¥ï¸	kaart, mast, mÃ¤ng, Ã¤rtu
â™¦ï¸	kaart, mast, mÃ¤ng, ruutu
â™¨ï¸	allikas, aur, kuum, kuumaveeallikad, soe
â™»ï¸	taaskasutus, taaskasutuse sÃ¼mbol
â™¾ï¸	igavesti, kÃµikehaarav, lÃµpmatu, lÃµpmatus
â™¿ï¸	juurdepÃ¤Ã¤s, ratastool
âš’ï¸	haamer, haamer ja kirka, kirka, tÃ¶Ã¶riist
âš“ï¸	ankur, laev, tÃ¶Ã¶riist
âš”ï¸	mÃµÃµgad, relv, ristatud mÃµÃµgad, risti
âš•ï¸	Asklepios, meditsiin, meditsiinisÃ¼mbol
âš–ï¸	kaalud, kaalukausid, sodiaak, tÃ¶Ã¶riist
âš—ï¸	destilleerimisnÃµu, keemia, tÃ¶Ã¶riist
âš™ï¸	hammasratas, tÃ¶Ã¶riist
âš›ï¸	aatom, aatomi sÃ¼mbol, ateist
âš ï¸	ettevaatust, hoiatus
âš¡ï¸	elekter, kÃµrgepinge, oht, pinge, vÃ¤lk, Å¡okk
âšªï¸	geomeetria, ring, valge ring
âš«ï¸	geomeetria, must ring, ring
âš°ï¸	kirst, surm
âš±ï¸	matus, surm, tuhaurn, urn
âš½ï¸	jalgpall, pall
âš¾ï¸	pall, pesapall
â›„ï¸	ilm, kÃ¼lm, lumememm, lumeta lumememm, lumi
â›…ï¸	ilm, pilv, pÃ¤ike, pÃ¤ike pilve taga
â›ˆï¸	ilm, pilv, vihm, Ã¤ike, Ã¤ikese- ja vihmapilv
â›ï¸	kirka, tÃ¶Ã¶riist
â›‘ï¸	abi, kiirabi, kiiver, mÃ¼ts, nÃ¤gu, rist, valge ristiga kiiver
â›“ï¸	ahel, ahelad, kett
â›”ï¸	keelatud, liiklus, sisenemine, sisenemine keelatud
â›©ï¸	shinto, shinto tempel, tempel, usk
â›ªï¸	kirik, kristlus, maja, rist, usk
â›°ï¸	mÃ¤gi
â›±ï¸	ilm, pÃ¤ike, vihm, vihmavari, vihmavari maas
â›²ï¸	purskkaev
â›³ï¸	auk, golf, golfilipp
â›´ï¸	laev, praam, sÃµiduk
â›µï¸	jaht, meri, paat, puhkus, purjepaat, sÃµiduk
â›·ï¸	lumi, suusataja, suusk
â›¸ï¸	jÃ¤Ã¤, uisk
â›¹ï¸	inimene, inimene palliga, pall
â›ºï¸	laager, telk, telkimine
â›½ï¸	bensiin, kÃ¼tus, kÃ¼tusepump, pump, tankla
âœ‚ï¸	kÃ¤Ã¤rid, tÃ¶Ã¶riist
âœˆï¸	lennuk, sÃµiduk
âœ‰ï¸	e-post, kiri, post, Ã¼mbrik
âœŒï¸	keha, kÃ¤si, v, vÃµit
âœï¸	keha, kirjutamine, kirjutav kÃ¤si, kÃ¤si
âœï¸	pliiats
âœ’ï¸	must sulepea, pastakas, sulepea
âœ”ï¸	mÃ¤rge, suur mÃ¤rge
âœ–ï¸	korrutamine, suur korrutusmÃ¤rk, x
âœï¸	kristlus, ladina rist, rist, usk
âœ¡ï¸	Taaveti tÃ¤ht, judaism, juut, taavet, tÃ¤ht, usk
âœ³ï¸	kaheksa tipuga tÃ¤rn, tÃ¤rn
âœ´ï¸	kaheksa tipuga tÃ¤ht, tÃ¤ht
â„ï¸	ilm, kÃ¼lm, lumehelves, lumi
â‡ï¸	sÃ¤delus
â“ï¸	kirjavahemÃ¤rk, kÃ¼simus, kÃ¼simÃ¤rk
â—ï¸	hÃ¼Ã¼umÃ¤rk, kirjavahemÃ¤rk
â£ï¸	hÃ¼Ã¼umÃ¤rk, kirjavahemÃ¤rk, mÃ¤rk, sÃ¼da, sÃ¼damega hÃ¼Ã¼umÃ¤rk
â¤ï¸	punane sÃ¼da, sÃ¼da
â¡ï¸	ida, nool, nool paremale, suund
â¤´ï¸	kaardus nool Ã¼les, nool, Ã¼les
â¤µï¸	alla, kaardus nool alla, nool
â¬…ï¸	lÃ¤Ã¤s, nool, nool vasakule, suund
â¬†ï¸	nool, nool Ã¼les, pÃµhi, suund
â¬‡ï¸	lÃµuna, nool, nool alla, suund
â¬›ï¸	geomeetria, ruut, suur must ruut
â¬œï¸	geomeetria, ruut, suur valge ruut
â­ï¸	keskmine tÃ¤ht, tÃ¤ht
â­•ï¸	o, rÃµngas, suur ringjoon
ã€°ï¸	kirjavahemÃ¤rk, kriips, laineline, laineline kriips
ã€½ï¸	mÃ¤rk, osa, osa vaheldumise mÃ¤rk
ãŠ—ï¸	"Ãµnnitlused", ideogramm, jaapani keel, jaapani nupp "Ãµnnitlused", ç¥
ãŠ™ï¸	"saladus", ideogramm, jaapani keel, jaapani nupp "saladus", ç§˜
ğŸ€„ï¸	mahjong, mahjongi punane draakon, mÃ¤ng, punane
ğŸ…°ï¸	a, nupp A (veregrupp), veri
ğŸ…±ï¸	b, nupp B (veregrupp), veri
ğŸ…¾ï¸	nupp 0 (veregrupp), o, punane, veri
ğŸ…¿ï¸	nupp P, parkimine, parkla
ğŸˆ‚ï¸	"teenustasu", jaapani keel, jaapani nupp "teenustasu", katakana, ã‚µ
ğŸŒï¸	Ameerika mandrid gloobusel, ameerika, gloobus, maa, maailm
ğŸŒ•ï¸	ilm, kosmos, tÃ¤iskuu
ğŸŒœï¸	ilm, kosmos, kuu, nÃ¤gu, nÃ¤oga kahanev kuu, poolkuu
ğŸŒ¡ï¸	ilm, kraadiklaas
ğŸŒ¤ï¸	ilm, pilv, pÃ¤ike, pÃ¤ike vÃ¤ikese pilve taga
ğŸŒ¥ï¸	ilm, pilv, pÃ¤ike, pÃ¤ike suure pilve taga
ğŸŒ¦ï¸	ilm, pilv, pÃ¤ike, pÃ¤ike vihmapilve taga, vihm
ğŸŒ§ï¸	ilm, pilv, vihm, vihmapilv
ğŸŒ¨ï¸	ilm, kÃ¼lm, lumepilv, lumi, pilv
ğŸŒ©ï¸	ilm, pilv, vÃ¤lk, Ã¤ike, Ã¤ikesepilv
ğŸŒªï¸	ilm, keeris, keeristorm, tornaado
ğŸŒ«ï¸	ilm, pilv, udu
ğŸŒ¬ï¸	ilm, nÃ¤gu, nÃ¤oga kuu, tuul
ğŸŒ¶ï¸	pipar, taim, tuline, tuline pipar
ğŸ¸ï¸	baar, jook, klaas, kokteil, kokteiliklaas
ğŸ½ï¸	kahvel, kahvel, nuga ja taldrik, nuga, taldrik, toit
ğŸ“ï¸	koolilÃµpumÃ¼ts, lÃµpetamine, mÃ¼ts, riided
ğŸ–ï¸	medal, sÃµjamedal, sÃµjavÃ¤gi
ğŸ—ï¸	kollane, kollane lint, lint
ğŸ™ï¸	mikrofon, muusika, stuudio, stuudiomikrofon
ğŸšï¸	liugur, muusika, tase
ğŸ›ï¸	heli, juhtnupud, muusika, nupud
ğŸï¸	film, filmikaadrid, kaadrid, video
ğŸŸï¸	pilet, piletid, sissepÃ¤Ã¤s
ğŸ§ï¸	kÃµrvaklapid
ğŸ¬ï¸	film, klapptahvel, video
ğŸ­ï¸	kunst, lava, lavakunst, mask, teater
ğŸ®ï¸	mÃ¤ng, pult, videomÃ¤ng
ğŸ‚ï¸	lumelaud, lumelaudur, lumi, suusk
ğŸ„ï¸	surfamine, surfar
ğŸ†ï¸	auhind, karikas
ğŸŠï¸	ujuja, ujumine
ğŸ‹ï¸	jÃµutÃµstja, kang, tÃµstja
ğŸŒï¸	golf, golfimÃ¤ngija, pall
ğŸï¸	mootorratas, vÃµidusÃµit
ğŸï¸	auto, vÃµidusÃµiduauto, vÃµidusÃµit
ğŸ”ï¸	kÃ¼lm, lumi, lumine mÃ¤gi, mÃ¤gi
ğŸ•ï¸	telk, telkimine
ğŸ–ï¸	pÃ¤ikesevari, pÃ¤ikesevari rannas, rand
ğŸ—ï¸	ehitus, maja
ğŸ˜ï¸	hoone, maja, majad
ğŸ™ï¸	linn, linna siluett, maja
ğŸšï¸	hoone, mahajÃ¤etud, mahajÃ¤etud maja, maja
ğŸ›ï¸	klassikaline, klassikaline hoone, maja
ğŸœï¸	kÃµrb
ğŸï¸	asustamata, asustamata saar, saar
ğŸï¸	park, rahvuspark
ğŸŸï¸	staadion
ğŸ ï¸	kodu, maja
ğŸ­ï¸	hoone, tehas
ğŸ³ï¸	lehvimine, lipp, valge lipp
ğŸµï¸	lill, rosett, taim
ğŸ·ï¸	silt
ğŸˆï¸	kass, koer, lemmikloom
ğŸ•ï¸	koer, lemmikloom
ğŸŸï¸	kala, sodiaak
ğŸ¦ï¸	lind
ğŸ¿ï¸	orav, vÃ¶Ã¶torav
ğŸ‘ï¸	keha, silm
ğŸ‘‚ï¸	keha, kÃµrv
ğŸ‘†ï¸	keha, kÃ¤si, nimetissÃµrm, osutamine, sÃµrm, Ã¼les osutav sÃµrm tagantvaates
ğŸ‘‡ï¸	alla osutav sÃµrm, keha, kÃ¤si, nimetissÃµrm, osutamine, sÃµrm
ğŸ‘ˆï¸	keha, kÃ¤si, nimetissÃµrm, osutamine, sÃµrm, vasakule osutav sÃµrm
ğŸ‘‰ï¸	keha, kÃ¤si, nimetissÃµrm, osutamine, paremale osutav sÃµrm, sÃµrm
ğŸ‘ï¸	keha, kÃ¤si, meeldib, pÃ¶ial
ğŸ‘ï¸	ei meeldi, keha, kÃ¤si, pÃ¶ial
ğŸ‘“ï¸	mood, prillid, silm
ğŸ‘ªï¸	ema, isa, laps, perekond
ğŸ‘½ï¸	fantaasia, jaapan, koletis, koll, maavÃ¤line, muinasjutt, nÃ¤gu, olend, tulnukas
ğŸ’£ï¸	koomiks, pomm
ğŸ’°ï¸	dollar, kott, raha, rahakott, rahapaun
ğŸ’³ï¸	kaart, krediit, krediitkaart, pank, raha
ğŸ’»ï¸	arvuti, sÃ¼learvuti
ğŸ’¿ï¸	CD, DVD, arvuti, ketas, optiline, optiline ketas
ğŸ“‹ï¸	alus, kirjutamisalus, leht, paber
ğŸ“šï¸	raamat, raamatud
ğŸ“Ÿï¸	peiler, piipar
ğŸ“¤ï¸	alus, kast, kiri, post, vÃ¤ljaminev post
ğŸ“¥ï¸	alus, kast, kiri, post, sissetulev post
ğŸ“¦ï¸	kast, pakk
ğŸ“ªï¸	postkast, suletud, suletud postkast langetatud lipuga
ğŸ“«ï¸	postkast, suletud, suletud postkast tÃµstetud lipuga
ğŸ“¬ï¸	avatud, avatud postkast tÃµstetud lipuga, postkast
ğŸ“­ï¸	avatud, avatud postkast langetatud lipuga, postkast
ğŸ“·ï¸	kaamera, video
ğŸ“¹ï¸	kaamera, video, videokaamera
ğŸ“ºï¸	teler, tv, video
ğŸ“»ï¸	raadio
ğŸ“½ï¸	film, filmiprojektor, kino, projektor, video
ğŸ”ˆï¸	heli, vaikse heliga kÃµlar
ğŸ”’ï¸	lukk, lukus, suletud
ğŸ”“ï¸	avatud, avatud lukk, lukk
ğŸ•‰ï¸	hindu, hinduism, usk
ğŸ•Šï¸	lind, rahu, tuvi
ğŸ•ï¸	00, 1, 1:00, kell, kell Ã¼ks, Ã¼ks
ğŸ•‘ï¸	00, 2, 2:00, kaks, kell, kell kaks
ğŸ•’ï¸	00, 3, 3:00, kell, kell kolm, kolm
ğŸ•“ï¸	00, 4, 4:00, kell, kell neli, neli
ğŸ•”ï¸	00, 5, 5:00, kell, kell viis, viis
ğŸ••ï¸	00, 6, 6:00, kell, kell kuus, kuus
ğŸ•–ï¸	00, 7, 7:00, kell, kell seitse, seitse
ğŸ•—ï¸	00, 8, 8:00, kaheksa, kell, kell kaheksa
ğŸ•˜ï¸	00, 9, 9:00, kell, kell Ã¼heksa, Ã¼heksa
ğŸ•™ï¸	00, 10, 10:00, kell, kell kÃ¼mme, kÃ¼mme
ğŸ•šï¸	00, 11, 11:00, kell, kell Ã¼ksteist, Ã¼ksteist
ğŸ•›ï¸	00, 12, 12:00, kaksteist, kell, kell kaksteist
ğŸ•¯ï¸	kÃ¼Ã¼nal, valgus
ğŸ•°ï¸	kaminakell, kell
ğŸ•³ï¸	auk
ğŸ•´ï¸	hÃµljuv Ã¼likonnaga mees, mees, Ã¤rimees, Ã¼likond
ğŸ•µï¸	detektiiv, spioon, uurija
ğŸ•¶ï¸	prillid, pÃ¤ikeseprillid, silm, tume
ğŸ•·ï¸	Ã¤mblik
ğŸ•¸ï¸	vÃµrk, Ã¤mblik, Ã¤mblikuvÃµrk
ğŸ•¹ï¸	juhtpult, mÃ¤ng, pult
ğŸ–‡ï¸	kirjaklamber, klamber, Ã¼hendatud kirjaklambrid
ğŸ–Šï¸	pastapliiats, pliiats
ğŸ–‹ï¸	pastakas, sulepea
ğŸ–Œï¸	pintsel, vÃ¤rvimine
ğŸ–ï¸	kriit
ğŸ–ï¸	harali, harali sÃµrmedega kÃ¤si, keha, kÃ¤si, sÃµrm
ğŸ–¥ï¸	arvuti, lauaarvuti
ğŸ–¨ï¸	arvuti, printer
ğŸ–±ï¸	arvuti, arvutihiir, hiir, nupp
ğŸ–²ï¸	arvuti, juhtkuul, kuul
ğŸ–¼ï¸	kunst, maal, muuseum, pilt, raamitud pilt
ğŸ—‚ï¸	kaart, register
ğŸ—ƒï¸	dokumendikast, dokument, kast, register
ğŸ—„ï¸	dokumendikapp, dokument, kapp, register
ğŸ—‘ï¸	prÃ¼gi, prÃ¼gikorv
ğŸ—’ï¸	spiraal, spiraalmÃ¤rkmik
ğŸ—“ï¸	kalender, spiraal, spiraalkalender
ğŸ—œï¸	kruustangid, tÃ¶Ã¶riist
ğŸ—ï¸	lukk, vana, vana vÃµti, vÃµti
ğŸ—¡ï¸	nuga, pistoda, relv
ğŸ—£ï¸	kÃµnelev pea, nÃ¤gu, pea, rÃ¤Ã¤kimine, siluett
ğŸ—¨ï¸	dialoog, jutt, jutumull suunaga vasakule
ğŸ—¯ï¸	mull, tige, vihamull suunaga paremale, vihane
ğŸ—³ï¸	hÃ¤Ã¤letus, hÃ¤Ã¤letuskast, kast
ğŸ—ºï¸	kaart, maailm, maailmakaart
ğŸ˜ï¸	erapooletu nÃ¤gu, neutraalne, nÃ¤gu, surmtÃµsine
ğŸš‡ï¸	metroo, rong, sÃµiduk
ğŸšï¸	buss, buss eestvaates, eestvaade
ğŸš‘ï¸	kiirabiauto, sÃµiduk
ğŸš”ï¸	auto, eestvaade, politsei, politseiauto eestvaates, sÃµiduk
ğŸš˜ï¸	auto, auto eestvaates, eestvaade, sÃµiduk
ğŸš­ï¸	keelatud, suitsetamine, suitsetamine keelatud
ğŸš²ï¸	jalgratas, ratas, sÃµiduk
ğŸš¹ï¸	mees, meeste-WC, tualett, wc
ğŸšºï¸	naine, naiste-WC, tualett, wc
ğŸš¼ï¸	beebi, beebi sÃ¼mbol, imik, mÃ¤he
ğŸ›‹ï¸	diivan, diivan ja lamp, hotell, lamp
ğŸ›ï¸	hotell, kott, ostud, ostukotid
ğŸ›ï¸	hotell, jooksupoiss, kell
ğŸ›ï¸	hotell, uni, voodi
ğŸ› ï¸	haamer, haamer ja mutrivÃµti, mutrivÃµti, tÃ¶Ã¶riist
ğŸ›¡ï¸	kilp, relv
ğŸ›¢ï¸	tÃ¼nn, Ãµli, ÃµlitÃ¼nn
ğŸ›£ï¸	kiirtee, tÃ¤nav
ğŸ›¤ï¸	raudtee, raudteerÃ¶Ã¶pad, rong, sÃµiduk
ğŸ›¥ï¸	mootorpaat, paat, sÃµiduk
ğŸ›©ï¸	lennuk, sÃµiduk, vÃ¤ikelennuk
ğŸ›°ï¸	kosmos, satelliit, sÃµiduk
ğŸ›³ï¸	laev, reisija, reisilaev, sÃµiduk
