ğŸ»	peau claire
ğŸ¼	peau, peau modÃ©rÃ©ment claire, type 3
ğŸ½	peau lÃ©gÃ¨rement mate
ğŸ¾	peau, peau modÃ©rÃ©ment foncÃ©e, type 5
ğŸ¿	peau foncÃ©e
ğŸ˜€	grand sourire, large sourire, visage, visage avec large sourire
ğŸ˜	grand sourire, large sourire, sourire, visage, visage radieux et yeux rieurs, Å“il
ğŸ˜‚	joie, larme, rire, visage, visage pleurant de joie
ğŸ¤£	rire, rire Ã  se rouler par terre, se rouler par terre, visage
ğŸ˜ƒ	bouche ouverte, sourire, visage, visage souriant les yeux grands ouverts
ğŸ˜„	bouche ouverte, sourire, visage, visage avec large sourire et yeux rieurs, Å“il
ğŸ˜…	un visage en sueur avec large sourire
ğŸ˜†	bouche ouverte, rire, satisfait, sourire, visage, visage avec large sourire, les yeux fermÃ©s
ğŸ˜‰	clin dâ€™Å“il, visage, visage clignant dâ€™un Å“il
ğŸ˜Š	rougir, sourire, visage, visage souriant les yeux plissÃ©s, Å“il
ğŸ˜‹	dÃ©licieux, menoum, miam, savourant, sourire, visage, visage savourant
ğŸ˜	cool, intelligent, soleil, visage, visage souriant avec des lunettes de soleil
ğŸ˜	amour, sourire, visage, visage souriant aux yeux en forme de cÅ“ur, Å“il
ğŸ˜˜	baiser, visage, visage envoyant un baiser
ğŸ˜—	baiser, visage, visage donnant un baiser
ğŸ˜™	baiser, sourire, visage, visage donnant un baiser avec les yeux plissÃ©s, Å“il
ğŸ˜š	baiser, visage, visage faisant un baiser les yeux fermÃ©s, yeux fermÃ©s
ğŸ™‚	visage avec un lÃ©ger sourire
ğŸ¤—	cÃ¢lin, visage, visage heureux et cÃ¢lin
ğŸ¤©	grand sourire, large sourire, visage, visage aux yeux en forme dâ€™Ã©toiles, yeux, Ã©toile
ğŸ˜¶	visage sans bouche
ğŸ™„	roule des yeux, visage, visage qui roule des yeux, yeux
ğŸ˜	malin, sourire, visage, visage au sourire malin
ğŸ˜¥	visage triste mais soulagÃ©
ğŸ˜®	bouche ouverte, compassion, impressionnÃ©, visage, visage Ã©patÃ©
ğŸ¤	bouche, bouche cousue, fermeture Ã  glissiÃ¨re, visage
ğŸ˜¯	sans voix, stupÃ©fait, surpris, visage, Ã©bahi
ğŸ˜ª	endormi, sommeil, visage
ğŸ˜´	endormi, sommeil, visage, zzz
ğŸ˜Œ	soulagement, soulagÃ©, visage
ğŸ˜›	langue, langue sortie, tire la langue, visage
ğŸ˜œ	clin dâ€™Å“il, langue, tire la langue, visage
ğŸ˜	dÃ©goÃ»t, horrible, langue, visage, yeux plissÃ©s
ğŸ¤¤	visage qui bave
ğŸ˜’	visage dÃ©sabusÃ©
ğŸ˜“	froide, sueur, triste, visage, visage triste et en sueur
ğŸ™ƒ	renversÃ©, visage, visage Ã  lâ€™envers, Ã  lâ€™envers
ğŸ¤‘	argent, bouche, dollar, visage, yeux
ğŸ˜²	choquÃ©, stupÃ©fait, surpris, visage, Ã©tonnÃ©
ğŸ˜¤	fumÃ©e, triomphe, victoire, visage, Ã©nervÃ©
ğŸ˜¢	larmes, pleure, triste, visage, visage en pleure
ğŸ˜­	chaudes larmes, pleure, sanglot, triste, visage
ğŸ˜¦	bouche, bÃ©ante, ouverte, renfrognÃ©, visage
ğŸ˜°	anxieux, bleu, froide, sueur, visage, visage inquiet et en sueur
ğŸ˜±	cri, munch, peur, terreur, visage
ğŸ¥µ	canicule, chaud, fiÃ¨vre, rouge, sueur, visage
ğŸ¥¶	bleu, froid, gelure, gelÃ©, glacial, visage
ğŸ¤ª	amusant, farfelu, idiot, niaiseux, visage
ğŸ˜µ	croches, tournis, visage, yeux, Ã©tourdi
ğŸ˜¡	boudeur, furieux, rouge, visage, Ã©nervÃ©
ğŸ˜ 	en colÃ¨re, furieux, visage
ğŸ¤¬	bipÃ©, blasphÃ¨me, censurÃ©, sacre, visage
ğŸ˜·	docteur, froid, malade, masque, mÃ©dical, visage
ğŸ¤’	indisposÃ©, malade, thermomÃ¨tre, visage
ğŸ¤•	bandage, blessure, blessÃ©, visage, visage bandÃ©
ğŸ¤¢	nausÃ©e, visage, visage Ã©cÅ“urÃ©, Ã©cÅ“urÃ©
ğŸ˜‡	ange, aurÃ©ole, innocent, visage, visage qui sourit avec une aurÃ©ole
ğŸ¥³	chapeau, cÃ©lÃ©bration, fÃªte, sifflet, visage
ğŸ¥´	visage abruti
ğŸ¥º	implorant, pitiÃ©, supplication, visage, yeux de chiot
ğŸ¤¥	mensonge, menteur, pinocchio, visage
ğŸ¤«	chut, doigt sur la bouche, silence, visage
ğŸ¤­	Oups, main sur la bouche, visage
ğŸ§	monocle, sÃ©rieux, visage
ğŸ¤“	geek, lunettes, nerd, niaiseux, tronche, visage, visage de tronche
ğŸ‘¿	cornes, diable, diablotin, dÃ©mon, en colÃ¨re, visage, visage en colÃ¨re avec des cornes
ğŸ‘¹	crÃ©ature, fantastique, monstre, ogre, visage
ğŸ‘º	crÃ©ature, fantastique, gobelin, monstre, visage
ğŸ’€	crÃ¢ne, fantastique, monstre, mort, visage
ğŸ‘¾	alien, crÃ©ature, extraterrestre, monstre, ovni, visage
ğŸ¤–	monstre, robot, visage
ğŸ’©	caca, crotte, marde, merde, visage
ğŸ˜º	bouche, chat, ouverte, sourire, visage
ğŸ˜¸	chat, sourire, visage, yeux rieurs
ğŸ˜¹	chat, joie, larmes, sourire, visage
ğŸ˜»	amoureux, chat, sourire, visage, yeux en forme de cÅ“urs
ğŸ˜¼	chat, en coin, ironique, sourire, visage
ğŸ˜½	baiser, bec, bisou, chat, visage
ğŸ™€	chat, inquiet, surpris, visage, Ã©tonnÃ©
ğŸ˜¿	chat, larmes, pleure, triste, visage
ğŸ˜¾	chat, colÃ¨re, furieux, visage
ğŸ™ˆ	aveugle, rien de mal, singe, visage, yeux couverts
ğŸ™‰	oreilles couvertes, rien de mal, singe, sourd, visage
ğŸ™Š	bouche couverte, muet, rien de mal, singe, visage
ğŸ‘¶	bÃ©bÃ©, petit
ğŸ§’	enfant, genre non dÃ©fini, jeune
ğŸ§‘	adulte, genre non dÃ©fini, personne
ğŸ‘¨	adulte, homme
ğŸ§”	barbe, barbu, personne
ğŸ‘©	adulte, femme
ğŸ§“	adulte, genre non dÃ©fini, personne, Ã¢gÃ©e
ğŸ‘´	adulte, homme, Ã¢gÃ©
ğŸ‘µ	adulte, femme, Ã¢gÃ©e
ğŸ‘¨â€âš–	balance, homme, juge, justice
ğŸ‘¨â€ğŸ­	assemblage, homme, industrie, ouvrier, usine
ğŸ‘©â€ğŸ­	assemblage, femme, industrie, ouvriÃ¨re, usine
ğŸ‘¨â€ğŸ”¬	biologiste, chimiste, homme, physicien, scientifique
ğŸ‘©â€ğŸ”¬	biologiste, chimiste, femme, physicienne, scientifique
ğŸ‘¨â€ğŸ¤	artiste, chanteur, homme, rock, vedette
ğŸ‘©â€ğŸ¤	artiste, chanteuse, femme, rock, vedette
ğŸ‘¨â€ğŸ¨	artiste, homme, peintre
ğŸ‘©â€ğŸ¨	artiste, femme, peintre
ğŸ‘®	agent de la paix, flic, officier, police
ğŸ•µâ€â™€	dÃ©tective, enquÃªteuse, enquÃªtrice, espionne, femme
ğŸ‘¸	conte de fÃ©es, fantastique, princesse
ğŸ‘²	calotte chinoise, chapeau, gua pi mao, homme, homme coiffÃ© dâ€™une calotte chinoise
ğŸ¤µ	complet, homme, homme portant un complet, smoking
ğŸ‘°	mariage, mariÃ©e, voile
ğŸ…	NoÃ«l, cÃ©lÃ©bration, fÃªte, pÃ¨re
ğŸ¤¶	NoÃ«l, cÃ©lÃ©bration, fÃªte, mÃ¨re
ğŸ¦¸	gentil, hÃ©roÃ¯ne, hÃ©ros, super pouvoirs, superhÃ©ros
ğŸ¦¸â€â™€	bien, femme, hÃ©roÃ¯ne, hÃ©ros, super pouvoir
ğŸ¦¸â€â™‚	super-hÃ©ros
ğŸ¦¹	criminel, mal, mÃ©chant, super pouvoir
ğŸ¦¹â€â™€	criminelle, femme, mal, mÃ©chante, super pouvoir
ğŸ¦¹â€â™‚	criminel, homme, mal, mÃ©chant, super pouvoir
ğŸ§™	enchanteur, mage, magicien, sorcier, sorciÃ¨re
ğŸ§™â€â™€	enchanteresse, femme, mage, magicienne, sorciÃ¨re
ğŸ§™â€â™‚	enchanteur, homme, mage, magicien, sorcier
ğŸ§š	fÃ©e, personnage fÃ©Ã©rique
ğŸ§šâ€â™€	femme, fÃ©e
ğŸ§šâ€â™‚	fÃ©etaud, homme
ğŸ§›â€â™€	femme, morte-vivante, vampire
ğŸ§›â€â™‚	Dracula, homme, mort-vivant, vampire
ğŸ§œâ€â™‚	triton
ğŸ§â€â™€	elfe, femme, magique
ğŸ§â€â™‚	elfe, homme, magique
ğŸ§â€â™€	djinn, femme, gÃ©nie
ğŸ§â€â™‚	djinn, gÃ©nie, homme
ğŸ§Ÿâ€â™€	femme, morte-vivante, zombie
ğŸ§Ÿâ€â™‚	homme, mort-vivant, zombie
ğŸ™	froncer, mÃ©contente, personne, personne mÃ©contente, sourcils
ğŸ™â€â™‚	froncement, geste, homme, sourcils
ğŸ™â€â™€	femme, froncement, geste, sourcils
ğŸ™	baboune, bouder, geste, moue
ğŸ™â€â™‚	baboune, boude, geste, homme, moue
ğŸ™â€â™€	baboune, boude, femme, geste, moue
ğŸ™…	Geste de nÃ©gation, dÃ©saccord, interdit, main, nÃ©gation
ğŸ™…â€â™‚	dÃ©saccord, homme, homme faisant un geste de nÃ©gation, interdit, main, nÃ©gation
ğŸ™…â€â™€	dÃ©saccord, femme, femme faisant un geste de nÃ©gation, interdit, main, nÃ©gation
ğŸ™†	OK, accord, affirmation, geste dâ€™affirmation, main
ğŸ™†â€â™‚	OK, accord, affirmation, homme, homme faisant un geste dâ€™affirmation, main
ğŸ™†â€â™€	OK, accord, affirmation, femme, femme faisant un geste dâ€™affirmation, main
ğŸ’	aide, assistance, concierge, guichet, information, personne au guichet, rÃ©ception
ğŸ’â€â™‚	aide, assistant, concierge, guichetier, homme, information, rÃ©ceptionniste
ğŸ’â€â™€	aide, assistante, concierge, femme, guichetiÃ¨re, information, rÃ©ceptionniste
ğŸ™‡	personne qui sâ€™incline
ğŸ™‡â€â™‚	courbette, dÃ©solÃ©, excuses, homme, homme qui sâ€™incline, inclinÃ©
ğŸ™‡â€â™€	courbette, dÃ©solÃ©e, excuses, femme, homme qui sâ€™incline, inclinÃ©e
ğŸ¤¦	exaspÃ©ration, incroyable, main, personne avec paume de la main sur le visage, visage
ğŸ¤¦â€â™‚	exaspÃ©ration, homme, homme avec paume de la main sur le visage, incroyable, main, visage
ğŸ¤¦â€â™€	exaspÃ©ration, femme, femme avec paume de la main sur le visage, incroyable, main, visage
ğŸ¤·	personne qui hausse les Ã©paules
ğŸ’‡â€â™‚	homme qui se fait couper les cheveux
ğŸ’‡â€â™€	femme qui se fait couper les cheveux
ğŸš¶	personne qui marche, piÃ©ton, randonnÃ©e
ğŸš¶â€â™‚	homme, marche, piÃ©ton, randonnÃ©e
ğŸš¶â€â™€	femme, marche, piÃ©tonne, randonnÃ©e
ğŸƒ	personne qui court
ğŸƒâ€â™‚	homme qui court
ğŸƒâ€â™€	femme qui court
ğŸ‘¯	danseuse, femme, fille, oreilles, personnes qui portent des oreilles de lapin
ğŸ‘¯â€â™‚	danseur, fÃªte, homme, hommes qui portent des oreilles de lapin, oreilles de lapin
ğŸ‘¯â€â™€	danseuse, femme, femmes qui portent des oreilles de lapin, fÃªte, oreilles de lapin
ğŸ§–	hammam, personne dans un bain de vapeur, sauna
ğŸ§–â€â™€	femme dans un bain de vapeur, hammam, sauna
ğŸ§–â€â™‚	hammam, homme dans un bain de vapeur, sauna
ğŸ‘¤	buste, silhouette
ğŸ‘¥	bustes, silhouettes
ğŸ¤º	duel, escrime, escrimeur, personne, Ã©pÃ©e
ğŸ‡	chevaux, course, hippique, jockey
ğŸš£	barque, bateau, personne, personne qui rame dans une barque, ramer
ğŸš£â€â™‚	barque, bateau, homme, rameur
ğŸš£â€â™€	barque, bateau, femme, rameuse
â›¹â€â™‚	ballon, homme, homme qui fait rebondir un ballon, rebond, rebondir
â›¹â€â™€	ballon, femme, femme qui fait rebondir un ballon, rebond, rebondir
ğŸ‹â€â™‚	haltÃ¨re, haltÃ©rophile, homme, lever, levÃ©e, poids
ğŸ‹â€â™€	femme, haltÃ¨re, haltÃ©rophile, lever, levÃ©e, poids
ğŸš´	bicyclette, cyclisme, faire du vÃ©lo, personne, vÃ©lo
ğŸš´â€â™‚	bicyclette, cycliste, faire du vÃ©lo, homme, vÃ©lo
ğŸš´â€â™€	bicyclette, cycliste, faire du vÃ©lo, femme, vÃ©lo
ğŸšµ	cyclisme, montagne, personne en vÃ©lo de montagne, vÃ©lo
ğŸšµâ€â™‚	cycliste, homme, homme en vÃ©lo de montagne, montagne, vÃ©lo, vÃ©tÃ©tiste
ğŸšµâ€â™€	cycliste, femme, femme en vÃ©lo de montagne, montagne, vÃ©lo, vÃ©tÃ©tiste
ğŸ¤¸	gymnastique, personne, personne faisant la roue, roue
ğŸ¤¸â€â™‚	gymnaste, homme, roue
ğŸ¤¸â€â™€	femme, gymnaste, roue
ğŸ¤¼	lutte, lutteur, personnes
ğŸ¤¼â€â™‚	hommes, lutte, lutteurs
ğŸ¤¼â€â™€	femmes, lutte, lutteuses
ğŸ¤½	personne, personne qui joue au water-polo, water-polo
ğŸ¤½â€â™‚	homme, joueur de water-polo, water-polo
ğŸ¤½â€â™€	femme, joueuse de water-polo, water-polo
ğŸ¤¾	ballon, handball, personne, personne qui joue au handball
ğŸ¤¾â€â™‚	handball, handballeur, homme
ğŸ¤¾â€â™€	femme, handball, handballeuse
ğŸ‘«	couple, femme, homme, homme et femme se tenant par la main
ğŸ‘¬	couple, deux hommes se tenant par la main, gÃ©meaux, jumeaux, zodiaque
ğŸ‘­	couple, deux femmes se tenant par la main, jumelles
ğŸ’‘	amour, couple, cÅ“ur
ğŸ¤³	appareil photo, autophoto, selfie, tÃ©lÃ©phone
ğŸ–•	doigt dâ€™honneur, main, majeur
ğŸ¤	chance, croisÃ©s, doigts, main
ğŸ––	main, salut, spock, vulcain
ğŸ¤˜	cornes, doigts, main, rock
ğŸ¤™	appel, appelle-moi, main, signe, tÃ©lÃ©phone
âœ‹	levÃ©e, main
ğŸ‘Œ	OK, main
âœŠ	levÃ©, main, pierre, poing
ğŸ¤›	gauche, poing
ğŸ¤œ	droite, poing
ğŸ¤š	dos de main, levÃ©e, main
ğŸ‘‹	coucou, main, signe
ğŸ¤Ÿ	amour, je tâ€™aime, main, signe
ğŸ‘	applaudissements, bravo, main
ğŸ‘	main, ouvertes
ğŸ™Œ	air, cÃ©lÃ©bration, geste, hourra, levÃ©es, mains
ğŸ¤²	moins jointes, paume contre paume, priÃ¨re
ğŸ™	mains, merci, moins jointes, priÃ¨re, svp
ğŸ¤	accord, main, poignÃ©e, poignÃ©e de main, prÃ©sentation, rencontre
ğŸ’…	manucure, maquillage, ongle, vernis
ğŸ‘£	empreinte, pas, pied, trace
ğŸ‘â€ğŸ—¨	bulle, parole, tÃ©moin, Å“il, Å“il dans une bulle de parole
ğŸ’˜	cupidon, cÅ“ur, flÃ¨che
ğŸ’	cÅ“ur, ruban, saint valentin, st valentin
ğŸ’–	cÅ“ur, enthousiaste, Ã©tincelant
ğŸ’—	cÅ“ur, grandissant, nerveux, pouls, pulsations
ğŸ’“	battant, battement, cÅ“ur, pulsations
ğŸ’	cÅ“urs qui tournent
ğŸ’•	deux cÅ“urs
ğŸ’Œ	amour, cÅ“ur, lettre
ğŸ’”	brisÃ©, cÅ“ur
ğŸ§¡	cÅ“ur, orange
ğŸ’›	cÅ“ur, jaune
ğŸ’š	cÅ“ur, vert
ğŸ’™	bleu, cÅ“ur
ğŸ’œ	cÅ“ur, violet
ğŸ’Ÿ	cÅ“ur, dÃ©coration
ğŸ’¤	dormir, endormi, ronfler, zzz
ğŸ’¢	bande dessinÃ©e, colÃ¨re, furieux, symbole
ğŸ’¥	bande dessinÃ©e, collision, explosion
ğŸ’¦	bande dessinÃ©e, goutte, sueur, Ã©claboussure
ğŸ’¨	bande dessinÃ©e, dÃ©camper, filer, fuir, se sauver, sâ€™enfuir
ğŸ’«	bande dessinÃ©e, tournis, Ã©tourdissement
ğŸ’¬	bande dessinÃ©e, bulle, dialogue, parole
ğŸ’­	bande dessinÃ©e, bulle, pensÃ©e
ğŸ¥½	natation, protection des yeux, soudage, soudure
ğŸ¥¼	docteur, expÃ©rience, scientifique
ğŸ‘•	T-shirt, chandail, gaminet, tee-shirt, vÃªtements
ğŸ§¦	bas, chaussettes, pieds
ğŸ‘™	bikini, maillot de bain, vÃªtements
ğŸ‘š	femme, vÃªtements
ğŸ’	sac, sac dâ€™Ã©cole, sac Ã  dos, Ã©cole
ğŸ‘	chaussure, homme, vÃªtements
ğŸ‘Ÿ	chaussure, course, espadrille, sport
ğŸ¥¿	ballerine, chaussure sans lacets, pantoufle
ğŸ‘ 	chaussure, femme, talon, vÃªtements
ğŸ‘¡	chaussure, femme, sandale, sandale Ã  talon, talon, vÃªtements
ğŸ‘¢	botte, chaussure, femme, vÃªtements
ğŸ‘’	chapeau, femme, vÃªtements
ğŸ©	chapeau, haut-de-forme, vÃªtements
ğŸ§¢	casquette de baseball
ğŸ’	bague, diamant
ğŸµ	singe, tÃªte
ğŸ’	singe
ğŸ¦	gorille
ğŸ¶	animal, chien, compagnie, domestique, tÃªte
ğŸ©	animal, caniche, compagnie, domestique
ğŸº	loup, tÃªte
ğŸ¦Š	animal, chat, compagnie, domestique, tÃªte, tÃªterenard
ğŸ±	animal, chat, compagnie, domestique, tÃªte
ğŸ¦	lion, tÃªte, zodiaque
ğŸ¯	tigre, tÃªte
ğŸ…	tigre
ğŸ†	lÃ©opard
ğŸ´	cheval, tÃªte
ğŸ	cheval, course, hippique, Ã©questre
ğŸ¦„	licorne, tÃªte
ğŸ¦Œ	cerf
ğŸ®	tÃªte, vache
ğŸ‚	bÅ“uf, taureau, zodiaque
ğŸƒ	buffle
ğŸ„	vache
ğŸ·	cochon, tÃªte
ğŸ–	cochon, porc
ğŸ—	sanglier
ğŸ½	cochon, groin, nez, nez de cochon, porc
ğŸ	bÃ©lier, zodiaque
ğŸ‘	brebis
ğŸ	capricorne, chÃ¨vre, zodiaque
ğŸª	bosse, dromadaire
ğŸ«	bosses, chameau
ğŸ˜	Ã©lÃ©phant
ğŸ¦	rhinocÃ©ros
ğŸ­	souris, tÃªte
ğŸ	souris
ğŸ€	rat
ğŸ¹	animal, compagnie, domestique, hamster, tÃªte, tÃªte de hamster
ğŸ°	lapin, tÃªte
ğŸ‡	animal, compagnie, domestique, lapin
ğŸ¦‡	chauve-souris, vampire
ğŸ»	ours, tÃªte
ğŸ¨	koala
ğŸ¼	panda, tÃªte, tÃªte de panda
ğŸ¦˜	Australie, bÃ©bÃ© kangourou, marsupial, saut
ğŸ¦¡	blaireau, ratel
ğŸ¾	empreintes, foulÃ©es, marques, pas, pattes, traces
ğŸ¦ƒ	dinde, oiseau
ğŸ”	oiseau, poule
ğŸ“	coq, oiseau
ğŸ£	oiseau, poussin, Ã©closion
ğŸ¤	oiseau, poussin
ğŸ¥	oiseau, poussin de face
ğŸ§	oiseau, pingouin
ğŸ¦†	canard, oiseau
ğŸ¦¢	jeune cygne, oiseau, vilain petit canard
ğŸ¸	grenouille, tÃªte, tÃªte de grenouille
ğŸŠ	crocodile
ğŸ¢	tortue
ğŸ	serpent, serpentaire, zodiaque
ğŸ²	dragon, tÃªte
ğŸ‰	contes, dragon, fantastique, fÃ©es, merveilleux
ğŸ¦–	T. rex, Tyrannosaurus Rex
ğŸ³	baleine, baleine qui expulse de lâ€™eau, expulse de lâ€™eau
ğŸ‹	baleine
ğŸ¬	dauphin, flipper
ğŸ 	poisson, tropical
ğŸ¡	poisson, poisson-globe
ğŸ™	pieuvre
ğŸš	coquille, spirale
ğŸ¦€	cancer, crabe, zodiaque
ğŸ¦	crevette, crustacÃ©, nourriture
ğŸŒ	escargot
ğŸ›	chenille, insecte
ğŸœ	fourmi, insecte
ğŸ	abeille, insecte
ğŸ	bÃªte Ã  bon dieu, catherine, coccinelle, colÃ©optÃ¨re, insecte
ğŸ¦‚	scorpion, zodiaque
ğŸŒ¸	cerisier, fleur
ğŸ’®	blanche, fleur
ğŸŒ²	arbre, conifÃ¨re, feuillage persistant
ğŸŒ¾	plant, riz
ğŸ€	chance, quatre feuilles, trÃ¨fle
ğŸ	feuille, Ã©rable
ğŸ‚	feuille, morte
ğŸƒ	feuille, virevoltante
ğŸ‰	fruit, melon dâ€™eau
ğŸŠ	fruit, orange, tangerine
ğŸ	fruit, pomme, rouge
ğŸ	fruit, pomme, verte
ğŸŒ½	blÃ© dâ€™Inde, maÃ¯s, Ã©pi de blÃ© dâ€™Inde, Ã©pi de maÃ¯s
ğŸ¥¬	chinois, chou, frisÃ©, laitue, pommÃ©
ğŸ¥¦	brocoli, chou sauvage
ğŸ„	champignon, vÃ©nÃ©neux
ğŸ¥œ	arachide, arachides, cacahuÃ¨te, noisette
ğŸ	baguette, pain
ğŸ¥	crÃªpe, crÃªpes, pancake
ğŸ§€	fromage, morceau, morceau de fromage
ğŸ–	os, viande, viande sur son os
ğŸ—	cuisse, os, poulet, volaille
ğŸ¥©	bifteck, bÅ“uf, coupe, morceau, morceau de viande, steak, tranche, viande
ğŸ¥“	bacon
ğŸ”	burger, hambourgeois, hamburger
ğŸŸ	frites, patate
ğŸŒ­	Francfort, chien chaud, hot dog, saucisse
ğŸ¥™	chichekÃ©bab, doner, falafel, gyro, kÃ©bab, pain plat garni, pita
ğŸ¥š	aliment, nourriture, Å“uf
ğŸ³	cuisine, friture, poÃªle, Å“uf
ğŸ¥˜	casserole, nourriture, paella, poÃªle, repas
ğŸ²	bol de nourriture, marmite, ragoÃ»t
ğŸ¿	pop-corn, popcorn
ğŸ§‚	condiment, mÃ©langeur
ğŸ±	bento, boÃ®te, boÃ®te Ã  bento, dÃ©jeuner
ğŸ˜	craquelin, craquelin de riz, riz
ğŸ™	boulette, riz
ğŸš	bol, riz
ğŸ›	curry, riz
ğŸ 	douce, grillÃ©e, patate, patate douce grillÃ©e
ğŸ¢	brochette, fruits de mer, oden
ğŸ¤	crevette, crevette frite
ğŸ¥	gÃ¢teau au poisson, narutomaki, pÃ¢tÃ© de poisson, surimi, surimi avec dÃ©coration
ğŸ¡	Brochette, dango, dessert, japonais, sucrÃ©
ğŸ¥Ÿ	dumpling, empanada, gyÅza, jiaozi, pierogi, potsticker
ğŸ¦	cornet, crÃ¨me glacÃ©e, crÃ¨me glacÃ©e molle, dessert, glace
ğŸ§	glace, glace pilÃ©e, pilÃ©e
ğŸ¨	crÃ¨me, crÃ¨me glacÃ©e, dessert, glace, sucrÃ©
ğŸ©	beigne, beignet, dessert, sucrÃ©
ğŸª	biscuit, dessert, sucrÃ©
ğŸ‚	anniversaire, dessert, fÃªte, gÃ¢teau, gÃ¢teau de fÃªte, pÃ¢tisserie
ğŸ°	dessert, gÃ¢teau, part, pÃ¢tisserie, sucrerie
ğŸ§	cupcake, petit gÃ¢teau, pÃ¢tisserie, sucrerie
ğŸ«	barre, chocolat, dessert, sucrÃ©, tablette de chocolat
ğŸ¬	bonbon, dessert, sucrerie, sucrÃ©
ğŸ­	dessert, sucrerie, sucrÃ©, suÃ§on
ğŸ®	crÃ¨me caramel, dessert, pudding, sucrÃ©
ğŸµ	boisson, tasse, thÃ©
ğŸ¶	bar, boisson, bouteille, sakÃ©, tasse
ğŸ·	bar, boisson, verre, vin
ğŸ¹	cocktail, tropical, verre
ğŸº	bar, biÃ¨re, boisson, chope, chope de biÃ¨re
ğŸ»	bar, biÃ¨re, boisson, chope, chopes de biÃ¨re qui tintent, trinquer
ğŸ¥‚	boisson, cÃ©lÃ©brer, trinquer, verre, verres qui tintent
ğŸ¥ƒ	Verre, bourbon, liqueur, spiritueux, verre, whisky
ğŸ¥¤	jus de fruits, paille, soda, verre, verre avec paille
ğŸ´	couteau, couverts, fourchette, repas
ğŸº	amphore, cuisine, vase, verseau, zodiaque
ğŸŒ	afrique, europe, globe, globe qui montre lâ€™Europe et lâ€™Afrique, monde
ğŸŒ	asie, australie, globe, globe qui montre lâ€™Asie et lâ€™Australie, monde
ğŸŒ	globe, globe qui montre les mÃ©ridiens, monde, mÃ©ridiens, terre
ğŸ—¾	carte, japon
ğŸ§­	magnÃ©tique, navigation, orientation
ğŸŒ‹	montagne, volcan, Ã©ruption
ğŸ—»	Fuji, mont, montagne
ğŸ¡	jardin, logement, maison
ğŸ¢	bureaux, immeuble
ğŸ£	bÃ¢timent, japon, poste, poste japonaise
ğŸ¤	bureau, poste
ğŸ¥	bÃ¢timent, docteur, hÃ´pital
ğŸ©	couples, hÃ´tel, hÃ´tel pour couples
ğŸª	dÃ©panneur, magasin, Ã©picerie
ğŸ¯	chÃ¢teau, japonais
ğŸ°	chÃ¢teau, europÃ©en
ğŸ’’	amour, chapelle, idylle, mariage
ğŸ—½	statue de la LibertÃ©
ğŸŒƒ	nuit, Ã©toiles, Ã©toilÃ©e
ğŸŒ„	lever, lever de soleil sur les montagnes, montagnes, soleil
ğŸŒ…	levant, matin, soleil
ğŸŒ†	coucher, crÃ©puscule, soir, soleil, ville
ğŸŒ‡	coucher, soleil
ğŸŒ‰	nuit, pont, pont de nuit
ğŸŒŒ	Voie lactÃ©e, espace
ğŸ 	carrousel, cheval, cheval de carrousel, manÃ¨ge
ğŸ¡	grande roue, parc dâ€™attractions
ğŸ¢	montagnes, parc dâ€™attractions, russes
ğŸ’ˆ	barbier, coiffure, enseigne
ğŸš‚	chemin de fer, locomotive, moteur, train, vapeur
ğŸšƒ	chemin de fer, train, tram, trolley, voiture, Ã©lectrique
ğŸš„	TGV, chemin de fer, grande vitesse, shinkansen, train, train Ã  grande vitesse
ğŸš…	chemin de fer, shinkansen, superexpress, train, train superexpress, vitesse
ğŸšˆ	chemin de fer, mÃ©tro lÃ©ger, train de banlieue
ğŸš‰	chemin de fer, gare, train
ğŸšŠ	tram, trolley, trolleybus
ğŸš	chemin de fer, montagne, train, voiture, wagon
ğŸš‹	tram, trolley, trolleybus, voiture
ğŸšŒ	autobus, bus, vÃ©hicule
ğŸš	bus, tram, trolley, trolleybus
ğŸš’	autopompe, camion, incendie, pompier
ğŸš“	patrouille, police, voiture
ğŸš–	de face, taxi
ğŸš—	automobile, char, voiture
ğŸš™	loisirs, sport, utilitaire, vÃ©hicule
ğŸšš	camion, livraison
ğŸš›	camion semi-remorque
ğŸš	arrÃªt, autobus, bus
ğŸš¥	circulation, feu, feu de circulation horizontal, horizontal, tricolore
ğŸš¦	circulation, feu, feu de circulation vertical, tricolore, vertical
ğŸ›‘	octogonal, signe, stop
ğŸš¢	bateau, navire, passager
ğŸ›«	avion, avion au dÃ©collage, dÃ©collage, dÃ©part, embarquement
ğŸ›¬	arrivÃ©e, atterrissage, avion, avion Ã  lâ€™atterissage, dÃ©barquement
ğŸšŸ	suspendu, train
ğŸš 	tÃ©lÃ©cabine
ğŸš¡	funiculaire, tramway, tÃ©lÃ©phÃ©rique, voiture, wagon
ğŸ•§	00 h 30, 12 h 30, midi et demie, minuit et demie
ğŸŒ‘	lune, nouvelle
ğŸŒ’	lune, premier croissant, premier croissant de lune
ğŸŒ“	premier quartier de lune
ğŸŒ”	gibbeuse croissante, lune
ğŸŒ–	gibbeuse dÃ©croissante, lune
ğŸŒ—	dernier quartier, dernier quartier de lune, lune
ğŸŒ˜	dernier croissant, dernier croissant de lune, lune
ğŸŒ™	croissant, lune
ğŸŒš	lune, nouvelle, nouvelle lune avec visage, visage
ğŸŒ›	lune, premier quartier, premier quartier de lune avec visage, visage
ğŸŒ	lune, pleine, pleine lune avec visage, visage
ğŸŒ	soleil, soleil avec visage, visage
ğŸŒŸ	brillante, Ã©toile
ğŸŒ 	filante, Ã©toile
ğŸŒ€	cyclone, ouragan, tourbillon, typhon
ğŸŒˆ	arc-en-ciel, pluie
ğŸŒ‚	fermÃ©, parapluie, pluie, vÃªtement
ğŸ”¥	feu, flamme, outil
ğŸ’§	bande dessinÃ©e, eau, goutte, goutte dâ€™eau, gouttelette, sueur
ğŸŒŠ	eau, mer, ocÃ©an, vague
ğŸ„	cÃ©lÃ©bration, noÃ«l, sapin de NoÃ«l
ğŸ†	artifice, cÃ©lÃ©bration, feu
ğŸ‡	artifice, bengale, cÃ©lÃ©bration, feu, feu de Bengale
âœ¨	Ã©tincelles, Ã©toile
ğŸˆ	ballon, ballon de fÃªte, fÃªte
ğŸ‰	confettis, cornet, cornet Ã  confettis, cÃ©lÃ©bration, fÃªte
ğŸŠ	boule, boule de confetti, confettis, cÃ©lÃ©bration, fÃªte
ğŸ‹	arbre, arbre Ã  priÃ¨res, japonais, tanabata
ğŸ	bambou, composition florale, composition florale japonaise, cÃ©lÃ©bration, japonais
ğŸ	festival, japonais, japonaises, poupÃ©es
ğŸ	carillon, carillon Ã  vent, clochette, fÃªte, vent
ğŸ‘	cÃ©rÃ©monie, cÃ©rÃ©monie dâ€™observation de la lune, lune
ğŸ	anniversaire, cadeau, cÃ©lÃ©bration, fÃªte, prÃ©sent
ğŸ…	mÃ©daille, sportive
ğŸ¥‡	1er, 1re, mÃ©daille, or, premiÃ¨re place
ğŸ¥ˆ	2e, argent, deuxiÃ¨me, deuxiÃ¨me place, mÃ©daille
ğŸ¥‰	3e, bronze, mÃ©daille, troisiÃ¨me, troisiÃ¨me place
ğŸ¥	balle, balle molle, gant, molle, softball
ğŸ€	ballon, ballon de basket, basket, basketball, panier
ğŸ	ballon, ballon de volley, volley
ğŸˆ	ballon, ballon de football, football
ğŸ‰	ballon, ballon de rugby, rugby
ğŸ¾	balle, raquette, tennis
ğŸ¥	disque dâ€™Ã©quipe, disque volant
ğŸ³	boule, bowling, jeu de quilles, quilles
ğŸ	balle, bÃ¢ton, cricket
ğŸ‘	balle, bÃ¢ton, gazon, hockey
ğŸ’	bÃ¢ton, disque, glace, hockey, rondelle
ğŸ“	balle, ping-pong, raquette, table, tennis, tennis de table
ğŸ¸	badminton, moineau, raquette, volant
ğŸ¥Š	boxe, gant
ğŸ¥‹	arts martiaux, judo, karatÃ©, kimono, taekwondo, uniforme dâ€™arts martiaux
ğŸ¥…	but, cage, filet
ğŸ£	canne, ligne, pÃªche
ğŸ½	athlÃ©tisme, banderole, course, maillot, maillot de course, t-shirt
ğŸ¿	neige, ski, skis
ğŸ¯	cible, dans le mille, flÃ©chette
ğŸ”®	boule, cristal
ğŸ§¿	amulette, mauvais Å“il, nazar, talisman
ğŸ²	dÃ©, jeu
ğŸ§©	casse-tÃªte, piÃ¨ce
ğŸƒ	carte, jeu, joker
ğŸ´	jeu des fleurs
ğŸ¨	art, musÃ©e, palette, peinture
ğŸ”‡	enceinte, haut-parleur, silence, son, son coupÃ©
ğŸ”‰	son moyen, volume moyen
ğŸ”Š	son fort, son puissant, son Ã©levÃ©, volume fort, volume Ã©levÃ©
ğŸ“¢	bruyant, discours, haut-parleur, porte-voix
ğŸ“¯	cor de facteur, facteur, poste
ğŸ”•	barrÃ©e, cloche, cloche barrÃ©e, silence, silencieux
ğŸ“±	tÃ©lÃ©phone, tÃ©lÃ©phone cellulaire
ğŸ“²	appel, tÃ©lÃ©phone cellulaire prÃ©cÃ©dÃ© par une flÃ¨che
ğŸ“	rÃ©cepteur tÃ©lÃ©phonique, tÃ©lÃ©phone
ğŸ“ 	tÃ©lÃ©copieur
ğŸ”‹	batterie, pile
ğŸ”Œ	prise, prise Ã©lectrique
ğŸ’½	disque, disque dur, optique, ordinateur
ğŸ“€	DVD, blu-ray, disque, ordinateur
ğŸ“¸	appareil photo, flash
ğŸ“¼	cassette, vhs, vidÃ©o
ğŸ”	agrandir, loupe, outil, rechercher
ğŸ”	agrandir, loupe, outil, rechercher
ğŸ’¡	ampoule, idÃ©e, lumiÃ¨re
ğŸ”¦	lampe de poche, lumiÃ¨re
ğŸ®	japonais, lanterne, lanterne dâ€™izakaya, lumiÃ¨re, rouge
ğŸ“”	bloc-notes, carnet avec couverture dÃ©corative, couverture, livre
ğŸ““	cahier, carnet
ğŸ“’	carnet de compte
ğŸ“‘	marque, marqueur, onglets, signet
ğŸ’´	billet, yen, yens
ğŸ’µ	billet, dollar, dollars
ğŸ’¶	billet, euro, euros
ğŸ’·	billet, livre, livres
ğŸ’¹	courbe, courbe croissante prÃ©cÃ©dÃ©e du symbole du yen, croissance, graphique, monnaie, yen
ğŸ’±	argent, banque, change, devise
ğŸ’²	argent, devise, dollar, symbole du dollar en gras
ğŸ“§	courriel, courrier, lettre
ğŸ“©	courriel, enveloppe, envoi, flÃ¨che
ğŸ“®	boÃ®te aux lettres, boÃ®te postale, courrier
ğŸ“†	calendrier, calendrier Ã  effeuiller, Ã©phÃ©mÃ©ride
ğŸ“‡	carte, fiche, index, rolodex
ğŸ“ˆ	graphique, hausse
ğŸ“‰	baisse, graphique
ğŸ“Š	barres, graphique
ğŸ“Œ	fournitures, Ã©pingle
ğŸ“	fournitures, Ã©pingle Ã  tÃªte ronde
ğŸ”	cadenas, confidentialitÃ©, encre, stylo
ğŸ”	cadenas, cadenas avec clÃ©, clÃ©, fermÃ©, sÃ»r, verrouillÃ©
ğŸ¹	arc, flÃ¨che, sagittaire, zodiaque
ğŸ”©	outil, vis, Ã©crou
ğŸ”—	chaÃ®nons
ğŸ”¬	microscope, outi, science
ğŸš½	cabinet de toilette, siÃ¨ge de toilette, toilettes
ğŸ§»	essuie-mai, essuie-tout, papier hygiÃ©nique, papier toilette
ğŸ§¼	bain, mousse, pain, savon, savonnette
ğŸ›’	chariot, panier, panier dâ€™Ã©picerie, shopping
ğŸ—¿	moaÃ¯, statue
ğŸ§	bancaire, banque, gab, guichet, guichet automatique bancaire
ğŸš»	toilettes
ğŸš¾	symbole Toilettes, toilettes
ğŸ›‚	contrÃ´le, douane, passeport
ğŸ›„	bagages, retrait des bagages, tapis Ã  bagages
ğŸ›…	bagages, consigne Ã  bagages
ğŸš¸	attention, enfants, circulation, enfant, passage dâ€™enfants, piÃ©tons
ğŸš«	interdit
ğŸš¯	dÃ©chet, interdiction, interdit, ordure
ğŸš±	eau, non potable
ğŸ“µ	cellulaire, interdiction, interdit, mobile, portable, tÃ©lÃ©phones cellulaires interdits
ğŸ”	18, dix-huit, interdiction
ğŸ”ƒ	flÃ¨che, flÃ¨ches verticales dans le sens horaire, horaire, recharger, sens des aiguilles dâ€™une montre, vertical
ğŸ”„	antihoraire, flÃ¨che, flÃ¨ches verticales dans le sens antihoraire, sens inverse des aiguilles dâ€™une montre
ğŸ”™	back, flÃ¨che, retour, Ã©tiquette Â«Â BACKÂ Â» et flÃ¨che
ğŸ”š	end, fin, flÃ¨che, Ã©tiquette Â« END Â» et flÃ¨che
ğŸ”›	en marche, flÃ¨che, on, Ã©tiquette Â« ON! Â» et flÃ¨che
ğŸ”œ	bientÃ´t, flÃ¨che, soon, Ã©tiquette Â« SOON Â» et flÃ¨che
ğŸ”	dessus, flÃ¨che, haut, top, Ã©tiquette Â« TOP Â» et flÃ¨che
ğŸ•	chandelier, menora, religion
ğŸ”¯	6 branches, fortune, six branches, Ã©toile, Ã©toile Ã  6 branches et point au milieu
â›	Serpentaire, zodiaque
ğŸ”€	alÃ©atoire, bouton de lecture alÃ©atoire, croisÃ©es, flÃ¨ches
ğŸ”	bouton de rÃ©pÃ©tition, flÃ¨ches, horaire, rÃ©pÃ©ter, rÃ©pÃ©tition, sens des aiguilles dâ€™une montre
ğŸ”‚	bouton de rÃ©pÃ©tition unique, flÃ¨ches, horaire, rÃ©pÃ©ter une fois, rÃ©pÃ©tition unique, sens des aiguilles dâ€™une montre
â–¶	bouton de lecture
â©	avance rapide, bouton dâ€™avance rapide, double, flÃ¨ches, rapide
â­	flÃ¨ches, piste suivante, suivant, triangle
â¯	droite, flÃ¨che, lecture, pause, triangle
â—€	bouton de retour
âª	bouton de retour rapide, double, flÃ¨ches, rapide, rembobiner, retour rapide
â®	flÃ¨ches, piste prÃ©cÃ©dente, prÃ©cÃ©dent, triangle
ğŸ”¼	bouton vers le haut, flÃ¨che, haut, triangle
â«	accÃ¨s rapide vers le haut, bouton dâ€™accÃ¨s rapide vers le haut, double, flÃ¨che, triangle
ğŸ”½	bas, bouton vers le bas, flÃ¨che, triangle
â¬	accÃ¨s rapide vers le bas, bouton dâ€™accÃ¨s rapide vers le bas, double, flÃ¨che, triangle
ğŸ”…	faible, luminositÃ©
ğŸ”†	luminositÃ©, Ã©levÃ©e
ğŸ“¶	barres de signal
ğŸ“³	cellulaire, mobile, mode, mode vibration, tÃ©lÃ©phone, vibration
ğŸ“´	cellulaire, mobile, tÃ©lÃ©phone, tÃ©lÃ©phone cellulaire Ã©teint, Ã©teint
ğŸ”°	chevron, dÃ©butant, feuille, japonais, symbole, symbole japonais du dÃ©butant
âœ…	coche, coche blanche, marque
âŒ	annuler, croix, multiplication, multiplier, x
â•	addition, math, mathÃ©matique, plus, signe dâ€™addition, somme
â–	math, mathÃ©matique, moins, signe de soustraction, soustraction, soustraire
â—	diviser, division, math, mathÃ©matique, signe de division
â”	point dâ€™interrogation, point dâ€™interrogation blanc, ponctuation, question
â•	point dâ€™exclamation, point dâ€™exclamation blanc, ponctuation, question
ğŸ’¯	cent, cent points, marque, score
ğŸ” 	ABCD, latin, lettres, majuscules, saisie
ğŸ”¡	abcd, latin, lettres, minuscules, saisie
ğŸ”¢	1234, chiffres, nombres, saisie
ğŸ”£	saisie, symboles, ã€’â™ª&%
ğŸ”¤	abc, alphabet, latin, lettres, saisie
ğŸ†	ab, groupe sanguin
ğŸ†‘	cl, effacer
ğŸ†’	cool
ğŸ†“	free
ğŸ†”	id, identitfiant, identitÃ©
ğŸ†•	new, nouveau
ğŸ†–	NG, interdit, no go, not good, pas bon
ğŸ†—	OK
ğŸ†˜	SOS, aide, secours
ğŸ†™	icÃ´ne UP!, nouveau, nouveautÃ©, up
ğŸ†š	c., contre, vs
ğŸˆ	ici, japonais, katakana, symbole japonais signifiant Â«Â iciÂ Â», ã‚³ã‚³
ğŸˆ·	idÃ©ogramme, japonais, montant mensuel, symbole japonais signifiant Â«Â montant mensuelÂ Â», æœˆ
ğŸˆ¶	idÃ©ogramme, japonais, payant, symbole japonais signifiant Â«Â payantÂ Â», æœ‰
ğŸˆ¯	idÃ©ogramme, japonais, rÃ©servÃ©, symbole japonais signifiant Â«Â rÃ©servÃ©Â Â», æŒ‡
ğŸ‰	aubaine, idÃ©ogramme, japonais, symbole japonais signifiant Â«Â aubaineÂ Â», æŒ‡
ğŸˆ¹	idÃ©ogramme, japonais, rabais, symbole japonais signifiant Â«Â rabaisÂ Â», å‰²
ğŸˆš	gratuit, idÃ©ogramme, japonais, symbole japonais signifiant Â«Â gratuitÂ Â», ç„¡
ğŸˆ²	idÃ©ogramme, interdit, japonais, symbole japonais signifiant Â«Â interditÂ Â», ç¦
ğŸ‰‘	acceptable, idÃ©ogramme, japonais, symbole japonais signifiant Â«Â acceptableÂ Â», å¯
ğŸˆ¸	application, idÃ©ogramme, japonais, symbole japonais signifiant Â«Â applicationÂ Â», ç”³
ğŸˆ´	idÃ©ogramme, japonais, note de passage, symbole japonais signifiant Â«Â note de passageÂ Â», åˆ
ğŸˆ³	idÃ©ogramme, japonais, places disponibles, symbole japonais signifiant Â«Â places disponiblesÂ Â», ç©º
ğŸˆº	idÃ©ogramme, japonais, ouvert, symbole japonais signifiant Â«Â ouvertÂ Â», å–¶
ğŸˆµ	complet, idÃ©ogramme, japonais, symbole japonais signifiant Â«Â completÂ Â», æº€
ğŸ”´	cercle, gÃ©omÃ©trie, rond, rouge, sphÃ¨re
ğŸ”µ	rond bleu
ğŸ”¶	grand losange, gÃ©omÃ©trie, orange
ğŸ”·	bleu, grand losange, gÃ©omÃ©trie
ğŸ”¸	gÃ©omÃ©trie, orange, petit losange
ğŸ”¹	bleu, gÃ©omÃ©trie, petit losange
ğŸ”º	gÃ©omÃ©trie, rouge, triangle qui pointe vers le haut, triangle rouge qui pointe vers le haut
ğŸ”»	gÃ©omÃ©trie, rouge, triangle qui pointe vers le bas, triangle rouge qui pointe vers le bas
ğŸ”²	bouton, bouton reprÃ©sentant un carrÃ© noir, carrÃ© noir, gÃ©omÃ©trie
ğŸ”³	bouton, bouton reprÃ©sentant un carrÃ© blanc, carrÃ© blanc, gÃ©omÃ©trie
Â©ï¸	copyright
â€¼ï¸	double, point dâ€™exclamation, ponctuation
â‰ï¸	point dâ€™exclamation, point dâ€™interrogation, ponctuation, question
â„¢ï¸	marque de commerce, marque dÃ©posÃ©e, md
â„¹ï¸	i, informations
â†”ï¸	droite gauche, flÃ¨che, flÃ¨che pointant Ã  gauche et Ã  droite, gauche droite, Ã  droite et Ã  gauche, Ã  gauche et Ã  droite
â†•ï¸	bas haut, en bas et en haut, en haut et en bas, flÃ¨che, flÃ¨che pointant vers le haut et vers le bas, haut bas
â†–ï¸	direction, en haut Ã  gauche, flÃ¨che, flÃ¨che pointant vers le haut Ã  gauche, nord-ouest, point intercardinal
â†—ï¸	direction, en haut Ã  droite, flÃ¨che, flÃ¨che pointant vers le haut Ã  droite, nord-est, point intercardinal
â†˜ï¸	direction, en bas Ã  droite, flÃ¨che pointant vers le bas Ã  droite, lÃ¨che, point intercardinal, sud-est
â†™ï¸	direction, en bas Ã  gauche, flÃ¨che, flÃ¨che pointant vers le bas Ã  gauche, point intercardinal, sud-ouest
â†©ï¸	courbe vers la gauche, flÃ¨che, flÃ¨che courbe vers la gauche
â†ªï¸	courbe vers la droite, flÃ¨che, flÃ¨che courbe vers la droite
â²ï¸	heure, minuteur
â³ï¸	en cours, minuteur, sable, sablier
â¸ï¸	barres, double, pause, vertical
â¹ï¸	bouton, carrÃ©, stop
âºï¸	bouton, cercle, enregistrement
â—»ï¸	carrÃ© blanc de taille moyenne, forme, gÃ©omÃ©trie
â—¼ï¸	carrÃ© noir de taille moyenne, forme, gÃ©omÃ©trie
â—½ï¸	carrÃ© blanc de taille intermÃ©diaire, forme, gÃ©omÃ©trie
â—¾ï¸	carrÃ© noir de taille intermÃ©diaire, forme, gÃ©omÃ©trie
â˜‚ï¸	parapluie, pluie, vÃªtement
â˜ƒï¸	bonhomme de neige, bonhomme de neige avec flocons, flocons, froid, neige
â˜”ï¸	gouttes, parapluie, parapluie avec gouttes de pluie, pluie
â˜•ï¸	boisson chaude, cafÃ©, thÃ©
â˜˜ï¸	plante, trois feuilles, trÃ¨fle, trÃ¨fle Ã  trois feuilles
â˜ï¸	index pointant vers le haut
â˜£ï¸	biologique, danger
â˜¦ï¸	chrÃ©tien, croix, orthodoxe, rÃ©ligion
â˜ªï¸	croissant, islam, musulman, religion, Ã©toile, Ã©toile et croissant de lune
â˜ºï¸	visage souriant
â™ˆï¸	BÃ©lier zodiaque, bÃ©lier, zodiaque
â™‰ï¸	Taureau, zodiaque
â™Šï¸	GÃ©meaux, zodiaque
â™‹ï¸	Cancer, zodiaque
â™Œï¸	Lion, zodiaque
â™ï¸	Vierge, zodiaque
â™ï¸	Balance, zodiaque
â™ï¸	Scorpion, Scorpion zodiaque, zodiaque
â™ï¸	Sagittaire, zodiaque
â™‘ï¸	Capricorne, zodiaque
â™’ï¸	Verseau, zodiaque
â™“ï¸	Poissons, zodiaque
â™Ÿï¸	duper, pion, sacrifiable, Ã©chec
â™£ï¸	carte, couleur, jeu, trÃ¨fle
â™¥ï¸	carte, couleur, cÅ“ur, jeu
â™¨ï¸	source, sources thermales, thermale
â™»ï¸	recyclage, symbole de recyclage
â™¿ï¸	accÃ¨s handicapÃ©s, symbole de fauteuil roulant
âš’ï¸	marteau, marteau et pic, pic
âš•ï¸	symbole la mÃ©decine
âš–ï¸	balance, balance Ã  poids, zodiaque
âš™ï¸	engrenage, outil
âš ï¸	avertissement
âš¡ï¸	danger, haute tension, Ã©lectricitÃ©
âšªï¸	rond blanc
âš«ï¸	rond noir
âš½ï¸	ballon, ballon de soccer, foot, football, soccer
âš¾ï¸	balle, baseball
â›„ï¸	bonhomme de neige, froid, neige, sans
â›…ï¸	nuage, nuageux, soleil, soleil derriÃ¨re un nuage
â›ˆï¸	nuage, nuage avec Ã©clair et pluie, pluie, Ã©clair
â›ï¸	mine, outil, pic
â›‘ï¸	casque, casque avec une croix blanche, chapeau, croix, secours, visage
â›©ï¸	sanctuaire, shinto
â›±ï¸	mÃ©tÃ©o, parapluie, parasol, pluie, soleil
â›³ï¸	drapeau, golf, trou
â›´ï¸	bateau, passager, traversier
â›µï¸	bateau, mer, voile, voilier, yacht
â›·ï¸	ski, skier, skieur, sport
â›¸ï¸	glace, patin
â›¹ï¸	ballon, personne qui fait rebondir un ballon, rebond, rebondir
â›½ï¸	carburant, diesel, essence, pompe, station
âœˆï¸	avion
âœ‰ï¸	courriel, courrier, enveloppe, lettre
âœŒï¸	V de la victoire, ciseaux, victoire
âœï¸	main, Ã©crire
âœ’ï¸	plume noire, stylo
âœ”ï¸	coche, coche noire, marque
âœ–ï¸	annuler, fois, multiplication, multiplier, signe de multiplication, x
âœ³ï¸	astÃ©rique, astÃ©rique Ã  huit branches, huit branches
âœ´ï¸	huit branches, Ã©toile, Ã©toile Ã  huit branches
â„ï¸	flocon, flocon de neige, froid, neige
â£ï¸	cÅ“ur, exclamation, point
â¤ï¸	cÅ“ur, rouge
â¡ï¸	direction, est, flÃ¨che, flÃ¨che pointant vers la droite, point cardinal, Ã  droite
â¤´ï¸	courbe vers le haut, flÃ¨che, flÃ¨che courbe vers le haut
â¤µï¸	courbe vers le bas, flÃ¨che, flÃ¨che courbe vers le bas
â¬…ï¸	direction, flÃ¨che, flÃ¨che pointant vers la gauche, ouest, point cardinal, Ã  gauche
â¬†ï¸	direction, en haut, flÃ¨che, flÃ¨che pointant vers le haut, nord, point cardinal
â¬‡ï¸	direction, en bas, flÃ¨che, flÃ¨che pointant vers le bas, point cardinal, sud
â­ï¸	Ã©toile, Ã©toile blanche moyenne
â­•ï¸	cercle, grand cercle Ã©pais
ã€½ï¸	dÃ©but de la musique, japonais, marque, partition, symbole, symbole japonais indiquant le dÃ©but de la musique
ãŠ—ï¸	fÃ©licitations, idÃ©ogramme, japonais, symbole japonais signifiant Â«Â fÃ©licitationsÂ Â», ç¥
ãŠ™ï¸	idÃ©ogramme, japonais, secret, symbole japonais signifiant Â«Â secretÂ Â», ç§˜
ğŸ€„ï¸	dragon, mahjong, rouge
ğŸ…°ï¸	a, groupe sanguin
ğŸ…±ï¸	ab, groupe sanguin
ğŸ…¾ï¸	groupe sanguin, o
ğŸ…¿ï¸	icÃ´ne Stationnement, parking, stationnement
ğŸˆ‚ï¸	japonais, katakana, payant, service, symbole japonais signifiant Â«Â serviceÂ Â» ou Â«Â service payantÂ Â», ã‚µ
ğŸŒï¸	amÃ©rique, globe, globe qui montre lâ€™AmÃ©rique, monde
ğŸŒ•ï¸	lune, pleine
ğŸŒœï¸	dernier quartier, dernier quartier de lune avec visage, lune, visage
ğŸŒ¤ï¸	nuage, petit nuage, soleil, soleil derriÃ¨re un petit nuage
ğŸŒ¥ï¸	gros nuage, nuage, soleil, soleil derriÃ¨re un gros nuage
ğŸŒ¦ï¸	nuage, nuage de pluie, soleil, soleil derriÃ¨re un nuage de pluie
ğŸŒ§ï¸	nuage, nuage de pluie, pluie
ğŸŒ¨ï¸	flocons, neige, nuage, nuage avec de la neige
ğŸŒ©ï¸	nuage, nuage avec un Ã©clair, Ã©clair
ğŸŒªï¸	nuage, tornade, tourbillon
ğŸŒ«ï¸	brouillard, nuage
ğŸŒ¬ï¸	mÃ©tÃ©o, souffle, vent, visage, visage qui souffle du vent
ğŸ½ï¸	assiette, couteau, couverts, fourchette
ğŸ“ï¸	chapeau, chapeau de diplÃ´mÃ©, diplÃ´mÃ©, mortier, remise de diplÃ´mes, vÃªtements
ğŸ–ï¸	dÃ©coration, militaire, mÃ©daille
ğŸ—ï¸	commÃ©moratif, ruban, ruban commÃ©moratif, souvenir
ğŸŸï¸	billet, entrÃ©e, spectacle
ğŸ§ï¸	casque dâ€™Ã©coute, Ã©couteur
ğŸ­ï¸	art, arts du spectacle, masque, spectacle, thÃ©Ã¢tre
ğŸ‚ï¸	neige, planche de neige, planchiste, ski
ğŸ„ï¸	personne, personne qui fait du surf, surf
ğŸŠï¸	nager, natation, personne qui nage
ğŸ‹ï¸	haltÃ¨re, haltÃ©rophilie, lever, levÃ©e, poids
ğŸï¸	course, voiture
ğŸ”ï¸	enneigÃ©e, montagne, neige
ğŸ–ï¸	parasol, plage, plage et parasol
ğŸ—ï¸	bÃ¢timent, construction
ğŸ™ï¸	bÃ¢timent, paysage urbain, ville
ğŸšï¸	abandonnÃ©e, maison, ruine
ğŸ›ï¸	classique, monument
ğŸï¸	dÃ©serte, Ã®le
ğŸï¸	national, parc
ğŸˆï¸	animal, chat, compagnie, domestique
ğŸ•ï¸	animal, chien, compagnie, domestique
ğŸ¦ï¸	oiseau
ğŸ¿ï¸	tamia
ğŸ‘†ï¸	dos de la main avec index pointant vers le haut, haut, index, main
ğŸ‘‡ï¸	bas, dos de la main avec index pointant vers le bas, index, main
ğŸ‘ˆï¸	dos de la main avec index pointant vers la gauche, gauche, index, main
ğŸ‘‰ï¸	dos de la main avec index pointant vers la droite, droite, index, main
ğŸ‘ï¸	OK, gÃ©nial, oui, pouce vers le haut, super
ğŸ‘ï¸	non, nul, nÃ©gatif, pouce vers le bas
ğŸ‘½ï¸	alien, crÃ©ature, extraterrestre, fantastique, ovni, visage
ğŸ’£ï¸	bande dessinÃ©e, bombe
ğŸ’³ï¸	argent, carte, carte de crÃ©dit, crÃ©dit
ğŸ’¿ï¸	CD, disque, ordinateur
ğŸ“‹ï¸	fournitures, presse-papiers
ğŸ“Ÿï¸	pager, tÃ©lÃ©avertisseur
ğŸ“ªï¸	boÃ®te aux lettres, boÃ®te aux lettres fermÃ©e, boÃ®te aux lettres fermÃ©e avec drapeau baissÃ©, courrier, drapeau baissÃ©
ğŸ“«ï¸	boÃ®te aux lettres, boÃ®te aux lettres fermÃ©e, boÃ®te aux lettres fermÃ©e avec drapeau levÃ©, courrier, drapeau levÃ©
ğŸ“¬ï¸	boÃ®te aux lettres, boÃ®te aux lettres ouverte, boÃ®te aux lettres ouverte avec drapeau levÃ©, courrier, drapeau levÃ©
ğŸ“­ï¸	boÃ®te aux lettres, boÃ®te aux lettres ouverte, boÃ®te aux lettres ouverte avec drapeau baissÃ©, courrier, drapeau baissÃ©
ğŸ“ºï¸	TV, tÃ©lÃ©, tÃ©lÃ©viseur, tÃ©lÃ©vision, vidÃ©o
ğŸ“½ï¸	cinÃ©ma, film, projecteur, vidÃ©o
ğŸ”ˆï¸	son bas, volume bas, volume faible
ğŸ”’ï¸	cadenas, fermÃ©, verrouiller, verrouillÃ©
ğŸ”“ï¸	cadenas, dÃ©verrouiller, dÃ©verrouillÃ©, ouvert
ğŸ•›ï¸	0 h, 12 h, midi, minuit
ğŸ•°ï¸	horloge, pendule de cheminÃ©e
ğŸ•´ï¸	affaires, complet, homme, lÃ©vitation
ğŸ•·ï¸	araignÃ©e
ğŸ•¸ï¸	araignÃ©e, toile
ğŸ–‡ï¸	fournitures, trombones accrochÃ©s
ğŸ–‹ï¸	stylo, stylo-plume
ğŸ–ï¸	crayon de cire, crayon pastel
ğŸ–ï¸	doigts Ã©cartÃ©s, main, main aux doigts Ã©cartÃ©s
ğŸ–²ï¸	boule de commande
ğŸ—„ï¸	classeur, dossier
ğŸ—‘ï¸	corbeille
ğŸ—œï¸	serre-joint
ğŸ—£ï¸	parler, parole, silhouette, visage
ğŸ—¨ï¸	bande dessinÃ©e, bulle, bulle de parole Ã  gauche, dialogue, parole, Ã  gauche
ğŸ—¯ï¸	bande dessinÃ©e, bulle, bulle de colÃ¨re Ã  droite, dialogue, parole, Ã  droite
ğŸ—ºï¸	carte, monde
ğŸ˜ï¸	visage neutre
ğŸšï¸	autobus, bus, de face, Ã  lâ€™arrivÃ©e
ğŸš”ï¸	de face, police, voiture
ğŸš˜ï¸	automobile, char, de face, voiture
ğŸš­ï¸	fumer, interdiction, interdit, non fumeur
ğŸš²ï¸	bicyclette, vÃ©lo
ğŸš¹ï¸	sanitaires, toilettes, toilettes pour hommes
ğŸšºï¸	sanitaires, toilettes, toilettes pour femmes
ğŸš¼ï¸	symbole bÃ©bÃ©
ğŸ›‹ï¸	canapÃ©, divan, lampe, sofa, sofa et lampe
ğŸ›ï¸	hÃ´tel, magasinage, sac, sacs de magasinage, shopping
ğŸ›ï¸	cloche, comptoir, hÃ´tel
ğŸ› ï¸	clÃ© Ã  molette, marteau
ğŸ›¢ï¸	baril, pÃ©trole
ğŸ›£ï¸	autoroute, route, voie publique
ğŸ›¤ï¸	chemin de fer, train, voie ferrÃ©e
ğŸ›¥ï¸	bateau, moteur
ğŸ›©ï¸	avion, petit
