ğŸ»	tipo 1â€“2, ton de pel, ton de pel moi claro
ğŸ¼	tipo 3, ton de pel, ton de pel claro
ğŸ½	tipo 4, ton de pel, ton de pel medio
ğŸ¾	tipo 5, ton de pel, ton de pel escuro
ğŸ¿	tipo 6, ton de pel, ton de pel moi escuro
ğŸ˜€	cara, cara moi riseira, sorriso
ğŸ˜	cara, cara radiante cos ollos alegres, ollos, sorriso
ğŸ˜‚	alegrÃ­a, bÃ¡goas, cara, cara chorando de risa
ğŸ¤£	cara, cara esmendrellÃ¡ndose de risa, esmendrellarse, gargallada, risa
ğŸ˜ƒ	aberta, boca, cara, cara moi riseira con ollos grandes, sorriso
ğŸ˜„	boca, cara, cara moi riseira cos ollos alegres, ollos, sorriso
ğŸ˜…	boca, cara, cara moi riseira cunha pinga de suor, sorriso, suor
ğŸ˜†	cara, cara rindo Ã¡s gargalladas, ollos pechados, risa
ğŸ˜‰	cara, cara chiscando un ollo, chiscadela, ollo
ğŸ˜Š	alegre, cara alegre con ollos riseiros, ollos, sorriso
ğŸ˜‹	cara, cara de saborear algo delicioso, delicioso, rico, saborear
ğŸ˜	cara, cara riseira con lentes de sol, lentes de sol, sorriso
ğŸ˜	amor, cara, cara con ollos en forma de corazÃ³n, corazÃ³ns, sorriso
ğŸ˜˜	bico, cara, cara mandando un bico, corazÃ³n
ğŸ¥°	amor, cara riseira con corazÃ³ns, encÂ´Ã¡ntame, namorada, namorado
ğŸ˜—	bico, cara, cara dando un bico
ğŸ˜™	bico, cara, cara dando un bico con ollos riseiros, ollos
ğŸ˜š	bico, cara, cara dando un bico cos ollos pechados, coloretes, ollos
â˜º	cara, cara riseira, sorriso
ğŸ™‚	cara, cara cun leve sorriso, sorriso
ğŸ¤—	abrazo, cara, cara dando un abrazo
ğŸ¤©	cara, cara con ollos en forma de estrela, estrela, felicidade, ollos
ğŸ¤”	cara, cara pensativa, pensar
ğŸ¤¨	cara cunha cella levantada, cella, desconfianza, escepticismo
ğŸ˜	cara, cara neutra, neutra
ğŸ˜‘	cara, cara inexpresiva, inexpresiva
ğŸ˜¶	boca, calar, cara, cara sen boca, silencio
ğŸ™„	cara, cara cos ollos en branco, ollos en branco
ğŸ˜	cara, cara con sorriso malicioso, malicia, sorriso
ğŸ˜£	cara, cara de estragalo todo, estragar, perseverante
ğŸ˜¥	alivio, cara, cara triste pero aliviada, decepciÃ³n, pinga, suor
ğŸ˜®	boca aberta, cara, cara coa boca aberta
ğŸ¤	boca, cara, cara coa boca pechada cunha cremalleira, cremalleira, silencio
ğŸ˜¯	cara, cara estupefacta, estupefacto, pasmo
ğŸ˜ª	cara, cara de sono, sono
ğŸ˜«	cansa, cansazo, canso, cara, cara de cansazo
ğŸ˜´	cara, cara durmindo, durmir, sono
ğŸ˜Œ	alivio, cara, cara de alivio
ğŸ˜›	broma, cara, cara sacando a lingua, lingua
ğŸ˜œ	broma, cara, cara sacando a lingua e chiscando un ollo, chiscadela, lingua
ğŸ˜	cara, cara sacando a lingua e cos ollos pechados, lingua, noxo, ollos pechados
ğŸ¤¤	baba, babas, babexar, cara, cara babexando
ğŸ˜’	aburrido, cara, cara de que non ten graza, desagrado, desaprobaciÃ³n
ğŸ˜“	cara, cara con suor frÃ­a, suor frÃ­a
ğŸ˜”	cara, cara desanimada, desÃ¡nimo, pensativo, triste
ğŸ˜•	cara, cara confusa, confusa, confusiÃ³n, confuso
ğŸ™ƒ	cara, cara ao revÃ©s, revÃ©s
ğŸ¤‘	cara, cara de pensar en cartos, cartos, diÃ±eiro
ğŸ˜²	abraio, asombro, cara, cara abraiada
â˜¹	cara, cara moi triste, decepciÃ³n, triste, tristeza
ğŸ™	cara, cara triste, triste, tristeza
ğŸ˜–	cara, cara de frustraciÃ³n, frustraciÃ³n, frustrado
ğŸ˜	cara, cara de decepciÃ³n, decepcionado, decepciÃ³n, desilusiÃ³n
ğŸ˜Ÿ	cara, cara de preocupaciÃ³n, preocupaciÃ³n, preocupado
ğŸ˜¤	botar fume, cabreo, cara, cara botando fume, enfado
ğŸ˜¢	bÃ¡goa, cara, cara chorando, chorar, triste
ğŸ˜­	bÃ¡goas, cara, cara chorando desconsoladamente, chorar, desconsolo
ğŸ˜¦	aberta, boca, cara, cara triste coa boca aberta, triste
ğŸ˜§	angustia, cara, cara de angustia, sufrimento
ğŸ˜¨	cara, cara de medo, medo, terror
ğŸ˜©	cansazo, cara, cara de esgotamento, esgotamento
ğŸ¤¯	cabeza, cara, cara de estoupar a cabeza, estoupar
ğŸ˜¬	cara, cara apertando os dentes, dentes, nervios
ğŸ˜°	boca aberta, cara, cara coa boca aberta e suor frÃ­a, suor frÃ­a
ğŸ˜±	aterrorizar, berrar, cara, cara berrando de medo, medo
ğŸ¥µ	calor, cara de calor, febre, golpe de calor, suar
ğŸ¥¶	cara de frÃ­o, conxelada, conxelado, frÃ­o
ğŸ˜³	arroibado, cara, cara arroibada, vergoÃ±a
ğŸ¤ª	cara, cara de tolo, ollo, tolemia, tolo
ğŸ˜µ	atordamento, cara, cara mareada, mareo
ğŸ˜¡	cara, cara furiosa, ira, rabia
ğŸ˜ 	cabreo, cara, cara de cabreo, enfado
ğŸ¤¬	cabreo, cara, cara insultando, insultar, insulto
ğŸ˜·	cara, cara con mÃ¡scara mÃ©dica, enferma, enfermo, mÃ¡scara
ğŸ¤’	cara, cara con termÃ³metro, enferma, enfermo, termÃ³metro
ğŸ¤•	accidente, cara, cara coa cabeza vendada, ferido, venda
ğŸ¤¢	cara, cara de mareo, mareada, mareado, mareo, nÃ¡useas
ğŸ¤®	cara, cara vomitando, noxo, vomitar, vÃ³mito
ğŸ¤§	arrefriada, arrefriado, cara acatarrada, catarreira, catarro, mocos
ğŸ˜‡	anxo, aurÃ©ola, cara riseira con aurÃ©ola, santa, santo
ğŸ¤ 	cara, sombreiro, sombreiro de vaqueiro, vaqueira, vaqueiro
ğŸ¥³	aniversario, cara de festa, celebraciÃ³n, celebrar, festa
ğŸ¥´	borracha, borracho, bÃ©beda, bÃ©bedo, cara atordada
ğŸ¥º	cara de sÃºplica, implorar, pedir clemencia, pedir compaixÃ³n, suplicar
ğŸ¤¥	Pinocchio, cara de mentirÃ¡n, mentira, mentireira, mentireiro, nariz
ğŸ¤«	calada, calado, calar, cara de mandar calar, silencio
ğŸ¤­	cara, cara rindo disimuladamente, disimulada, man, risa
ğŸ§	cara, cara con monÃ³culo, monÃ³culo
ğŸ¤“	anteollos, cara, cara de chapÃ³n, chapÃ³n, estudar
ğŸ˜ˆ	cara, cara de demo riseiro, demo, maldade, sorriso
ğŸ‘¿	cara, cara de demo, demo, pillabana, pillabÃ¡n
ğŸ¤¡	cara, cara de pallaso, circo, pallasa, pallaso
ğŸ‘¹	cara, ogro, ogro xaponÃ©s, xaponÃ©s
ğŸ‘º	cara, demo, demo xaponÃ©s, tengu, xaponÃ©s
ğŸ’€	caveira, morte
â˜ 	caveira, caveira e osos, morte, osos
ğŸ‘»	fantasma, pantasma, susto
ğŸ‘½	espazo, extraterrestre, ovni
ğŸ‘¾	espazo, extraterrestre, monstro, monstro extraterrestre, ovni
ğŸ¤–	cara, cara de robot, robot
ğŸ’©	caca, merda
ğŸ˜º	boca, cara, gato, gato moi riseiro, sorriso
ğŸ˜¸	cara, gato, gato moi riseiro cos ollos alegres, ollos, sorriso
ğŸ˜¹	alegrÃ­a, bÃ¡goas, cara, gato, gato chorando de risa
ğŸ˜»	cara, corazÃ³ns, gato, gato con ollos en forma de corazÃ³n, sorriso
ğŸ˜¼	cara, gato, gato con sorriso irÃ³nico, ironÃ­a, sorriso
ğŸ˜½	bico, cara, gato, gato dando un bico, ollos
ğŸ™€	cansazo, cara, esgotamento, gato, gato con cara de esgotamento
ğŸ˜¿	bÃ¡goa, cara, chorar, gato, gato chorando
ğŸ˜¾	cara, gato, gato furioso, ira, rabia
ğŸ™ˆ	cara, mono, mono cos ollos tapados, ollos, tapados
ğŸ™‰	cara, mono, mono coas orellas tapadas, orellas, tapadas
ğŸ™Š	boca, cara, mono, mono coa boca tapada, tapada
ğŸ‘¶	bebÃ©
ğŸ§’	criatura, nena, neno, rapaz, rapaza
ğŸ‘¦	neno, rapaz
ğŸ‘§	Virgo, nena, rapaza, zodÃ­aco
ğŸ§‘	adulto, persoa, xÃ©nero neutro
ğŸ‘±	loiro, louro, persoa loira
ğŸ‘¨	adulto, home
ğŸ‘±â€â™‚	home, home louro, loiro, louro
ğŸ§”	barba, home, persoa, persoa con barba
ğŸ‘©	adulta, muller
ğŸ‘±â€â™€	loira, loura, muller, muller loura
ğŸ§“	anciÃ¡n, persoa maior, vello, xÃ©nero neutro
ğŸ‘´	anciÃ¡n, home, vello
ğŸ‘µ	anciÃ¡, muller, vella
ğŸ‘¨â€âš•	enfermeiro, home, mÃ©dico, traballador sanitario
ğŸ‘©â€âš•	enfermeira, muller, mÃ©dica, traballadora sanitaria
ğŸ‘¨â€ğŸ“	estudante, estudante de sexo masculino, graduado, home, universitario
ğŸ‘©â€ğŸ“	estudante, estudante de sexo feminino, graduada, muller, universitaria
ğŸ‘¨â€ğŸ«	escola, home, profesor
ğŸ‘©â€ğŸ«	escola, muller, profesora
ğŸ‘¨â€âš–	balanza, home, xustiza, xuÃ­z
ğŸ‘©â€âš–	balanza, muller, xustiza, xuÃ­za
ğŸ‘¨â€ğŸŒ¾	agricultor, cultivo, gando, granxeiro, home
ğŸ‘©â€ğŸŒ¾	agricultora, cultivo, gando, granxeira, muller
ğŸ‘¨â€ğŸ³	cociÃ±ar, cociÃ±eiro, home, xefe de cociÃ±a
ğŸ‘©â€ğŸ³	cociÃ±ar, cociÃ±eira, muller, xefa de cociÃ±a
ğŸ‘¨â€ğŸ”§	electricista, fontaneiro, home, mecÃ¡nico
ğŸ‘©â€ğŸ”§	electricista, fontaneira, mecÃ¡nica, muller
ğŸ‘¨â€ğŸ­	fÃ¡brica, home, obreiro, operario, traballador
ğŸ‘©â€ğŸ­	fÃ¡brica, muller, obreira, operaria, traballadora
ğŸ‘¨â€ğŸ’¼	administrativo, empregado, home, oficinista
ğŸ‘©â€ğŸ’¼	administrativa, empregada, muller, oficinista
ğŸ‘¨â€ğŸ”¬	biÃ³logo, cientÃ­fico, home, quÃ­mico
ğŸ‘©â€ğŸ”¬	biÃ³loga, cientÃ­fica, muller, quÃ­mica
ğŸ‘¨â€ğŸ’»	home, informÃ¡tico, programador, software
ğŸ‘©â€ğŸ’»	informÃ¡tica, muller, programadora, software
ğŸ‘¨â€ğŸ¤	actor, cantante, cantante de sexo masculino, home, rock
ğŸ‘©â€ğŸ¤	actriz, cantante, cantante de sexo feminino, muller, rock
ğŸ‘¨â€ğŸ¨	artista, home, paleta, pintor
ğŸ‘©â€ğŸ¨	artista, muller, paleta, pintora
ğŸ‘¨â€âœˆ	aviÃ³n, home, piloto, piloto de sexo masculino
ğŸ‘©â€âœˆ	aviÃ³n, muller, piloto, piloto de sexo feminino
ğŸ‘¨â€ğŸš€	astronauta, astronauta de sexo masculino, espazo, foguete, home
ğŸ‘©â€ğŸš€	astronauta, astronauta de sexo feminino, espazo, foguete, muller
ğŸ‘¨â€ğŸš’	bombeiro, home
ğŸ‘©â€ğŸš’	bombeira, muller
ğŸ‘®	axente, poli, policÃ­a
ğŸ‘®â€â™‚	axente, home, poli, policÃ­a, policÃ­a de sexo masculino
ğŸ‘®â€â™€	axente, muller, poli, policÃ­a, policÃ­a de sexo feminino
ğŸ•µ	detective, espÃ­a, sabuxo
ğŸ•µâ€â™‚	detective, detective de sexo masculino, espÃ­a, home, sabuxo
ğŸ•µâ€â™€	detective, detective de sexo feminino, espÃ­a, muller, sabuxa
ğŸ’‚	garda, garda real, real
ğŸ’‚â€â™‚	garda, garda real de sexo masculino, home, real
ğŸ’‚â€â™€	garda, garda real de sexo feminino, muller, real
ğŸ‘·	construciÃ³n, obreiro, traballador, traballador da construciÃ³n
ğŸ‘·â€â™‚	construciÃ³n, home, obreiro, traballador
ğŸ‘·â€â™€	construciÃ³n, muller, obreira, traballadora
ğŸ¤´	cara, prÃ­ncipe
ğŸ‘¸	conto de fadas, fantasÃ­a, princesa
ğŸ‘³	persoa con turbante, turbante
ğŸ‘³â€â™‚	home, home con turbante, turbante
ğŸ‘³â€â™€	muller, muller con turbante, turbante
ğŸ‘²	chinÃ©s, gorro, home, home con gorro chinÃ©s
ğŸ§•	muller, muller con veo islÃ¡mico, musulmÃ¡, veo
ğŸ¤µ	elegante, etiqueta, home con smÃ³king, traxe, voda
ğŸ‘°	casamento, noiva, noiva con veo, veo, voda
ğŸ¤°	embarazada, embarazo, muller, muller embarazada
ğŸ¤±	aleitar, bebÃ©, mamÃ¡, muller dando o peito, peito
ğŸ‘¼	anxiÃ±o, anxo, bebÃ©
ğŸ…	Nadal, PapÃ¡ Noel, Santa Claus, celebraciÃ³n
ğŸ¤¶	MamÃ¡ Noel, Nadal, mamÃ¡, seÃ±ora Noel
ğŸ¦¸	heroe, superheroe, superheroÃ­na, superpoderes
ğŸ¦¸â€â™€	heroe, heroÃ­na, muller, superheroÃ­na, supermuller
ğŸ¦¸â€â™‚	heroe, home, superheroe, superpoderes
ğŸ¦¹	malo, superpoderes, vilÃ¡n
ğŸ¦¹â€â™€	mala, muller, superpoderes, supervilÃ¡, vilÃ¡
ğŸ¦¹â€â™‚	home, malo, superpoderes, supervilÂ´Ã¡n, vilÃ¡n
ğŸ§™	druÃ­da, feiticeiro, meigo
ğŸ§™â€â™€	bruxa, feiticeira, meiga
ğŸ§™â€â™‚	druÃ­da, feiticeiro, meigo
ğŸ§š	fada
ğŸ§šâ€â™€	CampaÃ­Ã±a, fada, fada de sexo feminino, fada madriÃ±a, muller
ğŸ§šâ€â™‚	fada, fada de sexo masculino, home
ğŸ§›	criatura vampÃ­rica, vampiro
ğŸ§›â€â™€	muller, vampiresa, vampiro
ğŸ§›â€â™‚	DrÃ¡cula, home, vampiro
ğŸ§œ	serea
ğŸ§œâ€â™€	muller, serea, serea de sexo feminino
ğŸ§œâ€â™‚	home, serea, serea de sexo masculino
ğŸ§	elfo
ğŸ§â€â™€	elfa, elfo de sexo feminino
ğŸ§â€â™‚	elfo, elfo de sexo masculino
ğŸ§	desexos, xenio
ğŸ§â€â™€	desexos, xenia, xenio de sexo feminino
ğŸ§â€â™‚	desexos, xenio, xenio de sexo masculino
ğŸ§Ÿ	Walking Dead, non-morto, zombi
ğŸ§Ÿâ€â™€	Walking Dead, muller, non-morta, zombi de sexo feminino
ğŸ§Ÿâ€â™‚	Walking Dead, home, non-morto, zombi de sexo masculino
ğŸ™	cello, enfurruÃ±ado, persoa enfurruÃ±ada, xesto
ğŸ™â€â™‚	cello, enfurruÃ±ado, home, home enfurruÃ±ado, xesto
ğŸ™â€â™€	cello, enfurruÃ±ada, muller, muller enfurruÃ±ada, xesto
ğŸ™	furioso, ira, persoa furiosa, rabia, xesto
ğŸ™â€â™‚	furioso, home, home furioso, ira, rabia, xesto
ğŸ™â€â™€	furiosa, ira, muller, muller furiosa, rabia, xesto
ğŸ™…	prohibiciÃ³n, xesto, xesto de prohibiciÃ³n
ğŸ™…â€â™‚	home, home facendo xesto de prohibiciÃ³n, prohibiciÃ³n, xesto
ğŸ™…â€â™€	muller, muller facendo xesto de prohibiciÃ³n, prohibiciÃ³n, xesto
ğŸ™†	aprobaciÃ³n, hurra, persoa coas mans na cabeza, xesto
ğŸ™†â€â™‚	aprobaciÃ³n, home, home coas mans na cabeza, hurra, xesto
ğŸ™†â€â™€	aprobaciÃ³n, home, hurra, muller coas mans na cabeza, xesto
ğŸ’	asistencia, axuda, informaciÃ³n, man, persoa coa man medio levantada
ğŸ’â€â™‚	asistencia, axuda, home, home coa man medio levantada, informaciÃ³n, man
ğŸ’â€â™€	asistencia, axuda, informaciÃ³n, man, muller, muller coa man medio levantada
ğŸ™‹	levantar a man, man levantada, xesto
ğŸ™‹â€â™‚	home, home levantando a man, man levantada, xesto
ğŸ™‹â€â™€	man levantada, muller, muller levantando a man, xesto
ğŸ™‡	desculpas, reverencia, xesto
ğŸ™‡â€â™‚	desculpas, home, home facendo unha reverencia, reverencia, xesto
ğŸ™‡â€â™€	desculpas, muller, muller facendo unha reverencia, reverencia, xesto
ğŸ¤¦	cara, exasperaciÃ³n, incredulidade
ğŸ¤¦â€â™‚	exasperaciÃ³n, fronte, home, home facendo xesto de incredulidade, xesto
ğŸ¤¦â€â™€	exasperaciÃ³n, fronte, muller, muller facendo xesto de incredulidade, xesto
ğŸ¤·	cara, dÃºbida, ignorancia, indiferenza, xesto de "nin idea"
ğŸ¤·â€â™‚	dÃºbida, home, home facendo xesto de â€œnin ideaâ€, ignorancia, xesto
ğŸ¤·â€â™€	dÃºbida, ignorancia, muller, muller facendo xesto de â€œnin ideaâ€, xesto
ğŸ’†	masaxe, masaxe facial, relaxarse, salÃ³n de beleza
ğŸ’†â€â™‚	home, masaxe, masaxe facial a home, relaxarse, salÃ³n de beleza
ğŸ’†â€â™€	masaxe, masaxe facial a muller, muller, relaxarse, salÃ³n de beleza
ğŸ’‡	beleza, corte de pelo, salÃ³n de peiteado
ğŸ’‡â€â™‚	beleza, corte de pelo, home, home cortando o pelo, salÃ³n de peiteado
ğŸ’‡â€â™€	beleza, corte de pelo, muller, muller cortando o pelo, salÃ³n de peiteado
ğŸš¶	andar, camiÃ±ar, pasear, persoa andando
ğŸš¶â€â™‚	andar, camiÃ±ar, home, home andando, pasear
ğŸš¶â€â™€	andar, camiÃ±ar, muller, muller andando, pasear
ğŸƒ	correr, maratÃ³n, persoa correndo
ğŸƒâ€â™‚	correr, home, home correndo, maratÃ³n
ğŸƒâ€â™€	correr, maratÃ³n, muller, muller correndo
ğŸ’ƒ	bailar, bailarina, muller
ğŸ•º	bailar, bailarÃ­n, home
ğŸ‘¯	bailar, festa, xente de festa
ğŸ‘¯â€â™‚	bailar, despedida de solteiro, festa, homes, homes de festa
ğŸ‘¯â€â™€	bailar, despedida de solteira, festa, mulleres, mulleres de festa
ğŸ§–	baÃ±o de vapor, sauna
ğŸ§–â€â™€	baÃ±o de vapor, muller, muller dÃ¡ndose un baÃ±o de vapor, sauna
ğŸ§–â€â™‚	baÃ±o de vapor, home, home dÃ¡ndose un baÃ±o de vapor, sauna
ğŸ§—	escalada, escalador, escalar
ğŸ§—â€â™€	escalada, escaladora, escalar
ğŸ§—â€â™‚	escalada, escalador, escalar
ğŸ§˜	ioga, meditaciÃ³n, posiciÃ³n de loto
ğŸ§˜â€â™€	meditaciÃ³n, muller, muller practicando ioga, posiciÃ³n de loto
ğŸ§˜â€â™‚	home, home practicando ioga, meditaciÃ³n, posiciÃ³n de loto
ğŸ›€	baÃ±arse, baÃ±eira, persoa baÃ±Ã¡ndose
ğŸ›Œ	durmir, hotel, persoa durmindo
ğŸ•´	home, home de negocios, negocios, traxe
ğŸ—£	cabeza, cara, falar, silueta, silueta de persoa falando
ğŸ‘¤	busto, persoa, silueta, silueta dun busto
ğŸ‘¥	bustos, persoas, silueta, silueta de dous bustos
ğŸ¤º	deporte, esgrima, espada, espadachÃ­n, sable
ğŸ‡	cabalo, cabalo de carreiras, carreira de cabalos, jÃ³ckey, xinete
â›·	esquiador, esquÃ­, neve
ğŸ‚	neve, persoa practicando snowboard, snowboard, tÃ¡boa
ğŸŒ	golf, golfista, pelota
ğŸŒâ€â™‚	golf, golfista de sexo masculino, home, pelota
ğŸŒâ€â™€	golf, golfista de sexo feminino, muller, pelota
ğŸ„	surf, surfeiro, surfista
ğŸ„â€â™‚	home, surf, surfeiro, surfista
ğŸ„â€â™€	muller, surf, surfeira, surfista
ğŸš£	bote, embarcaciÃ³n, remador, remeiro, remo
ğŸš£â€â™‚	bote, home, remador, remeiro, remo
ğŸš£â€â™€	bote, muller, remador, remeira, remo
ğŸŠ	nadar, persoa nadando
ğŸŠâ€â™‚	home, nadador, nadar
ğŸŠâ€â™€	muller, nadadora, nadar
â›¹	baloncesto, balÃ³n, persoa botando un balÃ³n
â›¹â€â™‚	baloncesto, balÃ³n, home, xogador de baloncesto
â›¹â€â™€	baloncesto, balÃ³n, muller, xogadora de baloncesto
ğŸ‹	halterofilia, levantar pesos, persoa practicando halterofilia
ğŸ‹â€â™‚	halterofilia, home, levantador de pesos, levantar pesos
ğŸ‹â€â™€	halterofilia, levantadora de pesos, levantar pesos, muller
ğŸš´	bicicleta, ciclismo, ciclista
ğŸš´â€â™‚	bicicleta, ciclismo, ciclista, home, home practicando ciclismo
ğŸš´â€â™€	bicicleta, ciclismo, ciclista, muller, muller practicando ciclismo
ğŸšµ	bicicleta de montaÃ±a, ciclismo, ciclista de montaÃ±a
ğŸšµâ€â™‚	bicicleta de montaÃ±a, ciclismo, ciclista, home, home practicando ciclismo de montaÃ±a
ğŸšµâ€â™€	bicicleta de montaÃ±a, ciclismo, ciclista, muller, muller practicando ciclismo de montaÃ±a
ğŸ	carreiras, coche, coche de carreiras
ğŸ	carreiras, moto, motocicleta
ğŸ¤¸	deporte, ximnasia
ğŸ¤¸â€â™‚	home, home facendo unha viravolta lateral, viravolta, ximnasia
ğŸ¤¸â€â™€	muller, muller facendo unha viravolta lateral, viravolta, ximnasia
ğŸ¤¼	deporte, loita, loita libre, loitadores
ğŸ¤¼â€â™‚	deporte, homes, homes practicando loita libre, loita, loitadores
ğŸ¤¼â€â™€	deporte, loita, loitadoras, mulleres, mulleres practicando loita libre
ğŸ¤½	auga, deporte, wÃ¡ter-polo
ğŸ¤½â€â™‚	balÃ³n, home, home xogando a wÃ¡ter-polo, wÃ¡ter-polo
ğŸ¤½â€â™€	balÃ³n, muller, muller xogando a wÃ¡ter-polo, wÃ¡ter-polo
ğŸ¤¾	balonmÃ¡n, deporte, pelota
ğŸ¤¾â€â™‚	balonmÃ¡n, home, home xogando a balonmÃ¡n
ğŸ¤¾â€â™€	balonmÃ¡n, muller, muller xogando a balonmÃ¡n
ğŸ¤¹	habilidade, malabar, malabares, malabarismo, malabarista, multitarefa
ğŸ¤¹â€â™‚	home, home malabarista, malabarismo, multitarefa
ğŸ¤¹â€â™€	malabarismo, muller, muller malabarista, multitarefa
ğŸ‘«	home, home e muller collidos da man, man, muller, parella
ğŸ‘¬	XÃ©mini, dous homes collidos da man, homes, parella, xemelgos
ğŸ‘­	dÃºas mulleres collidas da man, man, mulleres, parella
ğŸ’	bico, parella, parella bicÃ¡ndose
ğŸ’‘	corazÃ³n, namorados, parella, parella cun corazÃ³n
ğŸ‘ª	familia, nai, neno, pai
ğŸ¤³	autofoto, cÃ¡mara, foto, telÃ©fono
ğŸ’ª	bÃ­ceps, forte, forza, mÃºsculo
ğŸ¦µ	corpo, extremidade, patada, perna
ğŸ¦¶	patada, pisada, pisadura, pisar, pÃ©
ğŸ‘ˆ	dedo, esquerda, man, Ã­ndice, Ã­ndice apuntando Ã¡ esquerda
ğŸ‘‰	dedo, dereita, man, Ã­ndice, Ã­ndice apuntando Ã¡ dereita
â˜	advertencia, arriba, man, Ã­ndice, Ã­ndice apuntando cara arriba
ğŸ‘†	arriba, dedo Ã­ndice apuntando cara arriba, man, Ã­ndice
ğŸ–•	dedo, dedo do medio levantado, insulto, man, ofensivo
ğŸ‘‡	abaixo, dedo, dedo apuntando cara abaixo, man
âœŒ	man, triunfo, vitoria, xesto, xesto de vitoria
ğŸ¤	cruzar, dedos, dedos cruzados, man, sorte
ğŸ––	Spock, Star Trek, man, saÃºdo, saÃºdo vulcaniano
ğŸ¤˜	cornos, man, man facendo os cornos, rock and roll
ğŸ¤™	chamar, chÃ¡mame, man, xesto de chamar por telÃ©fono
ğŸ–	aberta, man, man aberta
âœ‹	levantada, man, man levantada
ğŸ‘Œ	OK, man, perfecto, xesto de â€œOKâ€
ğŸ‘	+1, gÃºstame, man, polgar, polgar cara arriba
ğŸ‘	man, non me gusta, polgar, polgar cara abaixo
âœŠ	arriba, loita, puÃ±o, puÃ±o en alto
ğŸ‘Š	golpe, puÃ±ada, puÃ±o
ğŸ¤›	esquerda, man, puÃ±o, puÃ±o cara Ã¡ esquerda
ğŸ¤œ	dereita, man, puÃ±o, puÃ±o cara Ã¡ dereita
ğŸ¤š	deter, man, palma, palma da man
ğŸ‘‹	man, man saudando, saudar, saÃºdo
ğŸ¤Ÿ	I Love You, ILY, man, xesto, xesto das iniciais de "I Love You"
âœ	bolÃ­grafo, escribir, lapis, man, man escribindo
ğŸ‘	aplaudir, aplauso, mans, mans aplaudindo
ğŸ‘	abertas, mans, mans abertas
ğŸ™Œ	celebraciÃ³n, chocar, mans, mans levantadas, xesto
ğŸ¤²	palmas, palmas xuntas, xuntas
ğŸ™	favor, mans, mans en oraciÃ³n, rezar
ğŸ¤	aperta, aperta de mans, mans, trato
ğŸ’…	cosmÃ©tico, esmalte, manicura, pintar as uÃ±as, uÃ±as
ğŸ‘‚	orella
ğŸ‘ƒ	nariz
ğŸ‘£	pegada, pegadas de pÃ©s, pÃ©s
ğŸ‘€	ollos
ğŸ‘	ollo
ğŸ‘â€ğŸ—¨	globo, globo de diÃ¡logo en forma de ollo, ollo, testemuÃ±a
ğŸ§ 	cerebro, intelixencia, intelixente
ğŸ¦´	esqueleto, Ã³so
ğŸ¦·	dental, dente, dentista, moa
ğŸ‘…	lingua
ğŸ‘„	beizos, boca, labios
ğŸ¦°	pelo roxo, roibo, rubio
ğŸ¦±	bucles, pelo afro, pelo rizado, rizo
ğŸ¦³	branco, cana, canoso, gris, pelo cano
ğŸ¦²	calva, calvo, quimioterapia, rapada, rapado, sen pelo
ğŸ’‹	beizos, bico, labios, marca, marca de bico
ğŸ’˜	amor, corazÃ³n, corazÃ³n con frecha, cupido, frecha
ğŸ’	San ValentÃ­n, corazÃ³n, corazÃ³n cun lazo, lazo
ğŸ’–	amor, corazÃ³n, corazÃ³n escintilante, escintilar
ğŸ’—	amor, corazÃ³n, corazÃ³n crecendo, emociÃ³n, entusiasmo
ğŸ’“	amor, corazÃ³n, corazÃ³n latexando, latexo
ğŸ’	corazÃ³ns, corazÃ³ns voando, voar
ğŸ’•	amor, corazÃ³ns, dous corazÃ³ns
ğŸ’Œ	amor, carta, carta de amor, corazÃ³n, correo
â£	admiraciÃ³n, corazÃ³n, exclamaciÃ³n, exclamaciÃ³n en forma de corazÃ³n, puntuaciÃ³n
ğŸ’”	corazÃ³n, corazÃ³n roto, desamor, romper o corazÃ³n, roto
â¤	amor, corazÃ³n
ğŸ§¡	corazÃ³n, corazÃ³n laranxa, laranxa
ğŸ’›	amarelo, corazÃ³n, corazÃ³n amarelo
ğŸ’š	corazÃ³n, corazÃ³n verde, verde
ğŸ’™	azul, corazÃ³n, corazÃ³n azul
ğŸ’œ	corazÃ³n, corazÃ³n violeta, violeta
ğŸ–¤	corazÃ³n, corazÃ³n negro, maldade, malvado, negro
ğŸ’Ÿ	corazÃ³n, decoraciÃ³n, decoraciÃ³n en forma de corazÃ³n
ğŸ’¤	cÃ³mic, durmindo, durmir, sÃ­mbolo de estar durmindo
ğŸ’¢	cÃ³mic, enfado, sÃ­mbolo de enfado
ğŸ’£	bomba, cÃ³mic
ğŸ’¥	colisiÃ³n, cÃ³mic, explosiÃ³n
ğŸ’¦	cÃ³mic, pingas de suor, salpicadura, salpicar, suor
ğŸ’¨	cÃ³mic, escapar, saÃ­r correndo, sÃ­mbolo de saÃ­r correndo
ğŸ’«	atordamento, cÃ³mic, estrelas, mareo, sÃ­mbolo de atordamento
ğŸ’¬	cÃ³mic, diÃ¡logo, falar, globo, globo de diÃ¡logo Ã¡ esquerda
ğŸ—¨	cÃ³mic, diÃ¡logo, falar, globo, globo de diÃ¡logo Ã¡ dereita
ğŸ—¯	berrar, cÃ³mic, diÃ¡logo, globo, globo de diÃ¡logo enfadado
ğŸ’­	cÃ³mic, globo, globo de pensamento, pensamento
ğŸ•³	buraco, burato
ğŸ‘“	anteollos, lentes
ğŸ•¶	anteollos, lentes, lentes de sol, sol
ğŸ¥½	gafas de protecciÃ³n, nataciÃ³n, protecciÃ³n, soldar
ğŸ¥¼	bata branca, bata de laboratorio, cientÃ­fica, cientÃ­fico, mÃ©dica, mÃ©dico
ğŸ‘”	gravata
ğŸ‘•	camiseta
ğŸ‘–	pantalÃ³ns, vaqueiros
ğŸ§£	bufanda, pescozo
ğŸ§¤	guantes, luvas, mans
ğŸ§¥	abrigo, chaqueta
ğŸ§¦	calcetÃ­ns
ğŸ‘—	vestido
ğŸ‘˜	quimono
ğŸ‘™	baÃ±arse, bikini
ğŸ‘š	muller, roupa, roupa de muller
ğŸ‘›	moedas, moedeiro, portamoedas
ğŸ‘œ	bolso
ğŸ‘	bolso, bolso de man, carteira, neceser
ğŸ›	bolsas, bolsas de compras, compras, hotel
ğŸ’	escola, mochila
ğŸ‘	home, zapato, zapato de home
ğŸ‘Ÿ	calzado, correr, deporte, zapatilla, zapatilla deportiva
ğŸ¥¾	CamiÃ±o de Santiago, bota, bota de montaÃ±a, camiÃ±ar, excursionismo
ğŸ¥¿	bailarina, zapatilla, zapato baixo, zapato plano
ğŸ‘ 	muller, tacÃ³n, zapato, zapato de tacÃ³n
ğŸ‘¡	calzado, muller, sandalia, sandalia de muller
ğŸ‘¢	botas, botas de muller, calzado, muller
ğŸ‘‘	coroa, raÃ­Ã±a, rei
ğŸ‘’	muller, sombreiro, sombreiro de muller
ğŸ©	mago, sombreiro, sombreiro de copa
ğŸ“	barrete, barrete de graduaciÃ³n, birrete
ğŸ§¢	bÃ©isbol, gorra
â›‘	axuda, casco, casco cunha cruz branca, cruz
ğŸ“¿	colar, contas, relixiÃ³n, rosario
ğŸ’„	barra, barra de labios, beizos, lapis de labios, maquillaxe
ğŸ’	anel, diamante, xoia
ğŸ’	diamante, pedra preciosa, xema, xoia
ğŸµ	cara, cara de mono, mono
ğŸ’	mono
ğŸ¦	animal, gorila, simio
ğŸ¶	can, cara, cara de can, mascota
ğŸ•	can, mascota
ğŸ©	can, caniche, mascota
ğŸº	cara, cara de lobo, lobo
ğŸ¦Š	animal, arteiro, astuto, cara de raposo, raposo
ğŸ¦	galopÃ­n, mapache, pillabÃ¡n
ğŸ±	cara, cara de gato, gato, mascota
ğŸˆ	gato, mascota
ğŸ¦	Leo, cara, cara de leÃ³n, leÃ³n, zodÃ­aco
ğŸ¯	cara, cara de tigre, tigre
ğŸ…	tigre
ğŸ†	leopardo
ğŸ´	cabalo, cara, cara de cabalo
ğŸ	cabalo, cabalo de carreiras, carreira de cabalos
ğŸ¦„	cara, cara de unicornio, unicornio
ğŸ¦“	cebra, raias
ğŸ¦Œ	animal, cervo
ğŸ®	cara, cara de vaca, vaca
ğŸ‚	Tauro, boi, touro, zodÃ­aco
ğŸƒ	auga, bÃºfalo, bÃºfalo acuÃ¡tico, domÃ©stico
ğŸ„	vaca
ğŸ·	cara, cara de porco, porco
ğŸ–	porco
ğŸ—	porco bravo, xabaril, xabarÃ­n
ğŸ½	nariz, nariz de porco, porco
ğŸ	Aries, carneiro, ovella, zodÃ­aco
ğŸ‘	ovella
ğŸ	Capricornio, cabra, zodÃ­aco
ğŸª	dromedario, xiba
ğŸ«	camelo, xibas
ğŸ¦™	alpaca, la, llama, vicuÃ±a
ğŸ¦’	xirafa
ğŸ˜	elefante
ğŸ¦	animal, rinoceronte
ğŸ¦›	hipopÃ³tamo
ğŸ­	cara, cara de rato, rato
ğŸ	rato
ğŸ€	rata
ğŸ¹	cara de hÃ¡mster, hÃ¡mster, mascota
ğŸ°	cara, cara de coello, coello, mascota
ğŸ‡	coello, mascota
ğŸ¿	esquÃ­o
ğŸ¦”	orizo, ourizo, ourizo cacho
ğŸ¦‡	animal, morcego, vampiro
ğŸ»	cara, cara de oso, oso
ğŸ¨	coala, koala
ğŸ¼	cara, cara de oso panda, oso panda, panda
ğŸ¦˜	Australia, canguro, marsupial, saltar
ğŸ¦¡	porco teixo, teixo, teixugo, tourÃ³n
ğŸ¾	patas, pegada, pegadas de patas
ğŸ¦ƒ	pavo
ğŸ”	polo
ğŸ“	galo
ğŸ£	casca, ovo, pitiÃ±o, pitiÃ±o saÃ­ndo da casca, pito
ğŸ¤	pitiÃ±o, pito
ğŸ¥	pitiÃ±o, pitiÃ±o de fronte, pito
ğŸ¦	paxaro
ğŸ§	pingÃ¼Ã­n
ğŸ•Š	ave, paz, pomba, voar
ğŸ¦…	aguia, aiga, animal, paxaro, rapina
ğŸ¦†	animal, parrulo, pato, paxaro
ğŸ¦¢	ave, cisne, parruliÃ±o feo, parrulo feo, patiÃ±o feo
ğŸ¦‰	animal, curuxa, moucho, paxaro, sabio
ğŸ¦š	ave, pavo, pavÃ³n, real
ğŸ¦œ	ave, charlatÃ¡n, falangueiro, loro, pirata
ğŸ¸	cara, cara de ra, ra
ğŸŠ	crocodilo
ğŸ¢	tartaruga
ğŸ¦	animal, lagarto, rÃ©ptil
ğŸ	OfiÃºco, rÃ©ptil, serpe, zodÃ­aco
ğŸ²	cara, cara de dragÃ³n, dragÃ³n
ğŸ‰	dragÃ³n
ğŸ¦•	branquiosauro, brontosauro, dinosauro, diplodoco, saurÃ³podo
ğŸ¦–	Tyrannosaurus rex, dinosauro
ğŸ³	balea, balea botando un chorro, chorro
ğŸ‹	balea
ğŸ¬	delfÃ­n, golfiÃ±o
ğŸŸ	Pisces, peixe, zodÃ­aco
ğŸ 	peixe, peixe tropical, tropical
ğŸ¡	globo, peixe, peixe globo
ğŸ¦ˆ	animal, escualo, peixe, quenlla, tiburÃ³n
ğŸ™	polbo, tentÃ¡culos
ğŸš	bucina, bucina mariÃ±a, bucio, buguina, corno
ğŸ¦€	CÃ¡ncer, cangrexo, caranguexo, zodÃ­aco
ğŸ¦	lagosta, lumbrigante, mariscada, marisco
ğŸ¦	animal, camarÃ³n, gamba, lagostino, marisco
ğŸ¦‘	animal, choco, lura, molusco
ğŸŒ	caracol
ğŸ¦‹	animal, bolboreta, insecto
ğŸ›	becho, bicho, cempÃ©s, verme
ğŸœ	formiga
ğŸ	abella, avespa, mel, vespa
ğŸ	barrosiÃ±a, maruxiÃ±a, reirrei, voaniÃ±a, xoaniÃ±a
ğŸ¦—	grilo, saltÃ³n
ğŸ•·	araÃ±a
ğŸ•¸	araÃ±a, araÃ±eira, tea de araÃ±a
ğŸ¦‚	EscorpiÃ³n, alacrÃ¡n, zodÃ­aco
ğŸ¦Ÿ	malaria, mosquito, picada, picadela, picadura
ğŸ¦ 	ameba, bacteria, microbio, virus
ğŸ’	flores, ramo, ramo de flores
ğŸŒ¸	cerdeira, cereixa, flor, flor de cerdeira
ğŸ’®	flor, flor branca
ğŸµ	flor, roseta
ğŸŒ¹	flor, rosa
ğŸ¥€	flor, flor murcha, murcha, planta
ğŸŒº	flor, flor de hibisco
ğŸŒ»	flor, xirasol
ğŸŒ¼	flor
ğŸŒ·	flor, tulipÃ¡n
ğŸŒ±	planta, plÃ¡ntula, xerminar
ğŸŒ²	abeto, Ã¡rbore, Ã¡rbore de folla perenne
ğŸŒ³	Ã¡rbore, Ã¡rbore de folla caduca
ğŸŒ´	palmeira, Ã¡rbore
ğŸŒµ	cacto, planta
ğŸŒ¾	arroz, cereais, planta, planta de arroz
ğŸŒ¿	follas, planta
â˜˜	planta, trevo
ğŸ€	4, planta, sorte, trevo de catro follas
ğŸ	folla, folla de pradairo, planta, pradairo, sicÃ³moro
ğŸ‚	folla, folla seca, outono, planta
ğŸƒ	folla, folla ao vento, planta, vento
ğŸ‡	acio, froita, uva, uvas
ğŸˆ	froita, melÃ³n
ğŸ‰	froita, sandÃ­a
ğŸŠ	froita, laranxa, mandarina
ğŸ‹	froita, limÃ³n
ğŸŒ	banana, froita, plÃ¡tano
ğŸ	ananÃ¡s, froita, piÃ±a
ğŸ¥­	froita, mango, tropical
ğŸ	froita, mazÃ¡ vermella
ğŸ	froita, mazÃ¡ verde
ğŸ	froita, pera
ğŸ‘	froita, pexego
ğŸ’	cereixa, cereixas, froita
ğŸ“	amorodo, froita
ğŸ¥	comida, froita, kiwi
ğŸ…	tomate, vexetal
ğŸ¥¥	coco, froita, piÃ±a colada
ğŸ¥‘	aguacate, comida, froita
ğŸ†	berenxena, vexetal
ğŸ¥”	comida, pataca, vexetal
ğŸ¥•	cenoria, comida, vexetal
ğŸŒ½	espiga, mazaroca, millo, vexetal
ğŸŒ¶	chile, picante
ğŸ¥’	cogombro, comida, vexetal
ğŸ¥¬	acelgas, espinacas, leituga, verdura de folla
ğŸ¥¦	brÃ³coli
ğŸ„	champiÃ±Ã³n, cogomelo
ğŸ¥œ	cacahuete, comida, froito, seco
ğŸŒ°	castaÃ±a, magosto, outono
ğŸ	pan, pan de molde
ğŸ¥	almorzo, bolo, comida, croissant
ğŸ¥–	barra, barra de pan, comida, pan, panaderÃ­a
ğŸ¥¨	bretzel, pretzel
ğŸ¥¯	bagel, beigel, panadarÃ­a
ğŸ¥	chulas, comida, pancakes, tortas
ğŸ§€	queixo
ğŸ–	carne, Ã³so, Ã³so con carne
ğŸ—	carne, polo, zanco de polo, Ã³so
ğŸ¥©	aÃ±o, carne, chuleta, chuletÃ³n, costeleta, porco
ğŸ¥“	carne, comida, touciÃ±o, unto
ğŸ”	hamburguesa
ğŸŸ	patacas fritas
ğŸ•	pizza, porciÃ³n
ğŸŒ­	bocadillo de salchicha, bolo con salchicha, pan de salchicha, salchicha
ğŸ¥ª	bocadillo, pan de molde, sÃ¡ndwhich
ğŸŒ®	mexicano, taco
ğŸŒ¯	burrito, mexicano
ğŸ¥™	comida, falafel, kebab
ğŸ¥š	comida, ovo
ğŸ³	ovo, ovo frito, tixola
ğŸ¥˜	arroz, comida, paella, paelleira
ğŸ²	comida, guiso, pota, pota con comida, tarteira
ğŸ¥£	almorzo, cereais, cunca con culler, potaxe
ğŸ¥—	comida, ensalada, leituga
ğŸ¿	flocos, flocos de millo, millo
ğŸ§‚	condimento, sal, saleiro, salgar
ğŸ¥«	comida, enlatada, lata, lata de comida
ğŸ±	bento, caixa de bento, comida xaponesa, xaponÃ©s
ğŸ˜	arroz, comida xaponesa, galleta, galleta de arroz
ğŸ™	arroz, bola de arroz, comida xaponesa
ğŸš	arroz, cocido, comida chinesa, comida xaponesa, cunca de arroz
ğŸ›	arroz, arroz con curry, curry
ğŸœ	comida chinesa, comida xaponesa, fideos chineses, fumegante, ramen
ğŸ	espaguetes, pasta, spaghetti
ğŸ 	doce, pataca, pataca doce
ğŸ¢	comida xaponesa, espeto, marisco, oden
ğŸ£	sushi, suxi
ğŸ¤	gamba, gamba frita, gamba Ã¡ gabardina
ğŸ¥	espiral, pastel, pastel de peixe, peixe, remuÃ­Ã±o
ğŸ¥®	doce chinÃ©s, festival, lÃºa, outono, pastel de lÃºa
ğŸ¡	dango, doce, espetada, sobremesa, xaponesa
ğŸ¥Ÿ	dumpling, empanadilla, pierogi
ğŸ¥ 	galleta, galleta da fortuna, profecÃ­a, sorte
ğŸ¥¡	chinesa, comida, comida para levar
ğŸ¦	cremoso, doce, sobremesa, xeado, xeado de mÃ¡quina
ğŸ§	picado, sobremesa, sobremesa de xeo picado, xeo
ğŸ¨	copa, copa de xeado, xeado
ğŸ©	doce, donut, rosquilla
ğŸª	doce, galleta
ğŸ‚	aniversario, candeas, celebraciÃ³n, festa, torta de aniversario
ğŸ°	doce, porciÃ³n de torta, sobremesa, torta
ğŸ§	cupcake, doce, madalena, pastelarÃ­a
ğŸ¥§	pastel, torta
ğŸ«	chocolate, doce, libra
ğŸ¬	caramelo, doce
ğŸ­	caramelo, doce, piruleta
ğŸ®	doce, flan, pudin, sobremesa
ğŸ¯	bote, doce, mel, tarro de mel
ğŸ¼	beber, bebÃ©, biberÃ³n, leite
ğŸ¥›	bebida, leite, vaso, vaso de leite
â˜•	bar, bebida, cafÃ©, quente
ğŸµ	bar, bebida, quente, tÃ©
ğŸ¶	bebida, botella, cunca, sake, xaponesa
ğŸ¾	botella, botella de champaÃ±a, cava, celebraciÃ³n, champaÃ±a
ğŸ·	alcohol, bar, bebida, copa, copa de viÃ±o
ğŸ¸	bar, bebida, copa, cÃ³ctel, vermÃº
ğŸ¹	bar, bebida, bebida tropical, copa
ğŸº	bar, cervexa, xerra
ğŸ»	brinde de cervexas, celebraciÃ³n, cervexa, xerras
ğŸ¥‚	bebida, brinde, celebrar, copas
ğŸ¥ƒ	bebida, vaso, vaso con xeo, whisky, xeo
ğŸ¥¤	palla, refresco, vaso, vaso con palla, zume
ğŸ¥¢	chinesa, comida, paÃ­Ã±os, paÃ­Ã±os chineses
ğŸ½	coitelo, cubertos, garfo, prato, prato e cubertos
ğŸ´	coitelo, cubertos, garfo, garfo e coitelo
ğŸ¥„	cuberto, culler
ğŸ”ª	arma, cociÃ±a, coitelo, coitelo de cociÃ±a
ğŸº	Acuario, antigÃ¼idade, zodÃ­aco, Ã¡nfora
ğŸŒ	Europa, Terra, globo terrÃ¡queo Europa-Ãfrica, mundo, Ãfrica
ğŸŒ	AmÃ©rica, Terra, globo terrÃ¡queo AmÃ©rica, mundo
ğŸŒ	Asia, Australia, Terra, globo terrÃ¡queo Asia-Australia, mundo
ğŸŒ	Terra, globo, globo terrÃ¡queo con meridianos, meridianos, mundo
ğŸ—º	mapa, mapa do mundo, mapamundi, mundo
ğŸ—¾	XapÃ³n, mapa, mapa de XapÃ³n
ğŸ§­	compÃ¡s, magnÃ©tico, navegaciÃ³n, orientaciÃ³n
ğŸ”	frÃ­o, inverno, montaÃ±a, montaÃ±as nevadas, neve
â›°	montaÃ±a, montaÃ±as
ğŸŒ‹	erupciÃ³n, volcÃ¡n
ğŸ—»	XapÃ³n, montaÃ±a, monte, monte Fuji
ğŸ•	campismo, cÃ¡mping
ğŸ–	parasol, praia, praia e parasol, vacaciÃ³ns, verÃ¡n
ğŸœ	deserto
ğŸ	deserta, illa, illa deserta
ğŸ	parque, parque nacional
ğŸŸ	competiciÃ³n, deporte, estadio, partido
ğŸ›	Grecia, banco, clÃ¡sico, edificio, monumento
ğŸ—	construciÃ³n, edificio, guindastre
ğŸ§±	cemento, ladrillo, ladrillos, muro
ğŸ˜	casas, chalÃ©s, cidade, urbanizaciÃ³n, vivendas
ğŸš	abandonada, casa, casa abandonada, deshabitada, en ruÃ­nas
ğŸ 	casa, chalÃ©, vivenda
ğŸ¡	casa, casa con xardÃ­n, vivenda, xardÃ­n
ğŸ¢	edificio
ğŸ£	correo, correo postal, edificio, oficina, oficina de correos xaponesa
ğŸ¤	Correos, correo postal, edificio, oficina, oficina de correos
ğŸ¥	edificio, hospital, medicina, mÃ©dico, urxencias
ğŸ¦	banco, diÃ±eiro, edificio
ğŸ¨	aloxamento, edificio, hotel
ğŸ©	aloxamento, cita, edificio, hotel, motel
ğŸª	24 horas, edificio, establecemento, tenda, tenda 24 horas
ğŸ«	colexio, edificio, escola
ğŸ¬	centro comercial, comercial, compras, edificio, grandes almacÃ©ns
ğŸ­	edificio, fÃ¡brica, industria
ğŸ¯	XapÃ³n, castelo, castelo xaponÃ©s, edificio
ğŸ°	castelo, construciÃ³n, edificio
ğŸ’’	capela, casar, igrexa, voda, voda pola Igrexa
ğŸ—¼	Tokio, Toquio, Torre de Tokyo, torre
ğŸ—½	EUA, Estados Unidos, Estatua da liberdade, estatua, liberdade
â›ª	capela, cristianismo, edificio, igrexa, relixiÃ³n
ğŸ•Œ	edificio, islamismo, mesquita, musulmÃ¡n, relixiÃ³n
ğŸ•	edificio, relixiÃ³n, sinagoga, xudaÃ­smo, xudeu
â›©	XapÃ³n, relixiÃ³n, santuario xintoÃ­sta, xintoÃ­smo
ğŸ•‹	A Meca, Kaaba, islamismo, musulmÃ¡n, relixiÃ³n
â›²	fonte
â›º	acampar, campamento, cÃ¡mping, tenda de campaÃ±a
ğŸŒ	borraxeira, meteoroloxÃ­a, neboeira, nebuloso, paisaxe nebulosa
ğŸŒƒ	cidade, estrelas, meteoroloxÃ­a, noite, noite estrelada
ğŸ™	cidade, edificios, paisaxe urbana
ğŸŒ„	amencer, amencer sobre as montaÃ±as, meteoroloxÃ­a, montaÃ±as, sol
ğŸŒ…	amencer, meteoroloxÃ­a, sol
ğŸŒ†	cidade, luscofusco, meteoroloxÃ­a, noitiÃ±a
ğŸŒ‡	cidade, meteoroloxÃ­a, ocaso, posta de sol, solpor
ğŸŒ‰	estrelas, meteoroloxÃ­a, noite, ponte, ponte de noite
â™¨	auga termal, augas termais, quente, vapor
ğŸŒŒ	espazo, vÃ­a lÃ¡ctea
ğŸ 	cabaliÃ±o de carrusel, cabaliÃ±os, cabalo, carrusel
ğŸ¡	nora, noria, parque de atracciÃ³ns
ğŸ¢	montaÃ±a rusa, parque de atracciÃ³ns
ğŸ’ˆ	barbarÃ­a, barbeiro, barberÃ­a, poste de barbeiro, salÃ³n de peiteado
ğŸª	carpa, carpa do circo, circo
ğŸš‚	locomotora, locomotora de vapor, tren, vapor
ğŸšƒ	tranvÃ­a, tren, tren elÃ©ctrico, vagÃ³n
ğŸš„	AVE, alta velocidade, tren, tren de alta velocidade
ğŸš…	alta velocidade, tren, tren bala
ğŸš†	ferrocarril, tren
ğŸš‡	metro
ğŸšˆ	tranvÃ­a, tren lixeiro
ğŸš‰	estaciÃ³n, tranvÃ­a, tren
ğŸšŠ	tranvÃ­a
ğŸš	monorraÃ­l
ğŸš	ferrocarril, ferrocarril de montaÃ±a
ğŸš‹	tranvÃ­a, vagÃ³n, vagÃ³n de tranvÃ­a
ğŸšŒ	autobÃºs, autocar, bus
ğŸš	autobÃºs, autobÃºs de fronte, autocar, bus
ğŸš	trole, trolebÃºs
ğŸš	autobÃºs, minibÃºs
ğŸš‘	ambulancia
ğŸš’	bombeiros, camiÃ³n, coche de bombeiros
ğŸš“	coche, coche de policÃ­a, policÃ­a
ğŸš”	coche, coche de policÃ­a de fronte, policÃ­a
ğŸš•	taxi
ğŸš–	taxi, taxi de fronte
ğŸš—	automÃ³bil, coche, vehÃ­culo
ğŸš˜	automÃ³bil, coche, coche de fronte, vehÃ­culo
ğŸš™	autocaravana, vacaciÃ³ns, vehÃ­culo recreativo
ğŸšš	camiÃ³n, camiÃ³n de reparto
ğŸš›	camiÃ³n, camiÃ³n articulado, trÃ¡iler
ğŸšœ	agricultura, tractor
ğŸš²	bici, bicicleta
ğŸ›´	patinete, patÃ­n, xoguete
ğŸ›¹	monopatinaxe, monopatÃ­n
ğŸ›µ	moto, motocicleta, motociclismo
ğŸš	autobÃºs, bus, parada, parada de autobÃºs, parada de bus
ğŸ›£	autoestrada, autovÃ­a, estrada
ğŸ›¤	tren, vÃ­a, vÃ­a do tren
ğŸ›¢	barril, barril de petrÃ³leo, bidÃ³n, petrÃ³leo
â›½	carburante, combustible, gasolina, gasolineira, gasÃ³leo
ğŸš¨	coche de policÃ­a, luces, policÃ­a, sirena, sirena de policÃ­a
ğŸš¥	horizontal, semÃ¡foro, semÃ¡foro horizontal, trÃ¡fico
ğŸš¦	semÃ¡foro, trÃ¡fico, vertical
ğŸ›‘	octÃ³gono, parar, sinal, sinal de stop, stop, trÃ¡fico
ğŸš§	en construciÃ³n, obras, sinal de obras
âš“	barco, Ã¡ncora
â›µ	barco, mar, veleiro
ğŸ›¶	barca, canoa, piragua, piragÃ¼ismo, remar
ğŸš¤	barco, lancha, lancha motora
ğŸ›³	barco, barco de pasaxeiros, cruceiro
â›´	barco, ferri, transbordador
ğŸ›¥	barco, barco a motor, motor
ğŸš¢	barco
âœˆ	aviÃ³n
ğŸ›©	avioneta, aviÃ³n
ğŸ›«	aviÃ³n, aviÃ³n despegando, despegue, saÃ­da
ğŸ›¬	aterraxe, aviÃ³n, aviÃ³n aterrando, chegada
ğŸ’º	asento
ğŸš	helicÃ³ptero
ğŸšŸ	ferrocarril, suspendido, suspensiÃ³n, tren, tren colgante
ğŸš 	cabina, montaÃ±a, telefÃ©rico, tren
ğŸš¡	aÃ©reo, colgante, funicular, tranvÃ­a
ğŸ›°	espazo, satÃ©lite
ğŸš€	espazo, foguete
ğŸ›¸	extraterrestres, marcianos, ovni, prato voador
ğŸ›	campaÃ­Ã±a, campaÃ­Ã±a de recepciÃ³n, hotel, recepciÃ³n, timbre
ğŸ§³	equipaxe, maleta, viaxar, viaxe
âŒ›	reloxo, reloxo de area, tempo
â³	reloxo, reloxo de area, reloxo de area en funcionamento
âŒš	reloxo
â°	alarma, espertador, espertar, reloxo
â±	cronÃ³metro, reloxo, tempo
â²	reloxo, tempo, temporizador
ğŸ•°	reloxo, reloxo de repisa
ğŸ•›	00:00, 12, 12:00, doce en punto, en punto
ğŸ•§	00:30, 12, 12:30, doce e media, e media
ğŸ•	1, 13:00, 1:00, en punto, unha en punto
ğŸ•œ	1, 13:30, 1:30, e media, unha e media
ğŸ•‘	14:00, 2, 2:00, dÃºas en punto, en punto
ğŸ•	14:30, 2, 2:30, dÃºas e media, e media
ğŸ•’	15:00, 3, 3:00, en punto, tres en punto
ğŸ•	15:30, 3, 3:30, e media, tres e media
ğŸ•“	16:00, 4, 4:00, catro en punto, en punto
ğŸ•Ÿ	16:30, 4, 4:30, catro e media, e media
ğŸ•”	17:00, 5, 5:00, cinco en punto, en punto
ğŸ• 	17:30, 5, 5:30, cinco e media, e media
ğŸ••	18:00, 6, 6:00, en punto, seis en punto
ğŸ•¡	18:30, 6, 6:30, e media, seis e media
ğŸ•–	19:00, 7, 7:00, en punto, sete en punto
ğŸ•¢	19:30, 7, 7:30, e media, sete e media
ğŸ•—	20:00, 8, 8:00, en punto, oito en punto
ğŸ•£	20:30, 8, 8:30, e media, oito e media
ğŸ•˜	21:00, 9, 9:00, en punto, nove en punto
ğŸ•¤	21:30, 9, 9:30, e media, nove e media
ğŸ•™	10, 10:00, 22:00, dez en punto, en punto
ğŸ•¥	10, 10:30, 22:30, dez e media, e media
ğŸ•š	11, 11:00, 23:00, en punto, once en punto
ğŸ•¦	11, 11:30, 23:30, e media, once e media
ğŸŒ‘	lÃºa, lÃºa nova, nova, novilunio
ğŸŒ’	lÃºa, lÃºa nova visible, nova, visible
ğŸŒ“	crecente, cuarto, lÃºa, lÃºa en cuarto crecente
ğŸŒ”	crecente, lÃºa, lÃºa xibosa crecente, xibosa
ğŸŒ•	chea, lÃºa, lÃºa chea, plenilunio
ğŸŒ–	lÃºa, lÃºa xibosa minguante, minguante, xibosa
ğŸŒ—	cuarto, lÃºa, lÃºa en cuarto minguante, minguante
ğŸŒ˜	lÃºa, lÃºa minguante, minguante
ğŸŒ™	crecente, lÃºa, lÃºa crecente
ğŸŒš	cara, lÃºa, lÃºa nova con cara, nova
ğŸŒ›	cara, crecente, cuarto, lÃºa, lÃºa en cuarto crecente con cara
ğŸŒœ	cara, cuarto, lÃºa, lÃºa en cuarto minguante con cara, minguante
ğŸŒ¡	temperatura, termÃ³metro
â˜€	calor, raios, sol, solleiro, tempo
ğŸŒ	cara, chea, lÃºa, lÃºa chea con cara
ğŸŒ	cara, sol, sol con cara
â­	estrela
ğŸŒŸ	brillante, escintilante, estrela, estrela brillante
ğŸŒ 	choiva de estrelas, chuvia de estrelas, estrela, estrela fugaz, fugaz
â˜	meteoroloxÃ­a, nube
â›…	anubrado, ceo parcialmente cuberto, meteoroloxÃ­a, nubrado, sol
â›ˆ	choiva, lÃ³strego, meteoroloxÃ­a, nube, tormenta
ğŸŒ¤	ceo parcialmente despexado, meteoroloxÃ­a, nube, sol
ğŸŒ¥	ceo cuberto, meteoroloxÃ­a, nube, sol
ğŸŒ¦	ceo cuberto con choiva, choiva, meteoroloxÃ­a, nube, sol
ğŸŒ§	choiva, chuvia, meteoroloxÃ­a, nube
ğŸŒ¨	frÃ­o, inverno, meteoroloxÃ­a, neve
ğŸŒ©	lÃ³strego, lÃ³stregos, meteoroloxÃ­a, nube
ğŸŒª	furacÃ¡n, meteoroloxÃ­a, tornado
ğŸŒ«	meteoroloxÃ­a, nebuloso, nÃ©boa
ğŸŒ¬	cara, meteoroloxÃ­a, soprar, vento
ğŸŒ€	ciclÃ³n, furacÃ¡n, tifÃ³n, tornado
ğŸŒˆ	arco da vella, arco iris
ğŸŒ‚	choiva, paraugas, paraugas pechado, pingas
â˜‚	choiva, paraugas
â˜”	choiva, paraugas, paraugas con choiva
â›±	area, parasol, parasol na praia, praia, sol
âš¡	alta tensiÃ³n, alta voltaxe, electricidade, perigo
â„	copo, copo de neve, frÃ­o, inverno, neve
â˜ƒ	boneco, frÃ­o, inverno, nevando e boneco de neve, neve
â›„	boneco, boneco de neve, frÃ­o, inverno
â˜„	cometa, espazo
ğŸ”¥	fogo, incendio, lapas, lume
ğŸ’§	auga, cÃ³mic, pinga, suar, suor frÃ­a
ğŸŒŠ	mar, ocÃ©ano, onda, onda do mar, onda do ocÃ©ano
ğŸƒ	Halloween, SamaÃ­n, cabaza, cabaza de SamaÃ­n, celebraciÃ³n
ğŸ„	Nadal, celebraciÃ³n, Ã¡rbore, Ã¡rbore de Nadal
ğŸ†	celebraciÃ³n, festas, fogos artificiais
ğŸ‡	bengala, celebraciÃ³n, festa
ğŸ§¨	dinamita, explosivo, fogos artificiais, foguete, petardo
âœ¨	chispas, estrelas
ğŸˆ	aniversario, festa, globo
ğŸ‰	confeti, festa, lanzador de confeti
ğŸŠ	bola de confeti, confeti, festa
ğŸ‹	celebraciÃ³n, tiras de papel, xaponÃ©s, Ã¡rbore, Ã¡rbore dos desexos de Tanabata
ğŸ	Aninovo, bambÃº, celebraciÃ³n, decoraciÃ³n con bambÃº
ğŸ	bonecas, bonecas xaponesas, celebraciÃ³n, festival xaponÃ©s
ğŸ	bandeirolas, bandeirolas con forma de carpa, carpas, festa
ğŸ	campaÃ­Ã±a, campaÃ­Ã±a de vento, vento
ğŸ‘	cerimonia, cerimonia da lÃºa, lÃºa, xaponesa
ğŸ§§	agasallo, boa sorte, diÃ±eiro, hongbao, lai see, sobre vermello
ğŸ€	celebraciÃ³n, cinta, lazo, regalo
ğŸ	aniversario, festa, lazo, regalo
ğŸ—	conmemoraciÃ³n, lazo, lazo conmemorativo
ğŸŸ	entrada, entradas, espectÃ¡culo
ğŸ«	billete, entrada, tÃ­cket
ğŸ–	condecoraciÃ³n, medalla, medalla militar, militar
ğŸ†	premio, trofeo
ğŸ…	deporte, medalla, medalla deportiva, podio
ğŸ¥‡	gaÃ±ador, gaÃ±adora, medalla, medalla de ouro, ouro, primeira, primeiro
ğŸ¥ˆ	medalla, medalla de prata, prata, segunda, segundo
ğŸ¥‰	bronce, medalla, medalla de bronce, terceira, terceiro
âš½	balÃ³n, balÃ³n de fÃºtbol, fÃºtbol, pelota
âš¾	bÃ©isbol, pelota, pelota de bÃ©isbol
ğŸ¥	bate, guante, pelota, softball, sÃ³fbol, sÃ³ftball
ğŸ€	baloncesto, balÃ³n, balÃ³n de baloncesto, canastra, pelota
ğŸ	balÃ³n, balÃ³n de voleibol, pelota, voleibol
ğŸˆ	balÃ³n, balÃ³n de fÃºtbol americano, fÃºtbol americano, pelota
ğŸ‰	balÃ³n, balÃ³n de rugby, pelota, rugby
ğŸ¾	pelota, raqueta, tenis
ğŸ¥	disco voador, disco voante, frisbee
ğŸ³	bolos
ğŸ	bate, crÃ­cket, pelota
ğŸ‘	herba, hÃ³ckey, hÃ³ckey sobre herba, pelota, stick
ğŸ’	disco, hÃ³ckey, hÃ³ckey sobre xeo, stick, xeo
ğŸ¥	gol, lacrosse, pau, pelota
ğŸ“	pimpÃ³n, ping-pong, tenis de mesa
ğŸ¸	bÃ¡dminton, raqueta, volante
ğŸ¥Š	boxeo, deporte, guante, guante de boxeo, luva
ğŸ¥‹	artes marciais, deporte, judo, karate, quimono, quimono de artes marciais
ğŸ¥…	deporte, gol, porterÃ­a, rede
â›³	bandeira, buraco, burato, golf
â›¸	patinaxe, patinaxe sobre xeo, xeo
ğŸ£	cana, cana de pescar, peixe, pescar
ğŸ½	camiseta, camiseta de correr, correr
ğŸ¿	bastÃ³ns, esquÃ­, esquÃ­s, neve
ğŸ›·	neve, trineo, zorra
ğŸ¥Œ	curling, pedra, pedra de curling, xeo
ğŸ¯	dardo, diana
ğŸ±	billar, bola
ğŸ”®	adiviÃ±aciÃ³n, bola, bola de cristal, cristal, futuro
ğŸ§¿	mal de ollo, nazar, ollo turco, talismÃ¡n
ğŸ®	consola, mando, videoxogo, xogo
ğŸ•¹	consola, joystick, panca de mando, videoxogo, xogo
ğŸ°	bar, casino, mÃ¡quina comecartos, xogo
ğŸ²	dado, dados, xogo
ğŸ§©	crebacabezas, peza, puzzle, quebracabezas
ğŸ§¸	bebÃ©, osiÃ±o, oso, peluche, xoguete
â™ 	baralla francesa, cartas, pica, picas, xogos
â™¥	baralla francesa, cartas, corazÃ³n, corazÃ³ns, xogos
â™¦	baralla francesa, cartas, rombo, rombos, xogos
â™£	baralla francesa, cartas, trevo, trevos, xogos
â™Ÿ	incauto, peÃ³n de xadrez, prescindible, xadrez
ğŸƒ	baralla francesa, cartas, comodÃ­n, xogos
ğŸ€„	dragÃ³n, ficha de mahjong, mahjong, vermello, xogo
ğŸ´	carta do xogo das flores, cartas, flores, xaponÃ©s, xogo
ğŸ­	actuaciÃ³n, arte, artes interpretativas, mÃ¡scaras, teatro
ğŸ–¼	cadro, exposiciÃ³n, marco, museo, pintura
ğŸ¨	arte, museo, paleta, paleta de artista, pintura
ğŸ§µ	agulla, bobina, carrete, coser, fÃ­o
ğŸ§¶	gancho, nobelo, tecer
ğŸ”‡	altofalante, altofalante desactivado, silencio, volume
ğŸ”ˆ	altofalante, volume
ğŸ”‰	altofalante, altofalante activado, baixo, volume
ğŸ”Š	alto, altofalante, altofalante con volume alto, volume
ğŸ“¢	altofalante, altofalante de megafonÃ­a, megafonÃ­a
ğŸ“£	megafonÃ­a, megÃ¡fono
ğŸ“¯	Correos, corneta, corneta postal, postal
ğŸ””	campÃ¡
ğŸ”•	campÃ¡, campÃ¡ tachada, prohibido, silencio, tachada
ğŸ¼	clave de sol, mÃºsica, pentagrama, solfexo
ğŸµ	corchea, mÃºsica, nota musical, notas, solfexo
ğŸ¶	mÃºsica, notas, notas musicais
ğŸ™	gravaciÃ³n, micrÃ³fono, micrÃ³fono de gravaciÃ³n, mÃºsica, radio
ğŸš	control, control desprazable, mÃºsica, volume
ğŸ›	botÃ³ns, botÃ³ns de control, control, mÃºsica
ğŸ¤	karaoke, micrÃ³fono
ğŸ§	auriculares, cascos
ğŸ“»	radio
ğŸ·	instrumento, saxo, saxofÃ³n
ğŸ¸	guitarra, instrumento
ğŸ¹	instrumento, piano, teclado, teclado musical, Ã³rgano
ğŸº	instrumento, trompeta
ğŸ»	instrumento, violÃ­n
ğŸ¥	instrumento, mÃºsica, tambor
ğŸ“±	mÃ³bil, telÃ©fono, telÃ©fono mÃ³bil
ğŸ“²	frecha, mÃ³bil, recibir, telÃ©fono, telÃ©fono mÃ³bil con frecha
â˜	telÃ©fono
ğŸ“	auricular, auricular do telÃ©fono, receptor, telÃ©fono
ğŸ“Ÿ	busca, buscapersoas, localizador, mensÃ¡fono
ğŸ“ 	fax, telefax
ğŸ”‹	baterÃ­a, carga, pila
ğŸ”Œ	electricidade, enchufar, enchufe
ğŸ’»	ordenador, ordenador portÃ¡til, portÃ¡til
ğŸ–¥	escritorio, ordenador, ordenador de escritorio
ğŸ–¨	impresora, imprimir, ordenador
âŒ¨	ordenador, teclado
ğŸ–±	ordenador, rato, rato de ordenador
ğŸ–²	ordenador, rato, rato de bola
ğŸ’½	disco, minidisc, ordenador
ğŸ’¾	disquete, disqueteira, ordenador
ğŸ’¿	CD, disco, ordenador
ğŸ“€	DVD, disco, ordenador
ğŸ§®	contar, cÃ¡lculo, xoguete, Ã¡baco
ğŸ¥	cine, cÃ¡mara cinematogrÃ¡fica, filmar, filme, pelÃ­cula
ğŸ	cine, fotograma, fotograma de pelÃ­cula, negativo, pelÃ­cula
ğŸ“½	cine, pelÃ­cula, proxector, proxector cinematogrÃ¡fico, vÃ­deo
ğŸ¬	cine, cinematografÃ­a, claqueta, filmar, pelÃ­cula
ğŸ“º	televisiÃ³n, televisor, vÃ­deo
ğŸ“·	cÃ¡mara, cÃ¡mara de fotos, fotografÃ­a, fotos, vÃ­deos
ğŸ“¸	cÃ¡mara, cÃ¡mara de fotos con flash, flash, fotografÃ­a
ğŸ“¹	cÃ¡mara, cÃ¡mara de vÃ­deo, vÃ­deo
ğŸ“¼	VHS, cinta, cinta de vÃ­deo, videocasete
ğŸ”	buscar, esquerda, lupa, lupa cara a esquerda
ğŸ”	buscar, dereita, lupa, lupa cara a dereita
ğŸ•¯	candea, cera, iluminar, luz
ğŸ’¡	cÃ³mic, electricidade, idea, luz, lÃ¡mpada
ğŸ”¦	lanterna, luz
ğŸ®	lanterna, lanterna de papel vermella, luz, vermella, xaponesa
ğŸ“”	caderno, caderno de tapas decoradas, cuberta, decorada
ğŸ“•	libro, libro pechado, pechado
ğŸ“–	aberto, libro, libro aberto
ğŸ“—	libro, libro verde, verde
ğŸ“˜	azul, libro, libro azul
ğŸ“™	laranxa, libro, libro laranxa
ğŸ“š	libros
ğŸ““	caderno
ğŸ“’	caderno, contabilidade, libro, libro de contabilidade
ğŸ“ƒ	contrato, documento, enrolada, pÃ¡xina, pÃ¡xina coa parte inferior enrolada
ğŸ“œ	papel, pergameo, pergamiÃ±o
ğŸ“„	anverso, documento, pÃ¡xina, pÃ¡xina cunha esquina dobrada
ğŸ“°	artigos, diario, noticias, xornal
ğŸ—	artigos, diario, enrolado, noticias, xornal enrolado
ğŸ“‘	bandeiriÃ±a adhesiva, marcador, marcador autoadhesivo
ğŸ”–	marcador, marcalibros, marcapÃ¡xinas, punto de lectura
ğŸ·	etiqueta
ğŸ’°	bolsa, diÃ±eiro, dÃ³lares, saco, saco de diÃ±eiro
ğŸ’´	banco, billete, billete de ien, ien, moeda
ğŸ’µ	banco, billete, billete de dÃ³lar, dÃ³lar, moeda
ğŸ’¶	banco, billete, billete de euro, euro, moeda
ğŸ’·	banco, billete, billete de libra, libra, moeda
ğŸ’¸	alas, billetes, cartos, diÃ±eiro voando, Ã¡s
ğŸ’³	banco, diÃ±eiro, tarxeta, tarxeta de crÃ©dito
ğŸ§¾	contabilidade, recibo, resgardo, tÃ­cket, xustificante
ğŸ’¹	grÃ¡fico, ien, mercado, mercado de iens en alza, tendencia
ğŸ’±	banco, cambio, cambio de divisas, divisas, diÃ±eiro
ğŸ’²	divisa, diÃ±eiro, dÃ³lar, sÃ­mbolo do dÃ³lar
âœ‰	carta, correo e., correo electrÃ³nico, sobre
ğŸ“§	correo e., correo electrÃ³nico
ğŸ“¨	correo, correo electrÃ³nico, correo entrante, recibido, sobre
ğŸ“©	correo, correo electrÃ³nico, correo saÃ­nte, enviado, sobre
ğŸ“¤	bandexa, bandexa de saÃ­da, correo, saÃ­da, saÃ­nte
ğŸ“¥	bandexa, bandexa de entrada, correo, entrada, entrante
ğŸ“¦	caixa, paquete
ğŸ“«	bandeira, caixa de correo, caixa de correo con bandeira subida, chea, pechada
ğŸ“ª	baleira, bandeira, caixa de correo, caixa de correo con bandeira baixada, pechada
ğŸ“¬	aberta, bandeira, caixa de correo, caixa de correo chea, chea
ğŸ“­	aberta, baleira, bandeira, caixa de correo, caixa de correo baleira
ğŸ“®	caixa de correo, carta, correo, correo postal, correspondencia
ğŸ—³	elecciÃ³ns, papeleta, urna, urna electoral con voto, voto
âœ	escribir, lapis
âœ’	escribir, estilogrÃ¡fica, pluma, plumiÃ±a
ğŸ–‹	escribir, estilogrÃ¡fica, pluma, pluma estilogrÃ¡fica
ğŸ–Š	boli, bolÃ­grafo, escribir
ğŸ–Œ	pincel, pintar
ğŸ–	colorear, cores, lapis de cor, pintar
ğŸ“	anotar, escribir, nota, recordatorio
ğŸ’¼	documentos, maletÃ­n, oficina
ğŸ“	carpeta, cartafol, documentos
ğŸ“‚	aberto, carpeta, cartafol aberto, documentos
ğŸ—‚	arquivador, documentos, ficheiro, separador, separadores de fichas
ğŸ“…	calendario, data
ğŸ“†	arrancar, calendario, calendario de varias follas, data, follas
ğŸ—’	caderno, caderno de espiral, escribir, espiral
ğŸ—“	calendario, calendario de espiral, data
ğŸ“‡	organizador, organizador de tarxetas, tarxetas, tarxetas de visita
ğŸ“ˆ	alza, grÃ¡fica, grÃ¡fico, grÃ¡fico con tendencia ascendente, tendencia
ğŸ“‰	baixa, grÃ¡fica, grÃ¡fico, grÃ¡fico con tendencia descendente, tendencia
ğŸ“Š	barras, grÃ¡fica, grÃ¡fico, grÃ¡fico de barras
ğŸ“‹	portapapeis
ğŸ“Œ	chincheta
ğŸ“	chincheta, chincheta redonda, redonda
ğŸ“	clip
ğŸ–‡	clips, clips enganchados, enganchar, unidos
ğŸ“	regra, triÃ¡ngulo
ğŸ“	escuadro, regra, triangular, triÃ¡ngulo
âœ‚	cortar, tesoira, tesoiras
ğŸ—ƒ	arquivar, caixa, caixa de arquivo, documentos, ficheiro
ğŸ—„	arquivador, caixÃ³ns, documentos, escritorio, oficina
ğŸ—‘	papeleira
ğŸ”’	cadeado, pechado
ğŸ”“	aberto, cadeado, cadeado aberto, desbloquear
ğŸ”	cadeado, cadeado con pluma, pluma, seguranza, sinatura dixital
ğŸ”	cadeado, cadeado con chave, pechado, privacidade, seguranza
ğŸ”‘	chave, clave, contrasinal
ğŸ—	antiga, chave, chave antiga
ğŸ”¨	ferramenta, martelo
â›	ferramenta, mina, pico
âš’	ferramenta, martelo, martelo e pico, pico
ğŸ› 	chave inglesa, ferramenta, martelo, martelo e chave inglesa
ğŸ—¡	arma, daga, puÃ±al
âš”	arma, cruzadas, espadas, espadas cruzadas
ğŸ”«	arma, pistola, revÃ³lver
ğŸ¹	Saxitario, arco, arco e frecha, frecha, zodÃ­aco
ğŸ›¡	arma, escudo, protecciÃ³n
ğŸ”§	chave inglesa, ferramenta
ğŸ”©	parafuso, parafuso con porca, porca
âš™	engrenaxe, mecanismo, roda dentada
ğŸ—œ	compresiÃ³n, ferramenta, ferramenta de compresiÃ³n
âš–	Libra, balanza, peso, xustiza, zodÃ­aco
ğŸ”—	cadea, elo, ligazÃ³n
â›“	cadea, cadeas
ğŸ§°	caixa de ferramentas, ferramentas, mecÂ´Ã¡nico, mecÃ¡nica
ğŸ§²	atracciÃ³n, ferradura, imÃ¡n, magnÃ©tico
âš—	alambique, augardente, destilar, quÃ­mica
ğŸ§ª	ciencia, experimento, laboratorio, probeta, quÃ­mica, tubo de ensaio
ğŸ§«	bacteria, bioloxÃ­a, cultivo, laboratorio, placa de Petri
ğŸ§¬	ADN, bioloxÃ­a, evoluciÃ³n, vida, xene, xenÃ©tica
ğŸ”¬	ciencia, laboratorio, microscopio
ğŸ”­	astronomÃ­a, constelaciÃ³ns, corpos celestes, telescopio
ğŸ“¡	antena, antena de satÃ©lite, satÃ©lite
ğŸ’‰	inxecciÃ³n, mÃ©dico, vacina, virus, xiringa
ğŸ’Š	enfermidade, medicaciÃ³n, medicamento, mÃ©dico, pastilla, pÃ­lula
ğŸšª	porta
ğŸ›	cama, durmir, hotel
ğŸ›‹	hotel, lÃ¡mpada, sofÃ¡, sofÃ¡ e lÃ¡mpada
ğŸš½	inodoro, retrete, vÃ¡ter
ğŸš¿	auga, ducha
ğŸ›	baÃ±eira, baÃ±o
ğŸ§´	champÃº, crema solar, envase cosmÃ©tico, lociÃ³n, suavizante, xel
ğŸ§·	imperdible, prendedor, prender
ğŸ§¹	bruxa, limpar, varrer, vasoira
ğŸ§º	agricultura, cesta, cesto, coada, pÃ­cnic
ğŸ§»	papel de cociÃ±a, papel hixiÃ©nico, rolo, rolo de papel
ğŸ§¼	baÃ±arse, enxaboar, lavarse, pastilla, xabrÃ³n, xabÃ³n
ğŸ§½	absorbente, baÃ±arse, baÃ±o, esponxa, porosa
ğŸ§¯	apagar, extintor, incendio, lapas, lume
ğŸ›’	carro, carro da compra, compra, supermercado
ğŸš¬	cigarro, fumar, permitido fumar, tabaco
âš°	ataÃºde, funeral, morte, sepultura, velorio
âš±	funeral, incineraciÃ³n, morte, urna, urna funeraria
ğŸ—¿	cara, escultura, estatua, estatua da illa de Pascua, moai
ğŸ§	banco, caixeiro, diÃ±eiro, sinal de caixeiro automÃ¡tico
ğŸš®	lixo, papeleira, sinal de tirar lixo na papeleira
ğŸš°	auga, beber, fonte, potable, sinal de auga potable
â™¿	acceso, cadeira de rodas, sinal de acceso para cadeira de rodas
ğŸš¹	aseo, baÃ±o, homes, sinal de aseo de homes
ğŸšº	aseo, baÃ±o, mulleres, sinal de aseo de mulleres
ğŸš»	aseos, baÃ±o, homes, mulleres, sinal de aseos
ğŸš¼	bebÃ©, cambiador, sinal, sinal de cambiador de bebÃ©s
ğŸš¾	aseo, baÃ±os, sinal de aseo, vÃ¡ter
ğŸ›‚	control, pasaporte, sinal de control de pasaportes
ğŸ›ƒ	aduana, sinal de alfÃ¡ndega
ğŸ›„	equipaxes, maletas, recollida, sinal de recollida de equipaxes
ğŸ›…	baixo chave, consigna, equipaxes, maletas, sinal de consigna
âš 	advertencia, sinal, sinal de advertencia
ğŸš¸	cruzar, escola, nenos, sinal, sinal de nenos cruzando
â›”	prohibido, sinal, sinal de acceso prohibido, trÃ¡fico
ğŸš«	prohibiciÃ³n, prohibido, sinal, sinal de prohibiciÃ³n
ğŸš³	bicicleta, prohibiciÃ³n, sinal, sinal de prohibido bicicletas
ğŸš­	fumar, prohibiciÃ³n, prohibido, sinal de prohibido fumar
ğŸš¯	guindar, lixo, prohibido, sinal de prohibido guindar lixo, tirar
ğŸš±	auga, non, non beber, potable, sinal de auga non potable
ğŸš·	peÃ³ns, prohibiciÃ³n, prohibido, sinal de acceso prohibido a peÃ³ns
ğŸ“µ	mÃ³bil, prohibido, sinal de prohibiciÃ³n de telÃ©fonos mÃ³biles, telÃ©fono mÃ³bil
ğŸ”	18, menores de idade, prohibiciÃ³n, sinal de prohibido a menores de idade
â˜¢	perigo, radioactivo, sinal, sinal de radioactividade
â˜£	perigo, risco, sinal de perigo biolÃ³xico, substancias perigosas
â¬†	arriba, direcciÃ³n, frecha, frecha cara arriba, norte
â†—	arriba, direcciÃ³n, frecha, frecha cara arriba Ã¡ dereita, nordeste
â¡	dereita, direcciÃ³n, frecha, frecha cara Ã¡ dereita, leste
â†˜	abaixo, direcciÃ³n, frecha, frecha cara abaixo Ã¡ dereita, sueste
â¬‡	abaixo, direcciÃ³n, frecha, frecha cara abaixo, sur
â†™	abaixo, direcciÃ³n, frecha, frecha cara abaixo Ã¡ esquerda, suroeste
â¬…	direcciÃ³n, esquerda, frecha, frecha cara Ã¡ esquerda, oeste
â†–	arriba, direcciÃ³n, frecha, frecha cara arriba Ã¡ esquerda, noroeste
â†•	abaixo, arriba, direcciÃ³n, frecha, frecha cara arriba e abaixo
â†”	dereita, direcciÃ³n, esquerda, frecha, frecha cara Ã¡ esquerda e a dereita
â†©	curva, esquerda, frecha, frecha curvada cara Ã¡ esquerda
â†ª	curva, dereita, frecha, frecha curvada cara Ã¡ dereita
â¤´	arriba, curva, frecha, frecha curvada cara arriba
â¤µ	abaixo, curva, frecha, frecha curvada cara abaixo
ğŸ”ƒ	frechas, frechas verticais xirando cara Ã¡ dereita, sentido das agullas do reloxo, xirar
ğŸ”„	frechas, frechas xirando cara Ã¡ esquerda, reiniciar, sentido contrario Ã¡s agullas do reloxo, xirar
ğŸ”™	atrÃ¡s, back, frecha, frecha coa mensaxe "volver" en inglÃ©s, volver
ğŸ”š	end, fin, final, frecha, frecha coa mensaxe "fin" en inglÃ©s
ğŸ”›	acender, acendido, frecha, frecha coa mensaxe "en marcha!" en inglÃ©s, on!
ğŸ”œ	frecha, frecha coa mensaxe "pronto" en inglÃ©s, pronto, soon
ğŸ”	arriba, frecha, frecha coa mensaxe "destacado" en inglÃ©s, mellor, principal, top
ğŸ›	culto, oraciÃ³n, relixiÃ³n, sinal de lugar de culto
âš›	ateÃ­smo, sÃ­mbolo atÃ³mico, Ã¡tomo
ğŸ•‰	hinduÃ­smo, om, relixiÃ³n, sÃ­mbolo de om
âœ¡	estrela, estrela de David, relixiÃ³n, xudaÃ­smo, xudeus
â˜¸	budismo, dharma, relixiÃ³n, roda, roda do dharma
â˜¯	relixiÃ³n, taoÃ­smo, yang, yin, yin-yang
âœ	cristianismo, cruz, cruz latina, relixiÃ³n
â˜¦	cristianismo, cruz, cruz ortodoxa, relixiÃ³n
â˜ª	islam, islamismo, media lÃºa, media lÃºa e estrela, relixiÃ³n
â˜®	paz, sÃ­mbolo, sÃ­mbolo da paz
ğŸ•	7 brazos, candelabro, menorÃ¡, relixiÃ³n, xudaÃ­smo
ğŸ”¯	David, adiviÃ±aciÃ³n, estrela, estrela de seis puntas con punto, punto
â™ˆ	Aries, Ariete, carneiro, zodÃ­aco
â™‰	Tauro, Taurus, touro, zodÃ­aco
â™Š	Gemini, XÃ©mini, xemelgos, zodÃ­aco
â™‹	CÃ¡ncer, cangrexo, caranguexo, zodÃ­aco
â™Œ	Leo, LeÃ³n, leÃ³n, zodÃ­aco
â™	Virgo, virxe, zodÃ­aco
â™	Libra, balanza, zodÃ­aco
â™	EscorpiÃ³n, Scorpius, escorpiÃ³n, zodÃ­aco
â™	Sagittarius, Saxitario, arqueiro, zodÃ­aco
â™‘	Capricornio, Capricornus, cabra, zodÃ­aco
â™’	Acuario, Aquarius, auga, vendedor de auga, zodÃ­aco
â™“	Pisces, peixes, zodÃ­aco
â›	OfiÃºco, Ophiuchus, cazador de serpes, serpe, zodÃ­aco
ğŸ”€	aleatoria, botÃ³n de reproduciÃ³n aleatoria, entrecruzadas, frechas, reproduciÃ³n
ğŸ”	botÃ³n de repeticiÃ³n continua, frechas, repeticiÃ³n, repetir
ğŸ”‚	botÃ³n de repeticiÃ³n Ãºnica, frechas, repeticiÃ³n, repetir, unha vez
â–¶	botÃ³n, botÃ³n de reproduciÃ³n, reproduciÃ³n
â©	avance, avanzar, botÃ³n, botÃ³n de avance rÃ¡pido, rapidamente
â­	avanzar, botÃ³n, botÃ³n de pista seguinte, pista, seguinte
â¯	botÃ³n, botÃ³n reproduciÃ³n ou pausa, pausa, reproduciÃ³n
â—€	botÃ³n, botÃ³n de retroceso, retroceder, retroceso
âª	botÃ³n, botÃ³n de retroceso rÃ¡pido, retroceder, retroceso, rÃ¡pido
â®	anterior, botÃ³n, botÃ³n de pista anterior, pista, retroceder
ğŸ”¼	arriba, botÃ³n, botÃ³n de ir arriba, vermello
â«	arriba, botÃ³n, botÃ³n de ir arriba rÃ¡pido, rÃ¡pido
ğŸ”½	abaixo, botÃ³n, botÃ³n de ir abaixo, vermello
â¬	abaixo, botÃ³n, botÃ³n de ir abaixo rÃ¡pido, rÃ¡pido
â¸	botÃ³n, botÃ³n de pausa, pausa
â¹	botÃ³n, botÃ³n de parada, cadrado, deter, parar
âº	botÃ³n, botÃ³n de gravaciÃ³n, cÃ­rculo, gravaciÃ³n, gravar
â	botÃ³n, botÃ³n de expulsiÃ³n, expulsar, expulsiÃ³n
ğŸ¦	cine, cinema, pelÃ­cula
ğŸ”…	baixo, botÃ³n de diminuÃ­r o brillo, brillo, diminuÃ­r, luminosidade
ğŸ”†	alto, aumentar, botÃ³n de aumentar o brillo, brillo, luminosidade
ğŸ“¶	antena, barras, cobertura, sinal de cobertura
ğŸ“³	modo vibraciÃ³n, mÃ³bil, silencio, telÃ©fono, vibraciÃ³n
ğŸ“´	apagado, desactivado, mÃ³bil, telÃ©fono, telÃ©fono mÃ³bil apagado
â™€	feminismo, muller, sÃ­mbolo, sÃ­mbolo da muller
â™‚	home, sÃ­mbolo, sÃ­mbolo do home
âš•	Esculapio, farmacia, medicina, serpe, sÃ­mbolo da medicina
â™¾	eterno, ilimitado, sÃ­mbolo do infinito, universal
â™»	reciclado, reciclaxe, sÃ­mbolo, sÃ­mbolo de reciclaxe
âšœ	flor, flor de lis, lis
ğŸ”±	emblema, emblema de tridente, tridente, Ã¡ncora
ğŸ“›	etiqueta, identificaciÃ³n, nome, tarxeta, tarxeta identificativa
ğŸ”°	amarelo, principiante, sÃ­mbolo xaponÃ©s para principiante, verde, xaponÃ©s
â­•	cÃ­rculo, cÃ­rculo groso, o
âœ…	ben, correcto, marca, marca de verificaciÃ³n branca, verificaciÃ³n
â˜‘	marca, marcado, recadro, recadro con marca de verificaciÃ³n, verificaciÃ³n
âœ”	ben, correcto, marca, marca de verificaciÃ³n, verificaciÃ³n
âœ–	X, cancelar, multiplicaciÃ³n, multiplicar, signo de multiplicar groso
âŒ	X, cancelar, multiplicaciÃ³n, multiplicar, signo de multiplicar
â	X, botÃ³n â€œXâ€, cancelar, marca, pechar, recadro
â•	matemÃ¡ticas, mÃ¡is, signo de sumar, suma, sumar
â–	matemÃ¡ticas, menos, resta, restar, signo de restar
â—	dividir, divisiÃ³n, matemÃ¡ticas, signo de dividir
â°	bucle
â¿	bucle, bucle dobre, dobre
ã€½	alternancia, signo, signo de alternancia
âœ³	8, asterisco, asterisco de oito raios, oito
âœ´	8, estrela, estrela de oito puntas, oito
â‡	chispa
â€¼	admiraciÃ³n, dobre, exclamaciÃ³n, signo de exclamaciÃ³n dobre
â‰	admiraciÃ³n, exclamaciÃ³n, interrogaciÃ³n, signo de exclamaciÃ³n e interrogaciÃ³n
â“	interrogaciÃ³n, pregunta, signo de interrogaciÃ³n
â”	branco, interrogaciÃ³n, pregunta, signo de interrogaciÃ³n branco
â•	admiraciÃ³n, branco, exclamaciÃ³n, signo de exclamaciÃ³n branco
â—	admiraciÃ³n, exclamaciÃ³n, signo de exclamaciÃ³n
ã€°	liÃ±a ondulada, onda, ondulado, son largo, trazo
Â©	autor, copyright, dereitos
Â®	marca, marca rexistrada â€œRâ€, rexistrada
â„¢	TM, marca, marca rexistrada â€œTMâ€, rexistrada
ğŸ’¯	100, 100 puntos, cen, puntos, puntuaciÃ³n
ğŸ” 	ABCD, introducir, introducir letras en maiÃºsculas, letras, maiÃºscula
ğŸ”¡	abcd, introducir, introducir letras en minÃºsculas, letras, minÃºscula
ğŸ”¢	1234, introducir, introducir nÃºmeros, nÃºmeros
ğŸ”£	introducir, introducir sÃ­mbolos, sÃ­mbolos
ğŸ”¤	ABC, introducir, introducir letras, letras
ğŸ…°	A, grupo, grupo sanguÃ­neo A, sanguÃ­neo
ğŸ†	AB, grupo, grupo sanguÃ­neo AB, sanguÃ­neo
ğŸ…±	B, grupo, grupo sanguÃ­neo B, sanguÃ­neo
ğŸ†‘	borrado, borrar, botÃ³n "borrar" en inglÃ©s, cl, clear
ğŸ†’	botÃ³n "xenial" en inglÃ©s, cool, interesante, xenial
ğŸ†“	botÃ³n "gratis" en inglÃ©s, de balde, free, gratis
â„¹	informaciÃ³n, punto de informaciÃ³n
ğŸ†”	ID, botÃ³n "identificaciÃ³n" en inglÃ©s, identidade, identificaciÃ³n
â“‚	M, cÃ­rculo, cÃ­rculo coa letra â€œMâ€, metro
ğŸ†•	botÃ³n "novo" en inglÃ©s, new, novo
ğŸ†–	NG, botÃ³n "mal" en inglÃ©s, mal, non conforme
ğŸ…¾	O, grupo, grupo sanguÃ­neo O, sanguÃ­neo
ğŸ†—	OK, ben, botÃ³n "ben" en inglÃ©s, de acordo
ğŸ…¿	P, aparcadoiro, aparcamento, aparcar, parking
ğŸ†˜	SOS, auxilio, axuda, botÃ³n "socorro!" en inglÃ©s, socorro
ğŸ†™	botÃ³n, botÃ³n "arriba!" en inglÃ©s, subir, up!
ğŸ†š	botÃ³n "fronte a" en inglÃ©s, comparaciÃ³n, contra, fronte a, versus, vs
ğŸˆ	aquÃ­, botÃ³n "aquÃ­" en xaponÃ©s, katakana, koko, xaponÃ©s
ğŸˆ‚	botÃ³n â€œcargo por servizoâ€ en xaponÃ©s, cargo por servizo, comisiÃ³n, katakana, xaponÃ©s
ğŸˆ·	botÃ³n "cantidade mensual" en xaponÃ©s, cantidade mensual, ideograma, xaponÃ©s
ğŸˆ¶	botÃ³n "de pago" en xaponÃ©s, de pago, ideograma, xaponÃ©s
ğŸˆ¯	botÃ³n "reservado" en xaponÃ©s, ideograma, reservado, xaponÃ©s
ğŸ‰	botÃ³n "oportunidade" en xaponÃ©s, ideograma, vantaxe, xaponÃ©s
ğŸˆ¹	botÃ³n "desconto" en xaponÃ©s, desconto, ideograma, xaponÃ©s
ğŸˆš	botÃ³n "gratis" en xaponÃ©s, de balde, gratis, ideograma, xaponÃ©s
ğŸˆ²	botÃ³n "prohibido" en xaponÃ©s, ideograma, prohibido, xaponÃ©s
ğŸ‰‘	aceptable, botÃ³n "aceptable" en xaponÃ©s, ideograma, xaponÃ©s
ğŸˆ¸	aplicaciÃ³n, botÃ³n "aplicaciÃ³n" en xaponÃ©s, ideograma, xaponÃ©s
ğŸˆ´	aprobado, botÃ³n "aprobado" en xaponÃ©s, calificaciÃ³n, ideograma, xaponÃ©s
ğŸˆ³	botÃ³n "hai vacantes" en xaponÃ©s, ideograma, libre, vacante, xaponÃ©s
ãŠ—	botÃ³n "parabÃ©ns" en xaponÃ©s, ideograma, parabÃ©ns, xaponÃ©s
ãŠ™	botÃ³n "secreto" en xaponÃ©s, ideograma, secreto, xaponÃ©s
ğŸˆº	aberto, botÃ³n "aberto ao pÃºblico" en xaponÃ©s, en funcionamento, ideograma, xaponÃ©s
ğŸˆµ	botÃ³n "non hai vacantes" en xaponÃ©s, ideograma, non vacante, sen vacantes, xaponÃ©s
ğŸ”´	cÃ­rculo, cÃ­rculo vermello, vermello
ğŸ”µ	azul, cÃ­rculo, cÃ­rculo azul
âšª	branco, cÃ­rculo, cÃ­rculo branco
âš«	cÃ­rculo, cÃ­rculo negro, negro
â¬œ	branco, cadrado, cadrado grande branco, grande
â¬›	cadrado, cadrado grande negro, grande, negro
â—¼	cadrado, cadrado mediano negro, mediano, negro
â—»	branco, cadrado, cadrado mediano branco, mediano
â—½	branco, cadrado, cadrado pequeno-mediano branco, mediano, pequeno
â—¾	cadrado, cadrado pequeno-mediano negro, mediano, negro, pequeno
â–«	branco, cadrado, cadrado pequeno branco, pequeno
â–ª	cadrado, cadrado pequeno negro, negro, pequeno
ğŸ”¶	grande, laranxa, rombo, rombo grande laranxa
ğŸ”·	azul, grande, rombo, rombo grande azul
ğŸ”¸	laranxa, pequeno, rombo, rombo pequeno laranxa
ğŸ”¹	azul, pequeno, rombo, rombo pequeno azul
ğŸ”º	arriba, triÃ¡ngulo, triÃ¡ngulo vermello, vermello
ğŸ”»	abaixo, invertido, triÃ¡ngulo, triÃ¡ngulo vermello invertido, vermello
ğŸ’ 	flor, punto, rombo, rombo en forma de flor
ğŸ”˜	botÃ³n, botÃ³n de opciÃ³n, opciÃ³n
ğŸ”²	botÃ³n, botÃ³n con cadrado negro, cadrado, negro
ğŸ”³	botÃ³n, botÃ³n con cadrado branco, branco, cadrado
ğŸ	bandeira, bandeira de cadros, carreiras, de cadros, fin
ğŸš©	bandeira, bandeira triangular, bandeirola, triangular
ğŸŒ	XapÃ³n, bandeiras, bandeiras cruzadas, cruzadas
ğŸ´	bandeira, bandeira negra ondeando, negra, ondear
ğŸ³	bandeira, bandeira branca ondeando, branca, ondear
ğŸ³â€ğŸŒˆ	arco da vella, bandeira, bandeira do arco da vella, multicolor
ğŸ´â€â˜ 	bandeira pirata, pillaxe, pirata, saqueo, tesouro
