ğŸ˜€	glad, grinende ansigt, smilende ansigt, smiley
ğŸ˜ƒ	glad, smilende ansigt med Ã¥ben mund, smiler, smiley
ğŸ˜„	glad, smil, smilende ansigt med Ã¥ben mund og smilende Ã¸jne, smiley, smileÃ¸jne
ğŸ˜	ansigt der griner, glad, grinende ansigt med smilende Ã¸jne, smiley
ğŸ˜†	glad, lukkede Ã¸jne, smil, smil med lukkede Ã¸jne, smilende ansigt med Ã¥ben mund og lukkede Ã¸jne
ğŸ˜…	smil med koldsved, smilende ansigt med Ã¥ben mund og koldsved
ğŸ¤£	ansigt, grine, griner, gulv, latter, ler, ruller, ruller rundt pÃ¥ gulvet af grin, vrider sig
ğŸ˜‚	ansigt med glÃ¦destÃ¥rer, glad, glÃ¦de, tÃ¥rer
ğŸ™‚	ansigt, let smilende ansigt, smil
ğŸ™ƒ	ansigt, omvendt, omvendt ansigt
ğŸ˜‰	ansigt, ansigt der blinker, blink, blinkende ansigt
ğŸ˜Š	smil med smileÃ¸jne, smilende ansigt og Ã¸jne, smileÃ¸jne
ğŸ˜‡	ansigt, glorie, smil, smilende ansigt med glorie
ğŸ˜	hjerter, hjerteÃ¸jne, kÃ¦rlighed, smilende ansigt med hjertÃ¸jne
ğŸ˜˜	ansigt, kyssende ansigt, sender kys
ğŸ˜—	ansigt, kys, kysseansigt, kysser
â˜ºï¸	smil, smilende ansigt
ğŸ˜š	ansigt, kys, kysseansigt med lukkede Ã¸jne, lukkede Ã¸jne
ğŸ˜™	ansigt, kysseansigt med smilende Ã¸jne, smilende Ã¸jne
ğŸ˜‹	ansigt, god mad, nydende ansigt, smil
ğŸ˜›	ansigt, ansigt med tungen ude
ğŸ˜œ	ansigt, ansigt med tungen ude og blinkende Ã¸je, blink, driller
ğŸ˜	ansigt, ansigt med tungen ude og sammenknebne Ã¸jne, rÃ¦kker tunge
ğŸ¤‘	ansigt, ansigt med dollartegn, mund, penge
ğŸ¤—	ansigt, knus, knuser, kram, kramme, krammende ansigt
ğŸ¤”	ansigt, tanker, tÃ¦nkende, tÃ¦nkende ansigt
ğŸ¤	ansigt, ansigt med lynlÃ¥smund, lynlÃ¥s, mund
ğŸ˜ï¸	ingen kommentar, neutralt ansigt, pokeransigt
ğŸ˜‘	ingen kommentar, pokeransigt, udtrykslÃ¸st ansigt
ğŸ˜¶	ansigt, ansigt uden mund, mund, stille, tavs
ğŸ˜	ansigt, ansigt med smÃ¸rret grin, smÃ¸rret
ğŸ˜’	ansigt, ikke glad, uimponeret ansigt
ğŸ™„	ansigt, ansigt med rullende Ã¸jne, rullende, Ã¸jne
ğŸ˜¬	ansigt, lave grimasse, sammenbidt ansigt
ğŸ¤¥	ansigt, lang nÃ¦se, lyver, lÃ¸gn, lÃ¸gneransigt, pinocchio
ğŸ˜Œ	ansigt, lettelse, lettet ansigt
ğŸ˜”	ansigt, eftertÃ¦nksom, eftertÃ¦nksomt ansigt, nedslÃ¥et
ğŸ˜ª	ansigt, dyb sÃ¸vn, trÃ¦t
ğŸ¤¤	ansigt, savl, savlende ansigt, savler
ğŸ˜´	ansigt, sove, sovende ansigt, sÃ¸vn
ğŸ˜·	ansigt, ansigt med maske, doktor, forkÃ¸lelse, maske, medicin, syg
ğŸ¤’	ansigt, ansigt med termometer, syg, termometer
ğŸ¤•	ansigt, ansigt med bandage, bandage, skade, smerte
ğŸ¤¢	ansigt, ansigt med kvalme, brÃ¦k, kaster op, kvalme, kvalmeansigt, opkast, syg, sygdom
ğŸ¤§	forkÃ¸let, lommetÃ¸rklÃ¦de, nys, nysende ansigt, nyser, prosit, pudser nÃ¦se, syg, sygdom
ğŸ˜µ	ansigt, svimmel, svimmelt ansigt, Ã¸r
ğŸ¤ 	ansigt, cowboyhat, cowboyhat ansigt, cowgirl, hat
ğŸ˜	ansigt, sej, smil med solbriller, smilende ansigt med solbriller, solbriller
ğŸ¤“	ansigt, nÃ¸rd, nÃ¸rdansigt
ğŸ˜•	ansigt, forvirret ansigt
ğŸ˜Ÿ	ansigt, bekymret, bekymret ansigt, bekymring
ğŸ™	ansigt, lidt trist ansigt, trist
â˜¹ï¸	ansigt, trist, trist ansigt
ğŸ˜®	ansigt, ansigt med Ã¥ben mund
ğŸ˜¯	stille ansigt, tavst ansigt
ğŸ˜²	chokeret, overrasket ansigt
ğŸ˜³	rÃ¸de kinder, rÃ¸dmende ansigt
ğŸ˜¦	ansigt, mÃ¥bende ansigt med Ã¥ben mund, rynkede bryn, Ã¥ben mund
ğŸ˜§	ansigt, forpint ansigt, lider, smerte
ğŸ˜¨	bange ansigt, frygt
ğŸ˜°	ansigt med Ã¥ben mund og koldsved, blÃ¥ i ansigtet, koldsved, Ã¥ben mund
ğŸ˜¥	skuffet men lettet, skuffet men lettet ansigt
ğŸ˜¢	ansigt, grÃ¦dende ansigt, ked af det, tÃ¥rer
ğŸ˜­	grÃ¥dkvalt ansigt, grÃ¦der, tÃ¥rer
ğŸ˜±	angst, skrigende ansigt
ğŸ˜–	ansigt, forbandet, forbistret ansigt
ğŸ˜£	stÃ¦digt ansigt, udholdenhed
ğŸ˜	ansigt, skuffet ansigt
ğŸ˜“	ansigt, ansigt med koldsved
ğŸ˜©	udkÃ¸rt, udmattet, udmattet ansigt
ğŸ˜«	ansigt, trÃ¦t ansigt
ğŸ˜¤	fnysende ansigt, jeg vandt
ğŸ˜¡	rÃ¸d, surt ansigt, vred, vredt ansigt
ğŸ˜ 	ansigt, vredt ansigt
ğŸ˜ˆ	ansigt, horn, smil, smilende ansigt med horn
ğŸ‘¿	lilla djÃ¦vel, lille djÃ¦vel
ğŸ’€	dÃ¸dningehoved, kranium
â˜ ï¸	ansigt, dÃ¸d, korslagte knogler, kranie, kranie og korslagte knogler, kranium, krop, monster
ğŸ’©	bunke bÃ¦, bÃ¦
ğŸ¤¡	ansigt, klovn, klovneansigt
ğŸ‘¹	japansk uhyre, monster, trold
ğŸ‘º	japansk Ã¥nd, Ã¥nd
ğŸ‘»	ansigt, eventyr, fantasi, gespenst, monster, spÃ¸gelse, vÃ¦sen
ğŸ‘½ï¸	rumvÃ¦sen
ğŸ‘¾	alien, alien-monster, ansigt, eventyr, fantasi, rummet, rumvÃ¦sen, ufo
ğŸ¤–	ansigt, monster, robotansigt
ğŸ˜º	glad kat, kat smiler
ğŸ˜¸	kat, kat griner
ğŸ˜¹	kat, kat med glÃ¦destÃ¥rer
ğŸ˜»	glad kat med hjerter, kat smiler
ğŸ˜¼	ironisk kat, kat med ironisk smil
ğŸ˜½	kat, kyssende kat med lukkede Ã¸jne, kysser
ğŸ™€	overrasket kat, trÃ¦t kat
ğŸ˜¿	grÃ¦dende kat, kat grÃ¦der
ğŸ˜¾	sur kat, surmulende kat
ğŸ™ˆ	ikke se, tre vise aber
ğŸ™‰	ikke hÃ¸re, tre vise aber
ğŸ™Š	ikke tale, tre vise aber
ğŸ’Œ	brev med hjerte, kÃ¦rlighedsbrev
ğŸ’˜	fÃ¸lelser, hjerte, hjerte med pil, kÃ¦rlighed, pil
ğŸ’	bÃ¥nd, fÃ¸lelser, hjerte, hjerte med bÃ¥nd
ğŸ’–	fÃ¸lelser, gnister, hjerte med stjerner, kÃ¦rlighed
ğŸ’—	fÃ¸lelser, hjerte, kÃ¦rlighed, nervÃ¸s, voksende hjerte
ğŸ’“	bankende hjerte, hjerte, kÃ¦rlighed, romantik
ğŸ’	fÃ¸lelser, hjerter, roterende hjerter
ğŸ’•	kÃ¦rlighed, romantik, to hjerter
ğŸ’Ÿ	hjerte, hjertedekoration
â£ï¸	hjerte, hjerte som udrÃ¥bstegn, tegnsÃ¦tning, udrÃ¥bstegn
ğŸ’”	knust hjerte, ulykkelig kÃ¦rlighed
â¤ï¸	hjerte, rÃ¸dt hjerte
ğŸ’›	fÃ¸lelser, gul, gult hjerte, hjerte
ğŸ’š	fÃ¸lelser, grÃ¸n, grÃ¸nt hjerte, hjerte
ğŸ’™	blÃ¥, blÃ¥t hjerte, fÃ¸lelser, hjerte
ğŸ’œ	fÃ¸lelser, hjerte, violet, violet hjerte
ğŸ–¤	hjerte, ondskab, ondt, sort, sort hjerte
ğŸ’‹	lÃ¦beaftryk, lÃ¦ber, romantik
ğŸ’¯	100 point, alle rigtige, hundrede, point
ğŸ’¢	fÃ¸lelse, tegn for vrede, vrede
ğŸ’¥	fÃ¸lelser, kollision, kollitionstegn
ğŸ’«	fÃ¸lelser, se stjerner, svimmel
ğŸ’¦	fÃ¸lelser, sveddrÃ¥ber
ğŸ’¨	er lÃ¸bet, fÃ¸lelser, lÃ¸ber vÃ¦k, smutter
ğŸ•³ï¸	hul, sort
ğŸ’¬	tale, taleboble
ğŸ‘â€ğŸ—¨	se, taleboble, vidne, Ã¸je, Ã¸je i taleboble
ğŸ—¨ï¸	dialog, snak, tale, taleboble til venstre
ğŸ—¯ï¸	ballon, boble, mad, vred, vred taleboble til hÃ¸jre
ğŸ’­	tanke, tankeboble
ğŸ’¤	fÃ¸lelse, snorke, sove, sÃ¸vnig
ğŸ‘‹	hÃ¥nd, vinker
ğŸ¤š	baghÃ¥nd, hÃ¥nd, krop, lÃ¸ftet, lÃ¸ftet baghÃ¥nd
ğŸ–ï¸	hÃ¥nd, hÃ¥nd med spredte fingre, krop, spredte
âœ‹	hÃ¥nd, krop, lÃ¸ftet hÃ¥nd
ğŸ––	finger, hÃ¥nd, krop, vulcan-hilsen
ğŸ‘Œ	OK-hÃ¥ndtegn, OK-tegn, ok-tegn
âœŒï¸	V-tegn, v-tegn, yeah
ğŸ¤	finger, held og lykke, hÃ¥b, hÃ¥nd, krop, krydsede fingre, krydser fingre
ğŸ¤˜	djÃ¦vletegn, finger, heavy metal, horn, hÃ¥nd, krop
ğŸ¤™	hÃ¥nd, krop, opringning, ring til mig-hÃ¥nd, ringer, telefonhÃ¥nd
ğŸ‘ˆï¸	finger, finger peger til venstre, pegefinger, peger til venstre, venstre
ğŸ‘‰ï¸	finger, finger peger til hÃ¸jre, hÃ¸jre, pegefinger, peger til hÃ¸jre
ğŸ‘†ï¸	finger, finger peger op, pegefinger, peger op
ğŸ–•	finger, hÃ¥nd, krop, langefinger
ğŸ‘‡ï¸	finger, finger peger ned, ned, pegefinger, peger ned
â˜ï¸	finger, hÃ¥nd, krop, op, opadvendt, opadvendt pegefinger, pege, pegefinger
ğŸ‘ï¸	hÃ¥ndtegn, tommelfinger op
ğŸ‘ï¸	hÃ¥ndtegn, tommelfinger ned
âœŠ	hÃ¥nd, knytnÃ¦ve, knyttet, krop, lÃ¸ftet knytnÃ¦ve, slÃ¥
ğŸ‘Š	hÃ¥nd, knytnÃ¦ve, knyttet hÃ¥nd
ğŸ¤›	hÃ¥nd, hÃ¥nd knyttet mod venstre, knytnÃ¦ve, knyttet hÃ¥nd, krop, venstre, venstrevendt, venstrevendt knytnÃ¦ve
ğŸ¤œ	hÃ¥nd, hÃ¥nd knyttet mod hÃ¸jre, hÃ¸jre, hÃ¸jrevendt, hÃ¸jrevendt knytnÃ¦ve, knytnÃ¦ve, knyttet hÃ¥nd, krop
ğŸ‘	hÃ¥ndtegn, hÃ¦nder klapper, klapper
ğŸ™Œ	begge hÃ¦nder oppe, hurra
ğŸ‘	hÃ¥ndtegn, Ã¥bne hÃ¦nder, Ã¥bne hÃ¦nder-tegn
ğŸ¤	enighed, hilsen, hilser, hÃ¥nd, hÃ¥ndtryk, hÃ¦nder, krop, mÃ¸des
ğŸ™	bÃ¸n, foldede hÃ¦nder
âœï¸	hÃ¥nd, krop, skrive, skrivende hÃ¥nd
ğŸ’…	kosmetik, negle, neglelak
ğŸ¤³	arm, foto, fotograf, fotograferer, fotografi, kamera, mobil, mobiltelefon, selfie, tager billeder, telefon
ğŸ’ª	armmuskler, muskel, stÃ¦rk
ğŸ‘‚ï¸	hÃ¸re, krop, Ã¸re
ğŸ‘ƒ	dufte, krop, lugte ansigt, nÃ¦se
ğŸ‘€	ansigt, se, Ã¸jne
ğŸ‘ï¸	krop, Ã¸je
ğŸ‘…	krop, smage, tunge
ğŸ‘„	ansigt, krop, lÃ¦ber, mund
ğŸ‘¶	baby, barn, menneske
ğŸ‘¦	dreng, menneske, person
ğŸ‘§	menneske, person, pige
ğŸ‘±	blond person, menneske, person
ğŸ‘¨	mand, menneske, person
ğŸ‘±â€â™‚	blond, blond mand, lyshÃ¥ret, mand
ğŸ‘©	kvinde, menneske, person
ğŸ‘±â€â™€	blond kvinde, blondine, kvinde, lyshÃ¥ret
ğŸ‘´	gammel mand, mand, menneske
ğŸ‘µ	gammel kvinde, kvinde, menneske
ğŸ™	rynkede bryn, udtryk, utilfreds
ğŸ™â€â™‚	mand, mand rynker panden, rynke panden, rynkede bryn, rynket pande, utilfreds
ğŸ™â€â™€	kvinde, kvinde rynker panden, rynke panden, rynkede bryn, rynket pande, utilfreds
ğŸ™	gestus, surmule, surmulende person
ğŸ™â€â™‚	mand, mand surmuler, sur, surmule, utilfreds
ğŸ™â€â™€	kvinde, kvinde surmuler, sur, surmule, utilfreds
ğŸ™…	forbudt, nej, signalerer nej
ğŸ™…â€â™‚	forbudt, gestus, ikke i orden, mand, mand signalerer nej, nej
ğŸ™…â€â™€	forbudt, gestus, ikke i orden, kvinde, kvinde signalerer nej, nej
ğŸ™†	allright, ansigt, signalerer ok
ğŸ™†â€â™‚	gestus, i orden, mand, mand signalerer ok, ok, tilladt
ğŸ™†â€â™€	gestus, i orden, kvinde, kvinde signalerer ok, ok, tilladt
ğŸ’	hjÃ¦lp, information
ğŸ’â€â™‚	flabet, hjÃ¦lp, information, mand, mand vender hÃ¥ndfladen op
ğŸ’â€â™€	flabet, hjÃ¦lp, hÃ¥ndflade, information, kvinde, kvinde vender hÃ¥ndfladen op
ğŸ™‹	glad person, hej, lÃ¸ftet hÃ¥nd
ğŸ™‹â€â™‚	gestus, hej, hilsen, lÃ¸ftet hÃ¥nd, mand, mand med lÃ¸ftet hÃ¥nd
ğŸ™‹â€â™€	gestus, hej, hilsen, kvinde, kvinde med lÃ¸ftet hÃ¥nd, lÃ¸ftet hÃ¥nd
ğŸ™‡â€â™‚	buk, mand, mand bukker dybt, undskyld, undskyldning
ğŸ™‡â€â™€	buk, kvinde, kvinde bukker dybt, undskyld, undskyldning
ğŸ¤¦	ansigt, dumt, facepalm, hÃ¥nd, hÃ¥ndflade, irritation, irriteret, skepsis
ğŸ¤¦â€â™‚	facepalm, grÃ¦mmes, hÃ¥ndflade, irritation, irriteret, mand, mand slÃ¥r sig for panden, skepsis
ğŸ¤¦â€â™€	facepalm, grÃ¦mmes, hÃ¥ndflade, irritation, irriteret, kvinde, kvinde slÃ¥r sig for panden, skepsis
ğŸ¤·	aner det ikke, ligeglad, ligegyldighed, ligegyldigt, pas, skulder, skuldre, trÃ¦k, trÃ¦kker pÃ¥ skuldrene, tvivl, uvidenhed, ved det ikke, ved ikke
ğŸ¤·â€â™‚	ingen anelse, ligeglad, ligegyldighed, mand, mand trÃ¦kker pÃ¥ skuldrene, pas, skuldre, tvivl, uvidenhed
ğŸ¤·â€â™€	ingen anelse, kvinde, kvinde trÃ¦kker pÃ¥ skuldrene, ligeglad, ligegyldighed, pas, skuldre, tvivl, uvidenhed
ğŸ‘¨â€âš•	kittel, lÃ¦ge, mand, mandlig sundhedsperson, sygeplejerske
ğŸ‘©â€âš•	kittel, kvinde, kvindelig sundhedsperson, lÃ¦ge, sygeplejerske
ğŸ‘¨â€ğŸ“	dimittend, eksamenshat, mand, studerende
ğŸ‘©â€ğŸ“	dimittend, eksamenshat, kvinde, kvindelig studerende, studerende
ğŸ‘¨â€ğŸ«	lÃ¦rer, mand, professor, underviser
ğŸ‘©â€ğŸ«	kvinde, kvindelig lÃ¦rer, lÃ¦rerinde, professor, underviser
ğŸ‘¨â€âš–	dommer, jura, lov, mand, retfÃ¦rdighed
ğŸ‘©â€âš–	jura, kvinde, kvindelig dommer, lov, retfÃ¦rdighed
ğŸ‘¨â€ğŸŒ¾	bonde, bondemand, gartner, landmand, mand
ğŸ‘©â€ğŸŒ¾	bonde, gartner, kvinde, kvindelig landmand, landmand
ğŸ‘¨â€ğŸ³	kok, madlavning, mand, stegepande
ğŸ‘©â€ğŸ³	kok, kvinde, kvindelig kok, madlavning, stegepande
ğŸ‘¨â€ğŸ”§	hÃ¥ndvÃ¦rker, mand, mekaniker, skruenÃ¸gle, vÃ¦rktÃ¸j
ğŸ‘©â€ğŸ”§	hÃ¥ndvÃ¦rker, kvinde, kvindelig mekaniker, mekaniker, skruenÃ¸gle, vÃ¦rktÃ¸j
ğŸ‘¨â€ğŸ­	arbejder, fabrik, fabriksarbejder, industri, mand
ğŸ‘©â€ğŸ­	arbejder, fabrik, industri, kvinde, kvindelig fabriksarbejder
ğŸ‘¨â€ğŸ’¼	business, jakkesÃ¦t, kontor, kontoransat, kontormand, mappe
ğŸ‘©â€ğŸ’¼	business, kontor, kvinde, kvindelig kontoransat, mappe
ğŸ‘¨â€ğŸ”¬	forsker, naturvidenskab, naturvidenskabsmand, videnskab, videnskabsmand
ğŸ‘©â€ğŸ”¬	kvinde, kvindelig forsker, naturvidenskab, videnskab, videnskabsmand
ğŸ‘¨â€ğŸ’»	IT-medarbejder, computer, it, mand, pc, programmÃ¸r, skÃ¦rm, software, teknologi, udvikler
ğŸ‘©â€ğŸ’»	computer, it, kvinde, kvindelig IT-medarbejder, pc, programmÃ¸r, skÃ¦rm, software, udvikler
ğŸ‘¨â€ğŸ¤	entertainer, karaoke, mand, sang, sanger, skuespiller, stjerne, synge
ğŸ‘©â€ğŸ¤	entertainer, karaoke, kvinde, sang, sangerinde, skuespiller, stjerne, synge
ğŸ‘¨â€ğŸ¨	billedkunstner, kreativ, kunstmaler, kunstner, palet, pensler
ğŸ‘©â€ğŸ¨	billedkunstner, kunstmaler, kvinde, kvindelig kunstner, palet, pensler
ğŸ‘¨â€âœˆ	fly, mand, pilot
ğŸ‘©â€âœˆ	fly, kvinde, kvindelig pilot, pilot
ğŸ‘¨â€ğŸš€	astronaut, mand, raket, rumdragt, rumfartÃ¸j, rummet, rumskib
ğŸ‘©â€ğŸš€	kvinde, kvindelig astronaut, raket, rumdragt, rumfartÃ¸j, rummet, rumskib
ğŸ‘¨â€ğŸš’	brand, brandbil, brandmand, hjelm, mand
ğŸ‘©â€ğŸš’	brand, brandbil, hjelm, kvinde, kvindelig brandmand
ğŸ‘®	betjent, politi, politibetjent
ğŸ‘®â€â™‚	betjent, mand, mandlig politibetjent, politi, politimand
ğŸ‘®â€â™€	betjent, kvinde, kvindelig politibetjent, politi
ğŸ•µï¸	detektiv, spion
ğŸ’‚	garder, garderofficer, gardist
ğŸ’‚â€â™‚	bevogtning, livgarde, mand, mandlig garder, sikkerhed, vagt
ğŸ’‚â€â™€	bevogtning, kvinde, kvindelig garder, livgarde, sikkerhed, vagt
ğŸ‘·	arbejder, byggearbejder, byggeri
ğŸ‘·â€â™‚	arbejder, byggearbejder, byggeri, bygningsarbejder, hammer, mand
ğŸ‘·â€â™€	arbejder, byggearbejder, byggeri, hammer, kvinde, kvindelig bygningsarbejder
ğŸ¤´	kongelig, kongesÃ¸n, krone, prins, royal
ğŸ‘¸	eventyr, menneske, prinsesse
ğŸ‘³â€â™‚	mand, mand med turban, turban
ğŸ‘³â€â™€	kvinde, kvinde med turban, turban
ğŸ‘²	mand med kinesisk hat, menneske
ğŸ¤µ	brudgom, festdeltager, festtÃ¸j, gom, mand, mand i smoking, smoking
ğŸ‘°	brud, brud med slÃ¸r
ğŸ¤°	gravid, gravid kvinde, kvinde, mave, mor, vordende mor
ğŸ‘¼	babyengel, engel
ğŸ…	jul, julemand, nisse
ğŸ¤¶	dame, fru julemand, jul, juledame, julekvinde, julemandinde, kvinde
ğŸ’†	ansigtsmassage, salon
ğŸ’†â€â™‚	ansigt, mand, mand fÃ¥r ansigtsmassage, massage
ğŸ’†â€â™€	ansigt, kvinde, kvinde fÃ¥r ansigtsmassage, massage
ğŸ’‡	frisÃ¸r, hÃ¥r, klipning
ğŸ’‡â€â™‚	frisÃ¸r, hÃ¥r, klipning, klippe, mand, mand bliver klippet
ğŸ’‡â€â™€	frisÃ¸r, hÃ¥r, klipning, klippe, kvinde, kvinde bliver klippet
ğŸš¶	fodgÃ¦nger, gang, gÃ¥, hike, vandre, vandring
ğŸš¶â€â™‚	fodgÃ¦nger, gang, gÃ¥, gÃ¥tur, hike, mand, mand gÃ¥r, vandre, vandretur, vandring
ğŸš¶â€â™€	fodgÃ¦nger, gang, gÃ¥, gÃ¥tur, hike, kvinde, kvinde gÃ¥r, vandre, vandretur, vandring
ğŸƒ	lÃ¸ber, lÃ¸betrÃ¦ning, maraton, sport
ğŸƒâ€â™‚	lÃ¸b, lÃ¸betrÃ¦ning, lÃ¸betur, mand, mand lÃ¸ber, maraton
ğŸƒâ€â™€	kvinde, kvinde lÃ¸ber, lÃ¸b, lÃ¸betrÃ¦ning, lÃ¸betur, maraton
ğŸ’ƒ	dans, danser
ğŸ•º	dans, dansende mand, danser, mand
ğŸ•´ï¸	forretning, forretningsmand, jakkesÃ¦t, mand, svÃ¦vende forretningsmand
ğŸ‘¯	kvinder, kvinder med kaninÃ¸rer, Ã¸rer
ğŸ‘¯â€â™‚	dans, fest, kaninÃ¸rer, mÃ¦nd, mÃ¦nd fester
ğŸ‘¯â€â™€	dans, fest, kaninÃ¸rer, kvinder, kvinder fester
ğŸ¤º	fÃ¦gter, fÃ¦gtning, person, sport, svÃ¦rd
ğŸ‡	galop, hest, hestesport, hestevÃ¦ddelÃ¸b, vÃ¦ddelÃ¸bshest
â›·ï¸	skilÃ¸ber, sne
ğŸ‚ï¸	snowboarder, sport
ğŸŒï¸	bold, golfspiller
ğŸ„ï¸	sport, surfing
ğŸ„â€â™‚	mand, surfer, surfing
ğŸ„â€â™€	kvinde, kvindelig surfer, surfer, surfing
ğŸš£	bÃ¥d, robÃ¥d
ğŸš£â€â™‚	bÃ¥d, mand, mand i robÃ¥d, roer, roning
ğŸš£â€â™€	bÃ¥d, kvinde, kvinde i robÃ¥d, roer, roning
ğŸŠï¸	sport, svÃ¸mme, svÃ¸mmer, svÃ¸mning
ğŸŠâ€â™‚	mand, mandlig svÃ¸mmer, svÃ¸mning
ğŸŠâ€â™€	kvinde, kvindelig svÃ¸mmer, svÃ¸mmepige, svÃ¸mning
â›¹ï¸	bold, person med bold
ğŸ‹ï¸	lÃ¸fter, vÃ¦gt, vÃ¦gtlÃ¸fter
ğŸš´	cykel, cyklist
ğŸš´â€â™‚	cykel, cykelrytter, cykle, mand, mandlig cyklist
ğŸš´â€â™€	cykel, cykelrytter, cykle, cyklist, kvinde, kvindelig cyklist
ğŸšµ	bjerg, cykel, cyklist, mountainbike, mountainbikerytter
ğŸšµâ€â™‚	cykelrytter, mand, mand pÃ¥ mountainbike, mountainbike
ğŸšµâ€â™€	cykelrytter, kvinde, kvinde pÃ¥ mountainbike, mountainbike
ğŸ¤¸	gymnastik, menneske, person, sport, vejrmÃ¸lle
ğŸ¤¸â€â™‚	gymnastik, mand, mand slÃ¥r vejrmÃ¸ller, vejrmÃ¸lle
ğŸ¤¸â€â™€	gymnastik, kvinde, kvinde slÃ¥r vejrmÃ¸ller, vejrmÃ¸lle
ğŸ¤¼	bryder, brydere, brydning, personer, sport
ğŸ¤¼â€â™‚	brydere, brydning, mandlige brydere, mÃ¦nd, wrestling
ğŸ¤¼â€â™€	brydere, brydning, kvindelige brydere, kvinder, wrestling
ğŸ¤½	sport, vand, vandpolo, vandsport
ğŸ¤½â€â™‚	mand, vandpolo, vandpolospiller
ğŸ¤½â€â™€	kvinde, kvindelig vandpolospiller, vandpolo
ğŸ¤¾	bold, hÃ¥ndbold, person, sport
ğŸ¤¾â€â™‚	hÃ¥ndbold, hÃ¥ndboldspiller, mand
ğŸ¤¾â€â™€	hÃ¥ndbold, hÃ¥ndboldspiller, kvinde, kvindelig hÃ¥ndboldspiller
ğŸ¤¹	balance, behÃ¦ndighed, dygtighed, jonglere, jonglerer, jonglÃ¸r, multitaske, multitasking
ğŸ¤¹â€â™‚	bolde, jonglere, jonglÃ¸r, mand, multitakse, multitasking
ğŸ¤¹â€â™€	bolde, jonglere, kvinde, kvindelig jonglÃ¸r, multitaske, multitasking
ğŸ›€	bad, badekar
ğŸ›Œ	person i seng, sove
ğŸ‘­	par, to kvinder
ğŸ‘«	man og kvinde, par
ğŸ‘¬	par, to mÃ¦nd
ğŸ’	kys, kÃ¦rlighed, par med hjerte, romantik
ğŸ‘©â€â¤â€ğŸ’‹â€ğŸ‘¨	kvinde, kys, kys: kvinde, mand, kÃ¦rlighed, mand, par med hjerte, romantik
ğŸ‘¨â€â¤â€ğŸ’‹â€ğŸ‘¨	kys, kys: mand, mand, kÃ¦rlighed, mand, par med hjerte, romantik
ğŸ‘©â€â¤â€ğŸ’‹â€ğŸ‘©	kvinde, kys, kys: kvinde, kvinde, kÃ¦rlighed, par med hjerte, romantik
ğŸ’‘	kÃ¦rlighed, par med hjerte, romantik
ğŸ‘©â€â¤â€ğŸ‘¨	kvinde, kÃ¦rlighed, mand, par med hjerte, par med hjerte: kvinde, mand, romantik
ğŸ‘¨â€â¤â€ğŸ‘¨	kÃ¦rlighed, mand, par med hjerte, par med hjerte: mand, mand, romantik
ğŸ‘©â€â¤â€ğŸ‘©	kvinde, kÃ¦rlighed, par med hjerte, par med hjerte: kvinde, kvinde, romantik
ğŸ‘ªï¸	barn, familie, far, menneske, mor
ğŸ‘¨â€ğŸ‘©â€ğŸ‘¦	barn, dreng, familie, familie: mand, kvinde, dreng, far, kvinde, mand, menneske, mor
ğŸ‘¨â€ğŸ‘©â€ğŸ‘§	barn, familie, familie: mand, kvinde, pige, far, kvinde, mand, menneske, mor, pige
ğŸ‘¨â€ğŸ‘©â€ğŸ‘§â€ğŸ‘¦	barn, dreng, familie, familie: mand, kvinde, pige, dreng, far, kvinde, mand, menneske, mor, pige
ğŸ‘¨â€ğŸ‘©â€ğŸ‘¦â€ğŸ‘¦	barn, dreng, familie, familie: mand, kvinde, dreng, dreng, far, kvinde, mand, menneske, mor
ğŸ‘¨â€ğŸ‘©â€ğŸ‘§â€ğŸ‘§	barn, familie, familie: mand, kvinde, pige, pige, far, kvinde, mand, menneske, mor, pige
ğŸ‘¨â€ğŸ‘¨â€ğŸ‘¦	barn, dreng, familie, familie: mand, mand, dreng, far, mand, menneske, mor
ğŸ‘¨â€ğŸ‘¨â€ğŸ‘§	barn, familie, familie: mand, mand, pige, far, mand, menneske, mor, pige
ğŸ‘¨â€ğŸ‘¨â€ğŸ‘§â€ğŸ‘¦	barn, dreng, familie, familie: mand, mand, pige, dreng, far, mand, menneske, mor, pige
ğŸ‘¨â€ğŸ‘¨â€ğŸ‘¦â€ğŸ‘¦	barn, dreng, familie, familie: mand, mand, dreng, dreng, far, mand, menneske, mor
ğŸ‘¨â€ğŸ‘¨â€ğŸ‘§â€ğŸ‘§	barn, familie, familie: mand, mand, pige, pige, far, mand, menneske, mor, pige
ğŸ‘©â€ğŸ‘©â€ğŸ‘¦	barn, dreng, familie, familie: kvinde, kvinde, dreng, far, kvinde, menneske, mor
ğŸ‘©â€ğŸ‘©â€ğŸ‘§	barn, familie, familie: kvinde, kvinde, pige, far, kvinde, menneske, mor, pige
ğŸ‘©â€ğŸ‘©â€ğŸ‘§â€ğŸ‘¦	barn, dreng, familie, familie: kvinde, kvinde, pige, dreng, far, kvinde, menneske, mor, pige
ğŸ‘©â€ğŸ‘©â€ğŸ‘¦â€ğŸ‘¦	barn, dreng, familie, familie: kvinde, kvinde, dreng, dreng, far, kvinde, menneske, mor
ğŸ‘©â€ğŸ‘©â€ğŸ‘§â€ğŸ‘§	barn, familie, familie: kvinde, kvinde, pige, pige, far, kvinde, menneske, mor, pige
ğŸ‘¨â€ğŸ‘¦	barn, dreng, familie, familie: mand, dreng, far, mand, menneske, mor
ğŸ‘¨â€ğŸ‘¦â€ğŸ‘¦	barn, dreng, familie, familie: mand, dreng, dreng, far, mand, menneske, mor
ğŸ‘¨â€ğŸ‘§	barn, familie, familie: mand, pige, far, mand, menneske, mor, pige
ğŸ‘¨â€ğŸ‘§â€ğŸ‘¦	barn, dreng, familie, familie: mand, pige, dreng, far, mand, menneske, mor, pige
ğŸ‘¨â€ğŸ‘§â€ğŸ‘§	barn, familie, familie: mand, pige, pige, far, mand, menneske, mor, pige
ğŸ‘©â€ğŸ‘¦	barn, dreng, familie, familie: kvinde, dreng, far, kvinde, menneske, mor
ğŸ‘©â€ğŸ‘¦â€ğŸ‘¦	barn, dreng, familie, familie: kvinde, dreng, dreng, far, kvinde, menneske, mor
ğŸ‘©â€ğŸ‘§	barn, familie, familie: kvinde, pige, far, kvinde, menneske, mor, pige
ğŸ‘©â€ğŸ‘§â€ğŸ‘¦	barn, dreng, familie, familie: kvinde, pige, dreng, far, kvinde, menneske, mor, pige
ğŸ‘©â€ğŸ‘§â€ğŸ‘§	barn, familie, familie: kvinde, pige, pige, far, kvinde, menneske, mor, pige
ğŸ—£ï¸	ansigt, hoved, silhuet, tale, talende, talende hoved
ğŸ‘¤	buste, buste i silhuet
ğŸ‘¥	buster, buster i silhuet
ğŸ‘£	fodspor, fÃ¸dder
ğŸµ	abe, abeansigt, dyr, hoved
ğŸ’	abe, dyr
ğŸ¦	abe, ansigt, dyr, gorilla
ğŸ¶	dyr, hoved, hund, hundeansigt
ğŸ•ï¸	dyr, hund
ğŸ©	dyr, hund, puddel
ğŸº	dyr, hoved, rÃ¦v, ulvehoved
ğŸ¦Š	ansigt, dyr, listig, rÃ¦v, rÃ¦vehoved, snedig
ğŸ±	dyr, hoved, kat, katteansigt
ğŸˆï¸	dyr, kat
ğŸ¦	hoved, lÃ¸ve, lÃ¸vehoved, lÃ¸ven, stjernetegn
ğŸ¯	dyr, hoved, tigeransigt
ğŸ…	dyr, tiger
ğŸ†	dyr, leopard
ğŸ´	dyr, hest, hestehoved
ğŸ	dyr, hest
ğŸ¦„	enhjÃ¸rning, hoved
ğŸ¦Œ	ansigt, dyr, gevir, hjort, hjortetakker
ğŸ®	dyr, hoved, ko, koansigt
ğŸ‚	dyr, okse
ğŸƒ	bÃ¸ffel, dyr, vandbÃ¸ffel
ğŸ„	dyr, ko
ğŸ·	dyr, gris, griseansigt, hoved
ğŸ–	dyr, gris
ğŸ—	dyr, vildsvin
ğŸ½	dyr, grisetryne, hoved, tryne
ğŸ	dyr, vÃ¦dder
ğŸ‘	dyr, fÃ¥r
ğŸ	dyr, ged
ğŸª	dromedar, dyr, pukkel
ğŸ«	dyr, kamel, to pukler
ğŸ˜	dyr, elefant
ğŸ¦	dyr, horn, nÃ¦sehorn
ğŸ­	dyr, hoved, mus, museansigt
ğŸ	dyr, mus
ğŸ€	dyr, rotte
ğŸ¹	dyr, hamsteransigt, hoved
ğŸ°	dyr, hoved, kanin, kaninansigt
ğŸ‡	dyr, kanin
ğŸ¿ï¸	jordegern
ğŸ¦‡	dyr, flagermus, nat, vampyr
ğŸ»	bjÃ¸rn, bjÃ¸rneansigt, dyr, hoved
ğŸ¨	dyr, koala
ğŸ¼	dyr, hoved, pandaansigt
ğŸ¾	dyr, poteaftryk, spor
ğŸ¦ƒ	kalkun
ğŸ”	dyr, hÃ¸ne
ğŸ“	dyr, hane
ğŸ£	dyr, kylling, ny udklÃ¦kket kylling
ğŸ¤	dyr, kylling
ğŸ¥	dyr, kylling forfra, kylling set forfra
ğŸ¦ï¸	dyr, fugl
ğŸ§	dyr, pingvin
ğŸ•Šï¸	due, flyve, fred, fugl
ğŸ¦…	dyr, fugl, Ã¸rn
ğŸ¦†	and, andrik, dyr, fugl, svÃ¸mmefugl
ğŸ¦‰	dyr, fugl, klog, klogskab, ugle, vis, visdom
ğŸ¸	dyr, frÃ¸, frÃ¸ansigt, hoved
ğŸŠ	dyr, krokodille
ğŸ¢	dyr, skildpadde
ğŸ¦	dyr, firben, krybdyr, reptil
ğŸ	dyr, slange
ğŸ²	drage, drageansigt, hoved
ğŸ‰	drage, eventyr
ğŸ³	dyr, hval, hval med vandsprÃ¸jt
ğŸ‹	dyr, hval
ğŸ¬	delfin, dyr
ğŸŸï¸	dyr, fisk
ğŸ 	dyr, fisk, tropisk fisk
ğŸ¡	dyr, fisk, kuglefisk
ğŸ¦ˆ	dyr, fisk, haj
ğŸ™	blÃ¦ksprutte, dyr
ğŸš	dyr, konkylie
ğŸŒ	dyr, snegl
ğŸ¦‹	dyr, insekt, sommer, sommerfugl, vinger
ğŸ›	dyr, larve, sommerfuglelarve, tusindben
ğŸœ	dyr, myre
ğŸ	bi, dyr, honningbi
ğŸ	dyr, mariehÃ¸ne
ğŸ•·ï¸	edderkop, insekt
ğŸ•¸ï¸	edderkop, edderkoppespind, spind
ğŸ¦‚	skorpion, skorpionen, stjernetegn
ğŸ’	blomster, blomsterbuket, buket
ğŸŒ¸	blomst, blomstrende kirsebÃ¦r, kirsebÃ¦r, kirsebÃ¦rblomst
ğŸ’®	blomsterstempel, stempel
ğŸµï¸	plante, roset
ğŸŒ¹	blomst, rose
ğŸ¥€	afblomstret, blomst, visnet, vissen, vissen blomst
ğŸŒº	blomst, hawaiiblomst, hibiscus
ğŸŒ»	blomst, solsikke
ğŸŒ¼	blomst, gul blomst
ğŸŒ·	blomst, tulipan
ğŸŒ±	plantespire, spire
ğŸŒ²	grantrÃ¦, stedsegrÃ¸n, trÃ¦
ğŸŒ³	lÃ¸vfÃ¦ldende trÃ¦, trÃ¦
ğŸŒ´	palme, palmetrÃ¦
ğŸŒµ	kaktus, kaktusplante, plante
ğŸŒ¾	ris, risplante
ğŸŒ¿	blade, urt
â˜˜ï¸	klÃ¸ver, plante
ğŸ€	firklÃ¸ver, held, heldig, klÃ¸ver
ğŸ	ahorn, ahornblad, blad, efterÃ¥r, efterÃ¥rsblad
ğŸ‚	blade, efterÃ¥rsblade, faldende blade
ğŸƒ	blad, blad i vinden, blÃ¦st, vind
ğŸ„	plante, svamp
ğŸ‡	frugt, vin, vindruer
ğŸˆ	frugt, melon
ğŸ‰	frugt, sommer, vandmelon
ğŸŠ	appelsin, citrus, frugt
ğŸ‹	citron, frugt, gul
ğŸŒ	banan, frugt
ğŸ	ananas, frugt
ğŸ	frugt, rÃ¸d, rÃ¸dt Ã¦ble, Ã¦ble
ğŸ	frugt, grÃ¸n, grÃ¸nt Ã¦ble, Ã¦ble
ğŸ	frugt, pÃ¦re
ğŸ‘	fersken, frugt
ğŸ’	frugt, kirsebÃ¦r
ğŸ“	bÃ¦r, frugt, jordbÃ¦r
ğŸ¥	frugt, kiwifrugt, mad
ğŸ…	grÃ¸ntsag, tomat
ğŸ¥‘	avokado, frugt, mad
ğŸ†	aubergine, grÃ¸ntsag
ğŸ¥”	grÃ¸ntsag, kartoffel, mad, rodfrugt
ğŸ¥•	grÃ¸ntsag, gulerod, mad, rodfrugt
ğŸŒ½	majs, majskolbe
ğŸŒ¶ï¸	chili, peber, plante, stÃ¦rk
ğŸ¥’	agurk, grÃ¸ntsag, mad
ğŸ¥œ	mad, mellemmÃ¥ltid, nÃ¸d, nÃ¸dder, peanuts, snack
ğŸŒ°	kastanje, plante
ğŸ	bage, brÃ¸d
ğŸ¥	brÃ¸d, croissant, fransk, mad, morgenbrÃ¸d, morgenmad
ğŸ¥–	brÃ¸d, flute, franskbrÃ¸d, mad
ğŸ¥	crÃªpe, mad, pandekage, pandekager
ğŸ§€	et stykke ost, ost
ğŸ–	kÃ¸d, kÃ¸dben
ğŸ—	kylling, kyllingelÃ¥r
ğŸ¥“	bacon, gris, kÃ¸d, mad, svinekÃ¸d
ğŸ”	hamburger
ğŸŸ	pomfrit, pomfritter, pommes frites
ğŸ•	pizza, pizzastykke, stykke pizza
ğŸŒ­	frankfurter, hotdog, pÃ¸lse
ğŸŒ®	mexicansk, taco
ğŸŒ¯	burrito, mexicansk
ğŸ¥™	fladbrÃ¸d, fladbrÃ¸d med fyld, fyld, fyldt, gyros, mad, pandekage med fyld, pita
ğŸ¥š	mad, Ã¦g
ğŸ³	madlavning, stegepande, stegepande med Ã¦g
ğŸ¥˜	mad, pande, pande med mad, pandestegt, steger
ğŸ²	gryde, gryde med mad, gryderet, suppe
ğŸ¥—	grÃ¸n, grÃ¸n salat, mad, salat
ğŸ¿	popcorn
ğŸ±	bento, bentoboks, boks
ğŸ˜	kiks, riskiks
ğŸ™	ris, riskugle
ğŸš	restaurant, ris, skÃ¥l ris
ğŸ›	ris, ris og karry
ğŸœ	nudler, ramen-nudler, restaurant, skÃ¥l nudler
ğŸ	pasta, restaurant, spaghetti
ğŸ 	kartoffel, stegt, sÃ¸d, sÃ¸d kartoffel
ğŸ¢	fisk, grillspyd, kebab, mad pÃ¥ spyd, pind, skaldyr, spyd
ğŸ£	sushi, sushi-restaurant
ğŸ¤	dybstegt reje, reje
ğŸ¥	fiskebolle, fiskebolle med spiral
ğŸ¡	iskugler, iskugler pÃ¥ pind
ğŸ¦€	krabbe, krebsen, stjernetegn
ğŸ¦	dyr, havdyr, mad, reje, skaldyr
ğŸ¦‘	arme, blÃ¦k, blÃ¦ksprutte, blÃ¸ddyr, dyr, flerarmet, havdyr, mad, multitasking, sprutte
ğŸ¦	is, softice
ğŸ§	is, isdessert, snedessert
ğŸ¨	is, isdessert
ğŸ©	donut, kage
ğŸª	cookie, kage, smÃ¥kage
ğŸ‚	fÃ¸dselsdagskage, kage, lagkage
ğŸ°	et stykke kage, kage, lagkage
ğŸ«	chokolade, et stykke chokolade
ğŸ¬	bolsje, slik
ğŸ­	slik, slikpind
ğŸ®	budding, dessert
ğŸ¯	honning, honningkrukke, krukke honning
ğŸ¼	flaske, mÃ¦lk, sutteflaske
ğŸ¥›	drik, drikke, glas, glas mÃ¦lk, mÃ¦lk
â˜•ï¸	dampende, drik, drikkevare, kaffe, te, varm, varm drik
ğŸµ	kop, te, tekop, varm te
ğŸ¶	flaske sake, sake, sakeflaske, sakekop
ğŸ¾	bar, drik, flaske, flaske med flyvende prop, prop
ğŸ·	et glas vin, hvidvin, rÃ¸dvin, vin
ğŸ¸ï¸	cocktailglas
ğŸ¹	cocktail, tropisk drink
ğŸº	krus, krus Ã¸l, Ã¸lglas, Ã¸lkrus
ğŸ»	krus, krus Ã¸l, skÃ¥l, skÃ¥lende Ã¸lkrus, Ã¸lglas, Ã¸lkrus
ğŸ¥‚	alkohol, drikke, drikker, fejrer, fejring, fest, glas, skÃ¥l, skÃ¥ler
ğŸ¥ƒ	drikke, drikker, fladbundet, fladbundet glas, glas, shot, shotglas, spiritus, spiritusglas, sprut, whiskyglas
ğŸ½ï¸	gaffel, kniv, kniv og gaffel med tallerken, madlavning, tallerken
ğŸ´	bestik, gaffel, kniv, kniv og gaffel
ğŸ¥„	bestik, ske
ğŸ”ª	kniv, kÃ¸kkenkniv
ğŸº	amphora, drik, kande, krukke, madlavning, stjernetegn, vÃ¥ben, vÃ¦rktÃ¸j
ğŸŒ	Afrika, Europa, globus med europa og afrika, jorden
ğŸŒï¸	Amerika, Nord- og Sydamerika, globus med nord- og sydamerika, jorden
ğŸŒ	Asien, Australien, globus med asien og australien, jorden
ğŸŒ	globus med lÃ¦ngdegrader, meridianer
ğŸ—ºï¸	kort, verden, verdenskort
ğŸ—¾	Japan, kort over Japan
ğŸ”ï¸	bjerg, koldt, sne, sneklÃ¦dt bjerg
â›°ï¸	bjerg
ğŸŒ‹	vulkan, vulkanudbrud
ğŸ—»	Fuji, Fuji-bjerget, Mount Fuji, bjerg
ğŸ•ï¸	camping, telt
ğŸ–ï¸	parasol, strand, strand med parasol
ğŸœï¸	kaktus, sol, Ã¸rken
ğŸï¸	Ã¸, Ã¸de, Ã¸de Ã¸
ğŸï¸	nationalpark
ğŸŸï¸	stadion
ğŸ›ï¸	bygning, klassisk, klassisk bygning
ğŸ—ï¸	bygning, bygningskonstruktion, konstruktion
ğŸ˜ï¸	bygning, hus, huse
ğŸšï¸	bygning, faldefÃ¦rdig, faldefÃ¦rdigt hus, hus
ğŸ ï¸	bygning, hjem, hus
ğŸ¡	have, hjem, hus med have
ğŸ¢	bygning, kontor, kontorbygning
ğŸ£	japansk, japansk posthus, posthus, postkontor
ğŸ¤	europÃ¦isk posthus, posthus
ğŸ¥	bygning, doktor, hospital, lÃ¦ge, medicin
ğŸ¦	bank, bygning
ğŸ¨	bygning, hotel
ğŸ©	hotel, kÃ¦rlighedshotel, romantik
ğŸª	dÃ¸gnkiosk, kiosk, kÃ¸bmand
ğŸ«	bygning, skole
ğŸ¬	butik, stormagasin, varehus
ğŸ­ï¸	bygning, fabrik
ğŸ¯	bygning, japansk slot, slot
ğŸ°	bygning, slot
ğŸ’’	bryllup, kirke, kÃ¦rlighed, romantik
ğŸ—¼	Tokyo, Tokyo Tower
ğŸ—½	Frihedsgudinden, frihed, gudinde
â›ªï¸	bygning, kirke, kors, kristen, religion
ğŸ•Œ	islam, moskÃ©, muslim, religion
ğŸ•	jÃ¸de, jÃ¸disk, religion, synagoge, tempel
â›©ï¸	alter, religion, shinto, shinto-alter
ğŸ•‹	islam, kaaba, muslim, religion
â›²ï¸	fontÃ¦ne, springvand
â›ºï¸	telt
ğŸŒ	tÃ¥ge, tÃ¥get
ğŸŒƒ	stjernehimmel, stjerner
ğŸ™ï¸	by, bygning, bylandskab
ğŸŒ„	bjerge, morgensol, solopgang over bjerge
ğŸŒ…	morgensol, solopgang
ğŸŒ†	aften, by, by i solnedgang, hÃ¸jhuse, solnedgang
ğŸŒ‡	skumring, solnedgang, solnedgang bag bygninger
ğŸŒ‰	bro i mÃ¸rke, bro i natten, nat
â™¨ï¸	damp, kilder, varm, varme kilder
ğŸ 	karrusel, karruselhest, karruseltur, kÃ¸re i karrusel
ğŸ¡	forlystelse, forlystelsespark, pariserhjul, tivoli
ğŸ¢	forlystelse, forlystelsespark, rutsjebane, tivoli
ğŸ’ˆ	barber, barbersalon
ğŸª	cirkus, cirkustelt, telt
ğŸš‚	damplokomotiv, tog
ğŸšƒ	tog, togvogn
ğŸš„	lyntog, tog
ğŸš…	lyntog med projektilnÃ¦se, tog
ğŸš†	kÃ¸retÃ¸j, tog
ğŸš‡ï¸	kÃ¸retÃ¸j, metro
ğŸšˆ	kÃ¸retÃ¸j, letbane, tog
ğŸš‰	tog, togstation
ğŸšŠ	kÃ¸retÃ¸j, sporvogn, trolleybus
ğŸš	kÃ¸retÃ¸j, monorail
ğŸš	bjergbane, svÃ¦vebane
ğŸš‹	kÃ¸retÃ¸j, sporvogn, trolleybus, vogn
ğŸšŒ	bus, kÃ¸retÃ¸j
ğŸšï¸	bus, bus forfra, forfra, kÃ¸rende, kÃ¸retÃ¸j
ğŸš	bus, kÃ¸retÃ¸j, sporvogn, trolley, trolleybus
ğŸš	bus, minibus
ğŸš‘ï¸	ambulance, kÃ¸retÃ¸j
ğŸš’	brand, brandbil, kÃ¸retÃ¸j
ğŸš“	politi, politibil
ğŸš”ï¸	kÃ¸rende politibil, politi, politibil forfra
ğŸš•	bil, kÃ¸retÃ¸j, taxa
ğŸš–	kÃ¸rende taxa, taxa forfra
ğŸš—	bil, kÃ¸retÃ¸j
ğŸš˜ï¸	bil, bil forfra, fartÃ¸j, kÃ¸rende
ğŸš™	firehjulstrÃ¦k, fritid, jeep, kÃ¸retÃ¸j
ğŸšš	kÃ¸retÃ¸j, lastbil, levering, transport
ğŸš›	kÃ¸retÃ¸j, lastbil, lastvogn, levering, transport
ğŸšœ	kÃ¸retÃ¸j, traktor
ğŸï¸	bil, racerbil, racerlÃ¸b
ğŸï¸	motorcykel, racerlÃ¸b
ğŸ›µ	scooter, transportmiddel
ğŸš²ï¸	cykel, tohjulet
ğŸ›´	lÃ¸behjul, transportmiddel
ğŸš	bus, busstoppested, stoppested
ğŸ›£ï¸	motorvej, vej
ğŸ›¤ï¸	spor, tog, togspor
ğŸ›¢ï¸	olie, olietÃ¸nde, tÃ¸nde
â›½ï¸	benzin, benzinpumpe, tankstation
ğŸš¨	blinklys, politi
ğŸš¥	liggende trafiklys, lys, trafik
ğŸš¦	lys, trafik, trafiklys
ğŸ›‘	ottekant, ottekantet, skilt, stopskilt
ğŸš§	byggeri, spÃ¦rring
âš“ï¸	anker, bÃ¥d, skib, vÃ¦rktÃ¸j
â›µï¸	bÃ¥d, sejlbÃ¥d
ğŸ›¶	bÃ¥d, kano, transportmiddel
ğŸš¤	bÃ¥d, speedbÃ¥d
ğŸ›³ï¸	fartÃ¸j, passager, passagerskib, skib
â›´ï¸	bÃ¥d, fÃ¦rge
ğŸ›¥ï¸	bÃ¥d, fartÃ¸j, motorbÃ¥d
ğŸš¢	fartÃ¸j, skib
âœˆï¸	fartÃ¸j, fly
ğŸ›©ï¸	fartÃ¸j, fly, lille fly
ğŸ›«	afgang, afrejse, fartÃ¸j, fly, fly afgang, indtjekning
ğŸ›¬	ankomme, ankomst, fartÃ¸j, fly, fly ankomst
ğŸ’º	stol, sÃ¦de
ğŸš	fartÃ¸j, helikopter
ğŸšŸ	fartÃ¸j, hÃ¦ngende, luftbane, togbane
ğŸš 	bjerg, fartÃ¸j, gondol, kabel, kabelbane
ğŸš¡	fartÃ¸j, gondol, kabel, svÃ¦ve, svÃ¦vebane
ğŸ›°ï¸	fartÃ¸j, rummet, satellit
ğŸš€	fartÃ¸j, raket, rumfartÃ¸j, rummet, rumskib
ğŸ›ï¸	hotel, hotelklokke, klokke
âŒ›ï¸	tid, timeglas
â³ï¸	tid, timeglas, timeglas med lÃ¸bende sand
âŒšï¸	armbÃ¥ndsur, ur
â°	ur, vÃ¦kkeur
â±ï¸	stopur, ur
â²ï¸	tidtager, ur, Ã¦ggeur
ğŸ•°ï¸	pynteur, ur
ğŸ•›ï¸	12.00, 24.00, kl. 24, kl.12
ğŸ•ï¸	1.00, 13.00, kl. 1, kl. 13
ğŸ•œ	1.30, 13.30, halv to
ğŸ•‘ï¸	14.00, 2.00, kl. 2, kl.14
ğŸ•	14.30, 2.30, halv tre
ğŸ•’ï¸	15.00, 3.00, kl. 3, kl.15
ğŸ•	15.30, 3.30, halv fire
ğŸ•“ï¸	16.00, 4.00, kl. 16, kl. 4
ğŸ•Ÿ	16.30, 4.30, halv fem
ğŸ•”ï¸	17.00, 5.00, kl. 17, kl. 5
ğŸ• 	17.30, 5.30, halv seks
ğŸ••ï¸	18.00, 6.00, kl. 18, kl. 6
ğŸ•¡	18.30, 6.30, halv syv
ğŸ•–ï¸	19.00, 7.00, kl. 19, kl. 7
ğŸ•¢	19.30, 7.30, halv otte
ğŸ•—ï¸	20.00, 8.00, kl. 20, kl. 8
ğŸ•£	20.30, 8.30, halv ni
ğŸ•˜ï¸	21.00, 9.00, kl. 21, kl. 9
ğŸ•¤	21.30, 9.30, halv ti
ğŸ•™ï¸	10.00, 22.00, kl. 10, kl. 22
ğŸ•¥	10.30, 22.30, halv elleve
ğŸ•šï¸	11.00, 23.00, kl. 23, kl.11
ğŸ•¦	11.30, 23.30, halv tolv
ğŸŒ‘	mÃ¥ne, mÃ¥nefase, nymÃ¥ne
ğŸŒ’	mÃ¥ne, mÃ¥nefase, tiltagende mÃ¥ne
ğŸŒ“	fÃ¸rste kvarter mÃ¥ne, halvmÃ¥ne fÃ¸rste kvarter, mÃ¥ne, mÃ¥nefase
ğŸŒ”	mÃ¥ne, mÃ¥nefase, tiltagende mÃ¥ne nÃ¦sten fuld
ğŸŒ•ï¸	fuldmÃ¥ne, mÃ¥ne, mÃ¥nefase
ğŸŒ–	aftagende mÃ¥ne nÃ¦sten fuld, mÃ¥ne, mÃ¥nefase
ğŸŒ—	halvmÃ¥ne sidste kvarter, mÃ¥ne, mÃ¥nefase, sidste kvarter mÃ¥ne
ğŸŒ˜	aftagende mÃ¥ne, mÃ¥ne, mÃ¥nefase
ğŸŒ™	aftagende mÃ¥ne, halvmÃ¥ne
ğŸŒš	ansigt i mÃ¥ne, nymÃ¥ne, nymÃ¥ne med ansigt
ğŸŒ›	mÃ¥ne, mÃ¥ne med ansigt fÃ¸rste kvarter, mÃ¥neansigt
ğŸŒœï¸	mÃ¥ne, mÃ¥ne med ansigt andet kvarter, mÃ¥neansigt
ğŸŒ¡ï¸	termometer, vejr
â˜€ï¸	lys, rum, sol, solskin, strÃ¥ler, vejr
ğŸŒ	fuldmÃ¥ne, fuldmÃ¥ne med ansigt, fuldmÃ¥neansigt, mÃ¥ne med ansigt, mÃ¥neansigt
ğŸŒ	ansigt, sol, sol med ansigt
â­ï¸	hvid mellemstor stjerne, stjerne
ğŸŒŸ	blinkende stjerne, lysende stjerne, lyser, skinner, stjerneskin
ğŸŒ 	stjerne, stjerneskud
ğŸŒŒ	galakse, mÃ¦lkevejen
â˜ï¸	sky, vejr
â›…ï¸	sky, sol, sol bag sky
â›ˆï¸	regn, sky, sky med lyn og regn, torden, vejr
ğŸŒ¤ï¸	sky, sol, sol bag lille sky, vejr
ğŸŒ¥ï¸	sky, sol, sol bag stor sky, vejr
ğŸŒ¦ï¸	regn, sky, sol, sol bag sky med regn, vejr
ğŸŒ§ï¸	regn, sky, sky med regn, vejr
ğŸŒ¨ï¸	kulde, sky, sky med sne, sne, vejr
ğŸŒ©ï¸	lyn, sky, tordensky, vejr
ğŸŒªï¸	hvirvelvind, sky, skypumpe, tornado, vejr
ğŸŒ«ï¸	sky, tÃ¥ge, vejr
ğŸŒ¬ï¸	ansigt, blÃ¦se, sky, vejr, vind, vindansigt
ğŸŒ€	cyklon, svimmel, tornado, tyfon
ğŸŒˆ	regn, regnbue, vejr
ğŸŒ‚	lukket paraply, regn, regnvejr
â˜‚ï¸	paraply, regn, tÃ¸j, vejr
â˜”ï¸	drÃ¥be, paraply, paraply med regndrÃ¥ber, regn, tÃ¸j, vejr
â›±ï¸	paraply, parasol, regn, sol, vejr
âš¡ï¸	advarsel, fare, hÃ¸jspÃ¦nding
â„ï¸	kulde, sne, snefnug, vejr
â˜ƒï¸	kulde, sne, snemand, vejr
â›„ï¸	sne, snemand uden snevejr
â˜„ï¸	komet, rummet
ğŸ”¥	flamme, ild
ğŸ’§	drÃ¥be, drÃ¥be sved, fÃ¸lelser, koldsved
ğŸŒŠ	bÃ¸lge, havbÃ¸lge, vandbÃ¸lge
ğŸƒ	grÃ¦skar, grÃ¦skarlygte
ğŸ„	jul, juletrÃ¦, trÃ¦
ğŸ†	fest, fyrvÃ¦rkeri, nytÃ¥r
ğŸ‡	fyrvÃ¦rkeri, nytÃ¥r, stjernekaster
âœ¨	skinne, stjerne, stjerner
ğŸˆ	ballon, fest, fÃ¸dselsdag
ğŸ‰	bordbombe, fest, nytÃ¥r
ğŸŠ	fest, konfetti, konfettidÃ¥se, konfettiregn
ğŸ‹	festival, trÃ¦ med papirpynt
ğŸ	fyrtrÃ¦sdekoration, japansk nytÃ¥r
ğŸ	dukker, japanske dukker
ğŸ	banner, banner med fisk, banner med karper
ğŸ	vindpiber, vindspil
ğŸ‘	ceremoni, fejring, mÃ¥ne, mÃ¥neceremoni
ğŸ€	fejring, slÃ¸jfe
ğŸ	fÃ¸dselsdag, gave, overraskelse, pakke
ğŸ—ï¸	bÃ¥nd, fejring, minde, mindebÃ¥nd
ğŸŸï¸	adgang, adgangsbillet, billet
ğŸ«	billet, forlystelse, underholdning
ğŸ–ï¸	dekoreret, fejring, medalje, militÃ¦r, militÃ¦rmedalje
ğŸ†ï¸	pokal, prÃ¦mie, trofÃ¦
ğŸ…	medalje, sportsmedalje
ğŸ¥‡	fÃ¸rsteplads, fÃ¸rsteprÃ¦mie, guld, guldmedalje, medalje, vinder
ğŸ¥ˆ	andenplads, andenprÃ¦mie, medalje, sÃ¸lv, sÃ¸lvmedalje, vinder
ğŸ¥‰	bronzemedalje, medalje, tredjeplads, tredjeprÃ¦mie, vinder
âš½ï¸	bold, fodbold
âš¾ï¸	baseball, bold
ğŸ€	basketball, bold, sport
ğŸ	bold, spil, volleyball
ğŸˆ	amerikansk fodbold, sport
ğŸ‰	bold, rugbybold, sport
ğŸ¾	bold, sport, tennis, tennisbold, tennisbold og ketsjer
ğŸ³	bowling, bowlingkugle, spille
ğŸ	bat, bold, cricket, spil
ğŸ‘	bold, hockey, spil, stav
ğŸ’	is, ishockeystav og puck, puck, spil, stav
ğŸ“	bat, bold, bord, bordtennis, pingpong, spil, tennis
ğŸ¸	badminton, fjerbold, ketsjer, spil
ğŸ¥Š	bokse, boksehandske, boksning, handske, sport
ğŸ¥‹	kampsport, kampsportsuniform, sport, taekwondo, uniform
ğŸ¥…	mÃ¥l, mÃ¥lnet, net, sport
â›³ï¸	golf flag
â›¸ï¸	is, skÃ¸jte
ğŸ£	fiske, fiskeri, fiskestang, fiskestang med fisk
ğŸ½	lÃ¸be, lÃ¸betrÃ¸je, lÃ¸betrÃ¸je med bÃ¥nd
ğŸ¿	ski, skisport
ğŸ¯	plet, pletskud
ğŸ”«	pistol, revolver, vÃ¥ben
ğŸ±	billard, billardkugle
ğŸ”®	krystalkugle, spÃ¥dom, spÃ¥domskunst
ğŸ®ï¸	hÃ¥ndcontroller, videospil
ğŸ•¹ï¸	joystick, spil, videospil
ğŸ°	spil, spillemaskine
ğŸ²	terning, terningspil
â™ ï¸	kort, spar, spil
â™¥ï¸	hjerter, kort, spil
â™¦ï¸	kort, ruder, spil
â™£ï¸	klÃ¸r, kort, spil
ğŸƒ	joker, kort, spillekort
ğŸ€„ï¸	drage, mahjong, mahjong-brik, rÃ¸d drage
ğŸ´	spillekort, spillekort med blomster
ğŸ­ï¸	masker, teater
ğŸ–¼ï¸	billede, kunst, maleri, museum, ramme, ramme med billede
ğŸ¨	farver, kunstner, maler, palet
ğŸ‘“ï¸	beklÃ¦dning, briller
ğŸ•¶ï¸	briller, mÃ¸rk, solbriller, Ã¸je
ğŸ‘”	beklÃ¦dning, slips
ğŸ‘•	T-shirt, beklÃ¦dning, bluse, trÃ¸je
ğŸ‘–	beklÃ¦dning, bukser
ğŸ‘—	beklÃ¦dning, kjole
ğŸ‘˜	beklÃ¦dning, kimono, kÃ¥be
ğŸ‘™	badetÃ¸j, beklÃ¦dning, bikini
ğŸ‘š	beklÃ¦dning, bluse
ğŸ‘›	pengepung, pung
ğŸ‘œ	hÃ¥ndtaske, taske
ğŸ‘	pung, taske
ğŸ›ï¸	hotel, indkÃ¸bsposer, pose
ğŸ’	rygsÃ¦k, skole, skoletaske, taske
ğŸ‘	herresko, sko
ğŸ‘Ÿ	fritidssko, gummisko, sko, tennissko
ğŸ‘ 	hÃ¸je hÃ¦le, hÃ¸jhÃ¦let sko, sko
ğŸ‘¡	damesandaler, sandaler
ğŸ‘¢	damestÃ¸vler, stÃ¸vler
ğŸ‘‘	beklÃ¦dning, krone
ğŸ‘’	beklÃ¦dning, hat, kvindes hat
ğŸ©	hat, hÃ¸j hat, sort hat
ğŸ“ï¸	eksamen, eksamenshat, hat
â›‘ï¸	ansigt, hjelm, hjelm med hvidt kors, kors, nÃ¸dhjÃ¦lp
ğŸ“¿	bedekrans, bÃ¸n, halskÃ¦de, perler, pÃ¥klÃ¦dning, religion
ğŸ’„	kosmetik, lÃ¦bestift
ğŸ’	ring, romantik
ğŸ’	diamant, juvel, romantik
ğŸ”‡	hÃ¸jttaler, hÃ¸jttaler fra, lyd fra, lydstyrke, stille
ğŸ”ˆï¸	hÃ¸jttaler, lydstyrke
ğŸ”‰	hÃ¸jtaler med en lydbÃ¸lge, hÃ¸jttaler til, lav volumen
ğŸ”Š	hÃ¸j volumen, hÃ¸jtaler med hÃ¸j volumen, hÃ¸jttaler hÃ¸j
ğŸ“¢	hÃ¸jt, hÃ¸jttaler med hÃ¥ndtag, offentlig
ğŸ“£	kommunikation, megafon
ğŸ“¯	posthorn
ğŸ””	klokke
ğŸ”•	ingen klokke, ingen lyd, klokke med streg over
ğŸ¼	g-nÃ¸gle, musik, partitur
ğŸµ	musik, node
ğŸ¶	musik, node, noder
ğŸ™ï¸	mikrofon, musik, studie, studiemikrofon
ğŸšï¸	musik, volumenkontrol
ğŸ›ï¸	knapper, musik
ğŸ¤	mikrofon, sang, synge
ğŸ§ï¸	hovedtelefon, hÃ¸retelefon, lytte, musik
ğŸ“»ï¸	radio, Ã¦teren
ğŸ·	instrument, musik, musikinstrument, saxofon
ğŸ¸	guitar, instrument, musik, musikinstrument, strengeinstrument
ğŸ¹	instrument, keyboard, klaver, musik, musikinstrument
ğŸº	instrument, musik, musikinstrument, trompet
ğŸ»	instrument, musik, musikinstrument, strengeinstrument, violin
ğŸ¥	musik, rytme, tromme, trommestikker
ğŸ“±	mobil, mobiltelefon
ğŸ“²	lav et opkald, mobil med pil
â˜ï¸	telefon
ğŸ“	kommunikation, telefonrÃ¸r
ğŸ“Ÿï¸	bipper, kommunikation, personsÃ¸ger
ğŸ“ 	fax, faxmaskine, kommunikation
ğŸ”‹	batteri
ğŸ”Œ	elektricitet, elektrisk, stik
ğŸ’»ï¸	computer
ğŸ–¥ï¸	computer, stationÃ¦r, stationÃ¦r computer
ğŸ–¨ï¸	computer, printer, stationÃ¦r
âŒ¨ï¸	computer, tastatur
ğŸ–±ï¸	computer, computermus, knap, mus
ğŸ–²ï¸	computer, trackball
ğŸ’½	disk, mini disk
ğŸ’¾	computer, diskette
ğŸ’¿ï¸	cd, dvd
ğŸ“€	DVD, blu-ray, cd, computer, disk, optisk
ğŸ¥	biograf, filme, filmkamera
ğŸï¸	biograf, film, filmstrimmel, strimmel
ğŸ“½ï¸	biograf, filmprojektor, projektor, video
ğŸ¬ï¸	filmklapper, klapper, klaptrÃ¦
ğŸ“ºï¸	fjernsyn, tv
ğŸ“·ï¸	kamera, video
ğŸ“¸	blitz, kamera, kamera med blitz, video
ğŸ“¹ï¸	kamera, video, videokamera
ğŸ“¼	video, videobÃ¥nd
ğŸ”	forstÃ¸rrelse, forstÃ¸rrelsesglas, forstÃ¸rrelsesglas til venstre, sÃ¸gning, vÃ¦rktÃ¸j
ğŸ”	forstÃ¸rrelse, forstÃ¸rrelsesglas, forstÃ¸rrelsesglas til hÃ¸jre, sÃ¸gning, vÃ¦rktÃ¸j
ğŸ•¯ï¸	lys, stearinlys
ğŸ’¡	elpÃ¦re, ide, lys ide
ğŸ”¦	lommelygte, lygte
ğŸ®	lanterne, lygte, rÃ¸d lygte
ğŸ“”	notesbog, notesbog med udsmykning
ğŸ“•	bog, lukket bog
ğŸ“–	bog, Ã¥ben bog
ğŸ“—	bog, grÃ¸n bog
ğŸ“˜	blÃ¥ bog, bog
ğŸ“™	bog, orange bog
ğŸ“šï¸	bog, bÃ¸ger
ğŸ““	noter, notesbog
ğŸ“’	notesbog, regnskabsbog
ğŸ“ƒ	side, side med fold
ğŸ“œ	papir, skriftrulle
ğŸ“„	dokument, side
ğŸ“°	avis, nyheder
ğŸ—	avis, nyheder, sammenrullet, sammenrullet avis
ğŸ“‘	bogmÃ¦rke, faner, mÃ¦rke
ğŸ”–	bogmÃ¦rke, mÃ¦rke
ğŸ·ï¸	etiket, label, mÃ¦rkat, seddel
ğŸ’°ï¸	dollar, penge, pengepose
ğŸ’´	penge, yenseddel
ğŸ’µ	dollarseddel, penge
ğŸ’¶	euroseddel, penge
ğŸ’·	penge, pund, pundseddel
ğŸ’¸	flyvende penge, penge, penge med vinger
ğŸ’³ï¸	bank, kort, kredit, kreditkort, penge
ğŸ’¹	opadgÃ¥ende graf, stigende marked
âœ‰ï¸	e-mail, konvolut
ğŸ“§	brev, e-mail, kommunikation
ğŸ“¨	e-mail, indgÃ¥ende post, modtaget post
ğŸ“©	e-mail, sendt post, udgÃ¥ende post
ğŸ“¤ï¸	kommunikation, sendt, udbakke
ğŸ“¥ï¸	indbakke, kommunikation, modtaget
ğŸ“¦ï¸	kasse, pakke
ğŸ“«ï¸	lukket postkasse med hÃ¦vet flag, post, postkasse med flag op
ğŸ“ªï¸	lukket postkasse med sÃ¦nket flag, post, postkasse med flag nede
ğŸ“¬ï¸	post, postkasse med brev, Ã¥ben postkasse med hÃ¦vet flag
ğŸ“­ï¸	post, Ã¥ben postkasse, Ã¥ben postkasse med sÃ¦nket flag
ğŸ“®	postkasse
ğŸ—³ï¸	boks, kasse, stemme, urne, valgurne med stemmeseddel
âœï¸	blyant
âœ’ï¸	fyldepen, pen, sort fyldepen
ğŸ–‹ï¸	fyldepen, pen
ğŸ–Šï¸	kuglepen, pen
ğŸ–Œï¸	maleri, malerpensel, maling
ğŸ–ï¸	farveblyant, farvekridt, fedtfarve
ğŸ“	kommunikation, notat
ğŸ’¼	attachÃ©mappe, mappe
ğŸ“	dokument, mappe
ğŸ“‚	dokument, Ã¥ben mappe
ğŸ—‚ï¸	kartotek, kartotekskort, kort
ğŸ“…	dato, kalender
ğŸ“†	afrivningskalender, kalender, kalenderblok
ğŸ—’ï¸	blok, note, noter, notesblok, spiral, spiralryg
ğŸ—“ï¸	blok, kalender, spiral, spiralkalender
ğŸ“‡	indekskort, kartotek, kontakter
ğŸ“ˆ	graf, opadgÃ¥ende graf, tendens
ğŸ“‰	graf, nedadgÃ¥ende graf, tendens
ğŸ“Š	diagram, sÃ¸jlediagram
ğŸ“‹ï¸	clipboard
ğŸ“Œ	stift, tegnestift
ğŸ“	rund tegnestift, stift, tegnestift
ğŸ“	clips, papirclips
ğŸ–‡ï¸	papirclip, sammensat, sammensatte papirclips
ğŸ“	lige kant, lineal
ğŸ“	trekant, vinkel, vinkelmÃ¥ler
âœ‚ï¸	saks, vÃ¦rktÃ¸j
ğŸ—ƒï¸	arkiv, arkivkasse, kasse, pap
ğŸ—„ï¸	arkiv, arkivskab, skab
ğŸ—‘ï¸	papirkurv, skraldespand
ğŸ”’ï¸	hÃ¦ngelÃ¥s, lÃ¥st
ğŸ”“ï¸	Ã¥ben hÃ¦ngelÃ¥s, Ã¥ben lÃ¥s
ğŸ”	fyldepen, hÃ¦ngelÃ¥s med pen, lÃ¥s med fyldepen, privat
ğŸ”	lukket hÃ¦ngelÃ¥s med nÃ¸gle, lÃ¥s med nÃ¸gle, lÃ¥st, sikker
ğŸ”‘	adgangskode, nÃ¸gle, password
ğŸ—ï¸	gammel, gammel nÃ¸gle, lÃ¥s, nÃ¸gle
ğŸ”¨	hammer, vÃ¦rktÃ¸j
â›ï¸	hakke, mine, vÃ¦rktÃ¸j
âš’ï¸	hakke, hammer, hammer og hakke, vÃ¦rktÃ¸j
ğŸ› ï¸	hammer, hammer og skruenÃ¸gle, skruenÃ¸gle, svensknÃ¸gle, vÃ¦rktÃ¸j
ğŸ—¡ï¸	daggert, kniv, vÃ¥ben
âš”ï¸	korslagt, korslagte svÃ¦rd, svÃ¦rd, vÃ¥ben
ğŸ’£ï¸	bombe, fÃ¸lelse
ğŸ¹	bue, bue og pil, bueskytte, pil, skytten, stjernetegn, vÃ¥ben, vÃ¦rktÃ¸j
ğŸ›¡ï¸	skjold, vÃ¥ben
ğŸ”§	skruenÃ¸gle, vÃ¦rktÃ¸j
ğŸ”©	bolt, mÃ¸trik, mÃ¸trik og bolt, vÃ¦rktÃ¸j
âš™ï¸	tandhjul, vÃ¦rktÃ¸j
ğŸ—œï¸	skruestik, skruetvinge, vÃ¦rktÃ¸j
âš–ï¸	balance, jura, retfÃ¦rdighed, stjernetegn, vÃ¦gt, vÃ¦rktÃ¸j
ğŸ”—	link, link-tegn
â›“ï¸	kÃ¦de, kÃ¦der
âš—ï¸	kemi, kolbe, vÃ¦rktÃ¸j
ğŸ”¬	mikroskop, redskab, vÃ¦rktÃ¸j
ğŸ”­	redskab, teleskop, vÃ¦rktÃ¸j
ğŸ“¡	kommunikation, parabolantenne
ğŸ’‰	indsprÃ¸jtning, lÃ¦ge, sprÃ¸jte
ğŸ’Š	lÃ¦ge, medicin, pille
ğŸšª	dÃ¸r, Ã¥ben dÃ¸r
ğŸ›ï¸	hotel, seng, sove
ğŸ›‹ï¸	hotel, lampe, sofa, sofa og lampe
ğŸš½	toilet, wc
ğŸš¿	bad, brusebad
ğŸ›	bad, badekar
ğŸ›’	butik, forretning, indkÃ¸b, indkÃ¸bsvogn, kÃ¸b, vogn
ğŸš¬	rygeskilt, rygning tilladt
âš°ï¸	dÃ¸d, kiste
âš±ï¸	begravelse, dÃ¸d, urne
ğŸ—¿	moyai-statue, statue
ğŸ§	dankortsautomat, hÃ¦ve penge, pengeautomat
ğŸš®	skraldespand, smid i skraldespanden
ğŸš°	drik, drikkevand, vand
â™¿ï¸	adgang, rullestol, rullestolsadgang
ğŸš¹ï¸	mÃ¦nd, wc
ğŸšºï¸	kvinder, wc
ğŸš»	toilet-skilt, toiletskilt
ğŸš¼ï¸	baby-skilt, babysymbol, skifte
ğŸš¾	toilet, wc
ğŸ›‚	pas, paskontrol
ğŸ›ƒ	told
ğŸ›„	baggage, baggageudlevering
ğŸ›…	baggage, hittegods
âš ï¸	advarsel, advarselsskilt
ğŸš¸	bÃ¸rn, bÃ¸rn krydser vej, pas pÃ¥ bÃ¸rn
â›”ï¸	adgang, adgang forbudt, forbudt, ingen adgang, trafik
ğŸš«	adgang forbudt, ingen adgang
ğŸš³	cykler forbudt, ingen cykler
ğŸš­ï¸	rygning forbudt, rygning ikke tilladt
ğŸš¯	affald, forbudt, ikke tilladt, smid ikke affald
ğŸš±	drik, forbudt, ikke drikkevand, vand
ğŸš·	fodgÃ¦nger, forbudt, ingen fodgÃ¦ngere
ğŸ“µ	ingen mobiltelefoner, mobiltelefoner forbudt
ğŸ”	forbudt for under 18, ingen under 18
â˜¢ï¸	advarsel, radioaktiv, radioaktivitet, risiko, skilt
â˜£ï¸	advarsel, biologisk, biologisk fare, fare, risiko, skilt
â¬†ï¸	nord, opadvendt pil, pil, retning, verdenshjÃ¸rne
â†—ï¸	nordÃ¸st, opadvendt pil mod hÃ¸jre, pil, retning
â¡ï¸	pil, pil mod hÃ¸jre, retning, verdenshjÃ¸rne, Ã¸st
â†˜ï¸	nedadvendt pil mod hÃ¸jre, pil, retning, sydÃ¸st
â¬‡ï¸	ned, nedadvendt pil, pil, retning, syd, verdenshjÃ¸rne
â†™ï¸	nedadvendt pil mod venstre, pil, retning, sydvest
â¬…ï¸	pil, pil mod venstre, retning, verdenshjÃ¸rne, vest
â†–ï¸	nordvest, opadvendt pil mod venstre, pil, retning
â†•ï¸	op- og nedadvendt pil, pil
â†”ï¸	pil, pil mod venstre og hÃ¸jre
â†©ï¸	pil, pil mod hÃ¸jre med sving til venstre
â†ªï¸	pil, pil mod venstre med sving til hÃ¸jre
â¤´ï¸	pil, pil mod hÃ¸jre med sving opad
â¤µï¸	ned, pil, pil mod hÃ¸jre med sving nedad
ğŸ”ƒ	genindlÃ¦se, genindlÃ¦se-tegn, vertikale pile med uret
ğŸ”„	mod uret, pile, pile mod uret
ğŸ”™	tilbage, tilbage-pil, venstrepil
ğŸ”š	end, end-pil, venstrepil
ğŸ”›	ON med udrÃ¥bstegn, ON-pil, pÃ¥
ğŸ”œ	snart, snart med hÃ¸jrepil, snart-tegn
ğŸ”	pil peger op, top, toppil
ğŸ›	bedested, bÃ¸n, religion
âš›ï¸	ateist, atom, atomsymbol
ğŸ•‰ï¸	hindu, om, religion
âœ¡ï¸	david, davidsstjerne, jÃ¸de, jÃ¸disk, religion, stjerne
â˜¸ï¸	buddhist, dharma, dharma-hjul, hjul, religion
â˜¯ï¸	religion, tao, taoist, yang, yin, yin og yang
âœï¸	kors, kristen, latinsk kors, religion
â˜¦ï¸	kors, kristen, ortodokst kors, religion
â˜ªï¸	islam, muslim, religion, stjerne og halvmÃ¥ne
â˜®ï¸	fred, fredssymbol
ğŸ•	lysestage, religion, syvarmet lysestage
ğŸ”¯	horoskop, sekstakket stjerne med prik, stjerne
â™ˆï¸	stjernetegn, vÃ¦dderen
â™‰ï¸	stjernetegn, tyren
â™Šï¸	stjernetegn, tvillingen
â™‹ï¸	krebsen, stjernetegn
â™Œï¸	lÃ¸ven, stjernetegn
â™ï¸	jomfruen, stjernetegn
â™ï¸	stjernetegn, vÃ¦gten
â™ï¸	skorpionen, stjernetegn
â™ï¸	skytten, stjernetegn
â™‘ï¸	stenbukken, stjernetegn
â™’ï¸	stjernetegn, vandmanden
â™“ï¸	fisken, stjernetegn
â›	slangebÃ¦reren, stjernebillede
ğŸ”€	krydsede pile, pile, pile mod hÃ¸jre
ğŸ”	gentag, gentageknap, med uret, pil
ğŸ”‚	knap til Ã©n gentagelse, med uret, pil, Ã©n gang
â–¶	afspil, afspilning, afspilningsknap, hÃ¸jre, pil, play, trekant
â©	dobbelt hÃ¸jrepil, hÃ¸jre, spole frem
â­	knap til nÃ¦ste nummer, nÃ¦ste nummer, nÃ¦ste scene, pil, trekant
â¯	afspil, hÃ¸jre, knap til afspilning og pause, pause, pil, play, trekant
â—€	baglÃ¦ns, knap til baglÃ¦ns afspilning, pil, trekant, venstre
âª	dobbelt venstrepil, spole tilbage, venstre
â®	forrige nummer, forrige scene, knap til forrige nummer, pil, trekant
ğŸ”¼	knap, op-knap, opad, pil
â«	dobbeltpil op, op, pil op
ğŸ”½	knap, ned, ned-knap, nedad, pil
â¬	dobbeltpil ned, ned, pil ned
â¸ï¸	bjÃ¦lke, dobbelt, lodret, pause, pauseknap
â¹ï¸	kvadrat, stop, stopknap
âºï¸	cirkel, optage, optageknap
âï¸	eject, skub ud, udskubningsknap
ğŸ¦	biograf, film, filme, teater
ğŸ”…	dÃ¦mpet lysstyrke, lav lysstyrke
ğŸ”†	hÃ¸j lysstyrke, lysstyrke
ğŸ“¶	mobilsignal, signalstyrke
ğŸ“³	mobil, vibration
ğŸ“´	mobil, mobil slÃ¥et fra
âœ–ï¸	annuller, gange, gangetegn, multiplicer, multiplikation, stort kryds, x
â•	plus, plustegn
â–	minus, minustegn
â—	division, divisionstegn
â€¼ï¸	dobbelt udrÃ¥bstegn, tegnsÃ¦tning, udrÃ¥bstegn
â‰ï¸	spÃ¸rgsmÃ¥l, tegn, tegnsÃ¦tning, udrÃ¥bstegn, udrÃ¥bstegn og spÃ¸rgsmÃ¥lstegn
â“ï¸	spÃ¸rgsmÃ¥l, spÃ¸rgsmÃ¥lstegn, tegn, tegnsÃ¦tning
â”	hvidt spÃ¸rgsmÃ¥lstegn, omrids, spÃ¸rgsmÃ¥l, tegn, tegnsÃ¦tning
â•	fixed to avoid duplicate, hvidt udrÃ¥bstegn
â—ï¸	tegnsÃ¦tning, udrÃ¥bstegn
ã€°ï¸	bÃ¸lgestreg, bÃ¸lget, tegn, tegnsÃ¦tning
ğŸ’±	bank, penge, valuta, valutaveksling, veksling
ğŸ’²	dollartegn
âš•ï¸	lÃ¦gekunst, lÃ¦gevidenskab, medicin, medicinsymbol, slange, stav, Ã¦skulap, Ã¦skulapstav
â™»ï¸	genbrug, genbrugssymbol
âšœ	fleur-de-lis, fransk lilje, heraldik, heraldisk lilje, lilje
ğŸ”±	trefork, trefork-symbol
ğŸ“›	navn, navneskilt, skilt
ğŸ”°	grÃ¸nt og gult, grÃ¸nt og gult blad
â­•ï¸	cirkel, o, stor kraftig cirkel
âœ…	flueben, markering
â˜‘ï¸	afkrydsning, afkrydsningsfelt med flueben, flueben, markere, stemme
âœ”ï¸	flueben, stort flueben
âŒ	annuller, gange, kryds, multiplicer, multiplikation, mÃ¦rke, x
â	krydsknap, kvadrat, mÃ¦rke, x
â°	krÃ¸lle, loop, lÃ¸kke
â¿	dobbelt, dobbelt krÃ¸lle, krÃ¸lle, loop, lÃ¸kke
ã€½ï¸	del, japansk, japansk kommatering, kommatering
âœ³ï¸	asterisk, ottetakket spids stjerne, stjerne
âœ´ï¸	ottetakket stjerne, stjerne
â‡ï¸	funkle, funklen, glans, strÃ¥le
Â©ï¸	copyright, copyright-tegn, ophavsret
Â®ï¸	registreret, registreret varemÃ¦rke
â„¢ï¸	varemÃ¦rke
ğŸ” 	store bogstaver, symbol for store bogstaver
ğŸ”¡	smÃ¥ bogstaver, symbol for smÃ¥ bogstaver
ğŸ”¢	symbol for tal, tal
ğŸ”£	symbol for symboler, symboler
ğŸ”¤	latinske alfabet, symbol for latinske alfabet
ğŸ…°ï¸	A, blod, blodtype, blodtype A, type A
ğŸ†	AB, blod, blodtype, blodtype AB, type AB
ğŸ…±ï¸	B, blod, blodtype, blodtype B, type B
ğŸ†‘	CL-tegn, ryd, ryd-tegn
ğŸ†’	cool, cool-tegn
ğŸ†“	gratis, gratis-tegn
â„¹ï¸	i, information, informationskilde, turistinformation
ğŸ†”	id, id-tegn
â“‚ï¸	cirkel, m, m i cirkel
ğŸ†•	nyhed, nyt, nyt-tegn
ğŸ†–	NG-tegn, ikke godt, ikke godt-tegn
ğŸ…¾ï¸	O, blod, blodtype, blodtype O, type O
ğŸ†—	OK, OK-tegn
ğŸ…¿ï¸	parkering, parkeringsplads
ğŸ†˜	SOS, SOS-signal, SOS-tegn, hjÃ¦lp
ğŸ†™	OP!, OP!-tegn, UP!-tegn
ğŸ†š	versus, versus-tegn, vs., vs.-tegn
ğŸˆ	japansk, kvadratisk katakana koko
ğŸˆ‚ï¸	japansk, kvadratisk katakana sa
ğŸˆ·	japansk, kvadratisk ideogram for mÃ¥ne
ğŸˆ¶	japansk, kvadratisk ideogram for eksistens
ğŸˆ¯	japansk, kvadratisk ideogram for finger
ğŸ‰	cirkulÃ¦rt ideogram for fordel, japansk
ğŸˆ¹	japansk, kvadratisk ideogram for opdeling
ğŸˆš	japansk, kvadratisk ideogram for forhandling
ğŸˆ²	japansk, kvadratisk ideogram for forbud
ğŸ‰‘	cirkulÃ¦rt ideogram for accept, kinesisk
ğŸˆ¸	kinesisk, kvadratisk ideogram for anvendelse
ğŸˆ´	kinesisk, kvadratisk ideogram for sammen
ğŸˆ³	kinesisk, kvadratisk ideogram for tom
ãŠ—ï¸	cirkulÃ¦rt ideogram for lykÃ¸nskning, ideogram, kinesisk, lykÃ¸nskning, tillykke
ãŠ™ï¸	cirkulÃ¦rt ideogram for hemmelighed, hemmelighed, ideogram, kinesisk
ğŸˆº	kinesisk, kvadratisk ideogram for drift
ğŸˆµ	kinesisk, kvadratisk ideogram for fuld
ğŸ”´	cirkel, geometrisk, rÃ¸d, rÃ¸d cirkel
ğŸ”µ	blÃ¥, blÃ¥ cirkel, cirkel, geometrisk
âš«ï¸	cirkel, geometrisk, sort cirkel
âšªï¸	cirkel, geometrisk, hvid cirkel
â¬›ï¸	geometrisk, kvadrat, stort sort kvadrat
â¬œï¸	geometrisk, kvadrat, stort hvidt kvadrat
â—¼ï¸	geometrisk, kvadrat, mellemstort sort kvadrat
â—»ï¸	geometrisk, kvadrat, mellemstort hvidt kvadrat
â—¾ï¸	geometrisk, halvlille sort kvadrat, kvadrat
â—½ï¸	geometrisk, halvlille hvidt kvadrat, kvadrat
â–ªï¸	geometrisk, kvadrat, lille sort kvadrat
â–«ï¸	geometrisk, kvadrat, lille hvidt kvadrat
ğŸ”¶	diamant, geometrisk, orange, stor orange diamant
ğŸ”·	blÃ¥, diamant, geometrisk, stor blÃ¥ diamant
ğŸ”¸	diamant, geometrisk, lille orange diamant, orange
ğŸ”¹	blÃ¥, diamant, geometrisk, lille blÃ¥ diamant
ğŸ”º	op, op-trekant, rÃ¸d trekant, trekant
ğŸ”»	ned, ned-trekant, rÃ¸d trekant, trekant
ğŸ’ 	diamant med prik, fÃ¸lelse
ğŸ”˜	alternativknap, knap
ğŸ”³	geometrisk, hvid kvadratisk knap, knap, kvadrat, omrids
ğŸ”²	geometrisk, knap, kvadrat, sort kvadratisk knap
ğŸ	flag, motorsport, ternet flag
ğŸš©	flag, trekantet rÃ¸dt flag
ğŸŒ	japanske flag, to flag
ğŸ´	blafrende, sort flag
ğŸ³ï¸	blafrende, hvidt flag
ğŸ³â€ğŸŒˆ	flag, regnbue, regnbueflag
