🏻	боја, кожа, модификатор на емотикона, тип на кожа 1–2
🏼	боја, кожа, модификатор на емотикона, тип на кожа 3
🏽	боја, кожа, модификатор на емотикона, тип на кожа 4
🏾	боја, кожа, модификатор на емотикона, тип на кожа 5
🏿	боја, кожа, модификатор на емотикона, тип на кожа 6
😀	лице, широка насмевка, широко насмеано лице
😁	лице, насмевка, око, широка насмевка, широко насмеано лице со насмеани очи
😂	лице, лице со солзи радосници, радост, смеа, солза
🤣	под, превртување од смеење, смеење, тркалање
😃	лице, насмеано лице со големи очи, насмевка, отворена, уста
😄	лице со отворена уста и насмеани очи, насмеано лице со отворена уста и насмеани очи, насмевка, отворена, очи, уста
😅	лице, насмеано лице со отворена уста и капка пот, насмеано лице со отворена уста и пот, насмевка, отворена, пот
😆	лице со отворена уста и затворени очи, насмеано лице со отворена уста и затворени очи, насмевка, отворена, очи, уста
😉	лице, лице што намигнува, намигнување
😊	вцрвенето, лице, насмеано лице со насмеани очи, насмевка, очи
😋	вкусно, лице, лице што ужива во вкусна храна, насмевка, ужива
😎	лице, насмеано лице со очила за сонце, насмевка, очила, сонце
😍	лице, насмеано лице со очи во облик на срца, насмевка, љубов
😘	бакнеж, лице, лице што испраќа бакнеж, срце, љубов
🥰	заљубен, насмеано лице со 3 срца, обожава, симпатија
😗	бакнеж, лице, лице што бакнува
😙	бакнеж, лице, лице што бакнува со насмеани очи, насмевка, очи
😚	бакнеж, затворени, лице, лице што бакнува со затворени очи, очи
☺	лице, насмеано лице, насмевка, релаксирано
🙂	блага, лице, лице со блага насмевка, мала, насмевка
🤗	гушкање, лице, лице што гушка, прегратка
🤩	лице, лице здогледува славна личност, очи, смеење, ѕвезда
🤔	лице, лице што размислува, мисли, размислува
🤨	лице со крената веѓа, недоверба, скептично
😐	лице, неутралност, рамнодушно лице, рамнодушност
😑	без израз, лице, лице без никаков израз, монотоно
😶	лице, лице без уста, молчи, тивко, уста
🙄	лице, лице што превртува очи, очи, превртува
😏	лице, лице со подбивна насмевка, насмевка, подбивно, самозадоволно
😣	издржливо лице, издржливост, истрајност, лице
😥	лице, олеснување, разочарано, но лице со олеснување, разочарување
😮	лице, лице со отворена уста, отворена, уста
🤐	лице, лице со закопчана уста, патент, уста
😯	замолчено, замолчено лице, зачудено, изненадено, лице
😪	лице, поспано лице, спиење
😫	лице, уморно, уморно лице
😴	заспано лице, ззз, лице, спиење
😌	лице, лице со олеснување, олеснување
😛	лице, лице со исплазен јазик, јазик
😜	лице, лице со исплазен јазик и намигнато око, намигнување, шега, јазик
😝	вкус, лице, лице со исплазен јазик и затворени очи, ужасно, јазик
🤤	лигавење, лице
😒	лице, незаинтересирано, незаинтересирано лице, несреќно
😓	лице, лице со капка пот, пот
😔	замислено, замислено лице, лице, потиштено
😕	збунето, збунето лице, лице
🙃	лице, наопаку, превртено, превртено лице
🤑	лице, лице со пари на устата, пари, уста
😲	вчудовидено лице, вчудоневидено, лице, шокирано
☹	лице, намуртено, намуртено лице
🙁	лице, малку намуртено лице, намуртено
😖	збркано, збркано лице, лице
😞	лице, разочарано, разочарано лице
😟	загрижено, загрижено лице, лице
😤	лице, лице на кое му чади од носот, нос, чад
😢	лице, плач, расплакано лице, солза, тажно
😭	вкус, гласно расплакано лице, лице, лице со исплазен јазик и затворени очи, ужасно, јазик
😦	лице, намуртено, намуртено лице со отворена уста, отворена, уста
😧	лице, лице во очај, очајно
😨	исплашено, лице, лице во страв, страв, уплашено
😩	исцрпено, исцрпено лице, лице, уморно
🤯	експлодирачка глава, шокирано
😬	гримаса, лице, лице со гримаса
😰	лице, лице со отворена уста и капка пот, отворена, пот, сино
😱	вресок, исплашено, лице, лице кое вреска од страв, уплашено
🥵	жешко, зацрвенето лице, лице зацрвенето од жештина, потење, тополотен удар, трескавично
🥶	замрзнато, замрзнато лице, мразулци, сино лице, студено
😳	вцрвенето, вцрвенето лице, збунето, лице
🤪	големо, лудо лице, мало, око
😵	зашеметено, зашеметено лице, лице
😡	бес, лице зацрвенето од лутина, луто, налутено, црвено
😠	лице, луто, налутено, налутено лице
🤬	лице со симболи на устата, пцуење
😷	болен, лекар, лице со медицинска маска, маска, настинка
🤒	болен, лице, лице со термометар, термометар
🤕	завој, лице, лице со преврска на главата, повреда, рана
🤢	мачнина, повраќа, слоши
🤮	болен, лице повраќа, повраќање
🤧	кивање
😇	ангел, насмеано лице со ореол, насмевка, невиност, ореол
🤠	каубој, лице, шешир
🥳	забава, капа, лице што се забавува, прослава
🥴	зашеметен, пијан, пијано лице
🥺	кучешки очиња, лице што моли, милосрдие, молење
🤥	лаже, лажење, лице, пинокио
🤫	лице прави „шшш“, тишина, шшш
🤭	лице со дланка преку устата, упс
🧐	лице со монокл, надуенко
🤓	бубалица, лице, лице на бубалица, чудак
😈	насмеано лице со рогови, насмевка, рогови, сказна, фантазија
👿	немирко, палавко, сказна, фантазија, ѓаволче
🤡	кловн, лице
👹	сказна, суштество, фантазија, чудовиште, џин, џиновско чудовиште
👺	гоблин, сказна, суштество, фантазија, чудовиште
💀	сказна, смрт, тело, череп, чудовиште
☠	вкрстени коски, костур, смрт, тело, череп и вкрстени коски
👻	дух, сказна, суштество, фантазија, чудовиште
👽	вонземјанин, вселена, нло, суштество, чудовиште
👾	вонземно чудовиште, вонземјанин, вселена, нло, чудовиште
🤖	лице, лице на робот, машина, робот
💩	измет, кака, куп измет, лице, стрип
😺	мачка, насмеано лице на мачка со отворена уста, насмевка, отворена, уста
😸	мачка, насмевка, очи, широка насмевка, широко насмеана мачка со насмеани очи, широко насмеано лице на мачка со насмеани очи
😹	лице, лице на мачка со солзи радосници, мачка, радост, солзи
😻	мачка, насмеана мачка со очи како срца, насмевка, очи, срце, љубов
😼	иронична, лице на мачка со иронична насмевка, мачка, насмевка, цинична
😽	бакнеж, лице, лице на мачка што бакнува со затворени очи, мачка, мачка бакнува со затворени очи, очи
🙀	изненадено, мачка, ох, претпазливо, уморно, уморно лице на мачка
😿	мачка, плач, расплакано лице на мачка, солза, тажно
😾	лице, мачка, намуртено, намуртено лице на мачка
🙈	гест, гледа, забрането, мајмун, мајмун со покриени очи
🙉	гест, забрането, мајмун, мајмун со покриени уши, не слуша
🙊	гест, забрането, мајмун, мајмун со покриена уста, не зборува
👶	бебе, мало
🧒	дете, младо, пол-неутрален
👦	машко, момче
👧	девојка, девојче, женско, мома
🧑	возрасно лице, пол-неутрален
👱	коса, лице, рус, русокос, русокосо лице
👨	маж, машко
👱‍♂	маж, руса коса, русокос маж
🧔	брада, забраден човек
👩	жена, женско
👱‍♀	жена, руса коса, русокоса жена
🧓	пол-неутрален, постаро возрасно лице, старо
👴	маж, машко, стар, старец
👵	жена, женско, стара, старица
👨‍⚕	доктор, здравство, машко, терапевт
👩‍⚕	доктор, докторка, жена, здравство, медицинска сестра
👨‍🎓	дипломец, маж, студент
👩‍🎓	дипломка, жена, студентка
👨‍🏫	инструктор, маж, наставник, професор, учител
👩‍🏫	жена, наставничка, професорка, учителка
👨‍⚖	маж, правда, судија
👩‍⚖	жена, судијка
👨‍🌾	градинар, земјоделец, маж
👩‍🌾	градинар, жена, земјоделец, земјоделка
👨‍🍳	готвач, маж, машко
👩‍🍳	готвачка, жена, женско
👨‍🔧	електричар, маж, механичар
👩‍🔧	електричар, жена, механичар, механичарка
👨‍🏭	индустрија, маж, работник, фабрика
👩‍🏭	жена, индустрија, работничка, фабрика
👨‍💼	административец, архитект, бизнисмен, канцеларија, маж
👩‍💼	административка, архитект, бизнисменка, канцеларија, маж
👨‍🔬	биолог, инженер, маж, научник, хемичар
👩‍🔬	биолог, жена, жена научник, инженер, хемичар
👨‍💻	маж, програмер, софтвер, технолог
👩‍💻	жена, жена технолог, програмер, софтвер
👨‍🎤	актер, маж, пејач, ѕвезда
👩‍🎤	актер, жена, пејачка, ѕвезда
👨‍🎨	маж, сликар, уметник
👩‍🎨	жена, сликар, уметник, уметничка
👨‍✈	авион, маж, пилот
👩‍✈	авион, жена, жена пилот, пилот
👨‍🚀	астронаут, вселена, маж, ракета
👩‍🚀	астронаут, вселена, жена, жена астронаут, ракета
👨‍🚒	маж, пожар, пожарникар
👩‍🚒	жена, жена пожарникар, пожар, пожарникар
👮	полицаец/полицајка, полиција
👮‍♂	инспектор, маж, полицаец, полиција
👮‍♀	жена, инспектор, полицајка, полиција
🕵	детектив(ка), шпион
🕵‍♂	детектив, инспектор, маж, шпион
🕵‍♀	детективка, жена, инспектор, шпион
💂	гардист(ка), стражар
💂‍♂	гардист, маж
💂‍♀	гардист, гардистка, жена
👷	градба, градежен работник, капа, работник
👷‍♂	градежник, градење, маж, работник
👷‍♀	градење, жена, жена градежник, работник
🤴	принц
👸	принцеза, сказна, фантазија
👳	лице со турбан, маж, турбан
👳‍♂	маж, маж со турбан, турбан
👳‍♀	жена, жена со турбан, турбан
👲	капа, кинеска, маж, маж со кинеска капа
🧕	жена со шамија, хиџаб, шамија
🤵	костум, младоженец, смокинг, човек во смокинг
👰	невеста, невеста со превез, превез, свадба
🤰	бремена, трудна, трудница
🤱	бебе, доење, дојка
👼	ангел, бебе, бебе ангел, насмевка, невиност, ореол
🎅	дедо мраз, нова година, прослава, сказна, фантазија
🤶	баба, баба мразица, мразица
🦸	добро, суперсила, суперхерој, хероина, херој
🦸‍♀	добро, жена, жена-суперхерој, суперсила, хероина, херој
🦸‍♂	добро, маж, маж суперхерој, суперсила, херој
🦹	зло, криминалец, негативец, супер-негативец, суперсила
🦹‍♀	жена, жена супернегативец, зло, криминалец, негативец, суперсила
🦹‍♂	зло, криминалец, маж, маж супернегативец, негативец, суперсила
🧙	вештерка, волшебник, магичар, маѓепсник, маѓепсница
🧙‍♀	вештерка, жена магичар, маѓепсница
🧙‍♂	волшебник, маж магичар, маѓепсник
🧚	Оберон, Пак, Титанија, самовила
🧚‍♀	Титанија, жена самовила
🧚‍♂	Оберон, Пак, виленик
🧛	Дракула, вампир, жив мртовец
🧛‍♀	жена вампир, жив мртовец
🧛‍♂	Дракула, жив мртовец, маж вампир
🧜	морска жена, морски маж, морско лице, сирена
🧜‍♀	морска жена, сирена
🧜‍♂	маж сирена
🧝	магично, шумски елф
🧝‍♀	жена шумски елф, магично
🧝‍♂	магично, маж шумски елф
🧞	џин, џини
🧞‍♀	жена џини, џин
🧞‍♂	маж џини, џин
🧟	жив мртовец, зомби
🧟‍♀	жена зомби, жив мртовец, зомби
🧟‍♂	жив мртовец, зомби, маж зомби
🙍	гест, намуртен, намуртен човек
🙍‍♂	гест, маж, муртење, намуртен маж
🙍‍♀	гест, жена, муртење, намуртена жена
🙎	гест, налутен, налутен човек
🙎‍♂	гест, лутење, маж, налутен маж
🙎‍♀	гест, жена, лутење, налутена жена
🙅	гест, забрането, не, рака, човек што негира, човек што неодобрува
🙅‍♂	гест, забрането, маж, маж што неодобрува, рака
🙅‍♀	гест, жена, жена што неодобрува, забрането, рака
🙆	во ред, гест, ок, рака, човек што одобрува, човек што се согласува
🙆‍♂	гест, дозволено, маж, маж што одобрува, рака
🙆‍♀	гест, дозволено, жена, жена што одобрува, рака
💁	информации, лице со феминизиран гест, помош, рака
💁‍♂	маж, феминизиран, феминизиран маж
💁‍♀	жена, шмизла
🙋	гест, лице со подигната рака, подигната, радост, среќа
🙋‍♂	гест, маж, маж со подигната рака, подигната рака
🙋‍♀	гест, жена, жена со подигната рака, подигната рака
🙇	гест, извинување, поклонување, човек кој се поклонува
🙇‍♂	извинување, маж, маж се поклонува, поклонување
🙇‍♀	жена, жена се поклонува, извинување, поклонување
🤦	неверување, разочарување, чудење
🤦‍♂	маж и неверување, машко, неверување, разочарување, чудење
🤦‍♀	жена и неверување, женско, неверување, разочарување, чудење
🤷	кревање раменици, незаинтересираност, незнаење, несигурност
🤷‍♂	маж и кревање раменици, машко, незаинтересираност, незнаење, несигурност
🤷‍♀	жена и кревање раменици, женско, незаинтересираност, незнаење, несигурност
💆	масажа, масажа на лице, салон
💆‍♂	маж и масажа на лице, масажа, машко, салон
💆‍♀	жена и масажа на лице, женско, масажа, салон
💇	бербер, потстрижување, салон, убавина, фризер
💇‍♂	бербер, коса, маж се потстрижува, машко, фризер
💇‍♀	бербер, жена се потстрижува, женско, коса, фризер
🚶	лице пешачи, оди, пешачење, прошетка, шета
🚶‍♂	маж пешачи, машко, оди, пешачење, прошетка
🚶‍♀	жена пешачи, женско, оди, пешачење, прошетка
🏃	лице трча, маратон, трчање
🏃‍♂	маж трча, маратон, машко, трчање
🏃‍♀	жена трча, женско, маратон, трчање
💃	девојка, жена, танц, танцува, танчерка
🕺	танц, танчер
👯	девојки, зајак, зајачки уши, лица кои се забавуваат, танц
👯‍♂	мажи кои се забавуваат, машко, танц, уши
👯‍♀	девојка, жена, жени кои се забавуваат, танц, уши
🧖	лице во парна соба, парна бања, сауна
🧖‍♀	жена во парна соба, парна бања, сауна
🧖‍♂	маж во парна соба, парна бања, сауна
🧗	лице планинари, планинар
🧗‍♀	жена планинари, планинар
🧗‍♂	маж планинари, планинар
🧘	лице во положба лотус, медитација, јога
🧘‍♀	жена во положба лотус, медитација, јога
🧘‍♂	маж во положба лотус, медитација, јога
🛀	када, човек, човек во када
🛌	хотел, човек, човек во кревет
🕴	бизнис, костум, лебдечки човек во деловен костум, лебдење, маж
🗣	глава, глава што зборува, зборува, лице, силуета
👤	биста, силуета, силуета на биста
👥	биста, силуета, силуета на бисти
🤺	меч, мечувач, мечување, спорт
🏇	коњ, трка, трка со коњи, џокеј
⛷	скии, скијач, снег
🏂	скии, скијање на штица, снег, сноубординг
🏌	голф, играч, играч на голф, стап
🏌‍♂	голф, голфер, маж
🏌‍♀	голф, голферка, жена
🏄	лице кое сурфа, сурфање
🏄‍♂	машко, сурфање, сурфер
🏄‍♀	женско, сурфање, сурферка
🚣	брод, веслање чамец, транспорт
🚣‍♂	брод, веслач, машко, чамец
🚣‍♀	брод, веслачка, женско, чамец
🏊	лице кое плива, плива, човек
🏊‍♂	машко, плива, пливач
🏊‍♀	женско, плива, пливачка
⛹	топка, човек, човек со топка
⛹‍♂	маж со топка, машко, топка
⛹‍♀	жена со топка, женско, топка
🏋	кревање, кревање тегови, тег, човек
🏋‍♂	кревање, маж крева тегови, машко, тег
🏋‍♀	жена крева тегови, женско, кревање, тег
🚴	велосипед, лице кое вози велосипед, човек
🚴‍♂	велосипед, велосипедист, машко
🚴‍♀	велосипед, велосипедистка, женско
🚵	велосипед, лице кое вози планински велосипед, планина, човек
🚵‍♂	велосипед, машко, планина, планински велосипедист
🚵‍♀	велосипед, женско, планина, планинска велосипедистка
🏎	автомобил, трка, тркачки автомобил
🏍	мотор, трка
🤸	гимнастика, лице прави ѕвезда, спортист, ѕвезда
🤸‍♂	гимнастика, маж прави ѕвезда, машко, спортист, ѕвезда
🤸‍♀	гимнастика, жена прави ѕвезда, женско, спортист, ѕвезда
🤼	борач, борење, лица кои се борат, спортисти
🤼‍♂	борач, борачи, борење, машко, спортисти
🤼‍♀	борач, борачки, борење, женско, спортисти
🤽	ватерполист, ватерполо, спорт
🤽‍♂	ватерполист, машко, спорт
🤽‍♀	ватерполист, ватерполистка, женско, спорт
🤾	ракомет, ракометар, спорт
🤾‍♂	машко, ракомет, ракометар, спорт
🤾‍♀	женско, ракомет, ракометар, ракометарка, спорт
🤹	вештина, жонглер, жонглирање
🤹‍♂	жонглер, машко
🤹‍♀	женско, жонглер, жонглерка
👫	жена, маж, маж и жена се држат за рака, пар, раце
👬	близнаци, двајца мажи се држат за рака, држење, мажи, раце, хороскоп
👭	близнаци, две жени се држат за рака, држење, жени, пар, хороскоп
💏	бакнеж, пар, романтика, срце, љубов
💑	пар, пар со срце, романтика, срце, љубов
👪	дете, мајка, семејство, татко, фамилија
🤳	камера, селфи, телефон
💪	бицепс, мускул, покажува бицепс, тело, цртан
🦵	клоца, нога
🦶	газење, клоцање, стапало
👈	лево, покажува, показалец, показалец свртен налево, прст
👉	десно, покажува, показалец, показалец свртен надесно, прст
☝	горе, покажува, показалец, показалец нагоре, показалец свртен нагоре, прст
👆	горе, покажува, показалец, показалец свртен нагоре, прст
🖕	дланка, прст, рака, среден, среден прст, тело
👇	долу, покажува, показалец, показалец свртен надолу, прст
✌	дланка, победа, прст, рака, рака покажува победа
🤞	палци, прсти, среќа, стискање палци
🖖	вулканец, вулкански поздрав, дланка, поздрав, прст
🤘	прст, рака, рака што покажува рогови, рогови, рок
🤙	дланка, повик, јави ми се
🖐	дланка, крената рака со раширени прсти, прст, рака, раширена
✋	дланка, крената рака, рака, тело
👌	дланка, добро, ок, рака, рака што се согласува
👍	горе, палец, палец нагоре, рака, тело
👎	долу, палец, палец надолу, рака, тело
✊	бокс, крената тупаница, рака, стегната, тупаница
👊	бокс, рака, стегната, тупаница, тупаница што се приближува
🤛	лева тупаница, налево, тупаница
🤜	десна тупаница, надесно, тупаница
🤚	горе, дланка, подигната, подигната дланка
👋	мавтање, мавтање со рака, поздрав, рака, тело
🤟	знак „те сакам“, рака, те сакам
✍	пишува, рака, рака што пишува, тело
👏	аплауз, рака, тело
👐	дланка, отворени дланки, отворено, рака, тело
🙌	гест, кренати дланки, подигнати, прослава, ура
🤲	дланки една до друга, молитва
🙏	благодарност, гест, молба, молитва, споени дланки
🤝	договор, ракување, средба
💅	козметика, лак за нокти, маникир, нега, нокти
👂	тело, уво
👃	нос, тело
👣	отпечатоци, отпечатоци од стапала, стапало, тело
👀	лице, очи, тело
👁	лице, око, тело
👁‍🗨	балон за говор, око, око во балон за говор, сведок
🧠	интелигентно, мозок
🦴	коска, скелет
🦷	заб, стоматолог
👅	тело, јазик
👄	тело, усни, уста
🦰	црвена коса, црвено-жолтеникава
🦱	афро, кадрава, кадрава коса, локни
🦳	бела, бела коса, коса, седа, стар
🦲	без влакна, без коса, избричено, хемотерапија, ќелав
💋	бакнеж, бакнеж со кармин, кармин, романтика
💘	купид, романтика, срце, срце прободено со стрела, стрела
💝	ден на вљубените, панделка, подарок, срце, срце со панделка
💖	возбуда, светкаво срце, светки, срце
💗	возбуда, нервоза, пулс, растење, срце, срце што расте
💓	отчукување, пулс, срце, срце што чука, чука
💞	ротира, ротирачки срца, се врти, срце
💕	две срца, срце, љубов
💌	писмо, пошта, романтика, љубов, љубовно писмо
❣	извичник, извичник во вид на срце, интерпункциски знак, срце
💔	крши, скршено, скршено срце, срце
❤	срце, црвено, црвено срце
🧡	портокал, портокалово срце
💛	жолто, жолто срце, срце
💚	зелено, зелено срце, срце
💙	сино, сино срце, срце
💜	виолетово, виолетово срце, срце
🖤	зло, морбидно, црно срце
💟	срце, украс, украс со срце
💤	ззз, спие, стрип
💢	лут, лутина, налутен, стрип
💣	бомба, бум, стрип
💥	бум, експлозија, стрип, судир
💦	капки, капки пот, пот, прскање, стрип
💨	брза, брзање, стрип, трчање
💫	вртење, вртоглавица, стрип, ѕвезда
💬	балон, балон за говор, говор, дијалог, стрип
🗨	балон, дијалог, лев балон за говор, лево, стрип
🗯	балон, десен балон за говор, десен балон за лутина, десно, дијалог, стрип
💭	балон, балон за размислување, меур, размислување, стрип
🕳	дупка, отвор
👓	очи, очила
🕶	очи, очила, очила за сонце, сонце, темни
🥽	заварување, заштита на очите, заштитни очила, пливање
🥼	доктор, експеримент, мантил, научник
👔	вратоврска, облека
👕	блуза, кратки ракави, маица, облека
👖	облека, панталони, фармерки
🧣	врат, шал
🧤	дланка, ракавици
🧥	палто, јакна
🧦	хулахопки, чорапи
👗	жена, облека, фустан
👘	жена, кимоно, облека, јапонска
👙	бикини, жена, облека, пливање
👚	жена, женска облека, облека
👛	жена, монети, пари, паричник, чанта
👜	жена, чанта
👝	жена, торбичка, чанта
🛍	кеси за пазарење, пазарење, хотел, чанта
🎒	ранец, торба, училишен ранец, училиште, чанта
👞	маж, машки чевел, обувки, чевли
👟	обувки, патика, патики, спорт, чевли
🥾	кампување, планинарење, чизма, чизми за планинарење
🥿	балетанка, папуча
👠	жена, обувки, чевел со висока потпетица, чевли
👡	женска сандала, лето, обувки, сандали, чевли
👢	женска чизма, зима, обувки, чевли, чизми
👑	крал, кралица, круна, цар, царица
👒	жена, женска шапка, капа
🎩	капа, маж, цилиндар
🎓	диплома, капа, капа за дипломирање, матура, прослава
🧢	капче, капче за бејзбол
⛑	капа, крст, помош, шлем, шлем со бел крст
📿	бројаница, молитва, религија, ѓердан
💄	кармин, козметика, шминка
💍	дијамант, накит, прстен, романтика
💎	дијамант, накит, романтика, скапоцен камен
🐵	глава, глава на мајмун, лице, мајмун
🐒	диво, животно, мајмун
🦍	горила, животно
🐶	глава, глава на куче, куче, лице, милениче
🐕	домашно, животно, куче, милениче
🐩	домашно, животно, милениче, пудлица
🐺	волк, глава, глава на волк, лице
🦊	животно, лисица, лице
🦝	итар, ракун, љубопитен
🐱	глава, глава на мачка, лице, маче, милениче
🐈	домашно, животно, мачка, милениче
🦁	глава, глава на лав, лав, лице, хороскоп
🐯	глава, глава на тигар, лице, тигар
🐅	диво, животно, тигар
🐆	диво, животно, леопард
🐴	глава, глава на коњ, коњ, лице
🐎	коњ, трка
🦄	глава, глава на еднорог, еднорог, лице
🦓	зебра, шара
🦌	елен, животно
🐮	глава, глава на крава, крава, лице
🐂	бик, вол, говедо, хороскоп
🐃	бивол, говедо
🐄	говедо, крава
🐷	глава, глава на прасе, лице, прасе
🐖	маторица, прасе, свиња
🐗	вепар, дива, дива свиња, прасе, свиња
🐽	лице, нос, нос на прасе, прасе
🐏	овен, овца, хороскоп
🐑	овца
🐐	коза, хороскоп, јарец
🐪	грпка, едногрба, камила
🐫	грпка, двогрба, двогрба камила
🦙	алпака, волна, гванако, лама
🦒	жирафа, точки
🐘	слон
🦏	животно, носорог
🦛	нилски коњ
🐭	глава, глава на глушец, глушец, лице
🐁	бело, глушец
🐀	сиво, стаорец
🐹	глава, глава на ’рчко, лице, милениче, ‘рчко
🐰	глава, глава на зајак, зајак, лице, милениче
🐇	бело, зајак, милениче
🐿	верверица
🦔	бодликаво, еж
🦇	вампир, лилјак
🐻	глава, глава на мечка, лице, мечка
🐨	австралиска, коала, мечка
🐼	глава, глава на панда, лице, панда
🦘	Австралија, кенгур, скок, торбар
🦡	додева, јазовец
🐾	отпечатоци, отпечатоци од шепи, стапала, шепи
🦃	живина, мисирка
🐔	живина, кокошка
🐓	живина, петел
🐣	живина, испилено, испилено пиле, пиле
🐤	живина, пиле
🐥	живина, пиле, пиле свртено нанапред
🐦	птица
🐧	пингвин
🕊	гулабица, лет, мир, птица
🦅	орел, птица
🦆	патка, птица
🦢	грдо пајче, лебед, млад лебед, птица
🦉	був, мудрост
🦚	горделив, наметлив, паун, птица
🦜	зборува, папагал, пират, птица
🐸	глава, глава на жаба, жаба, лице
🐊	влекач, крокодил
🐢	желка
🦎	влекач, гуштер
🐍	влекач, змија
🐲	глава, глава на змеј, змеј, лице, сказна
🐉	змеј, сказна, фантазија
🦕	брахиосаурус, бронтосаурус, диплодокус, сауропод
🦖	Т-рекс, Тираносаурус рекс
🐳	вода, кит, кит што прска вода, прска, цицач
🐋	кит, цицач
🐬	делфин, цицач
🐟	риба, риби, хороскоп
🐠	риба, тропска, тропска риба
🐡	боцки, риба, риба со боцки
🦈	ајкула, риба
🐙	октопод
🐚	спирала, спирална школка, школка
🦀	рак, хороскоп
🦞	клешти, морска храна, рак, јастог
🦐	ракче, храна
🦑	лигња, храна
🐌	полжав
🦋	инсект, пеперутка, убавина
🐛	бубачка, инсект
🐜	инсект, мравка
🐝	инсект, пчела
🐞	бубамара, бубачка, инсект
🦗	скакулец, штурец
🕷	инсект, пајак
🕸	мрежа, пајак, пајакова мрежа
🦂	скорпија, хороскоп
🦟	болест, вирус, грозница, инсект, комарец, маларија
🦠	амеба, бактерија, вирус, микроба
💐	букет, растение, романтика, цвет
🌸	растение, цвет, цреша, цут, цут од цреша
💮	бел, бел цвет, цвет
🏵	растение, розета, цвет
🌹	растение, роза, цвет
🥀	овенато, овенато цвеќе, цвеќе
🌺	растение, хибискус, цвет
🌻	растение, сонце, сончоглед, цвет
🌼	растение, цвет, цут
🌷	лале, растение, цвет
🌱	расад, растение, садница, стебленце, фиданка
🌲	дрво, зимзелено, зимзелено дрво, растение
🌳	дрво, листопадно, листопадно дрво, растение
🌴	дрво, палма, растение
🌵	кактус, растение
🌾	ориз, растение, сноп, сноп ориз
🌿	билка, лист, растение
☘	детелина, растение
🍀	детелина, детелина со четири листа, лист, растение, четири
🍁	лист, растение, јавор, јаворов лист
🍂	лист, паднат лист, паѓа, растение
🍃	вее, ветер, дува, лист, лист што се вее на ветрот
🍇	грозје, овошје, растение
🍈	диња, овошје, растение
🍉	лубеница, овошје, растение
🍊	мандарина, овошје, растение
🍋	лимон, овошје, растение
🍌	банана, овошје, растение
🍍	ананас, овошје, растение
🥭	манго, овошје, тропско
🍎	овошје, растение, црвено, црвено јаболко
🍏	зелено, зелено јаболко, овошје, растение
🍐	круша, овошје, растение
🍑	овошје, праска, растение
🍒	овошје, растение, цреши
🍓	овошје, растение, јагода
🥝	киви, овошје, храна
🍅	домат, овошје, растение
🥥	кокосов орев, палма, пина колада
🥑	авокадо, овошје, храна
🍆	зеленчук, модар патлиџан, растение
🥔	зеленчук, компир, храна
🥕	зеленчук, морков, храна
🌽	клас, клас пченка, кочан, растение
🌶	лута пиперка, луто, пиперка, растение
🥒	зеленчук, краставица, краставичка, храна
🥬	зелена салата, зелени листови, зелка, кинеска зелка, марула
🥦	брокола, дива зелка
🍄	печурка, растение
🥜	зеленчук, кикирика, кикиритки
🌰	костен, растение
🍞	векна, жито, леб
🥐	кифла, кроасан, француски
🥖	багет, леб, француски
🥨	вртено, перек
🥯	пекарница, пециво, ѓеврек
🥞	десерт, палачинка, палачинки
🧀	парче сирење, сирење
🍖	коска, месо, месо со коска
🍗	живина, кокошка, копан, коска, нога
🥩	кременадла, парче, парче месо, стек
🥓	месо, сланина, храна
🍔	плескавица, сендвич, хамбургер
🍟	компир, помфрит, пржено
🍕	парче, пица, сирење
🌭	виршла, колбас, хот дог
🥪	леб, сендвич
🌮	мексиканска, тако, храна
🌯	бурито, мексиканска, храна
🥙	гиро, донер
🥚	храна, јајце
🍳	готвење, пржење, тавче, јајце
🥘	плитка, тава, тавче со храна, тепсија
🍲	лонец, лонец со храна, чорба
🥣	житарки, каша со ориз, појадок, сад со лажица
🥗	зелена, зелена салата, салата, храна
🍿	пуканки, пченка
🧂	зачин, сол, соларник
🥫	конзерва, конзервирана храна
🍱	храна, јапонска, јапонска храна за носење
🍘	бисквит, колаче, колачи од ориз, ориз
🍙	ориз, топка, топки од ориз, јапонски
🍚	варен, варен ориз, ориз
🍛	кари, ориз, ориз со кари
🍜	длабока чинија, длабока чинија со жешка храна, жешко, пареа, тестенини
🍝	паста, шпагети
🍠	компир, печен, печен сладок компир, сладок
🍢	морска храна, ражен, стап, јапонски ражен, ќебап
🍣	суши
🍤	пржено, пржено ракче, ракче
🍥	колаче, печиво, риба, спирала, спирално колаче со риба
🥮	есен, месечев колач, месечево колаче, фестивал
🍡	десерт, ражен, слатко, јапонски слатки кнедли, јапонско
🥟	емпанада, кинеска штрудла, кнедла, пирошка
🥠	колаче на среќата, пророштво
🥡	кинеска кутија за храна, кутија за храна за носење
🍦	десерт, сладолед на точење, слатко, точење
🍧	десерт, мраз, сладолед од мраз, слатко
🍨	десерт, сладолед, слатко
🍩	десерт, крофна, слатко
🍪	десерт, колаче, слатко
🎂	десерт, печиво, прослава, роденден, роденденска торта
🍰	десерт, овошна торта, парче, печиво, слатко
🧁	пекарница, слатки пецива, тортичка
🥧	печиво, пита, фил
🍫	десерт, слатко, чоколадо
🍬	бонбона, десерт, слатко
🍭	бонбона, десерт, лижалче, слатко
🍮	десерт, пудинг, слатко
🍯	грне, грне со мед, мед, слатко
🍼	бебе, млеко, шише, шише за бебе
🥛	млеко, чаша, чаша млеко
☕	кафе, напиток, пијалак, топол напиток, чај
🍵	напиток, пијалак, топло, чаша за чај без рачка, чај
🍶	алкохол, ориз, пијалак, саке, јапонски
🍾	бар, пијалак, тапа, шампањ, шише, шише шампањ
🍷	бар, вино, пијалак, чаша, чаша за вино
🍸	бар, коктел, пијалак, чаша, чаша за коктел
🍹	бар, пијалак, тропски, тропски пијалак
🍺	бар, кригла, кригла пиво, пиво, пијалак
🍻	бар, кригли, наздравување, наздравување со кригли пиво, пиво, пијалак
🥂	здравица, наздравување, прославување, чаша
🥃	алкохол, виски, жесток пијалак, жестоко, чаша
🥤	газиран пијалак, цеден сок, чаша со сламка
🥢	стапчиња за јадење, хаши
🍽	виљушка, виљушка и нож со чинија, готвење, нож, чинија
🍴	виљушка, виљушка и нож, готвење, нож
🥄	лажица, прибор
🔪	готвење, кујнски нож, нож
🏺	амфора, бокал, пијалак, стомна, ќуп
🌍	африка, глобус, глобус што ги покажува Европа и Африка, европа, земја
🌎	америка, глобус, глобус со Јужна и Северна Америка, земја, северна, јужна
🌏	австралија, азија, глобус, глобус со Азија и Австралија, земја, свет
🌐	глобус, глобус со меридијаните, земја, меридијани, свет
🗺	карта, карта на светот, свет
🗾	Јапонија, карта, карта на Јапонија
🧭	компас, магнетно, навигација, ориентирање
🏔	планина, планина со снежен врв, снег, студено
⛰	планина
🌋	време, вулкан, ерупција, планина
🗻	планина, планината Фуџи, фуџи
🏕	кампување, шатор
🏖	плажа, плажа со чадор за сонце, сонце, чадор
🏜	песок, пустина
🏝	остров, пуст, пуст остров
🏞	национален парк, парк
🏟	стадион
🏛	градба, класична, класична зграда
🏗	градба, градежен објект, конструкција
🧱	глина, малтер, тула, тули, ѕид
🏘	градба, куќа, куќи
🏚	градба, куќа, напуштена, напуштена куќа
🏠	градба, дом, куќа
🏡	градба, градина, дом, куќа, куќа со градина
🏢	градба, канцелариска зграда, канцеларија
🏣	градба, пошта, јапонска, јапонска пошта
🏤	градба, европска, пошта
🏥	болница, градба, лекар, медицина
🏦	банка, градба
🏨	градба, хотел
🏩	градба, хотел, љубов, љубовен хотел
🏪	24 часа, градба, минимаркет, нон-стоп, продавница
🏫	градба, училиште
🏬	градба, продавница, стоковна, стоковна куќа
🏭	градба, фабрика
🏯	градба, замок, јапонски, јапонски замок
🏰	градба, европска, замок
💒	романтика, свадба, црква
🗼	кула, токио, токиската кула
🗽	слобода, статуа, статуата на слободата
⛪	градба, крст, религија, христијанска, црква
🕌	ислам, муслиманска, религија, џамија
🕍	евреин, религија, синагога, храм, јудаизам
⛩	религија, храм, шинтоизам, шинтоистички храм
🕋	ислам, муслиманска, религија, ќаба
⛲	фонтана
⛺	кампување, шатор
🌁	време, магла, магливо
🌃	време, ноќ, ноќ со ѕвезди, ѕвезди
🏙	град, градба, градски пејзаж
🌄	време, изгрејсонце, изгрејсонце над планините, планина, сонце, утро
🌅	време, изгрејсонце, сонце, утро
🌆	вечер, град, градски пејзаж во приквечерина, зајдисонце, пејзаж, самрак
🌇	градба, зајдисонце, самрак, сонце
🌉	вечер, време, мост, мост навечер
♨	вода, жешка, извори, извори на топла вода, топла
🌌	време, вселена, млечниот пат
🎠	вртелешка, коњ, коњче од вртелешка, рингишпил
🎡	забавен парк, панорама, панорамско тркало, тркало
🎢	забавен парк, тобоган
💈	бербер, столб, столб пред берберница, стрижење
🎪	циркус, циркуски шатор, шатор
🚂	возило, железница, локомотива, мотор, пареа
🚃	вагон, воз, возило, железница, трамвај
🚄	брз воз, брзина, воз, возило, железница
🚅	брзина, воз-куршум, возило, железница, куршум
🚆	воз, возило, железница
🚇	возило, железница, метро, подземна
🚈	возило, железница, лесна железница
🚉	воз, возило, железница, станица
🚊	возило, трамвај
🚝	возило, едношинска железница, железница
🚞	вагон, возило, железница, планина, планинска железница
🚋	вагон, вагон на трамвај, возило, трамвај
🚌	автобус, возило
🚍	автобус, автобус што пристигнува, возило, пристигнува
🚎	возило, тролејбус
🚐	автобус, возило, минибус
🚑	амбуланта, возило
🚒	возило, камион, пожар, противпожарно возило
🚓	автомобил, возило, патрола, полициски автомобил, полиција
🚔	автомобил, возило, полициски автомобил што пристигнува, полиција, пристигнува
🚕	возило, такси
🚖	возило, пристигнува, такси, такси што пристигнува
🚗	автомобил, возило
🚘	автомобил, автомобил што пристигнува, возило, пристигнува
🚙	возило, камп, кампинг возила, рекреација
🚚	возило, испорака, камион, камион за испорака
🚛	возило, камион, приколка, шлепер
🚜	возило, трактор
🚲	велосипед, возило
🛴	тротинет
🛹	скејтборд, скирол
🛵	мотор, скутер
🚏	автобус, автобуска постојка, постојка
🛣	автопат, пат
🛤	воз, железница, железничка пруга, пруга
🛢	буре, буре за нафта, нафта
⛽	бензин, бензинска пумпа, гориво, пумпа, станица
🚨	автомобил, полиција, ротирачко, светло, светло на полициски автомобил
🚥	светло, сигнализација, сообраќај, хоризонтален семафор
🚦	вертикален семафор, светло, сигнализација, сообраќај
🛑	знак, осумаголник, стоп
🚧	градежни работи на патот, препрека, пречка
⚓	алатка, брод, сидро
⛵	брод, едреник, море, транспорт, јахта
🛶	кану, кајак
🚤	брод, глисер, транспорт
🛳	брод, патници, патнички брод, транспорт
⛴	брод, траект, транспорт
🛥	брод, мотор, моторен чамец, транспорт
🚢	брод, транспорт
✈	авион, воздух, транспорт
🛩	воздух, мал авион, транспорт
🛫	воздух, полетување, пријавување, транспорт
🛬	воздух, пристигнување, слетување, транспорт
💺	столица
🚁	воздух, транспорт, хеликоптер
🚟	висечка железница, виси, возило, железница
🚠	возило, кабел, планина, планинска жичарница
🚡	вагон, воздушен, воздушен трамвај, возило, кабел, трамвај
🛰	вселена, објект, сателит
🚀	возило, вселена, ракета
🛸	НЛО, летечка чинија
🛎	портир, рецепција, хотел, ѕвонче, ѕвонче на рецепција
🧳	багаж, пакување, патување
⌛	песок, песочен часовник, часовник
⏳	песок, превртен песочен часовник, часовник
⌚	рачен часовник, часовник
⏰	аларм, часовник, часовник со аларм
⏱	стоперка, часовник
⏲	тајмер, часовник
🕰	часовник, часовник над каминот
🕛	12, дванаесет, дванаесет часот, час
🕧	12:30, дванаесет, дванаесет и пол, триесет
🕐	1, еден, еден часот, час
🕜	1:30, еден, еден и пол, триесет, час
🕑	2, два, два часот, час
🕝	2:30, два, два и пол, триесет
🕒	3, три, три часот, час
🕞	3:30, три, три и пол, триесет
🕓	4, час, четири, четири часот
🕟	4:30, триесет, четири, четири и пол
🕔	5, пет, пет часот, час
🕠	5:30, пет, пет и пол, триесет
🕕	6, час, шест, шест часот
🕡	6:30, триесет, шест, шест и пол
🕖	7, седум, седум часот, час
🕢	7:30, седум, седум и пол, триесет
🕗	8, осум, осум часот, час
🕣	8:30, осум, осум и пол, триесет
🕘	9, девет, девет часот, час
🕤	9:30, девет, девет и пол, триесет
🕙	10, десет, десет часот, час
🕥	10:30, десет, десет и пол, триесет
🕚	11, единаесет, час
🕦	11:30, единаесет, единаесет и пол, триесет
🌑	време, вселена, месечина, млада, млада месечина
🌒	време, вселена, месечина, новина, прва, прва фаза - новина
🌓	време, вселена, месечина, прва, прва четвртина, четвртина
🌔	време, вселена, месечина, осветлување, последна, последна фаза на осветлување
🌕	време, вселена, месечина, полна, полна месечина
🌖	вселена, затемнување, месечина, прва, прва фаза на затемнување
🌗	време, вселена, месечина, последна, последна четвртина, четвртина
🌘	вселена, затемнување, месечина, последна, последна фаза на затемнување
🌙	време, вселена, месечев срп, месечина, срп
🌚	вселена, лице, месечина, млада, млада месечина со лице
🌛	вселена, лице, месечина, прва, прва четвртина на месечината со лице
🌜	вселена, лице, месечина, посл. четврт. на месечина со лице, последна, последна четвртина на месечината со лице
🌡	време, температура, термометар
☀	време, зраци, светло, сонце, сончево
🌝	вселена, лице, месечина, полна, полна месечина со лице
🌞	зраци, лице, светло, сонце, сонце со лице
⭐	средна бела ѕвезда, ѕвезда
🌟	свети, светка, светлечка ѕвезда, ѕвезда
🌠	паѓа, ѕвезда, ѕвезда што паѓа
☁	време, облак
⛅	време, облак, сонце, сонце зад облак
⛈	време, гром, дожд, облак, облак со гром и дожд
🌤	време, облак, сонце, сонце зад мал облак
🌥	време, облак, сонце, сонце зад голем облак
🌦	време, дожд, облак, сонце, сонце зад облак со дожд
🌧	време, дожд, облак, облак со дожд
🌨	време, облак, облак со снег, снег
🌩	време, гром, облак, облак со гром
🌪	ветер, време, торнадо
🌫	време, магла, облак
🌬	време, дува, лице, лице на ветер, облак
🌀	ветер, време, циклон
🌈	виножито, време, дожд
🌂	време, дожд, затворен чадор, чадор
☂	време, дожд, чадор
☔	време, дожд, капки, чадор, чадор со капки дожд
⛱	време, сонце, чадор, чадор за сонце
⚡	висок напон, електрицитет, електричен напон, опасност, удар
❄	време, снег, снегулка, студено
☃	време, снег, снешко, студено
⛄	време, снег, снешко без снег, студено
☄	вселена, комета
🔥	оган, пламен
💧	вода, капка, пот
🌊	бран, вода, време, океан
🎃	вештерки, ноќ, прослава, фенер, фенер од тиква
🎄	година, дрво, нова, новогодишна елка, прослава
🎆	небо, огномет, прослава
🎇	прослава, прскалка, светка
🧨	динамит, експлозив, огномет, петарда
✨	светка, светки, ѕвезди
🎈	балон, прослава
🎉	конфети, прослава, прскалка со конфети
🎊	конфети, прослава, топка со конфети
🎋	дрво, прослава, јапонска, јапонско дрво на желбите
🎍	бамбус, бор, прослава, украс од бор, јапонска
🎎	кукла, прослава, јапонска, јапонски кукли
🎏	дрво, летало со крапови, прослава, јапонска
🎐	ветер, ветерно ѕвонче, прослава, ѕвонче, јапонска
🎑	месечина, прослава, прослава на месечината, јапонска
🧧	пари, подарок, среќа, црвен плик
🎀	панделка, подарок, прослава
🎁	завиткан, завиткан подарок, кутија, подарок, прослава
🎗	панделка, панделка за сеќавање, прослава, сеќавање
🎟	билет, влез, влезни билети
🎫	билет, влез
🎖	воен, воен медал, медал, прослава
🏆	награда, трофеј
🏅	медал, спорт, спортски медал
🥇	злато, медал, медал за прво место, прво
🥈	второ, медал, медал за второ место, сребро
🥉	бронза, медал, медал за трето место, трето
⚽	топка, фудбал, фудбалска топка
⚾	бејзбол, топка, топка за бејзбол
🥎	пазува, ракавица, софтбол, топче
🏀	баскет, кошарка, топка
🏐	одбојка, топка
🏈	американски, топка, топка за американски фудбал, фудбал
🏉	рагби, топка, топка за рагби
🎾	тенис, тениско топче, топка
🥏	летечки диск, ултимејт фризби
🎳	куглање, топка
🏏	крикет, палка, топка
🏑	палка, топка, трева, хокеј, хокеј на трева
🏒	мраз, палка, плочка, хокеј, хокеј на мраз
🥍	гол, лакрос, стап, топка
🏓	маса, пинг понг, рекет, топка
🏸	бадминтон, рекет, топка
🥊	бокс, боксерска ракавица, ракавица, спорт
🥋	боречки вештини, карате, таеквондо, униформа, униформа за боречки вештини, џудо
🥅	гол, мрежа, мрежа на гол
⛳	голф, дупка, знаме во дупка
⛸	лизгалка, лизгање, мраз
🎣	риба, рибарски стап, стап
🎽	маица, спортска маица на прерамки, трчање
🎿	скии, снег
🛷	санка
🥌	игра, камен, камен за карлинг
🎯	игра, пикадо, стрелка, цел, центар
🎱	билјард, топка, црна топка за билијар, црна топка за билјард
🔮	иднина, кристална, кристална топка, претскажување, сказна, топка
🧿	амајлија, бисер, монистра, назар, назар (амајлија), талисман
🎮	видеоигра, игра, контролер
🕹	видеоигра, игра, џојстик
🎰	автомат, автомат за игри, игра
🎲	зар, коцка
🧩	вклопување, делче, клуч, логичка игра, сложувалка
🧸	играчка, плиш, плишано мече, полнета
♠	игра, карти, лист, пик, пик во карти
♥	игра, карти, срце, срце во карти
♦	дијамант, игра, каро, каро во карти, карти
♣	детелина, игра, карти, треф, треф во карти
♟	жртва, измама, шах, шаховски пион
🃏	игра, карти, џокер
🀄	домино, игра, плочка со црвен змеј, плочки
🎴	игра, карти, цветни карти, цвеќе, јапонска
🎭	маска, сцена, сценски уметности, театар, уметност
🖼	музеј, рамка, рамка со слика, слика, уметност
🎨	палета, сликарска палета, сликање, уметност
🧵	игла, конец, макара, шиење
🧶	волна, плетење, предиво, топка
🔇	глас, звук, звучник, исклучен, исклучен звучник, тивко
🔈	глас, звук, звучник
🔉	вклучен звучник, глас, звук, звучник
🔊	глас, гласен звучник, звук, звучник
📢	звук, звучник, места, разглас, јавни
📣	мегафон, навивање
📯	пошта, поштенски, поштенски рог, рог
🔔	ѕвоно, ѕвонче
🔕	забрана, исклучено, пречкртано ѕвонче, тивко, ѕвонче
🎼	виолински, клуч, музика, петолиние
🎵	музика, музичка нота, нота
🎶	музика, музички ноти, ноти
🎙	микрофон, музика, студио, студиски микрофон
🎚	лизгач, музика, ниво
🎛	контрола, копчиња, копчиња за управување, музика
🎤	микрофон, музика
🎧	слушалка, слушалки, уво
📻	антена, радио
🎷	инструмент, музика, саксофон
🎸	гитара, инструмент, музика
🎹	инструмент, клавијатура, музика, пијано
🎺	инструмент, музика, труба
🎻	виолина, инструмент, музика
🥁	музика, палки, тапан
📱	мобилен, мобилен телефон, телефон
📲	дојдовен, мобилен, мобилен телефон со стрелка, повик, стрелка
☎	телефон, фиксен
📞	слушалка, телефон, телефонска слушалка
📟	пејџер
📠	факс
🔋	батерија
🔌	електричен, електричен приклучок, приклучок
💻	компјутер, лаптоп, персонален
🖥	десктоп, компјутер
🖨	компјутер, печатач, хардвер
⌨	компјутер, тастатура, хардвер
🖱	глувче, глувче за компјутер, компјутер, хардвер
🖲	компјутер, топче за управување, хардвер
💽	компјутер, минидиск, хардвер
💾	дискета, компјутер, хардвер
💿	компјутер, хардвер, цд
📀	двд, компјутер, хардвер
🧮	сметалка, сметање
🎥	камера, кино, филм, филмска камера
🎞	кадар, кино, филм, филмска лента
📽	камера, кино, прожектор, филм, филмски прожектор
🎬	клапа, филм, филмска клапа
📺	видео, тв, телевизор
📷	видео, камера, фотоапарат
📸	блиц, фотоапарат, фотоапарат со блиц
📹	видео, видеокамера, камера
📼	видео, видеокасета, камера, касета
🔍	зголемување, лево, лупа, лупа свртена налево, пребарување
🔎	десно, зголемување, лупа, лупа свртена надесно, пребарување
🕯	светло, свеќа
💡	електрична, светилка, светло
🔦	батериска ламба, батерија, светилка, светло
🏮	светло, фенер, црвен, црвен фенер, јапонски
📔	корица, тетратка, тетратка со украсна корица, украс
📕	затворена, затворена книга, книга
📖	книга, отворена, отворена книга
📗	зелена, зелена книга, книга
📘	книга, сина, сина книга
📙	книга, портокалова, портокалова книга
📚	книга, книги
📓	бележник
📒	тетратка, тефтер
📃	документ, свиткан, свиткан лист, страница
📜	свиток, хартија
📄	документ, страница, страница свртена нагоре
📰	весник, новина
🗞	весник, замотан, замотан весник, ролна
📑	обележани страници, обележувач, ознака
🔖	обележувач, ознака
🏷	етикета
💰	вреќа, вреќа со пари, долар, пари
💴	банкнота, банкнота на јен, пари, јен
💵	банкнота, банкнота на долар, долар, пари
💶	банкнота, банкнота на евро, евро, пари
💷	банкнота, банкнота на фунта, пари, фунта
💸	банкнота, долар, крилја, пари, пари со крилја
💳	банка, картичка, кредитна, кредитна картичка, пари
🧾	доказ, евиденција, потврда, сметка, сметководство
💹	валута, графикон, пазар, пари, растечки графикон на јенот, јен
💱	банка, валути, пари, размена, размена на валути
💲	валута, долар, пари
✉	е-пошта, писмо, плик, пошта
📧	е-пошта, писмо, пошта
📨	е-пошта, писмо, плик што пристигнува, пошта, пристигнува
📩	долу, е-пошта, испраќа, писмо, плик со стрелка
📤	испраќа, писмо, пошта, сандаче, фиока, фиока на излезно сандаче
📥	писмо, пошта, прима, сандаче, фиока, фиока на влезно сандаче
📦	кутија, пакет
📫	затворено, затворено поштенско сандаче со кренато знаменце, затворено сандаче со кренато знаменце, знаменце, пошта, сандаче
📪	затворено, затворено поштенско сандаче со спуштено знаменце, затворено сандаче со спуштено знаменце, знаменце, пошта, сандаче
📬	знаменце, отворено, отворено поштенско сандаче со кренато знаменце, отворено сандаче со кренато знаменце, пошта, сандаче
📭	знаменце, отворено, отворено поштенско сандаче со спуштено знаменце, отворено сандаче со спуштено знаменце, пошта, сандаче
📮	пошта, поштенско сандаче, сандаче
🗳	гласачка кутија со гласачко ливче, гласање, кутија
✏	молив
✒	пенкало, перо, црно перо
🖋	наливно перо, пенкало, перо
🖊	пенкало
🖌	боење, четка за боење
🖍	креон
📝	белешка, забелешка
💼	актовка, чанта
📁	документи, папка
📂	отворена, отворена папка, папка
🗂	картотека, преграда, прегради на картотека
📅	датум, календар
📆	датум, календар, календар на кинење
🗒	бележник, спирала, тетратка, тетратка со спирала
🗓	датум, календар, календар со спирала
📇	визитки, држач за картички, картички
📈	графикон, нагорен, пораст, растечки графикон, тренд
📉	графикон, надолен, опаѓачки графикон, пад, тренд
📊	графикон, столб, столбест дијаграм
📋	исечок, табла, табла за хартија
📌	игла, притискач
📍	игла, топуска
📎	спојувалка
🖇	алка, поврзани спојувалки, спојница
📏	линијар, прав, прав линијар
📐	линијар, триаголен линијар, триаголник
✂	алатка, ножици
🗃	картотека, кутија, кутија за картотека
🗄	картотека, шкаф, шкаф за картотека
🗑	корпа, корпа за отпадоци, отпадоци
🔒	заклучен, заклучен катанец
🔓	катанец, отклучен, отклучен катанец
🔏	заклучен катанец со перо, катанец, мастило, перо, приватност
🔐	заклучен, заклучен катанец со клуч, катанец, клуч
🔑	клуч, лозинка
🗝	клуч, стар, стар клуч
🔨	алатка, чекан
⛏	алатка, копач, рударска
⚒	алатки, копач, чекан и копач
🛠	алатки, чекан и француски клуч
🗡	кама, нож, оружје
⚔	вкрстени мечови, меч, оружје
🔫	оружје, пиштол
🏹	лак, лак и стрела, оружје, стрела, стрелец
🛡	оружје, штит
🔧	алатка, француски клуч
🔩	завртка, завртка и навртка, навртка, шраф
⚙	алатка, запченик
🗜	алатка, клема, компресор
⚖	вага, механичка вага, рамнотежа, тежина
🔗	алка, спојница
⛓	синџир, синџири
🧰	алат, кутија, кутија за алат, механички
🧲	магнет, магнетно, потковица, привлекување
⚗	алатка, дестилатор, хемија
🧪	експеримент, епрувета, лабораторија, наука, хемичар, хемија
🧫	бактерија, биолог, биологија, култура, лабораторија, петриев сад
🧬	биолог, ген, генетика, днк, еволуција, живот
🔬	алатка, микроскоп
🔭	алатка, телескоп
📡	антена, сателит, сателитска антена
💉	доктор, игла, инјекција, лек, шприц
💊	болен, доктор, капсула, лек
🚪	врата
🛏	кревет, спиење, хотел
🛋	кауч, кауч и ламба, ламба, хотел
🚽	тоалет, тоалетна школка
🚿	вода, туш, туширање
🛁	бања, када
🧴	влажност, заштита од сонце, лосион, шампон, шише со лосион
🧷	безопасна игла, панк-рок, пелена
🧹	вештерка, метење, метла, чистење
🧺	земјоделство, корпа, перење алишта, пикник
🧻	ролна хартија, тоалетна хартија, хартиени марамчиња
🧼	капење, сапун, сапуница, чистење
🧽	впива, порозен, сунѓер, чисти
🧯	апарат, гаси, противпожарен, противпожарен апарат
🛒	количка, пазарење, супермаркет, шопинг
🚬	цигара, чад
⚰	ковчег, погреб, смрт
⚱	погреб, погребна урна, смрт, урна
🗿	камен, лице, монолитни статуи, статуа
🏧	банка, банкомат, пари
🚮	канта, канта за отпадоци, отпадоци
🚰	вода, вода за пиење, пиење
♿	инвалиди, инвалидска количка, пристап
🚹	мажи, машки тоалет, тоалет
🚺	жени, женски тоалет, тоалет
🚻	вц, тоалет
🚼	бебе, преслекување, простор за преслекување бебе
🚾	вц, тоалет
🛂	контрола, пасош, пасошка контрола
🛃	царина
🛄	багаж, подигање, подигање багаж
🛅	багаж, чување багаж, шкафче
⚠	предупредување
🚸	дете, деца на патот, пешак, преминува, сообраќај
⛔	една, забрана, забрана за сообраќај во една насока, насока, сообраќај
🚫	влез, забрана, забрана за влез
🚳	велосипед, забрана, забрана за велосипеди
🚭	забрана, забрана за пушење, пушење
🚯	забрана, забрана за фрлање отпадоци, отпадоци
🚱	вода, водата не е за пиење, забрана, пиење
🚷	забрана, забрана за пешаци, пешаци
📵	забрана, забрана за мобилни телефони, мобилен, телефон
🔞	18, забрана, забрана за малолетници, малолетници
☢	знак, радиоактивно
☣	биолошка, биолошка опасност, закана
⬆	горе, север, стрелка, стрелка нагоре
↗	горе, североисток, стрелка, стрелка нагоре десно
➡	десно, исток, стрелка, стрелка надесно
↘	десно, стрелка, стрелка надолу десно, југоисток
⬇	долу, стрелка, стрелка надолу, југ
↙	долу, стрелка, стрелка надолу лево, југозапад
⬅	запад, лево, стрелка, стрелка налево
↖	лево, северозапад, стрелка, стрелка нагоре лево
↕	горе, долу, стрелка, стрелка нагоре-надолу
↔	десно, лево, стрелка, стрелка налево-надесно
↩	десно, лево, стрелка, стрелка надесно што врти лево
↪	десно, лево, стрелка, стрелка налево што врти десно
⤴	горе, десна стрелка што врти нагоре, десно, стрелка
⤵	десна стрелка што врти надолу, десно, долу, стрелка
🔃	вертикални стрелки што вртат надесно, десно, стрелки, часовник
🔄	копче со стрелки што вртат налево, лево, спротивно, стрелки, часовник
🔙	назад, стрелка, стрелка за назад
🔚	крај, стрелка, стрелка за крај
🔛	вклучено, стрелка, стрелка за вклучено
🔜	наскоро, стрелка, стрелка за наскоро
🔝	горе, стрелка, стрелка за горе
🛐	богослужба, место за богослужба, религија
⚛	атеист, атом
🕉	ом, религија, хиндуизам
✡	евреин, религија, ѕвезда, ѕвездата на Давид, јудаизам
☸	будизам, религија, тркало, тркалото на дарма
☯	религија, таоизам, јанг, јин, јин јанг
✝	крст, латински крст, религија, христијанство
☦	крст, православен крст, религија, христијанство
☪	ислам, муслиман, религија, ѕвезда и полумесечина
☮	мир, симбол
🕎	менора, религија, јудаизам
🔯	религија, шестокрака ѕвезда со точка, ѕвезда, јудаизам
♈	овен, хороскоп, хороскопски знак овен
♉	бик, хороскоп, хороскопски знак бик
♊	близнаци, хороскоп, хороскопски знак близнаци
♋	рак, хороскоп, хороскопски знак рак
♌	лав, хороскоп, хороскопски знак лав
♍	девица, хороскоп, хороскопски знак девица
♎	вага, хороскоп, хороскопски знак вага
♏	скорпија, хороскоп, хороскопски знак скорпија
♐	стрелец, хороскоп, хороскопски знак стрелец
♑	хороскоп, хороскопски знак јарец, јарец
♒	водолија, хороскоп, хороскопски знак водолија
♓	риби, хороскоп, хороскопски знак риби
⛎	змијоносец, хороскоп, хороскопски знак змијоносец
🔀	вкрстени, избор, копче за пуштање по случаен избор, случаен, стрелки
🔁	копче за повторување, налево, повтори, стрелки
🔂	еднаш, копче за повторување една песна, налево, повтори, стрелки
▶	копче за пуштање, пушти, стрелка, триаголник
⏩	брзо, двојна, копче за брзо премотување нанапред, премотај, стрелка
⏭	двојна, копче за следна песна, песна, следна, стрелка
⏯	копче за пуштање или паузирање, пауза, пушти, стрелка
◀	копче за премотување наназад, премотај, стрелка
⏪	брзо, двојна, копче за брзо премотување наназад, премотај, стрелка
⏮	копче за последна песна, песна, последна, стрелка
🔼	горе, копче за горе, стрелка
⏫	брзо, горе, копче за брзо горе, стрелка
🔽	долу, копче за долу, стрелка
⏬	брзо, долу, копче за брзо долу, стрелка
⏸	копче за пауза, пауза
⏹	копче за стоп, стоп
⏺	копче за снимање, снимање
⏏	извади, исфрли, копче за исфрлање
🎦	камера, кино, филм
🔅	затемнето, копче за затемнување, светло
🔆	копче за осветлување, осветлено, светло
📶	антена, мобилен, сигнал, телефон, цртички, цртички на антената
📳	вибрации, мобилен, режим на вибрации, телефон
📴	исклучен, мобилен, мобилниот телефон е исклучен, телефон
♀	жена, женско, знак за женско
♂	знак за машко, маж, машко
⚕	медицина, медицински симбол
♾	бесконечност, засекогаш, неограничено, универзално
♻	рециклирање, симбол за рециклирање
⚜	лилјан, трилистен цвет од лилјан, цвет
🔱	амблем, брод, сидро, трозабец
📛	беџ, значка со име, име
🔰	жолт, зелен, лист, почетник, почетник на јапонски, јапонски
⭕	голем круг, круг, о
✅	бело штиклирано, ознака, штиклирано
☑	гласачка кутија со штиклирано, гласање, кутија, штиклирано
✔	ознака, црно штиклирано, штиклирано
✖	откажи, помножено, црно помножено
❌	откажи, помножено, црвено пречкртано
❎	зелено копче со пречкртано, ознака, пречкртано
➕	математика, плус, црн плус
➖	математика, минус, црн минус
➗	делење, математика, црно поделено
➰	свиткана, свиткана јамка, јамка
➿	двојна, двојна свиткана јамка, свиткана, јамка
〽	ознака, пеење, почеток, почеток на пеење, јапонски
✳	ѕвездичка, ѕвездичка со осум крака
✴	ѕвезда, ѕвезда со осум крака
❇	искра, искри
‼	двоен извичник, знак, извичник, интерпункција
⁉	знак, извичник, извичник и прашалник, интерпункција, прашалник
❓	знак, интерпункција, прашалник
❔	бел прашалник, знак, интерпункција, прашалник
❕	бел извичник, знак, извичник, интерпункција
❗	знак, извичник, интерпункција
〰	брановидна цртичка, знак, интерпункција, цртичка
©	авторски, авторски права, права
®	регистриран
™	заштитен знак, марка
💯	100, поени, сто поени
🔠	букви, големи, латински, латински големи букви
🔡	букви, латински, латински мали букви, мали
🔢	броеви, влез
🔣	влез, симболи
🔤	букви, латински, латински букви
🅰	А, група, копче А (крвна група), крв
🆎	АБ, група, копче АБ (крвна група), крв
🅱	Б, група, копче Б (крвна група), крв
🆑	исчисти, копче ЦЛ
🆒	копче КУЛ, кул
🆓	бесплатно, копче ФРИ
ℹ	информации
🆔	идентитет, копче ИД
Ⓜ	буквата м во круг, круг, м
🆕	копче ЊУ, ново
🆖	копче НГ, негатив
🅾	О, група, копче О (крвна група), крв
🆗	добро, копче ОК, ок
🅿	копче П, паркинг
🆘	копче СОС, повик, помош
🆙	горе, копче УП!, ознака
🆚	копче ВС, наспрема, против
🈁	копче „тука“ на јапонски, јапонски
🈂	копче „услугата се наплаќа“ на јапонски, јапонски
🈷	копче „месечна сума“ на јапонски, јапонски
🈶	копче „не е бесплатно“ на јапонски, јапонски
🈯	копче „резервирано“ на јапонски, јапонски
🉐	копче „зделка“ на јапонски, јапонски
🈹	копче „попуст“ на јапонски, јапонски
🈚	копче „бесплатно“ на јапонски, јапонски
🈲	копче „забрането“ на јапонски, јапонски
🉑	кинески, копче „прифатливо“ на јапонски
🈸	кинески, копче „апликација“ на јапонски
🈴	кинески, копче „преодна оцена“ на јапонски
🈳	кинески, копче „слободно“ на јапонски
㊗	идеограф, кинески, копче „честитки“ на јапонски, честитање, честитки
㊙	идеограф, кинески, копче „тајно“ на јапонски, тајна
🈺	кинески, копче „отворено“ на јапонски
🈵	кинески, копче „зафатено“ на јапонски
🔴	геометрија, круг, црвен, црвен круг
🔵	геометрија, круг, син, син круг
⚪	бел, бел круг, геометрија, круг
⚫	геометрија, круг, црн, црн круг
⬜	геометрија, голем бел квадрат, квадрат
⬛	геометрија, голем црн квадрат, квадрат
◼	геометрија, квадрат, среден црн квадрат
◻	геометрија, квадрат, среден бел квадрат
◽	бел квадрат со средна големина, геометрија, квадрат
◾	геометрија, квадрат, црн квадрат со средна големина
▫	геометрија, квадрат, мал бел квадрат
▪	геометрија, квадрат, мал црн квадрат
🔶	геометрија, голем, голем портокалов дијамант, дијамант, портокалов
🔷	геометрија, голем, голем син дијамант, дијамант, син
🔸	геометрија, дијамант, мал, мал портокалов дијамант, портокалов
🔹	геометрија, дијамант, мал, мал син дијамант, син
🔺	геометрија, триаголник, црвен, црвен триаголник свртен нагоре
🔻	геометрија, триаголник, црвен, црвен триаголник свртен надолу
💠	геометрија, дијамант, дијамант со точка, син, точка
🔘	копче, круг, тркалезно копче
🔲	геометрија, квадрат, копче, црно квадратно копче
🔳	бело квадратно копче, геометрија, квадрат, копче
🏁	знаме, тркање, шаховско знаме
🚩	голф, знаме, триаголно знаме
🎌	вкрстени знамиња, знаме, прослава, јапонска
🏴	знаме, црно, црно знаме
🏳	бело, бело знаме, знаме
🏳‍🌈	виножито, знаме, знаме на виножитото
🏴‍☠	богатство, грабеж, пират, пиратско знаме
