🏻	အရေပြား အမျိုးအစား−၁−၂, အသားဖြူရောင်, အီမိုဂျီ မွမ်းမံ၊ အရေပြား၊ အသားအရေ
🏼	အရေပြား အမျိုးအစား−၃, အသားနုရောင်, အီမိုဂျီ မွမ်းမံ၊ အရေပြား၊ အသားအရေ
🏽	အရေပြား အမျိုးအစား−၄, အသားလတ်ရောင်, အီမိုဂျီ မွမ်းမံ၊ အရေပြား၊ အသားအရေ
🏾	အရေပြား အမျိုးအစား−၅, အသားညိုရောင်, အီမိုဂျီ မွမ်းမံ၊ အရေပြား၊ အသားအရေ
🏿	အရေပြား အမျိုးအစား−၆, အသားမဲရောင်, အီမိုဂျီ မွမ်းမံ၊ အရေပြား၊ အသားအရေ
😀	ပြုံးဖြဲဖြဲ, ပြုံးဖြဲဖြဲ မျက်နှာ, မျက်နှာ
😁	ပြုံး, ပြုံးနေသည့်မျက်လုံးများဖြင့် ပီတိဖြာနေသော မျက်နှာ, ပြုံးဖြဲဖြဲ, မျက်နှာ, မျက်လုံးများ
😂	ပျော်ရွှင်မှု, ပျော်ရွှင်မှု မျက်ရည်များဖြင့် မျက်နှာ, မျက်နှာ, မျက်ရည်, ရယ်ရွှင်မှု
🤣	ကြမ်းပေါ်လှိမ့်ပြီး ရယ်နေသည်, ကြမ်းပြင်, မျက်နှာ, ရယ်မောသည်, လှိမ့်၍
😃	ပါးစပ်, ပြုံး, မျက်နှာ, မျက်လုံးပြူးဖြင့် ပြုံးဖြဲဖြဲ မျက်နှာ, ဟ
😄	ပါးစပ်ဟနေကာ မျက်လုံးများ ပြုံးနေသည့် အပြုံးမျက်နှာ, ပါးစပ်၊ ဟ၊ မျက်လုံး၊ ပြုံး၊ မျက်နှာ, ပြုံးနေသည့်မျက်လုံးများဖြင့် ပြုံးဖြဲဖြဲ မျက်နှာ
😅	ဇောချွေးပြန်နေသည့် ပြုံးဖြဲဖြဲ မျက်နှာ, ပါးစပ်ဟနေကာ ဇောချွေးပြန်နေသည့် အပြုံးမျက်နှာ, ပါးစပ်၊ ဟ၊ ဇောချွေး၊ ပြုံး၊ မျက်နှာ
😆	ပါးစပ်ဟနေကာ မျက်စိကို ကြိတ်မှိတ်ထားသည့် အပြုံးမျက်နှာ, ပါးစပ်၊ ဟ၊ မျက်စိ၊ မှိတ်၊ ပြုံး၊ မျက်နှာ, မျက်စိကို ကြိတ်မှိတ်ထားသည့် ပြုံးဖြဲဖြဲ မျက်နှာ
😉	မျက်စိမှိတ်ပြနေသည့် မျက်နှာ, မျက်စိမှိတ်၊ မျက်နှာ
😊	မျက်လုံးများ ပြုံးနေသည့် အပြုံးမျက်နှာ, ရှက်သွေးဖြန်း၊ မျက်လုံး၊ ပြုံး၊ မျက်နှာ
😋	အစားအရသာခံနေသည့်မျက်နှာ, အရသာခံနေသည့် မျက်နှာ, အရသာရှိ၊ မျက်နှာ၊ တစိမ့်စိမ့်အရာသာခံ၊ အပြုံး၊ အမ်၊ ယမ်
😎	နေကာမျက်မှန်ဖြင့် အပြုံးမျက်နှာ, နေကာမျက်မှန်၊ နေ၊ တောက်ပ၊ မျက်နှာ၊ ပြုံး၊ မိုးလေဝသ၊ မျက်မှန်၊
😍	နှလုံးပုံစံ မျက်လုံးများနှင့် အပြုံးမျက်နှာ, နှလုံး၊ ချစ်၊ ပြုံး၊ မျက်နှာ
😘	အနမ်းကို ပို့ပေးနေသည့် မျက်နှာ, အနမ်း၊ နှလုံး၊ မျက်နှာ
🥰	တန်းတန်းစွဲ, မေတ္တာရှိနေသည်, မြတ်နိုးသည်, အသည်းပုံ ၃ ခုနှင့် အပြုံးမျက်နှာ
😗	နမ်းနေသည့် မျက်နှာ, နမ်း၊ မျက်နှာ
😙	ပြုံးနေသည့် မျက်လုံးများနှင့် နမ်းနေသည့် မျက်နှာ, ပြုံး၊ မျက်လုံး၊ မျက်နှာ၊ နမ်း
😚	မျက်စိမှိတ်ထားကာ နမ်းနေသည့် မျက်နှာ, မျက်စိ၊ မှိတ်၊ နမ်း၊ မျက်နှာ
☺	ပြုံးနေသေည့် မျက်နှာ, ပြုံး၊ မျက်နှာ၊ သက်တောင့်သက်သာ၊
🙂	ပြုံး၊ မျက်နှာ, မသိမသာ ပြုံးနေသည့် မျက်နှာ
🤗	ပွေ့ဖက်နေသည့် မျက်နှာ, ပွေ့ဖက်၊ မျက်နှာ
🤩	ကြယ်ပွင့်လေးနဲ့ မျက်နှာ, ပြုံးဖြဲဖြဲ၊ မျက်နှာ၊ ကြယ်ပွင့်၊ မျက်လုံး
🤔	စဉ်းစားနေပုံ, စဉ်းစားနေပုံမျက်နှာ, စဥ်းစားနေပုံ မျက်နှာ, မျက်နှာ
🤨	မျက်ခုံးတွန့် မျက်နှာ, သံသယမကင်းတဲ့ မျက်နှာ
😐	မျက်နှာသေ, မျက်နှာသေ၊ မျက်နှာ၊
😑	ခံစားမှုမဲ့ မျက်နှာ, မျက်နှာ၊ ခံစားမှုမဲ့၊ အသက်မပါ
😶	ပါးစပ်မပါသော မျက်နှာ, ပါးစပ်၊ မျက်နှာ၊ တိတ်၊ ငြိမ်
🙄	ပျင်းစရာကောင်းသောအကြောင်းအရာကြောင့် ဖြစ်ပေါ်လာသောမျက်နှာ, မျက်နှာ, မျက်လုံး, မျက်လုံးပင့်ကြည့်
😏	မျက်နှာ, လှောင်ပြုံးမျက်နှာ, လှောင်ပြောင်
😣	မျက်နှာ, အကူအညီမဲ့, အကူအညီမဲ့သည့် မျက်နှာ
😥	မျက်နှာ, ဝမ်းနည်း, ဝမ်းနည်းသော်လည်း စိတ်သက်သာရာရသည့် မျက်နှာ, အပူလုံးကျ
😮	ပါးစပ်, ပါးစပ်အဟောင်းသားနှင့် မျက်နှာ, မျက်နှာ, သနား
🤐	စကားမပြောဘဲ ပါးစပ်ပိတ်ထားသည့် မျက်နှာ, ပါးစပ်, ပါးစပ်ပိတ်, မျက်နှာ
😯	မျက်နှာ, မှင်သက်, အံ့ဩ, အံ့ဩသည့်မျက်နှာ
😪	မျက်နှာ, အိပ်ငိုက်, အိပ်ငိုက်သည့်မျက်နှာ
😫	ပင်ပန်း, ပင်ပန်းသည့်မျက်နှာ, မျက်နှာ
😴	မျက်နှာ, ဟောက်သံ, အိပ်, အိပ်နေသည့်မျက်နှာ
😌	စိတ်သက်သာရာရ, စိတ်သက်သာရာရသည့် မျက်နှာ, မျက်နှာ
😛	မျက်နှာ, လျှာ, လျှာထုတ်ထားသည့် မျက်နှာ
😜	မျက်နှာ, မျက်လုံး, လျှာ, လျှာထုတ်ထားပြီး မျက်လုံးတစ်ဖက် မှိတ်ပြသည့် မျက်နှာ, လှောင်
😝	ဆိုးရွား, မျက်နှာ, မျက်လုံး, မျက်လုံးများပိတ်ပြီး လျှာထုတ်ပြသည့် မျက်နှာ, လျှာ
🤤	ရုပ်, သွားရည်ကျ, သွားရည်ကျနေသည့်ရုပ်
😒	စိတ်အလိုမကျ, စိတ်အလိုမကျသည့် မျက်နှာ, မပျော်ရွှင်, မျက်နှာ
😓	ချွေးစေးပြန်, ချွေးစေးပြန်သည့်မျက်နှာ, မျက်နှာ
😔	ငိုင်တိုင်တိုင်, စဉ်းစား, စဉ်းစားငိုင်တွေသည့် မျက်နှာ, မျက်နှာ
😕	ဇဝေဇဝါဖြစ်, ဇဝေဇဝါဖြစ်သည့် မျက်နှာ, မျက်နှာ
🙃	ဇောက်ထိုး မျက်နှာ, ဇောက်ထိုး၊ မျက်နှာ
🤑	​ငွေပါးစပ် မျက်နှာ, ​ငွေ၊ ပါးစပ်၊ မျက်နှာ
😲	အံ့အားသင့်နေသော မျက်နှာ, အံ့အားသင့်၊ ကြက်သေသေ၊ လုံးဝ၊ မျက်နှာ
☹	မျက်နှာ, မျက်မှောင်ကြုတ်ထားသည့် မျက်နှာ, ဝမ်းနည်း, ဝမ်းနည်းကြေကွဲသည့် မျက်နှာ
🙁	မျက်နှာ, ဝမ်းနည်း, အနည်းငယ် မျက်မှောင်ကြုတ်ထားသည့် မျက်နှာ, အနည်းငယ်ဝမ်းနည်းသည့် မျက်နှာ
😖	မျက်နှာ, မွှန်ထူ, မွှန်ထူသွားသည့် မျက်နှာ
😞	စိတ်ပျက်နေသော မျက်နှာ, စိတ်ပျက်၊ မျက်နှာ
😟	စိတ်ပူနေသော မျက်နှာ, စိတ်ပူ၊ မျက်နှာ
😤	နှာခေါင်းမှ အငွေ့ထွက်နေသော မျက်နှာ, မျက်နှာ၊ အောင်ပြီ၊ နိုင်ပြီ
😢	ငိုနေသော မျက်နှာ, ငို၊ ဝမ်းနည်း၊ မျက်ရည်၊ မျက်နှာ
😭	ကျယ်လောင်စွာ ငိုနေသော မျက်နှာ, ငို၊ ဝမ်းနည်း၊ မျက်ရည်၊ မျက်နှာ
😦	မျက်မှောင်ကြုတ်နေကာ ပါးစပ်ဟထားသည့် မျက်နှာ, မျက်မှောင်ကြုတ်၊ ပါးစပ်၊ ဖွင့်၊ မျက်နှာ
😧	မချိတင်ကဲ မျက်နှာ, မချိတင်ကဲ၊ မျက်နှာ
😨	စိုးရိမ်နေသော မျက်နှာ, စိုးရိမ်၊ ပူပန်၊ ကြောက်၊ မျက်နှာ
😩	ငြီးငွေ့နေသော မျက်နှာ, ငြီးငွေ့၊ ပင်ပန်း၊ မျက်နှာ
🤯	ဒေါသပေါက်ကွဲခေါင်း, မင်သေသည်
😬	ရှုံ့မဲ့နေသော မျက်နှာ, ရှုံ့မဲ့၊ မျက်နှာ
😰	ပါးစပ်ဟနေကာ ဇောချွေးပြန်နေသော မျက်နှာ, ပါးစပ်၊ ဖွင့်၊ ဇောချွေး၊ အပြာရောင်၊ ချွေး၊ မျက်နှာ
😱	ကြောက်လန့်စွာ အော်နေသော မျက်နှာ, အော်၊ ကြောက်၊ လန့်၊ မျက်နှာ
🥵	ဇောချွေးပြန်နေသော, ဒေါသ မျက်နှာ, ပူသည်, ရှက်သွေးဖြန်း မျက်နှာ, အပူလျှပ်ခြင်း, အဖျားတက်ခြင်း
🥶	နှင်းကိုက်နာ, ပြာနှမ်းနေသော မျက်နှာ, ရေခဲ မျက်နှာ, ရေခဲပန်းဆွဲ, အေးခဲခြင်း, အေးခြင်း
😳	အားမန်ပြည့်နေသော မျက်နှာ, အားမာန်ပြည့်နေသော မျက်နှာ, အား၊ မန်၊ ပြည့်နေ၊ မျက်နှာ
🤪	ကြီး၊ သေး၊ မျက်နှာ, ရူးနှမ်းနှမ်းမျက်နှာ
😵	မူးဝေနေသော မျက်နှာ, မူးဝေ၊ မျက်နှာ
😡	စူတူတူ မျက်နှာ, စူတူတူ၊ မျက်နှာ၊ စိတ်ဆိုး၊ ရူး၊ နီမြန်း
😠	ဒေါသထွက်နေသော မျက်နှာ, ဒေါသ၊ ရူး၊ စိတ်ဆိုး၊ မျက်နှာ
🤬	ပါးစပ်သင်္ကေတနဲ့ မျက်နှာ, သစ္စာဆိုတဲ့ မျက်နှာ
😷	ကျန်းမာရေး မျက်နှာဖုံးနှင့် မျက်နှာ, ကျန်းမာရေး၊ မျက်နှာဖုံး၊ မျက်နှာ
🤒	သာမိုမီတာနှင့် မျက်နှာ, သာမိုမီတာ၊ မျက်နှာ
🤕	ပတ်တီးနှင့် မျက်နှာ, ပတ်တီး၊ မျက်နှာ
🤢	ရုပ်, အန်သည်, အောက်ဂလီဆန်သည်, အော်ဂလီဆန်သည့်ရုပ်
🤮	အန်ထွက်သည့် မျက်နှာ, အန်သည်၊ ဖျားသည်
🤧	ဆိတ်ဖွား, နှာချေသည့်ရုပ်, နှာချေသည်, ရုပ်
😇	ရောက်လျှံစက်၀န်းနှင့် မျက်နှာ, ရောက်လျှံစက်၀န်း၊ မျက်နှာ၊ ဒဏ္ဍာရီ၊ ပုံပြင်၊ စိတ်ကူးယဥ်၊ ပြုံး, ရောင်လျှံစက်ဝန်းနှင့် မျက်နှာ
🤠	နွားကျောင်းသား, နွားကျောင်းသား ဦးထုပ် ဆောင်းထားသည့်ရုပ်, နွားကျောင်းသူမ, ရုပ်, ဦးထုပ်
🥳	ပါတီ, ပါတီပွဲတက် မျက်နှာ, အောင်ပွဲခံခြင်း, ဦးချို, ဦးထုပ်
🥴	ကတုန်ကယင် မျက်နှာ, ထွေနေသော, ပါးစပ်ရွဲ့ခြင်း, မူးဝေခြင်း, ရွဲနေသော မျက်လုံး, အရက်မူးခြင်း
🥺	ခွေးပေါက်အသွင် ချစ်စဖွယ် မျက်လုံး, တောင်းပန်ခြင်း, တောင်းပန်သော မျက်နှာ, သက်ညှာခြင်း
🤥	ရုပ်, လိမ်လည်, လူလိမ်ရုပ်
🤫	ရှုးတိုးတိုးရုပ်နဲ့ မျက်နှာ, ရှုးတိုးတိုး၊ ငြိမ်သက်
🤭	စဥ်းစားရကြပ်သည်, ပါးစပ်ကို လက်နဲ့ပိတ်တဲ့ မျက်နှာ
🧐	တစ်ဖက်တည်းပါတဲ့ မျက်မှန်နှင့် မျက်နှာ, လှောင်နေသည့် မျက်နှာ
🤓	တစ်စုံတစ်ရာကို ရူးသွပ်သူ၏ မျက်နှာ, ပညာရှင်, မျက်နှာ, ရူးသွပ်သူ
😈	မျက်နှာ၊ ပုံပြင်၊ စိတ်ကူးယဥ်၊ ပြုံး၊ ဦးချိုများ, ဦးချိုနှင့် ပြုံးနေသော မျက်နှာ
👿	ဆိုးပေ, မကောင်းဆိုးဝါး၊ ဘီလူး၊ ပုံပြင်၊ စိတ်ကူးယဥ်
🤡	ရုပ်, လူပြက်, လူပြက်ရုပ်
👹	ဘီလူး, ဘီလူး၊ မျက်နှာ၊ အကောင်၊ ပုံပြင်၊ စိတ်ကူးယဥ်၊ ဂျပန်
👺	နတ်ဆိုးကလေး, နတ်ဆိုး၊ ဘီလူး၊ မျက်နှာ၊ အကောင်၊ ပုံပြင်၊ စိတ်ကူးယဥ်၊ ဂျပန်
💀	ခန္ဓာကိုယ်၊ မရဏ၊ မျက်နှာ၊ ဘီလူး၊ ပုံပြင်, ဦးခေါင်းခွံ, ဦးခွံ
☠	ဦးခေါင်းခွံနှင့် အရိုးကြက်ခြေခတ်ပုံ, ဦးခွံနှင့် ကြက်ခြေခတ်အရိုးများ, ဦးခွံ၊ ခန္ဓာကိုယ်၊ မရဏ၊ မျက်နှာ၊ ဘီလူး၊ အရိုးများ
👻	တစ္ဆေ, တစ္ဆေ၊ ဘီလူး၊ ပုံပြင်၊ စိတ်ကူးယဥ်၊ မျက်နှာ
👽	ဂြိုဟ်သား, ဂြိုဟ်သား၊ ဘီလူး၊ ပုံပြင်၊ စိတ်ကူးယဥ်၊ မျက်နှာ၊ အာကာသ၊ ufo
👾	မကောင်းဆိုးဝါး ဂြိုဟ်သား, မကောင်းဆိုးဝါး၊ ဂြိုဟ်သား၊ ဘီလူး၊ ပုံပြင်၊ စိတ်ကူးယဥ်၊ မျက်နှာ၊ အာကာသ၊ ufo
🤖	စက်ရုပ် မျက်နှာ, စက်ရုပ်၊ အကောင်းဆိုးဝါး၊ မျက်နှာ
💩	ချေးပုံ, ချေး၊ ဟာသ၊ ရယ်စရာ၊ မကောင်းဆိုးဝါး၊ မျက်နှာ
😺	ပါးစပ်ဟနေကာ ပြုံးနေသော ကြောင် မျက်နှာ, ပါးစပ်၊ ဖွင့်၊ ပြုံး၊ ကြောင်၊ မျက်နှာ, ပြုံးဖြဲဖြဲလုပ်နေသော ကြောင် မျက်နှာ
😸	ပြုံးနေသော မျက်လုံးများနှင့် ပြုံးဖြဲဖြဲ ကြောင် မျက်နှာ, ပြုံး၊ မျက်လုံး၊ ပြုံးဖြဲဖြဲ၊ ကြောင်၊ မျက်နှာ
😹	ပျော်ရွှင်မှု မျက်ရည်များဖြင့် ကြောင် မျက်နှာ, ပျော်ရွှင်၊ မျက်ရည်၊ ကြောင်၊ မျက်နှာ
😻	နှလုံးပုံစံ မျက်လုံးများနှင့် ပြုံးနေသည့် ကြောင်၏ မျက်နှာ, နှလုံး၊ မျက်လုံး၊ ပြုံး၊ ကြောင်၊ မျက်နှာ၊ ချစ်
😼	ခနဲ့တဲ့တဲ့ ပြုံးနေသော ကြောင် မျက်နှာ, ခနဲ့၊ သရော်၊ ပြုံး၊ ကြောင်၊ မျက်နှာ
😽	မျက်စိမှိတ်ထားကာ နမ်းနေသည့် ကြောင် မျက်နှာ, မျက်စိ၊ မှိတ်၊ နမ်း၊ ကြောင်၊ မျက်နှာ
🙀	ငြီးငွေ့နေသော ကြောင် မျက်နှာ, ငြီးငွေ့၊ အံ့အားသင့်၊ ပင်ပန်း၊ ကြောင်၊ မျက်နှာ
😿	ငိုနေသော ကြောင် မျက်နှာ, ငို၊ ဝမ်းနည်း၊ မျက်ရည်၊ ကြောင်၊ မျက်နှာ
😾	ကြောင်, စိတ်တို, စိတ်တိုနေသည့် ကြောင်မျက်နှာ, မျက်နှာ
🙈	မကောင်းဆိုးဝါး၊ မျင်နှာ၊ တားမြစ်၊ မြင်၊ အမူအရာ၊ မျောက်၊ လက်ဟန်, မကောင်းတာကို မမြင်လို
🙉	မကောင်းဆိုးဝါး၊ မျင်နှာ၊ တားမြစ်၊ ကြား၊ အမူအရာ၊ မျောက်၊ လက်ဟန်, မကောင်းတာကို မကြားလို
🙊	မကောင်းဆိုးဝါး၊ မျင်နှာ၊ တားမြစ်၊ ပြော၊ အမူအရာ၊ မျောက်၊ လက်ဟန်, မကောင်းတာကို မပြောလို
👶	ကလေးငယ်, လူကလေး
🧒	ကလေး, ငယ်ရွယ်သော, လိင်မခွဲခြားသော, လိင်သတ်မှတ်မထားသော
👦	ယောက်ျားကလေး, အဖို
👧	ကန်ရာသီ, ငယ်ရွယ်သူ, ဆယ့်နှစ်ရာသီခွင်, မိန်းကလေး
🧑	လိင်မခွဲခြားသော, လိင်သတ်မှတ်မထားသော, လူ, အရွယ်ရောက်သူ
👱	ရွှေရောင်ဆံကေသာ, ရွှေရောင်ဆံကေသာရှိသူ
👨	အဖို, အမျိုးသား
👱‍♂	ရွှေရောင်, ရွှေရောင်ဆံကေသာရှိသူ အမျိုးသား, အမျိုးသား, အမျိုးသား- ရွှေရောင်ဆံကေသာရှိသူ
🧔	မုတ်ဆိတ်, လူ, အမျိုးသား- မုတ်ဆိတ်ရှိသူ
👩	အမ, အမျိုးသမီး
👱‍♀	ရွှေရောင်, ရွှေရောင်ဆံကေသာရှိသူ အမျိုးသမီး, အမျိုးသမီး, အမျိုးသမီး- ရွှေရောင်ဆံကေသာရှိသူ
🧓	လိင်မခွဲခြားသော, လိင်သတ်မှတ်မထားသော, သက်ကြီး, အရွယ်ရောက်သူ, အသက်ကြီးသူ
👴	သက်ကြီး, သက်ကြီး အမျိုးသား, အမျိုးသား, အရွယ်ရောက်သူ
👵	သက်ကြီး, သက်ကြီး အမျိုးသမီး, အမျိုးသမီး, အရွယ်ရောက်သူ
👨‍⚕	ကျန်းမာရေး စောင့်ရှောက်မှု, ဆရာဝန်, သူနာပြု, အထူးကု ဆရာဝန်, အမျိုးသား ကျန်းမာရေးလုပ်သား
👩‍⚕	ကျန်းမာရေးစောင့်ရှောက်မှု, ဆရာဝန်, သူနာပြု, အထူးကု ဆရာဝန်, အမျိုးသမီး ကျန်းမာရေးလုပ်သား
👨‍🎓	ကျောင်းသား, ဘွဲ့ရ, အမျိုးသား
👩‍🎓	ကျောင်းသူ, ဘွဲ့ရ, အမျိုးသမီး
👨‍🏫	ဆရာ, နည်းပြ, ပါမောက္ခ, အမျိုးသား
👩‍🏫	ဆရာမ, နည်းပြ, ပါမောက္ခ, အမျိုးသမီး
👨‍⚖	ချိန်ခွင်, တရားသူကြီး, အမျိုးသား, အမျိုးသား တရားသူကြီး
👩‍⚖	ချိန်ခွင်, တရားသူကြီး, အမျိုးသမီး, အမျိုးသမီး တရားသူကြီး
👨‍🌾	ကောက်စိုက်သူ, ပန်းပျိုးသူ, လယ်သမား, အမျိုးသား
👩‍🌾	ကောက်စိုက်သမ, ပန်းပျိုးသူ, လယ်သူမ, အမျိုးသမီး
👨‍🍳	စားဖိုမှူး, အချက်အပြုတ်, အမျိုးသား, အမျိုးသား စားဖိုမှူး
👩‍🍳	စားဖိုမှူး, အချက်အပြုတ်, အမျိုးသမီး, အမျိုးသမီး စားဖိုမှူး
👨‍🔧	စက်ပြင်သူ, ပိုက်ဆက်သူ, မီးသမား, အမျိုးသား, အမျိုးသား စက်ပြင်သူ, အရောင်းအဝယ်သမား
👩‍🔧	စက်ပြင်သူ, ပိုက်ဆက်သူ, မီးသမား, အမျိုးသမီး စက်ပြင်သူ, အမျိုးသား, အရောင်းအဝယ်သမား
👨‍🏭	စက်မှုလုပ်ငန်း, စက်ရုံ, စက်ရုံလုပ်သား, တပ်ဆင်ခြင်း, အမျိုးသား, အလုပ်သမား
👩‍🏭	စက်မှုလုပ်ငန်း, စက်ရုံ, စက်ရုံအလုပ်သမ, တပ်ဆင်ခြင်း, အမျိုးသမီး, အလုပ်သမ
👨‍💼	ဉာဏလုပ်သား, ဗိသုကာ ပညာရှင်, မန်နေဂျာ, လုပ်ငန်း, အမျိုးသား ရုံးဝန်ထမ်း
👩‍💼	ဉာဏလုပ်သား, ဗိသုကာ ပညာရှင်, မန်နေဂျာ, လုပ်ငန်း, အမျိုးသမီး ရုံးဝန်ထမ်း
👨‍🔬	ဇီဝဗေဒပညာရှင်, ဓာတုဗေဒပညာရှင်, ရူပဗေဒ ပညာရှင်, သိပ္ပံပညာရှင်, အင်ဂျင်နီယာ, အမျိုးသား သိပ္ပံပညာရှင်
👩‍🔬	ဇီဝဗေဒပညာရှင်, ဓာတုဗေဒပညာရှင်, ရူပဗေဒပညာရှင်, သိပ္ပံပညာရှင်, အင်ဂျင်နီယာ, အမျိုးသမီး သိပ္ပံပညာရှင်
👨‍💻	ကုဒ်ရေးသူ, ဆော့ဖ်ဝဲ, ဆော့ဖ်ဝဲအင်ဂျင်နီယာ, တီထွင်သူ, နည်းပညာရှင်, အမျိုးသား နည်းပညာရှင်
👩‍💻	ကုဒ်ရေးသူ, ဆော့ဖ်ဝဲ, ဆော့ဖ်ဝဲအင်ဂျင်နီယာ, တီထွင်သူ, နည်းပညာရှင်, အမျိုးသမီး နည်းပညာရှင်
👨‍🎤	ဖျော်ဖြေတင်ဆက်သူ, ရော့ခ်တေးဂီတ, သရုပ်ဆောင်, အဆိုတော်, အမျိုးသား, အမျိုးသား အဆိုတော်
👩‍🎤	ဖျော်ဖြေတင်ဆက်သူ, ရော့ခ်တေးဂီတ, သရုပ်ဆောင်, အဆိုတော်, အမျိုးသမီး, အမျိုးသမီး အဆိုတော်
👨‍🎨	ဆေးရောင်ခြယ်, ပန်းချီဆရာ, အနုပညာရှင်
👩‍🎨	ဆေးရောင်ခြယ်, ပန်းချီဆရာမ, အနုပညာရှင်
👨‍✈	လေယာဉ်, လေယာဉ်မှူး, အမျိုးသား, အမျိုးသား လေယာဉ်မှူး
👩‍✈	လေယာဉ်, လေယာဉ်မှူး, အမျိုးသမီး, အမျိုးသမီး လေယာဉ်မှူး
👨‍🚀	ဒုံးပျံ, အမျိုးသား, အမျိုးသား အာကာသယာဉ်မှူး, အာကာသယာဉ်မှူး
👩‍🚀	ဒုံးပျံ, အမျိုးသမီး, အမျိုးသမီး အာကာသယာဉ်မှူး, အာကာသယာဉ်မှူး
👨‍🚒	မီးသတ်ကား, မီးသတ်သမား, အမျိုးသား
👩‍🚒	မီးသတ်ကား, မီးသတ်သမ, အမျိုးသမီး
👮	ပုလိပ်, ပုလိပ် အရာရှိ, ရဲ, အရာရှိ
👮‍♂	ပုလိပ်, ရဲ, အမျိုးသား, အမျိုးသား ပုလိပ် အရာရှိ, အရာရှိ
👮‍♀	ပုလိပ်, ရဲ, အမျိုးသမီး, အမျိုးသမီး ရဲအရာရှိ, အရာရှိ
🕵	စုံထောက်, သူလျှို
🕵‍♂	စုံထောက်, သူလျှို, အမျိုးသား, အမျိုးသား စုံထောက်
🕵‍♀	စုံထောက်, သူလျှို, အမျိုးသမီး, အမျိုးသမီး စုံထောက်
💂	သက်တော်စောင့်, အစောင့်
💂‍♂	အစောင့်, အမျိုးသား, အမျိုးသား အစောင့်
💂‍♀	အစောင့်, အမျိုးသမီး, အမျိုးသမီး အစောင့်
👷	ဆောက်လုပ်ရေး, ဆောက်လုပ်ရေး လုပ်သား, ဦးထုပ်
👷‍♂	ဆောက်လုပ်ရေး, ဆောက်လုပ်ရေးအလုပ်သမား, အလုပ်သမား
👷‍♀	ဆောက်လုပ်ရေး, ဆောက်လုပ်ရေးအလုပ်သမ, အလုပ်သမ
🤴	အိမ်ရှေ့မင်းသား
👸	စိတ်ကူးယဉ်အိပ်မက်, နတ်သမီး ပုံပြင်, မင်းသမီး
👳	ဗောင်ထုပ်နှင့် လူ, ဗောင်းထုပ်, ဗောင်းထုပ်နှင့်သူ
👳‍♂	ခေါင်းပေါင်း, ခေါင်းပေါင်းနှင့် အမျိုးသား, အမျိုးသား
👳‍♀	ခေါင်းပေါင်း, ခေါင်းပေါင်းနှင့် အမျိုးသမီး, အမျိုးသမီး
👲	တရုတ်ဦးထုပ်, တရုတ်ဦးထုပ် ဆောင်းထားသူ, တရုတ်ဦးထုပ်နှင့်လူ, အမျိုးသား
🧕	ခေါင်းစည်းပဝါ, ခေါင်းစည်းပဝါနှင့် အမျိုးသမီး, ခေါင်းစီးပဝါ ခြုံထားသူ အမျိုးသမီး, ဟီဂျပ်
🤵	ပွဲတက်ကုတ်အင်္ကျီဝတ် အမျိုးသား, ပွဲတက်အပေါ်အင်္ကျီဝတ် အမျိုးသား, သတို့သား, အမျိုးသား
👰	မင်္ဂလာဆောင်, မျက်နှာလွှာဇာနှင့် သတို့သမီး, မျက်နှာလွှားဇာ, မျက်နှာလွှားဇာနှင့် သတို့သမီး, သတို့သမီး
🤰	ကိုယ်ဝန်ဆောင်, ကိုယ်ဝန်ဆောင်အမျိုးသမီး, အမျိုးသမီး
🤱	ကလေးငယ်, နို့ချိုတိုက်ကျွေးခြင်း, နို့တိုက်သည်, မိခင်နို့
👼	ကလေး, စိတ်ကူးယဉ်, နတ်သမီး, နတ်သမီး ပုံပြင်, နတ်သမီးကလေး, မျက်နှာ
🎅	ခရစ်စမတ်, ဆန်တာ, ဆန်တာ ကလော့စ်, အောင်ပွဲ
🤶	ခရစ်စမတ်, မစ္စစ် စန်တာကလော့စ်, မိခင်
🦸	ကောင်းမွန်ခြင်း, လူစွမ်းကောင်း, သူရဲကောင်း, အစွမ်း, အမျိုးသမီး လူစွမ်းကောင်း
🦸‍♀	ကောင်းမွန်သော, သူရဲကောင်း, အစွမ်း, အမျိုးသမီး, အမျိုးသမီး လူစွမ်းကောင်း
🦸‍♂	ကောင်မွန်သော, သူရဲကောင်း, အစွမ်း, အမျိုးသား, အမျိုးသား လူစွမ်းကောင်း
🦹	ထိပ်တန်း လူဆိုး, မကောင်းဆိုးဝါး, ရာဇဝတ်ကောင်, လူဆိုး, အစွမ်း
🦹‍♀	မကောင်းဆိုးဝါး, ရာဇဝတ်ကောင်, လူဆိုး, အစွမ်း, အမျိုးသမီး, အမျိုးသမီး ထိပ်တန်းလူဆိုး
🦹‍♂	မကောင်းဆိုးဝါး, ရာဇဝတ်ကောင်, လူဆိုး, အစွမ်း, အမျိုးသား, အမျိုးသား ထိပ်တန်းလူဆိုး
🧙	စုန်းမ, မှော်ဆရာ, ဝိဇ္ဇာ
🧙‍♀	စုန်း, အမျိုးသမီး မှော်ဆရာ
🧙‍♂	မှော်ဆရာ, အမျိုးသား မှော်ဆရာ
🧚	တိုက်တန်နီးရား, နတ်သမီး, ပက်ခ်, အိုဘာရွန်
🧚‍♀	တိုက်တန်နီးရား, နတ်သမီးငယ်
🧚‍♂	နတ်သားငယ်, ပက်ခ်, အိုဘာရွန်
🧛	ဒရက်ကူလာ, မသေနိုင်သော, သွေးစုပ်ဖုတ်ကောင်
🧛‍♀	မသေနိုင်သော, အမျိုးသမီး သွေးစုပ်ဖုတ်ကောင်
🧛‍♂	ဒရက်ကူလာ, မသေနိုင်သော, အမျိုးသား သွေးစုပ်ဖုတ်ကောင်
🧜	ရေလူ, ရေသူထီး, ရေသူမ
🧜‍♀	ရေသူမ, ရေသူမ (အမျိုးသမီး)
🧜‍♂	ထရွိင်တွန်, ရေသူထီး
🧝	နတ်သူငယ်, ပယောဂဆန်သော
🧝‍♀	ပယောဂဆန်သော, အမျိုးသမီး နတ်သူငယ်
🧝‍♂	ပယောဂဆန်သော, အမျိုးသား နတ်သူငယ်
🧞	မီးခွက်စောင့် နတ်ဘီလူးတစ်မျိုး, မီးခွက်စောင့်ဘီလူး
🧞‍♀	မီးခွက်စောင့် နတ်ဘီလူးတစ်မျိုး, အမျိုးသမီး မီးခွက်စောင့်ဘီးလူး
🧞‍♂	မီးခွက်စောင့် နတ်ဘီလူးတစ်မျိုး, အမျိုးသား မီးခွက်စောင့်ဘီးလူး
🧟	ဖုတ်ကောင်, မသေသော, လမ်းလျှောက်နေသည့် အသေကောင်
🧟‍♀	မသေသော, လမ်းလျှောက်နေသည့် အသေကောင်, အမျိုးသမီး ဖုတ်ကောင်
🧟‍♂	မသေသော, လမ်းလျှောက်နေသည့် အသေကောင်, အမျိုးသား ဖုတ်ကောင်
🙍	မျက်မှောင်ကြုတ်, မျက်မှောင်ကြုတ်နေသူ, အမူအရာ
🙍‍♂	မျက်မှောင်ကြုတ်နေသည့် အမျိုးသား, ဝမ်းနည်းကြေကွဲ, ဝမ်းနည်းကြေကွဲနေသည့် အမျိုးသား, အမူအယာ, အမျိုးသား
🙍‍♀	မျက်မှောင်ကြုတ်နေသည့် အမျိုးသမီး, ဝမ်းနည်းကြေကွဲ, ဝမ်းနည်းကြေကွဲနေသည့် အမျိုးသမီး, အမူအယာ, အမျိုးသမီး
🙎	စူတူတူ, စူတူတူ လူ, အမူအရာ
🙎‍♂	စိတ်တို, စိတ်တိုနေသည့် အမျိုးသား, အမူအယာ, အမျိုးသား
🙎‍♀	စိတ်တို, စိတ်တိုနေသည့် အမျိုးသမီး, အမူအယာ, အမျိုးသမီး
🙅	တားမြစ်ခြင်း, တားမြစ်သည့် လက်ဟန်ပြနေသူ, မလို လက်ဟန်, လက်ဟန်
🙅‍♂	တားမြစ်, တားမြစ်ကြောင်း လက်ဟန်ပြသူ အမျိုးသား, လက်, အမူအယာ, အမျိုးသား
🙅‍♀	တားမြစ်, တားမြစ်ကြောင်း လက်ဟန်ပြသူ အမျိုးသမီး, လက်, အမူအယာ, အမျိုးသမီး
🙆	လက်, လက်ဟန်, အိုကေ ပြဟန်, အိုကေဟု အမူအရာ လုပ်ပြနေသူ
🙆‍♂	လက်, အဆင်ပြေကြောင်း အမူအရာ လုပ်ပြနေသူ အမျိုးသား, အမူအရာ, အမျိုးသား, အိုကေဟု အမူအရာလုပ်ပြနေသူ အမျိုးသား
🙆‍♀	လက်, အဆင်ပြေကြောင်း အမူအရာ လုပ်ပြနေသူ အမျိုးသမီး, အမူအရာ, အမျိုးသမီး, အိုကေ, အိုကေဟု အမူအရာ လုပ်ပြနေသူ အမျိုးသမီး
💁	ကူညီပါရစေဟု လက်ဟန်ပြနေသူ, စုံစမ်းရေး, လက်, အကူအညီ
💁‍♂	ကူညီပါရစေဟု လက်ဟန်ပြနေသည့် ဝန်ဆောင်မှုပေးသူ အမျိုးသား, ကူညီပါရစေဟု လက်ဟန်ပြနေသည့် အမျိုးသား, ဘောက်ဆူး, လက်, လက်ဖြန့်ထားသော ဝန်ဆောင်မှုပေးသူ အမျိုးသား, အမျိုးသား
💁‍♀	ကူညီပါရစေဟု လက်ဟန်ပြနေသည့် အမျိုးသမီး, အမျိုးသမီး
🙋	ပျော်ရွှင်ခြင်း, လက်, လက်မြှောက်ပြနေသူ, လက်မြှောက်ပြနေသော ပျော်ရွှင်နေသူ, အမူအရာ
🙋‍♂	လက်မြှောက်, လက်မြှောက်ထားသည့် အမျိုးသား, အမူအယာ, အမျိုးသား
🙋‍♀	လက်မြှောက်, လက်မြှောက်ထားသည့် အမျိုးသမီး, အမူအယာ, အမျိုးသမီး
🙇	တောင်ပန်ခြင်း, အမူအရာ, ဦးညွတ်နေသူ, ဦးညွှတ်ခြင်း, ဦးညွှတ်နေသူ
🙇‍♂	တောင်းပန်, ရိုရိုကျိုးကျိုး ဦးညွှတ်နေသူ အမျိုးသား, အမူအယာ, အမျိုးသား, ဦးညွှတ်
🙇‍♀	တောင်းပန်, ရိုရိုကျိုးကျိုး ဦးညွှတ်နေသူ အမျိုးသမီး, အမူအယာ, အမျိုးသမီး, ဦးညွှတ်
🤦	စိတ်အနှောင့်အယှက်ဖြစ်နေသော, မယုံကြည်မှု, မျက်နှာလက်ဝါးဖြင့်အုပ်ထားသောရုပ်, ရုပ်, လက်ဝါး
🤦‍♂	မယုံကြည်နိုင်, မိမိမျက်နှာကို လက်ဝါးဖြင့်အုပ်ထားသော အမျိုးသား, မျက်နှာအုပ်, လက်ဝါး, အမျိုးသား
🤦‍♀	မယုံကြည်နိုင်, မိမိမျက်နှာကို လက်ဝါးဖြင့်အုပ်ထားသော အမျိုးသမီး, မျက်နှာအုပ်, လက်ဝါး, အမျိုးသမီး
🤷	ဂရုမစိုက်, ပခုံးတွန့်သည်, မယုံသင်္ကာ, မသိနားမလည်
🤷‍♂	ပခုံးတွန့်နေသူ အမျိုးသား, ပုခုန်းတွန့်, ပုခုန်းတွန့်နေသူ အမျိုးသား, လျစ်လျူရှု, အမျိုးသား
🤷‍♀	ပခုံးတွန့်နေသူ အမျိုးသမီး, ပုခုန်းတွန့်, ပုခုန်းတွန့်နေသူ အမျိုးသမီး, လျစ်လျူရှု, အမျိုးသမီး
💆	နှိပ်နယ်ခြင်း, မျက်နှာ, မျက်နှာကို နှိပ်နယ်ပေးခြင်း, အနှိပ်ခံနေသူ, အလှပြင်ဆိုင်
💆‍♂	မျက်နှာ, မျက်နှာအနှိပ်ခံနေသူ အမျိုးသား, အနှိပ်ခံ, အမျိုးသား
💆‍♀	မျက်နှာ, မျက်နှာအနှိပ်ခံနေသူ အမျိုးသမီး, အနှိပ်ခံ, အမျိုးသမီး
💇	ဆံပင်ညှပ်ခံနေသူ, ဆံပင်ညှပ်ခြင်း, ဆံသ, အလှပြင်
💇‍♂	ဆံပင်ညှပ်, ဆံပင်ညှပ်နေသူ အမျိုးသား, အမျိုးသား
💇‍♀	ဆံပင်ညှပ်, ဆံပင်ညှပ်နေသူ အမျိုးသမီး, အမျိုးသမီး
🚶	ခြေကျင် လျှောက်သူ, ခြေလျင် ခရီးထွက်ခြင်း, ခြေလျင်လျှောက်နေသူ, လမ်းလျှောက်ခြင်း
🚶‍♂	တောင်တက်, လမ်းလျှောက်, လမ်းလျှောက်နေသူ အမျိုးသား, အမျိုးသား
🚶‍♀	တောင်တက်, လမ်းလျှောက်, လမ်းလျှောက်နေသူ အမျိုးသမီး, အမျိုးသမီး
🏃	ပြေးခြင်း, ပြေးနေသူ, ပြေးသူ, မာရသွန်
🏃‍♂	ပြေးနေသည်, ပြေးနေသူ အမျိုးသား, မာရသွန်, အပြေးပြိုင်ပွဲ, အမျိုးသား
🏃‍♀	ပြေးနေသည်, ပြေးနေသူ အမျိုးသမီး, မာရသွန်, အပြေးပြိုင်ပွဲ, အမျိုးသမီး
💃	ကချေသည်, အကအခုန်, အမျိုးသမီး
🕺	ကခုန်နေသူ, ကခုန်သည်, အမျိုးသား
👯	ကချေသည်, ပါတီပွဲလာသူများ, ပါတီပွဲလုပ်ခြင်း, ယုန်နားရွက်, ယုန်နားရွက်တတ်ထားသူများ
👯‍♂	ကချေသည်, ပါတီပွဲလုပ်နေသည်, ယုန်နားရွက်, ယုန်နားရွက်တပ် အမျိုးသားများ, အမျိုးသား
👯‍♀	ကချေသည်, ပါတီပွဲလုပ်နေသည်, ပျော်ပွဲရွှင်ပွဲလုပ်နေသူ အမျိုးသမီးများ, ယုန်နားရွက်, ယုန်နားရွက်တပ် အမျိုးသမီးများ, အမျိုးသမီးများ
🧖	ချွေးထုတ်ခန်း, ချွေးထုတ်ခန်းတွင်းရှိ လူ, ချွေးပေါင်းအိမ်
🧖‍♀	ချွေးထုတ်ခန်း, ချွေးထုတ်ခန်းတွင်းရှိ အမျိုးသမီး, ချွေးပေါင်းအိမ်
🧖‍♂	ချွေးထုတ်ခန်း, ချွေးထုတ်ခန်းတွင်းရှိ အမျိုးသား, ချွေးပေါင်းအိမ်
🧗	တောင်တက်နေသူ, တောင်တက်သမား
🧗‍♀	တောင်တက် အမျိုးသမီး, တောင်တက်သမား
🧗‍♂	တောင်တက် အမျိုးသား, တောင်တက်သမား
🧘	တင်ပျဥ်ခွေထိုင်သူ, တရားထိုင်ခြင်း, ယောဂ
🧘‍♀	တင်ပျဥ်ခွေထိုင်သည့် အမျိုးသမီး, တရားထိုင်ခြင်း, ယောဂ
🧘‍♂	တင်ပျဥ်ခွေထိုင်သည့် အမျိုးသား, တရားထိုင်ခြင်း, ယောဂ
🛀	ရေချိုးကန်, ရေချိုးကန်တွင် ရေချိုးနေသူ, ရေချိုးခြင်း
🛌	ခုတင်ပေါ် အိပ်နေသူ, ခုတင်ပေါ်က လူ, ဟိုတယ်, အိပ်စက်ခြင်း
🕴	စီးပွားရေးလုပ်ငန်း, ဈာန်ပျံနေသော ရုံးဝတ်စုံနှင့်သူ, ဈာန်ပျံနေသော အနောက်တိုင်းဝတ်စုံနှင့်လူ, အနောက်တိုင်းဝတ်စုံ, အမျိုးသား
🗣	စကားပြော, စကားပြောနေသည့် ဦးခေါင်း, စကားပြောသည်, ပုံရိပ်မည်း, မျက်နှာ, ဦးခေါင်း
👤	ကိုယ်တစ်ပိုင်း, ကိုယ်တစ်ပိုင်း အရိပ်ပုံ, ပုံရိပ်မည်း
👥	ကိုယ်တစ်ပိုင်း, ကိုယ်တစ်ပိုင်းများ၏ အရိပ်ပုံ, ပုံရိပ်မည်း
🤺	ဓား, ဓားရေးပြိုင်ပွဲ, ဓားရေးပြိုင်သူ, လူပုဂ္ဂိုလ်, အားကစား
🏇	ဂျော်ကီး, ပြိုင်ပွဲ, ပြိုင်မြင်း, မြင်း, မြင်းစီးခြင်း
⛷	စကီး, စကီးစီးသူ, ဆီးနှင်း
🏂	စကီး, စနိုးဘုတ်, စနိုးဘုတ်စီးသူ, ဆီးနှင်း
🏌	ဂေါက်, ဂေါက်သီးရိုက်သူ, ဘောလုံး
🏌‍♂	ဂေါက်ရိုက်, ဂေါက်ရိုက်နေသူ အမျိုးသား, အမျိုးသား
🏌‍♀	ဂေါက်ရိုက်, ဂေါက်ရိုက်နေသူ အမျိုးသမီး, အမျိုးသမီး
🏄	ရေလွှာလှိုင်းစီးခြင်း, ရေလွှာလှိုင်းစီးသူ
🏄‍♂	ရေလွှာလျှောစီး, ရေလွှာလျှောစီးနေသည့် အမျိုးသား, အမျိုးသား
🏄‍♀	ရေလွှာလျှောစီး, ရေလွှာလျှောစီးနေသည့် အမျိုးသမီး, အမျိုးသမီး
🚣	ရိုးရိုးလှေ, လှေ, လှေလှော်သူ, လှော်ခတ်ရသော လှေ
🚣‍♂	လှေ, လှေလှော်နေသည့် အမျိုးသား, အမျိုးသား
🚣‍♀	လှေ, လှေလှော်နေသည့် အမျိုးသမီး, အမျိုးသမီး
🏊	ရေကူး, ရေကူးသူ
🏊‍♂	ရေကူး, ရေကူးနေသူ အမျိုးသား, အမျိုးသား
🏊‍♀	ရေကူး, ရေကူးနေသူ အမျိုးသမီး, အမျိုးသမီး
⛹	ဘောလုံး, ဘောလုံးပုတ်နေသူ
⛹‍♂	ဘောလုံး, ဘောလုံးပုတ်နေသည့် အမျိုးသား, အမျိုးသား
⛹‍♀	ဘောလုံး, ဘောလုံးပုတ်နေသည့် အမျိုးသမီး, အမျိုးသမီး
🏋	အလေး, အလေးမနေသည့်သူ, အလေးမသူ
🏋‍♂	အမျိုးသား, အလေးမနေသည့် အမျိုးသား, အလေးမသူ
🏋‍♀	အမျိုးသမီး, အလေးမနေသည့် အမျိုးသမီး, အလေးမသူ
🚴	စက်ဘီစီးခြင်း, စက်ဘီး, စက်ဘီးစီးသမား, စက်ဘီးစီးသူ
🚴‍♂	စက်ဘီးစီး, စက်ဘီးစီးနေသည့် အမျိုးသား, အမျိုးသား
🚴‍♀	စက်ဘီးစီး, စက်ဘီးစီးနေသည့် အမျိုးသမီး, အမျိုးသမီး
🚵	စက်ဘီး, စက်ဘီးစီးသမား, တောင်, တောင်တက်စက်ဘီး စီးသူ, တောင်ပေါ် စက်ဘီးစီးသူ
🚵‍♂	စက်ဘီးစီး, တောင်တက်, တောင်တက်စက်ဘီးစီးသူ အမျိုးသား, အမျိုးသား
🚵‍♀	တောင်တက်စက်ဘီးစီး, တောင်တက်စက်ဘီးစီးသူ အမျိုးသမီး, အမျိုးသမီး
🏎	ပြိုင်ကား, ပြိုင်ပွဲ
🏍	မော်တော်ဆိုင်ကယ်, အပြေးပြိုင်
🤸	ကျွမ်းဘား, ဘေးတိုက်ကျွမ်းထိုးခြင်း, လူပုဂ္ဂိုလ်, အားကစား
🤸‍♂	ကျွမ်းဘား, ကျွမ်းဘားထိုးနေသည့် အမျိုးသား, အမျိုးသား, အားကစား
🤸‍♀	ကျွမ်းဘား, ကျွမ်းဘားထိုးနေသည့် အမျိုးသမီး, အမျိုးသမီး, အားကစား
🤼	နပန်းလုံး, နပန်းသမား, လူပုဂ္ဂိုလ်, အားကစား
🤼‍♂	လက်ဝှေ့, လက်ဝှေ့ထိုးနေသည့် အမျိုးသားများ, အမျိုးသား, အမျိုးသား နပန်းပွဲ, အားကစား
🤼‍♀	လက်ဝှေ့, လက်ဝှေ့ထိုးနေသည့် အမျိုးသမီးများ, အမျိုးသမီး, အမျိုးသမီး နပန်းပွဲ, အားကစား
🤽	ပိုလို, ရေ, လူပုဂ္ဂိုလ်, ဝါတာပိုလို, အားကစား
🤽‍♂	ဝါတာပိုလို, ဝါတာပိုလိုကစားနေသည့် အမျိုးသား, အမျိုးသား, အားကစား
🤽‍♀	ဝါတာပိုလို, ဝါတာပိုလိုကစားနေသည့် အမျိုးသမီး, အမျိုးသမီး, အားကစား
🤾	ဘောလုံး, လက်ပစ်ဘော, လူပုဂ္ဂိုလ်, အားကစား
🤾‍♂	လက်ပစ်ဘော, လက်ပစ်ဘောကစားနေသည့် အမျိုးသား, အမျိုးသား, အားကစား
🤾‍♀	လက်ပစ်ဘော, လက်ပစ်ဘောကစားနေသည့် အမျိုးသမီး, အမျိုးသမီး, အားကစား
🤹	ကျွမ်းကျင်မှု, ချိန်ညီခြင်း, ရွဲကစားလက်လှည့်, ရွဲကစားလက်လှည့်အစွမ်းပြ, အလုပ်မျိုးစုံ
🤹‍♂	ရွဲကစား, ရွဲကစားပြသူ အမျိုးသား, အမျိုးသား
🤹‍♀	ရွဲကစား, ရွဲကစားပြသူ အမျိုးသမီး, အမျိုးသမီး
👫	စုံတွဲ, လက်ကိုင်ထားပုံ, လက်တွဲထားသော အမျိုးသားနှင့် အမျိုးသမီး, အမျိုးသမီး, အမျိုးသား
👬	စုံတွဲ, ဆယ့်နှစ်ရာသီခွင်, မေထုန်ရာသီ, လက်တွဲထားသော အမျိုးသား နှစ်ယောက်, လက်တွဲထားသော အမျိုးသားနှစ်ဦး, အမြွှာပူး
👭	စုံတွဲ, လက်, လက်တွဲထားသော အမျိုးသမီး နှစ်ယောက်, လက်တွဲထားသော အမျိုးသမီး နှစ်ဦး, အမျိုးသမီး
💏	စုံတွဲ, အနမ်း
💑	စုံတွဲ, နှလုံးသားနှင့် စုံတွဲ, နှလုံးသားနှင့် စုံတွဲပုံ, အချစ်
👪	မိသားစု
🤳	ကင်မရာ, ဆဲလ်ဖီ, ဖုန်း
💪	ကာတွန်း, ကြွက်သား, ကွေးဆန့်ခြင်း, ကွေးထားသည့် လက်ရုံးကြွက်သား, လက်ရုံးကြွက်သား
🦵	ခြေဆံလက်ဆံ, ခြေထောက်, ခြေဖြင့်ကန်ခြင်း
🦶	ကန်ကျောက်ခြင်း, ခြေဆောင့်ခြင်း, ခြေမျက်စိ အောက်ပိုင်း
👈	ဘယ်သို့ ညွှန်ပြနေသည့် လက်ပြန် အညွှန်း, ဘယ်သို့ လက်ပြန် လက်ညှိုးညွှန်ခြင်း, လက်ချောင်း, လက်ညှိုး, လက်ညှိုးညွှန်ခြင်း, လက်ပြန်
👉	ညာသို့ ညွှန်ပြနေသည့် လက်ပြန် အညွှန်း, ညာသို့ လက်ပြန် လက်ညှိုးညွှန်ခြင်း, လက်ချောင်း, လက်ညှိုး, လက်ညှိုးညွှန်ခြင်း, လက်ပြန်
☝	လက်, လက်ချောင်း, လက်ညှိုး, လက်ညှိုးထောင်ခြင်း, အပေါ်သို့ ညွှန်ပြနေသည့် အညွှန်း
👆	ညွှန်ပြ, လက်, လက်ချောင်း, လက်ပြန်, အပေါ်သို့ ညွှန်ပြနေသည့် လက်ပြန် အညွှန်း, အပေါ်သို့ လက်ပြန် လက်ညှိုးညွှန်နေပုံ
🖕	လက်, လက်ခလယ်, လက်ချောင်း
👇	လက်, လက်ချောင်း, လက်ပြန်, လက်ပြန် အောက်သို့ လိုက်ညှိုးထိုးနေပုံ, အောက်သို့ ညွှန်ပြနေသည့် လက်ပြန် အညွှန်း
✌	လက်, အင်္ဂလိပ် အက္ခရာ ဗွီ ပုံစံ လက်ချောင်းထောင်နေပုံ, အောင်မြင်မှုပြ လက်ဟန်
🤞	ကံကောင်းပါစေပြ လက်ဟန်, ကံတရား, လက်ချောင်း, လက်ချောင်းချင်းချိတ်
🖖	ဗူလ်ကန် ဆလု, ဗော်လ်ကန် ဂုဏ်ပြုလက်ဟန်, လက်, လက်ချောင်း
🤘	လက်, လက်ချောင်း, ဦးချို, ဦးချိုပုံစံ လက်ဟန် သင်္ကေတ, ဦးချိုများ၏ သင်္ကေတ
🤙	ခေါ်ဆိုသည်, ဖုန်းခေါ်ပါပြ လက်ဟန်, လက်
🖐	ဖြန့်ထားခြင်း, လက်, လက်ချောင်း, လက်ချောင်းများ ဖြန့်ပြီး မြှောက်ထားသည့် လက်, လက်ဖြန့်ပြထားသော လက်ဟန်
✋	မြှောက်ပြထားသည့် လက်, လက်, လက်ဖြန့်ပြနေပုံ
👌	လက်, အိုကေ လက်, အိုကေ ဟုပြနေသည့် လက်ဟန်
👍	ထောင်ပြထားသည့် လက်မ, လက်, လက်မ, လက်မထောင်ပြနေသည့် လက်ဟန်
👎	လက်, လက်မ, လက်မ အောက်စိုက်ပြနေသည့် လက်ဟန်, အောက်သို့ပြနေသည့် လက်မ
✊	မြှောက်ပြထားသည့် လက်သီး, လက်, လက်သီးဆုပ်, လက်သီးဆုပ် မြှောက်ပြနေသည့်ဟန်
👊	ရင်ဆိုင်ရတော့မည့် လက်သီး, လက်, လက်သီး, လက်သီးဆုပ်, လက်သီးထိုးဟန်
🤛	ဘယ်ပြ ညာလက်သီး, ဘယ်ဝိုက်, လက်သီး
🤜	ညာပြ ဘယ်လက်သီး, ညာဝိုက်, လက်သီး
🤚	ထောင်ပြ, လက်ပြန်, လက်ပြန်ထောင်ပြဟန်
👋	လက်, လက်ဝှေ့ယမ်းပြနေသည့်ပုံ, ဝှေ့ယမ်းနေသည့် လက်
🤟	ချစ်တယ်လို့ပြောတဲ့ အမူအရာ, ချစ်တယ်ဟု လက်ချောင်းများဖြင့် ပြေနေပုံ, လက်
✍	စာရေးခြင်း, စာရေးနေသည့် လက်, စာရေးနေသော လက်, လက်
👏	လက်, လက်ခုပ်, လက်ခုပ်တီး, လက်ခုပ်တီးနေသည့် လက်များ
👐	ဖွင့်ထားသည့် လက်များ, လက်, လက်နှစ်ခြောင်း ဖြန့်ထားပုံ
🙌	လက်, လက်မြှောက်ပြနေသည့် လက်ဟန်, လက်မြှောက်ပြနေသူ, လက်ဟန်, အောင်ပွဲခံခြင်း
🤲	ဆုတောင်းသူ, လက်နှစ်ဘက်အတူတူမြှောက်သည်
🙏	ကျေးဇူးတင်ကြောင်းပြ လက်ဟန်, ဆုတောင်းပုံ လက်ဟန်, ယှက်ထားသည့် လက်များ, လက်, လက်အုပ်ချီ
🤝	ဆွဲလှုပ်, တွေ့ဆုံခြင်း, လက်, လက်ဆွဲနှုတ်ဆက်, သဘောတူညီချက်
💅	ပြုစုသည်, လက်သည်း, လက်သည်း ဆိုးဆေး, လက်သည်းညှပ်ခြင်း, အလှပြင်
👂	ကိုယ်ခန္ဓာ, နားရွက်
👃	ကိုယ်ခန္ဓာ, နာခေါင်း, နှာခေါင်း
👣	ခြေရာ, ခြေရာများ, အရာ
👀	မျက်နှာ, မျက်လုံး, မျက်လုံးများ
👁	ခန္ဓာကိုယ်, မျက်လုံး
👁‍🗨	စကားပြောအကွက်, မျက်နှာလုံးပုံစံ စကားပြောအကွက်, မျက်လုံး, သက်သေ
🧠	အသိဉာဏ်, ဦးနှောက်
🦴	အရိုး, အရိုးစု
🦷	သွား, သွားဆရာဝန်
👅	ကိုယ်ခန္ဓာ အစိတ်အပိုင်း, လျှာ
👄	နှုတ်ခမ်း, ပါးစပ်
🦰	ချင်းတက်နီရောင်, ဆံပင်နီ
🦱	ဆံနွယ်ခွေ, ဆံပင်ကောက်, လူမည်းဆံပင်
🦳	ဆံပင်, ဆံပင်ဖြူ, သက်ကြီး, အဖြူ
🦲	ကီမို, ဆံပင်မရှိ, ထိပ်ပြောင်, ရိတ်ထားသည်, အမွေးမရှိ
💋	နှုတ်ခမ်း, အနမ်း, အနမ်း တံဆိပ်
💘	မြား, မြားနတ်မောင်, မြားနှင့် နှလုံး, မြားနှင့် အသည်းနှလုံး
💝	ဖဲကြိုး, ဖဲကြိုးနှင့် နှလုံး, ဖဲကြိုးနှင့် အသည်းနှလုံး, ဗယ်လင်တိုင်း
💖	စိတ်လှုပ်ရှား, အရောင်လက် တောက်ပ, အရောင်လက် တောက်ပနေသည့် နှလုံးသား, အရောင်လက်နေသည့် နှလုံး
💗	ကြီးထွားလာနေသည့် နှလုံး, ကြီးထွားလာနေသည့် နှလုံးသား, ကြီးထွားလာသော, စိတ်လှုပ်ရှား, နှလုံးခုန်
💓	ခုန်, ခုန်နေသည့် နှလုံး, နှလုံးခုန်
💞	ပတ်ချာလှည့်, ပတ်ချာလှည့်နေသည့် နှလုံးများ, လည်နေသည့် နှလုံးများ
💕	နှလုံးနှစ်ခု, အချစ်
💌	စာ, စာပို့ခြင်း, နှလုံး, ရည်းစား စာ, အချစ်
❣	ပုဒ်ဖြတ်ပုဒ်ရပ်, လေးလံသည့် နှလုံးပုံစံ အာမေဍိတ်အတွဲ, အမှတ်အသား, အာမေဍိတ်
💔	ကွဲနေသည့် နှလုံး, ကွဲနေသော, အက်ကွဲ, အက်ကွဲနေသည့် နှလုံး
❤	နှလုံး, အနီရောင် နှလုံး
🧡	လိမ္မော်ရောင်, လိမ္မော်ရောင် အသည်းနှလုံး
💛	အဝါ, အဝါရောင် နှလုံး
💚	အစိမ်း, အစိမ်းရောင် နှလုံး
💙	အပြာ, အပြာရောင် နှလုံး
💜	ခရမ်း, ခရမ်းရောင် နှလုံး
🖤	နှလုံးသား, မကောင်းစိတ်, ယုတ်မာသော, အနက်, အနက်ရောင်နှလုံးသား
💟	နှလုံး, နှလုံးဖြင့် အလှပြင်ခြင်း, နှလုံးဖြင့် အလှပြင်ဆင်ခြင်း
💤	ခေါ ခေါ ခေါ, ဟာသ, အိပ်
💢	ဒေါသ, ဒေါသ သင်္ကေတ, ဟာသ, အရူး
💣	ဗုံး, ဟာသ
💥	တိုက်မိခြင်း, ပေါက်ကွဲခြင်း, ဟာသ
💦	ချွေး, ချွေးစက်များ, ပက်ဖျန်းခြင်း, ဟာသ
💨	တစ်ဟုန်ထိုး, တစ်ဟုန်ထိုးပြေးခြင်း, ပြေးခြင်း, ဟာသ
💫	ကြယ်, မူးဝေခြင်း, ဟာသ
💬	စကားပြော, စကားပြော အကွက်, စကားပြောအကွက်, ပူဖောင်း, အကွက်
🗨	စကား, စကားပြော, ဘယ်ဘက် စကားပြော အကွက်
🗯	ညာဘက် ဒေါသ အကွက်, ဒေါသ, ပူစည်ဖောင်း, ပူဖောင်း, ရူးသွပ်ခြင်း
💭	ပူစည်ဖောင်း, ပူဖောင်း, ဟာသ, အတွေး, အတွေး ပူဖောင်းအကွက်
🕳	အပေါက်
👓	နေကာမျက်မှန်, မျက်မှန်, မျက်လုံး, ဝတ်စရာ
🕶	နေကာ မျက်မှန်, နေကာမျက်မှန် အမည်း, မျက်မှန်
🥽	ဂဟေဆော်ခြင်း, မျက်လုံးကာကွယ်ခြင်း, ရေကူးခြင်း, လေ/ရေကာ မျက်မှန်
🥼	စမ်းသပ်ခန်း ဝတ်စုံ, စမ်းသပ်ခြင်း, ဆရာဝန်, သိပ္ပံပညာရှင်
👔	နက်ကတိုင်, ဝတ်စရာ
👕	စွပ်ကျယ် အိင်္ကျီ, တီရှပ်, ဝတ်စရာ
👖	ဂျင်းဘောင်းဘီ, ဘောင်းဘီ, ဝတ်စရာ
🧣	လည်စည်း, လည်ပင်း
🧤	လက်, လက်အိတ်
🧥	ကုတ်, ဂျာကင်
🧦	ခြေအိတ်, စတော့ကင်
👗	ဝတ်စုံ, အဝတ်အစား
👘	ကီမိုနို, အဝတ်အစား
👙	ဘီကီနီ, ဝတ်စရာ, အမျိုးသမီး ရေကူးဝတ်စုံ
👚	ဝတ်စရာ, အမျိုးသမီး အဝတ်အစား, အမျိုးသမီး အဝတ်အစားများ, အမျိုးသမီးဝတ်
👛	ပိုက်ဆံအိတ်, အကြွေအိတ်, အသုံးအဆောင်
👜	လက်ကိုင်အိတ်, လက်ဆွဲအိတ်, အသုံးအဆောင်, အိတ်
👝	လက်ကိုင်အိတ်, သားရေအိတ်, အသုံးအဆောင်, အိတ်
🛍	စျေးဝယ်ခြင်း, စျေးဝယ်အိတ်များ, ဈေးဝယ် အိတ်များ, ထည့်စရာ အိတ်, ဟိုတယ်
🎒	ကျောင်းသား ကျောပိုးအိတ်, ကျောင်းသုံး ကျောပိုးအိတ်, ကျောပိုးအိတ်, ပတ္တူလွယ်အိတ်, အိတ်
👞	ရှူးဖိနပ်, အမျိုးသား, အမျိုးသား ဖိနပ်, အမျိုးသားစီး ရှူးဖိနပ်, အဝတ်အစား
👟	ပတ္တူဖိနပ်, အပြေး ဖိနပ်, အပြေးသမားစီး ဖိနပ်, အဝတ်အစား, အားကစား
🥾	ကျောပိုးအိတ်ဖြင့် ခရီးသွားခြင်း, တောစီး ဘွတ်ဖိနပ်, တောတွင်း ခြေလျင်ခရီးထွက်ခြင်း, ဘွတ်ဖိနပ်, အပျော်စခန်းချခြင်း
🥿	ကွင်းထိုးဖိနပ်, ခြေညှပ်ဖိနပ်, ဒေါက်မပါ ရှူးဖိနပ်, ဘဲလေး ဖိနပ်
👠	ဒေါက်, ဒေါက်မြင့် ဖိနပ်, ဒေါက်မြင့်ဖိနပ်, မိန်းမစီး ရှူးဖိနပ်, အမျိုးသမီး, အဝတ်အစား
👡	ကြိုးသိုင်းဖိနပ်, အမျိုးသမီး, အမျိုးသမီး ညှပ်ဖိနပ်, အမျိုးသမီးစီး ကြိုးသိုင်းဖိနပ်, အဝတ်အစား
👢	ဘွတ်ဖိနပ်, မိန်းမစီး ဘွတ်ဖိနပ်, ရှူးဖိနပ်, အမျိုးသမီး, အမျိုးသမီး ဘွတ်ဖိနပ်, အဝတ်အစား
👑	ဘုရင်, ဘုရင်မ, သရဖူ, အဝတ်အထည်
👒	မိန်းမဆောင်း ဦးထုပ်, အမျိုးသမီး, အမျိုးသမီး ဦးထုပ်, အဝတ်အထည်, ဦးထုပ်
🎩	အဝတ်အထည်, ဦးထုပ်, ဦးထုပ်မြင့်
🎓	ဘွဲ့နှင်းသဘင်, ဘွဲ့ဦးထုတ်, ဘွဲ့ဦးထုပ်, အဝတ်အထည်, အောင်ပွဲခံခြင်း
🧢	ကက်ဦးထုတ်, ဘေ့စ်ဘောဦးထုပ်
⛑	ကယ်ဆယ်ရေးလုပ်သားဆောင်း ဦးထုပ်, ကြက်ခြေခတ်ဖြူနှင့် ခမောက်, ကြက်ခြေနီ ဦးထုပ်
📿	စိပ်ပုတီး, ဆုတောင်းခြင်း, တရားကျင့် ပုတီး, ဘာသာရေး, လည်ဆွဲ, လည်ဆွဲပုတီး
💄	နှုတ်ခမ်းနီ, မိတ်ကပ်, အလှပြင်ပစ္စည်း
💍	စိန်, စိန်လက်စွပ်, လက်စွပ်
💎	ကျောက်မျက်, ကျောက်မျက် ရတနာ, ကျောက်မျက်ရတနာ, စိန်, ရတနာ
🐵	မျက်နှာ, မျောက်, မျောက်ရုပ်
🐒	မျောက်
🦍	တိရစ္ဆာန်, လူဝံ
🐶	ခွေး, ခွေးရုပ်, မျက်နှာ, အိမ်မွေးတိရစ္ဆာန်
🐕	ခွေး, အိမ်မွေးတိရစ္ဆာန်
🐩	ခွေး, အမွေးအဆုပ်ဆုပ် ကွက်ကျားရိတ်ထားသော ခွေးမျိုး, အမွှေးထူခွေး
🐺	မျက်နှာ, ဝံပုလွေ, ဝံပုလွေရုပ်
🦊	တိရစ္ဆာန်, မြေခွေး, မြေခွေးရုပ်, ရုပ်
🦝	စူးစမ်းသော, ရက်ကွန်းဝံ, လှည့်ဖြားသော
🐱	ကြောင်, ကြောင်ရုပ်, မျက်နှာ, အိမ်မွေးတိရစ္ဆာန်
🐈	ကြောင်, အိမ်မွေးတိရစ္ဆာန်
🦁	ခြင်္သေ့, ခြင်္သေ့ရုပ်, ဆယ့်နှစ်ရာသီခွင်, မျက်နှာ, သိဟ်ရာသီ
🐯	ကျား, ကျားရုပ်, မျက်နှာ
🐅	ကျား
🐆	ကျားသစ်
🐴	မျက်နှာ, မြင်း, မြင်းရုပ်
🐎	ပြိုင်မြင်း, မြင်း, မြင်းပြိုင်ပွဲ, မြင်းအလှစီးပြိုင်ပွဲ
🦄	ချိုတစ်ချောင်းမြင်းရုပ်, မျက်နှာ, သိင်္ဂဿမြင်း
🦓	မြင်းကျား, အစင်းကျား
🦌	တိရစ္ဆာန်, သမင်
🐮	နွား, နွားမရုပ်, မျက်နှာ
🐂	ဆယ့်နှစ်ရာသီခွင်, နွားထီး, သင်းပြီးနွားထီး
🐃	ကျွဲ, ရေ
🐄	နှားမ
🐷	မျက်နှာ, ဝက်, ဝက်ရုပ်
🐖	ဝက်, ဝက်မ
🐗	တောဝက်, ဝက်
🐽	နှာခေါင်း, မျက်နှာ, ဝက်, ဝက်နှာခေါင်း
🐏	ဆယ့်နှစ်ရာသီခွင်, မိဿရာသီ, သိုး, သိုးထီး, အထီး
🐑	သိုး, သိုးမ
🐐	ဆယ့်နှစ်ရာသီခွင်, ဆိတ်, မကရရာသီ
🐪	ကုလားအုတ်, ဘို့, ဘို့တစ်လုံး ကုလားအုတ်
🐫	ကုလားအုတ်, ဘို့, ဘို့နှစ်ဘို့ရှိ ကုလားအုတ်, ဘို့နှစ်လုံး ကုလားအုတ်
🦙	ဂွာနာကို, ဗီကွန်းနာ, လာမာ ကုလားအုတ်, သိုးမွေး, အယ်လ်ပါကာ ကုလားအုတ်
🦒	သစ်ကုလားအုတ်, အစက်များ
🐘	ဆင်
🦏	ကြံ့, တိရစ္ဆာန်
🦛	ရေမြင်း
🐭	ကြွက်, ကြွက် မျက်နှာ, မျက်နှာ
🐁	ကြွက်, ကြွက်ငယ်
🐀	ကြွက်
🐹	မျက်နှာ, မြီးတိုပါးတွဲကြွက်, မြီးတိုပါးတွဲကြွက်ရုပ်, အိမ်မွေးတိရစ္ဆာန်
🐰	မျက်နှာ, ယုန်, ယုန်ကလေး, ယုန်ရုပ်, အိမ်မွေးတိရစ္ဆာန်
🐇	ယုန်, ယုန်ကလေး, အိမ်မွေးတိရစ္ဆာန်
🐿	ကျောရိုးတွင် အဖြူအနက်စင်းပါ ရှဥ့်ငယ်တမျိုး, ရှဥ့်
🦔	ဖြူ, ဖြူငယ်
🦇	တိရစ္ဆာန်, လင်းနို့, သွေးစုပ်ဖုတ်ကောင်
🐻	မျက်နှာ, ဝက်ဝံ, ဝက်ဝံရုပ်
🐨	ကိုအာလာ, ဝက်ဝံ
🐼	ပန်ဒါ, ပန်ဒါရုပ်, မျက်နှာ
🦘	ခုန်ခြင်း, သားပိုက်ကောင်, သားပိုက်ကောင်ငယ်, သားပိုက်ကောင်မျိုးနွယ်, သြစတြေးလျား
🦡	ခွေးတူဝက်တူ, ဖျံမျိုးရင်းသားစားသတ္တဝါ
🐾	ခြေထောက်, ခြေရာ, တိရစ္ဆာန် ခြေရာ, တိရိစ္ဆာန် ခြေရာ, ဖဝါး
🦃	ကြက်ဆင်
🐔	ကြက်
🐓	ကွကျဖ
🐣	ကြက်ပေါက်စ, ပေါက်ခါစ ကြက်ကလေး
🐤	ကြက်ကလေး, ကြက်ပေါက်စ, ကြက်ပေါက်စကလေး, ပေါက်စ
🐥	ကြက်ကလေး, ကြက်ပေါက်စ, ရှေ့သို့မျက်နှာမူထားသည့် ကြက်ပေါက်စ
🐦	ငှက်
🐧	ပင်ဂွင်းငှက်
🕊	ချိုးငှက်, ငြိမ်းချမ်းရေး, ငှက်, ပျံသန်းခြင်း
🦅	ငှက်, လင်းယုန်
🦆	ငှက်, ဘဲ
🦢	ငန်း, ငန်းပေါက်စ, ငှက်, ဒေါင်းမျိုး
🦉	ငှက်, ဇီးကွက်, ပညာရှိ
🦚	ငှက်, ဒေါင်း, ဒေါင်းမ, မော်ကြွားသော, ဝင့်ကြွားသော
🦜	ကြက်တူရွေး, ငှက်, စကားပြော, ပင်လယ်ဓားပြ
🐸	ဖား, ဖားရုပ်, မျက်နှာ
🐊	မိကျောင်း
🐢	လိပ်
🦎	တွားသွားသတ္တဝါ, အိမ်မြှောင်
🐍	ဆယ့်နှစ်ရာသီခွင်, မြွေ, မြွေနဂါး
🐲	နဂါး, နဂါးရုပ်, နတ်သမီးပုံပြင်, မျက်နှာ
🐉	နဂါး, ပုံပြင်
🦕	ဆော်ရိုပေါ့ဒ်, ဒိုင်ပလိုဒိုးကပ်စ်, ဘရာခီယိုဆောရက်စ်, ဘရွန်တိုဆောရက်
🦖	တိုင်ရန်နိုဆောရက်စ် ရက်စ်, တီ ရက်စ်
🐳	မျက်နှာ, ရေပန်း, ရေမှုတ်ထုတ်နေသည့် ဝေလငါး, ဝေလငါး
🐋	ဝလေငါး
🐬	လင်းပိုင်
🐟	ငါး, ဆယ့်နှစ်ရာသီခွင်, မိန်ရာသီ
🐠	ငါး, အပူပိုင်း, အပူပိုင်း ငါး
🐡	ငါး, ငါးပူဖောင်း
🦈	ငါး, ငါးမန်း
🐙	ဘဝဲ, ရဘေဝဲ
🐚	ကြောင်လိမ်, ခရုခွံ
🦀	ကဏန်း, ကရကဋ်ရာသီ, ဆယ့်နှစ်ရာသီခွင်
🦞	ကဏန်းလက်မ, ကျောက်ပုစွန်, ခုံးဟင်းရည်, ပင်လယ်စာ
🦐	ဂုံး, ပုစွန်, သေးသေး, အစားအသောက်
🦑	ခရု, ပြည်ကြီးငါး, အစားအသောက်
🐌	ခရု
🦋	ချစ်စဖွယ်, ပိုးမွှား, လိပ်ပြာ
🐛	ပိုးကောင်, ပိုးကောင်ကလေး, အင်းဆက်ပိုး
🐜	ပုရွက်ဆိတ်, အင်းဆက်
🐝	ပျား, အင်းဆက်ပိုး
🐞	ပိုးတောင်မာ, လေဒီဘတ်, အင်းဆက်ပိုး
🦗	နှံကောင်, ပုရစ်ကောင်
🕷	ပင့်ကူ, ပိုးမွှား
🕸	ပင့်ကူ, ပင့်ကူမျှင်
🦂	ကင်းမြီးကောက်, ဆယ့်နှစ်ရာသီခွင်, ဗြိစ္ဆာရာသီ
🦟	ခြင်, ငှက်ဖျား, ပိုးကောင်, ဖျားနာခြင်း, ဗိုင်းရပ်စ်, ရောဂါ
🦠	ဗက်တီးရီးယား, ဗိုင်းရပ်စ်, အဏုဇီဝရုပ်, အမီးဗား
💐	ပန်း, ပန်းစည်း
🌸	ချယ်ရီပန်း, ပန်း, ပန်းပွင့်ခြင်း
💮	ပန်း, ပန်းဖြူ
🏵	နှင်းဆီပွင့်ပုံစံ, နှင်းဆီပွင့်ပုံစံ ရင်ထိုး, အပင်
🌹	နှင်းဆီပန်း, ပန်း
🥀	ညှိုးနွမ်း, ပန်း, ပန်းညှိုးတစ်ပွင့်
🌺	ခေါင်ရန်းပန်း, ပန်း
🌻	နေ, နေကြာပန်း, ပန်း
🌼	ပန်း, ပန်းပွင့်, ပန်းပွင့်ခြင်း
🌷	ကျူးလစ်ပန်း, ပန်း
🌱	ပျိုးပင်, အပင်ငယ်
🌲	သစ်ပင်, အမြဲစိမ်း, အမြဲစိမ်းသစ်ပင်, အမွဲစိမျး
🌳	ရွက်ပြတ်ပင်, သစ်ပင်, သစ်ရွက်ကြွေခြင်း
🌴	ထန်းပင်, ထန်းမျိုးအပင်, သစ်ပင်
🌵	ရှားစောင်းပင်, အပင်
🌾	ကောက်နှံပင်, ဆန်, အဆန်, အနှံ
🌿	ဆေးဖက်ဝင်အပင်, အရွက်
☘	ပဲမျိုးရင်း အပင်ငယ်, အပင်
🍀	ပဲရိုင်းပင်, လေး, လေးရွက်ဆိုင် ပဲရိုင်းပင်, အရွက်, ၄
🍁	မေပယ်, မေပယ်ရွက်, သစ်ရွက်ကြွေခြင်း, အရွက်
🍂	ကြွေကျခြင်း, ရွက်ကြွေ, သစ်ရွက်ကြွေခြင်း, အရွက်
🍃	တဖျပ်ဖျပ် ရစ်ဝဲကျသည်, လေ, လေနှင်ရာ လွင့်နေသည့် အရွက်, လေနှင်ရာလွင့်နေသည့် အရွက်, လွင့်သည်, အရွက်
🍇	စပျစ်ခိုင်, စပျစ်သီး, အသီး
🍈	သခွားမွှေး, အသီး
🍉	ဖရဲသီး, အသီး
🍊	လိမ္မော်သီး, အခွံပွလိမ္မော်သီး, အသီး
🍋	ရှောက်, ရှောက်သီး, အသီး
🍌	ငှက်ပျောသီး, အသီး
🍍	နာနတ်သီး, အသီး
🥭	သရက်သီး, အပူပိုင်း, အသီး
🍎	ပန်းသီး, ပန်းသီးအနီ, အနီရောင်ပန်းသီး, အသီး
🍏	ပန်းသီး, ပန်းသီးစိမ်း, အစိမ်းရောင်ပန်းသီး, အသီး
🍐	သစ်တော်သီး, အသီး
🍑	မက်မွန်သီး, အသီး
🍒	ချယ်ရီသီး, ချယ်ရီသီးများ, ဘယ်ရီသီး, အနီရောင်ချယ်ရီသီး, အသီး
🍓	စတော်ဘယ်ရီ, ဘယ်ရီသီး, အသီး
🥝	ကီဝီသီး, သစ်သီး, အစားအသောက်
🍅	ခရမ်းချဉ်သီး, ဟင်းသီးဟင်းရွက်, အသီး
🥥	ထန်းပင်, ပီညာ ကလာဒါ, အုန်းသီး
🥑	ထောပတ်သီး, သစ်သီး, အစားအသောက်
🍆	ခရမ်းသီး, ဟင်းသီးဟင်းရွက်
🥔	အစားအသောက်, အသီးအနှံ, အာလူး, အားလူး
🥕	မုန်လာဥ, အစားအသောက်, အသီးအနှံ
🌽	ပြောင်းနှံ, ပြောင်းဖူး, ပြောင်းဖူးစေ့, ဝင်္ကပါ, အနှံ
🌶	ငရုတ်သီး, အစပ်
🥒	ဆားရည်စိမ်, သခွားသီး, အစားအသောက်, အသီးအနှံ
🥬	ကိုက်လန်, ဂေါ်ဖီထုပ်, ဆလတ်ရွက်, တရုတ် ဂေါ်ဖီ, အရွက်ဖားဖား သစ်ရွက်စိမ်း
🥦	ဂေါ်ဖီထုပ် အရိုင်း, ပန်းဂေါ်ဖီစိမ်း
🍄	မှို, အပင်
🥜	မြေပဲ, အခွံမာသီး, အစားအသောက်, အသီးအနှံ
🌰	သစ်အယ်သီး, အပင်
🍞	ပေါင်မုန့်, ပေါင်မုန့်တုံး
🥐	ပေါင်မုန့်, ပြင်သစ်, လခြမ်းကွေးပေါင်မုန့်, လခြမ်းကွေးပေါင်မုန့်လိပ်, အစားအသောက်
🥖	ပေါင်မုန့်, ပြင်သစ်, ပြင်သစ်ပေါင်မုန့်, အစားအသောက်
🥨	မုန့်ကြိုးလိမ်, လိမ်ထားသော
🥯	ထောပတ်, ပေါင်မုန့်အကွင်း, မုန့်ဖုတ်လုပ်ငန်း
🥞	မုန့်အိုးကင်းကြော်, အစားအသောက်
🧀	ဒိန်ခဲ, ဒိန်ခဲ အတုံး
🍖	အရိုး, အရိုးပါ အသား, အသား
🍗	ကြက်ခြေထောက်, ကြက်ငှက်, ကြက်ပေါင်, ကြက်သား, အရိုး
🥩	ကင်ရန်အမဲသား, ဝက်သားတုံး, သိုးသား, အတုံး, အသားပြား
🥓	ဝက်ပေါင်ခြောက်, အစားအသောက်, အသား
🍔	ဘားဂါး, ဟမ်ဘာဂါ, ဟမျဘာဂါ
🍟	အာလူးကြော်, အာလူးချောင်းကြော်
🍕	ဒိန်ခဲ, ပီဇာ, အချပ်
🌭	နီကြင်ကြင် ဝက်အူချောင်း, ဝက်အူချောင်း, ဟော့ဒေါ့
🥪	ပေါင်မုန့်, အသားညှပ်ပေါင်မုန့်
🌮	တာကို, မက်ဆီကန်
🌯	ဘူရီတို, မက္ကဆီကန်
🥙	ခဘတ်, နံပြား, နံပြားအစာသွတ်, ဘယာကြော်, အစားအသောက်
🥚	အစားအသောက်, ဥ
🍳	ကြော်လှော်ခြင်း, ချက်ပြုတ်ခြင်း, ဒယ်အိုး, ဥ
🥘	ဒယ်အိုးပါး, ဒယ်အိုးပါးနှင့်စားစရာ, ပီယာလာ, အစားအသောက်
🍲	ပြုတ်ချက်, အစားအစာ အိုး, အိုး, အိုးနှင့် စားစရာ
🥣	ဇွန်းနှင့် ဟင်းခွက်, နံနက်စာ, အနှံအစေ့
🥗	အစားအသောက်, အရွက်စိမ်း, အရွက်သုပ်, အသုပ်
🍿	ပြောင်းဖူးပေါက်ပေါက်
🧂	ဆား, ဟင်းခတ်မှုန့်, ဟင်းခတ်မှုန့် ဘူး
🥫	စည်သွပ်အစားအစာ, ဗူး
🍱	ထမင်းဘူး, ဘင်တို ဘူး
🍘	ခရက်ကာ, ထမင်းခြောက်မုန့်
🍙	ဂျပန်, ထမင်း, ထမင်းလုံး
🍚	ချက်ထားသော ထမင်း, ထမင်း
🍛	ထမင်း, ထမင်းဟင်း, ဟင်း
🍜	ခေါက်ဆွဲ, ခေါက်ဆွဲပြုပ် ပန်းကန်လုံး, ပန်းကန်လုံး, ရမင်, အငွေ့ပျံ
🍝	ပါစတာ, အီတလီခေါက်ဆွဲ
🍠	ကင်ထားသည့် ကန်စွန်းဥ, ကန်စွန်းဥ
🍢	ခဘတ်, ပင်လယ်စာ, သီတံ, အချောင်း, အိုဒင်, အိုဒင်း
🍣	ဆူရီူ, ဆူရှီ
🍤	တမ်ပူရာ, ပုစွန်ဆိတ်, ပုစွန်ထုပ်, ပုဇွန်ကြော်, အကြော်
🍥	ကိတ်မုန့်, ဂျုံမုန့်, ငါး, ငါးဆုပ် အလိပ်, အလိပ်
🥮	ဆောင်းဦးရာသီ, တရုတ် လမုန့်, ပွဲတော်, လမုန့်
🍡	ဂျပန်, ဒန်ဂို, သီတံ, အချိုပွဲ, အချောင်း
🥟	ဝက်ကောက်ညှင်း, အစာသွတ်မုန့်
🥠	တရုတ်မုန့်, ပရောဖေစီ
🥡	စက္ကူနှင့်လုပ်တဲ့ ထည့်စရာပုံး, ထုပ်ယူသွားနိုင်သည့် ဘူး
🍦	မလိုင်, ရေခဲ, ရေခဲမုန့်, ရေခဲမုန့် အပျော့, အချို, အချိုပွဲ
🍧	ရေခဲ, ရေခဲခြစ်, ရေခဲခြစ်မုန့်, အချို, အချိုပွဲ
🍨	မလိုင်, ရေခဲ, ရေခဲမုန့်, အချို, အချိုပွဲ
🍩	ဒိုးနတ်, ဒိုးနပ်, အချို, အချိုပွဲ
🍪	ကွတ်ကီး, အချို, အချိုပွဲ
🎂	ကိတ်မုန့်, မွေးနေ့, မွေးနေ့ ကိတ်မုန့်, အချို, အချိုပွဲ, အောင်ပွဲခံခြင်း
🍰	ကိတ်, အချိုပွဲ, အသီးနှင့်မလိုင်အုပ် ကိတ်မုန့်
🧁	ကြက်ဥမုန့်, မုန့်ဖုတ်လုပ်ငန်း, အချိုမုန့်
🥧	ပိုင်မုန့်, အစာသှပျမုနျု့
🍫	ချောကလက်, ချောကလက် အချောင်း, အချို, အချိုပွဲ, အချောင်း
🍬	သကြားလုံး, အချို, အချိုပွဲ
🍭	ချိုချဉ်, ချိုချဉ်ပလုတ်တုတ်, အချို, အချိုပွဲ
🍮	ပူတင်း, အချို, အချိုပွဲ
🍯	ပျားရည်, ပျားရည်အိုး, အချို, အိုး
🍼	ကလေးငယ်, ကလေးနို့ဗူး, နို့, နို့ဘူး
🥛	နွားနို့, နွားနို့တစ်ခွက်, ဖန်ခွက်, အသောက်
☕	ကော်ဖီ, လက်ဖက်ရည်, သောက်စရာ, သောက်စရာ အပူ, အငွေ့ထွက်, အပူ
🍵	ပန်းကန်လုံး, လက်ကိုင်ကိုင်းမပါ လက်ဖက်ရည် ပန်းကန်လုံး, လက်ဖက်ရည်, လက်ဖက်ရည် ပန်းကန်လုံး, သောက်စရာ
🍶	ခွက်, ဆာကေ, ဆာကေး, ပုလင်း, ဘား, သောက်စရာ
🍾	ပုလင်း, ဖော့ဆို့, ဖော့ဆို့ လွင့်ထွက်လာနေသည့် ပုလင်းပုံ, ဘား, လွင့်ထွက်ပွင့်လာမည့် ဖော့ဆို့ပါ ပုလင်း, သောက်စရာ
🍷	ခွက်, ဘား, ဝိုင်, ဝိုင်ခွက်, သောက်စရာ
🍸	ကောက်တေး, ခွက်, ဘား, သောက်စရာ, အရက်စုံယမကာခွက်
🍹	ဘား, သောက်စရာ, အပူပိုင်း, အပူပိုင်းဒေသ ဖျော်ရေ
🍺	ဘား, ဘီယာ, ဘီယာ မတ်ခွက်, မတ်ခွက်, သောက်စရာ
🍻	ချွင်ချွင်မြည်, ဘား, ဘီယာ, ဘီယာမတ်ခွက်များ အသံမြည်အောင် ထိခြင်း, ဘီယာမတ်ခွက်များဖြင့် အသံမြည်အောင် ထိပေးခြင်း, မတ်ခွက်
🥂	ဖန်ခွက်, ဖန်ခွက်ခြင်းထိသည်, ဖန်ခွက်ထိ, အသောက်, အောင်ပွဲ
🥃	ဖန်ခွက်, ဝီစကီ, အရက်ပြင်း, အောက်ခြေပြား, အောက်ခြေပြား ဖန်ခွက်
🥤	ဆိုဒါ, ပိုက်နှင့်ခွက်, သစ်သီးဖျော်ရည်
🥢	စားတူ, ဟာရှီ (စားတူ)
🍽	ခက်ရင်း, ခက်ရင်း ဓားနှင့် ပန်းကန်, ချက်ပြုတ်ခြင်း, ဇွန်း ခက်ရင်းနှင့် ပန်းကန်, ဓား, ပန်းကန်
🍴	ခက်ရင်း, ခက်ရင်းနှင့် ဓား, ချက်ပြုတ်ခြင်း, ဓား, ပန်းကန်ခွက်ယောက်
🥄	ဇွန်း, ပန်းကန်ခွက်ယောက်
🔪	ကိရိယာ, ချက်ပြုတ်ခြင်း, ဓား, မီးဖိုသုံး ဓား, လက်နက်
🏺	ကရား, ကုံရာသီ, ချက်ပြုတ်ခြင်း, ဂရိစဉ့်အိုး, စဥ့်အိုး, ဆယ့်နှစ်ရာသီခွင်
🌍	ဥရောပနှင့် အာဖရိကကို ပြသထားသည့် ကမ္ဘာလုံး, ဥရောပ၊ အာဖရိက၊ မြေကြီး၊ ကမ္ဘာလုံး၊ ကမ္ဘာ
🌎	အမေရိကတိုက်များကို ပြသထားသည့် ကမ္ဘာလုံး, အမေရိက၊ မြေကြီး၊ ကမ္ဘာလုံး၊ ကမ္ဘာ
🌏	အာရှ၊ ဩစတြေးလျ၊ မြေကြီး၊ ကမ္ဘာလုံး၊ ကမ္ဘာ, အာရှ−ဩစတြေးလျကို ပြသထားသည့် ကမ္ဘာလုံး
🌐	လောင်ဂျီတွဒ်များပါသည့် ကမ္ဘာလုံး, လောင်ဂျီတွဒ်များ၊ မြေကြီး၊ ကမ္ဘာလုံး၊ ကမ္ဘာ
🗺	ကမ္ဘာ့မြေပုံ, ကမ္ဘာ၊ မြေပုံ
🗾	ဂျပန်နိုင်ငံမြေပုံ, ဂျပန်၊ မြေပုံ
🧭	မြေပုံနှင့်သံလိုက်အိမ်မြှောင်သုံး တောလမ်းခရီး ခြေကျင်လျှောက်ပြိုင်ပွဲ, လမ်းညွှန်, သံလိုက်သတ္တိ, သံလိုက်အိမ်မြှောင်
🏔	ဆီးနှင်းဖုံးနေသည့် တောင်, အေး၊ တောင်၊ ဆီးနှင်း
⛰	တောင်
🌋	ပေါက်ကွဲ၊ တောင်၊ မိုးလေဝသ, မီးတောင်
🗻	ဖူဂျီတောင်, ဖူဂျီ၊ တောင်
🏕	စခန်းချနေခြင်း, စခန်း၊ နေ
🏖	ကမ်းခြေနှင့် ထီး, သောင်ယံ၊ ထီး
🏜	သဲကန်တာရ
🏝	လူသူမရှိ၊ ကျွန်း, လူသူမဲ့ကျွန်း
🏞	အမျိုးသား ဥယျာဉ်, ဥယျာဥ်
🏟	ဘောလုံးကွင်း
🏛	ရှေးရိုး အဆောက်အအုံ, ရှေးရိုး၊ အဆောက်အအုံ
🏗	အဆောက်အအုံများ ဆောက်လုပ်ခြင်း, အဆောက်အအုံ၊ ဆောက်လုပ်ခြင်း
🧱	တံတိုင်း, ရွှံ့, အင်္ဂတေ, အုတ်
🏘	အိမ်ယာ၊ အဆောက်အအုံ, အိမ်ရာ အဆောက်အအုံများ
🏚	စွန့်ပစ်နေရာ၊ အိမ်ယာ၊ အဆောက်အအုံ, စွန့်ပစ်အိမ်ရာ, ပိုင်ရှင်စွန့်နေရာများတွင် အိမ်ရာဆောက်လုပ်ခြင်း
🏠	အိမ်, အိမ်ယာ၊ အိမ်၊ အဆောက်အအုံ, အိမ်ရာ ဆောက်လုပ်ခြင်း
🏡	ပန်းခြံနှင့် အိမ်, ပန်းခြံ၊ အိမ်ယာ၊ အဆောက်အအုံ၊ အိမ်
🏢	ရုံး အဆောက်အအုံ, အဆောက်အအုံ
🏣	ဂျပန် စာတိုက်, ဂျပန်၊ အဆောက်အအုံ၊ စာတိုက်
🏤	စာတိုက်, ဥရောပ၊ အဆောက်အအုံ၊ စာတိုက်
🏥	ဆရာဝန်၊ ဆေးကုသ၊ အဆောက်အအုံ, ဆေးရုံ
🏦	ဘဏ်, အဆောက်အအုံ
🏨	ဟိုတယ်, အဆောက်အအုံ
🏩	ချစ်သူ ဟိုတယ်, အဆောက်အအုံ ချစ်၊ ဟော်တယ်
🏪	ကုန်စုံဆိုင်, ကုန်စုံ၊ စတိုး၊ အဆောက်အအုံ
🏫	ကျောင်း, အဆောက်အအုံ
🏬	စတိုးဆိုင်ကြီး, အဆောက်အအုံ၊ ရပ်ကွက်၊ စတိုး
🏭	စက်ရုံ, အဆောက်အအုံ
🏯	ဂျပန် ရဲတိုက်, အဆောက်အအုံ၊ ဂျပန်၊ ရဲတိုက်
🏰	ရဲတိုက်, အဆောက်အအုံ၊ ဥရောပ
💒	ဘုရားကျောင်း၊ ချစ်, မင်္ဂလာဆောင်
🗼	တိုကျို မျှော်စင်, တိုကျို၊ မျှော်စင်
🗽	လေဘာတီ, လေဘာတီ ရုပ်တု, အထိန်းအမှတ်
⛪	ခရစ်ယာန် ဘုရားကျောင်း, အဆောက်အအုံ၊ ခရစ်ယာန်၊ ကားတိုင်၊ ဘာသာရေး
🕌	ဗလီကျောင်း, အစ္စလမ်၊ မူဆလင်၊ ဘာသာရေ
🕍	ဂျူးဘုရားရှိခိုးကျောင်း, ဂျူး၊ ဂျူးလူမျိုး၊ ဘာသာရေး၊ ဘုရားရှိခိုးကျောင်း
⛩	ရှင်တို ဘုရားကျောင်း, ရှင်တို၊ ဘာသာရေး၊ ဘုရားကျောင်း
🕋	kaaba, အစ္စလမ်၊ မူဆလင်၊ ဘာသာရေး
⛲	ရေပန်း, အလှပြ ရေပန်း
⛺	ရွက်တဲ, ရွက်တဲ၊ စခန်း, ရွက်ဖျင်တဲ
🌁	မြူအုံ့ဆိုင်းသော, မြူ၊ မိုးလေဝသ
🌃	ကြယ်များလင်းသည့် ည, ကြယ်၊ မိုးလေဝသ၊ ည
🏙	မြို့ပြရှုခင်း, အဆောက်အအုံ၊ မြို့
🌄	တောင်ကြောပေါ်မှာ နေထွက်ခြင်း, နံနက်၊ တောင်၊ နေ၊ နေထွက်၊ မိုးလေဝသ
🌅	နေထွက်ခြင်း, နံနက်၊ နေ၊ မိုးလေဝသ
🌆	နေဝင်ဆည်းဆာချိန် မြို့ပြရှုခင်း, အဆောက်အအုံ၊ မြို့၊ နေဝင်၊ ဆည်းဆာ၊ ရှုခင်း၊ မိုးလေဝသ
🌇	နေဝင်ချိန်, အဆောက်အအုံ၊ မြို့၊ နေ၊ မိုးလေဝသ
🌉	ညအချိန်မှာ တံတား, ည၊ တံတား၊ မိုးလေဝသ
♨	ရေပူစမ်းများ, ရေပူစမ်း၊ ပူ၊ စမ်း၊ အငွေ့
🌌	နဂါးငွေ့တန်း, အာကာသ၊ မိုးလေဝသ
🎠	ချားရဟတ် မြင်း, ချားရဟတ်၊ မြင်း
🎡	ချားရဟတ်, ပျော်ပွဲရွှင်ပွဲ ပန်းခြံ၊ ရဟတ်
🎢	ပျော်ပွဲရွှင်ပွဲ ပန်းခြံ၊ သည်းဖို၊ ရထား, သည်းဖိုရထား
💈	ဆံပင်ညှပ်ဆိုင် တိုင်, ဆံပင်၊ညှပ်ဆရာ၊ တိုင်
🎪	ဆပ်ကပ်, ဆပ်ကပ်တဲ, တဲ
🚂	မီးရထားစက်ခေါင်း, အင်ဂျင်၊ သံလမ်း၊ ရထား၊ ယာဥ်
🚃	ရထားတွဲ, အင်ဂျင်၊ သံလမ်း၊ ရထား၊ ယာဥ်၊ ရထားတွဲ၊ လျှပ်စစ်၊ ထရော်လီဘတ်စ်၊
🚄	သံလမ်း၊ ရထား၊ ယာဥ်၊ နှုန်း၊ ရှင်ကန်စင်၊ ရထား, အမြန်ရထား
🚅	ကျည်ဆံရထား, ကျည်ဆံ၊ သံလမ်း၊ ရှင်ကန်စင်၊ နှုန်း၊ ရထား၊ ယာဥ်, ကျည်ထိပ်ဖူးခေါင်းတွဲဖြင့် အမြန်ရထား
🚆	ရထား, ရထား၊ ယာဥျ
🚇	မြေအောက်ရထား, မြေအောက်၊ ယာဥ်
🚈	သံလမ်း၊ ယာဥ်, အပေါ့စား ရထား
🚉	ဘူတာရုံ, သံလမျး၊ ရထား၊ ယာဥျ
🚊	ထရော်လီဘတ်စ်၊ ယာဥ်, ဓာတ်ရထား
🚝	မိုနိုရထား, ယာဥ်
🚞	တောင်ပ​ေါ် ရထားလမ်း, တောင်၊ ရထားတွဲ၊ သံလမ်း၊ ယာဥ်
🚋	ဓာတ်ရထားတွဲ, ရထားတွဲ၊ ဓာတ်ရထား၊ ထရော်လီဘတ်စ်၊ ယာဥ်
🚌	ဘတ်စ်ကား, ယာဥ်
🚍	လာနေသည့် ဘတ်စ်ကား, လာနေ၊ ဘတ်စ်ကား၊ ယာဥ်
🚎	ထရော်လီဘတ်စ်ကား, ထရော်လီ၊ ဘတ်စ်ကား၊ ဘတ်စ်ကား၊ ဓာတ်ရထား၊ ယာဥ်
🚐	ဘတ်စ်ကား၊ ယာဥ်, မီနီဘတ်စ်ကား
🚑	ယာဥ်, လူနာတင်ကား
🚒	မီးသတ်ကား, အင်ဂျင်၊ မီး၊ ထရပ်ကား၊ ယာဥ်
🚓	ကား၊ ကင်းလှည့်၊ ပုလိပ်၊ ယာဥ်, ရဲကား
🚔	လာနေသည့် ရဲကား, လာနေ၊ ကား၊ ပုလိပ်၊ ယာဥ်
🚕	တက်ကစီ, ယာဥျ
🚖	လာနေသည့် တက္ကစီ, လာနေ၊ တက္ကစီ၊ ယာဥ်
🚗	ကား၊ ယာဥ်, မော်တော်ကား
🚘	မော်တော်ကား၊ လာနေ၊ ယာဥ်၊ ကား, လာနေသည့် မော်တော်ကား
🚙	ခရီးကြမ်းသုံးယာဉ်, လူစီးယာဉ်, အပန်းဖြေရေး၊ rv၊ ယာဥ်
🚚	ပစ္စည်းပို့သည့် ထရပ်ကား, ပစ္စည်းပို့၊ ထရပ်ကား၊ ယာဥ်
🚛	ချိတ်တွဲထားသည့် လော်ရီကား, လော်ရီ၊ ချိတ်ကား၊ ထရပ်ကား၊ ယာဥ်
🚜	ယာဥ်, လယ်ထွန်စက်
🚲	စက်ဘီး, စက်ဘီး၊ ယာဥ်
🛴	ခြေကန်, စကူတာ
🛹	စကိတ်လျှောပြား, လျှောပြား
🛵	စကူတာ, မော်တာ, မော်တာစက်တပ် စကူတာ
🚏	ဘတ်စ်ကား မှတ်တိုင်, ဘတ်စ်ကား၊ ဘတ်စ်ကား မှတ်တိုင်၊ ရပ်
🛣	ကားလမ်း, ကားလမ်း၊ လမ်း
🛤	သံလမ်း, သံလမျး, သံလမျး၊ ရထား
🛢	ဆီ စည်ပိုင်း, ဆီ၊ စည်ပိုင်း
⛽	ဆီဖြည့်တိုင်, လောင်စာ၊ လောင်စာ မှုတ်စက်၊ ဓာတ်ငွေ့၊ မှုတ်စက်၊ ဆိုင်
🚨	ရဲကား အချက်ပြမီး, အချက်ပြမီး၊ ကား၊ မီး၊ ပုလိပ်၊ လည်နေ၊ ယာဥ်
🚥	ဘေးတိုက် အချက်ပြမီး, မီး၊ အချက်ပြ၊ ယာဥ်ကြော
🚦	မီး၊ အချက်ပြ၊ ယာဥ်ကြော, ​ဒေါင်လိုက် အချက်ပြမီး
🛑	ဆိုင်းဘုတ်, ရပ်, ရပ်ရန် ဆိုင်းဘုတ်, အဋ္ဌဂံ
🚧	ဆောက်လုပ်ရေး, အဆောက်အအုံ, အတားအဆီး
⚓	ကျောက်ဆူး, သင်္ဘော၊ တန်ဆာပလာ
⛵	ရွက်လှေ, ရွက်၊ လှေ၊ အပန်းဖြေ၊ ယာဥ်၊ ပင်လယ်
🛶	ကနူး, လှေ
🚤	လှေ၊ ယာဥ်, အမြန်စက်လှေ
🛳	ခရီးသည်တင် သင်္ဘော, ခရီးသည်၊ သင်္ဘော၊ ယာဥ်
⛴	ကူးတို့, လှေ
🛥	စက်တပ် လှေ, လှေ၊ ယာဥ်၊ စက်တပ် လှေ
🚢	ယာဥ်, သင်္ဘော
✈	ယာဥ်, လေယာဉ်
🛩	လေယာဉ်ငယ်, လေယာဥ်၊ ယာဥ်
🛫	လေယာဉ် ထွက်ခွာခြင်း, လေယာဥ်၊ စာရင်းသွင်းခြင်း၊ ထွက်၊ ထွက်ချိန်များ၊ ယာဥ်
🛬	လေယာဉ် ဆိုက်ရောက်ခြင်း, လေယာဥ်၊ ဆိုက်ရောက်၊ ဆိုက်ရောက်နေ၊ ဆင်းနေ၊ ယာဥ်
💺	ကုလားထိုင်, ထိုင်ခုံ
🚁	ယာဥ်, ရဟတ်ယာဉ်
🚟	ဓာတ်ကြိုးတပ် ရထား, သံလမ်း၊ သံကြိုး၊ ယာဥ်
🚠	တောင်တက် ဓာတ်ကြိုးရထားလမ်း, တောင်၊ သံကြိုး၊ ငွန်ဒိုလာ၊ ယာဥ်
🚡	ဝေဟင် ဓာတ်ရထားလမ်း, ဝေဟင်၊ ဓာတ်ရထားလမ်း၊ ကြိုးလမ်း၊ သံကြိုး၊ ဂွန်ဒိုလာ၊ ယာဥ်၊ ရထားတွဲ
🛰	ဂြိုဟ်တု, အာကာသ၊ ယာဥ်
🚀	ဒုံးယာဉ်, အာကာသ၊ ယာဥ်
🛸	ပန်းကန်ပြားနှင့်တူသည့် ယာဥ်ပျံ, ပန်းကန်ပြားပျံ
🛎	နှိပ်ခေါင်းလောင်း, နှိပ်ခေါင်းလောင်း၊ ခေါင်းလောင်း၊ ဟော်တယ်
🧳	ခရီးဆောင်အိတ်, ခရီးသွားခြင်း, ထုတ်ပိုးခြင်း
⌛	သဲနာရီ, သဲ၊ တိုင်မား
⏳	တစ်နာရီမပြည့်သေးသည့် သဲနာရီ, သဲစီးကျနေသည့် သဲနာရီ, သဲနာရီ၊ သဲ၊ တိုင်မား
⌚	နာရီ, လက်ပတ်နာရီ
⏰	နှိုးစက်နာရီ, နှိုးစက်၊ နာရီ
⏱	နာရီ, အချိန်ဖမ်းနာရီ
⏲	တိုင်မား၊ နာရီ, အချိန်မှတ်နာရီ
🕰	နာရီ, မီးလင်းဖိုစင် နာရီ
🕛	ဆယ့်နှစ်နာရီ, ၀၀၊ ၁၂၊ ၁၂ ၀၀၊ နာရီ၊ ဆယ့်နှစ်၊ နာရီ
🕧	ဆယ့်နှစ်နာရီခွဲ, ၁၂၊ ၁၂၊ ၃၀၊ ၃၀၊ နာရီ၊ ဆယ့်နှစ်၊ နာရီခွဲ
🕐	တစ်နာရီ, ၀၀၊ ၁၊ ၁ ၀၀၊ နာရီ၊ တစ်၊ နာရီ
🕜	တစ်နာရီခွဲ, ၁၊ ၁ ၃၀၊ နာရီ၊ တစ်၊ နာရီခွဲ
🕑	နှစ်နာရီ, ၀၀၊ ၂၊ ၂ ၀၀၊ နာရီ၊ နှစ်၊ နာရီ
🕝	နှစ်နာရီခွဲ, ၂၊ ၂ ၃၀၊ နာရီ၊ နှစ်၊ နာရီခွဲ
🕒	သုံးနာရီ, ၀၀၊ ၃၊ ၃ ၀၀၊ နာရီ၊ သုံး၊ နာရီ
🕞	သုံးနာရီခွဲ, ၃၊ ၃ ၃၀၊ နာရီ၊ သုံး၊ နာရီခွဲ
🕓	လေးနာရီ, ၀၀၊ ၄၊ ၄ ၀၀၊ နာရီ၊ လေး၊ နာရီ
🕟	လေးနာရီခွဲ, ၃၀၊ ၄၊ ၄ ၃၀၊ လေး၊ နာရီခွဲ
🕔	ငါးနာရီ, ၀၀၊ ၅၊ ၅ ၀၀၊ ငါး၊ နာရီ
🕠	ငါးနာရီခွဲ, ၃၀၊ နာရီ၊ ငါး၊ နာရီခွဲ, ၃၀၊ ၅၊ ၅
🕕	ခြောက်နာရီ, ၀၀၊ ၆၊ ၆ ၀၀၊ နာရီ၊ ခြောက်၊ နာရီ
🕡	ခြောက်နာရီခွဲ, ၃၀၊ ၆၊ ၆ ၃၀၊ နာရီ၊ ခြောက်၊ နာရီခွဲ
🕖	ခုနစ်နာရီ, ၀၀၊ ၇၊ ၇ ၀၀၊ နာရီ၊ ခုနစ်၊ နာရီ
🕢	ခုနစ်နာရီခွဲ, ၃၀၊ ၇၊ ရ ၃၀၊ နာရီ၊ ခုနစ်၊ နာရီခွဲ
🕗	ရှစ်နာရီ, ၀၀၊ ဂ၊ ၈ ၀၀၊ နာရီ၊ ရှစ်၊ နာရီ
🕣	ရှစ်နာရီခွဲ, ၃၀၊ ဂ၊ ၈ ၃၀၊ နာရီ၊ ရှစ်၊ နာရီခွဲ
🕘	ကိုးနာရီ, ၀၀၊ ၉၊ ၉ ၀၀၊ နာရီ၊ ကိုး၊ နာရီ
🕤	ကိုးနာရီခွဲ, ၃၀၊ ၉၊ ၉ ၃၀၊ နာရီ၊ ကိုး၊ နာရီခွဲ
🕙	ဆယ်နာရီ, ၀၀၊ ၁၀၊ ၁၀ ၀၀၊ နာရီ၊ ဆယ်၊ နာရီ
🕥	ဆယ်နာရီခွဲ, ၁၀၊ ၁၀ ၃၀၊ ၃၀၊ နာရီ၊ ဆယ်၊ နာရီခွဲ
🕚	ဆယ့်တစ်နာရီ, ၀၀၊ ၁၁၊ ၁၁ ၀၀၊ နာရီ၊ ဆယ့်တစ်၊ နာရီ
🕦	ဆယ့်တစ်နာရီခွဲ, ၁၁၊ ၁၁ ၃၀၊ ၃၀၊ နာရီ၊ ဆယ့်တစ်၊ နာရီခွဲ
🌑	မှောင်မည်း၊ လ၊ အာကာသ၊ မိုးလေဝသ, လကွယ်
🌒	လခြမ်း၊ လ၊ အာကာသ၊ လဆန်း၊ မိုးလေဝသ, လဆန်းရက်
🌓	လ၊ လေးပုံတစ်ပုံ၊ မိုးလေဝသ, လ၏ ပထမအပတ်
🌔	လပြည့်ခါနီး၊ လ အာကာသ၊ လဆန်း၊ မိုးလေဝသ, လပြည့်မတိုင်မီ အပတ်
🌕	လပြည့်, လ၊ အပြည့်၊ အာကာသ၊ မိုးလေဝသ
🌖	လဆုပ်ရက်, လပြည့်နီးပါး၊ လဆုပ်၊ လ၊ အာကာသ၊ မိုးလေဝသ
🌗	လ၊ လေးပုံတစ်ပုံ၊ အာကာသ၊ မိုးလေဝသ, လ၏ နောက်ဆုံးအပတ်
🌘	လကွယ်မတိုင်မီ အပတ်, လခြမ်း၊ လဆုပ်၊ အာကာသ၊ မိုးလေဝသ
🌙	လခြမ်း, လခွမျး, လခွမျး၊ လ၊ အာကာသ၊ မိုးလဝေသ
🌚	လကွယ် မျက်နှာ, လ၊ မျက်နှာ၊ အာကာသ၊ မိုးလေဝသ
🌛	လဆန်းစ မျက်နှာ, လ၊ လေးပုံတစ်ပုံ၊ မျက်နှာ၊ အာကာသ၊ မိုးလေဝသ
🌜	လဆုပ်လု မျက်နှာ, လ၊ လေးပုံတစ်ပုံ၊ မျက်နှာ၊ အာကာသ၊ မိုးလေဝသ
🌡	မိုးလေဝသ, သာမိုမီတာ
☀	တောက်ပ၊ နေသာ၊ အလင်းရောင်၊ အာကာသ၊ မိုးလေဝသ, နေ
🌝	လပြည့် မျက်နှာ, အပြည့်၊ လ၊ တောက်ပ၊ မျက်နှာ၊ အာကာသ၊ မိုးလေဝသ
🌞	တောက်ပ၊ နေ၊ မျက်နှာ၊ အာကာသ၊ မိုးလေဝသ, နေ၏ မျက်နှာ
⭐	ကြယ်, အဖြူရောင် အလတ်စား ကြယ်
🌟	တောက်ပသည့် ကြယ်, တောက်ပ၊ ၀င်း၊ လက်၊ ကြယ်
🌠	ကျလာ၊ ပစ်လွှတ်၊ အာကာသ၊ ကြယ်, ကြယ်ကြွေခြင်း
☁	တိမ်, မိုးလေဝသ
⛅	တိမ်နောက်ရှိ နေ, တိမ်၊ နေ၊ မိုးလေဝသ
⛈	မိုးကြိုး၊ တိမ်၊ မိုး၊ မိုးလေဝသ, လျှပ်စီးလက်ပြီး မိုးရွာနေသည့် တိမ်
🌤	တိမ်ငယ် နောက်က နေ, တိမ်၊ နေ၊ မိုးလေဝသ
🌥	တိမ်တိုက်ကြီး နောက်က နေ, တိမ်၊ နေ၊ မိုးလေဝသ
🌦	တိမ်၊ မိုး၊ နေ၊ မိုးလေဝသ, မိုးနှင့်တိမ်နောက်က နေ
🌧	တိမ်၊ မိုး၊ မိုးလေဝသ, မိုးနှင့် တိမ်
🌨	ဆီးနှင်းနှင့် တိမ်, တိမ်၊ ဆီးနှင်း၊ အေး၊ မိုးလေဝသ
🌩	တိမ်၊ လျှပ်စီးလက်၊ မိုးလေဝသ, လျှပ်စီးနှင့်တိမ်
🌪	တိမ်၊ မိုးလေဝသ၊ လေပြင်း, လေဆင်နှာမောင်း
🌫	တိမ်၊ မိုးလေဝသ, မြူ
🌬	လေတိုက် မျက်နှာ, လေတိုက်၊ တိမ်၊ မျက်နှာ၊ လေ၊ မိုးလေဝသ
🌀	ဆိုင်ကလုန်း, မူးဝေ၊ လေတင်၊ နှာမောင်း၊ မုန်တိုင်း၊ မိုးလေဝသ
🌈	မိုး၊ မိုးလေဝသ, သက်တံ
🌂	ဆောင်စရာ၊ မိုး၊ ထီး၊ မိုးလေဝသ, ပိတ်ထားသည့် ထီး
☂	ဆောင်စရာ၊ မိုး၊ မိုးလေဝသ, ထီး
☔	ဆောင်စရာ၊ အစက်၊ မိုး၊ ထီး၊ မိုးလေဝသ, မိုးစက်များနှင့် ထီး
⛱	မိုး၊ နေ၊ ထီး၊ မိုးလေဝသ, မြေပေါ်ရှိ ထီး
⚡	ဗို့အားမြင့်, အန္တရာယ်၊ လျှပ်စစ်၊ ဓာတ်အား၊ မိုးကြိုး၊ ဗို့အား၊ သတိမေ့
❄	နှင်းပွင့်, အေး၊ ဆီးနှင်း၊ မိုးလေဝသ
☃	ဆီးနှင်းလူ, အေး၊ ဆီးနှင်း၊ မိုးလေဝသ
⛄	ဆီးနှင်းလူ၊ အေး၊ ဆီးနှင်း၊ မိုးလေဝသ, နှင်းမပါသည့် ဆီးနှင်းလူ
☄	ကြယ်တံခွန်, အာကာသ
🔥	မီး, မီးလျှံ၊ တန်ဆာပလာ
💧	အစက်ကလေး, အေး၊ ဟာသ၊ အစက်၊ ချွေး၊ မိုးလေဝသ
🌊	ရေလှိုင်း, သမုဒ္ဒရာ၊ ရေ၊ လှိုင်း၊ မိုးလေဝသ
🎃	ပွဲတော်, ဖရုံသီး မီးအိမ်, မီးအိမ်, ဟော်လိုဝင်း
🎄	ခရစ္စမတ်, ခရစ္စမတ် အပင်, ပွဲတော်, အပင်
🎆	ပွဲတော်, မီးရှူးမီးပန်းများ
🎇	ပွဲတော်, မီးပန်း, မီးရှူးမီးပန်း, ၀င်းလက်
🧨	ဒိုင်းနမိုက်, ပေါက်ကွဲတတ်သော, ဗြောက်အိုး
✨	ကြယ်, မီးပွင့်များ, ဝင်းလက်
🎈	ပွဲတော်, လေပူဖောင်း
🎉	တာဒါ, ပါတီ, ပါတီဗြောက်အိုး, ပွဲတော်
🎊	ပွဲတော်, ဘောလုံး, ရောင်စုံစက္ကူ, ရောင်စုံစက္ကူ ဗြောက်အိုး
🎋	ဂျပန်, တာနဘတ အပင်, တံခွန်, ပွဲတော်, အပင်
🎍	ဂျပန်, ပွဲတော်, ဝါး, အပင်, အလှ ထင်းရှူးပင်
🎎	ကျင်းပ, ဂျပန်, ဂျပန် အရုပ်များ, ပွဲတော်, အရုပ်
🎏	ငါးကြင်း, ငါးကြင်း တံခွန်, တံခွန်, ပွဲတော်
🎐	ခေါင်းလောင်း, ပွဲတော်, လေ, သံစုံခေါင်းလောင်း
🎑	ပွဲတော်, လ, လ အခမ်းအနား, လကြည့်ပွဲ အခမ်းအနား, အခမ်းအနား
🧧	ကံကောင်းခြင်း, ငွေ, စာအိတ်နီ, တရုတ်စက္ကူ, လက်ဆောင်, လိုင်စီးစက္ကူ
🎀	ပွဲတော်, ဖဲကြိုး
🎁	ထုပ်ပိုး, ထုပ်ပိုးထားသည့် လက်ဆောင်, ပွဲတော်, ဘူး, လက်ဆောင်, လက်ဆောင်ပေး
🎗	ပွဲတော်, ဖဲကြိုး, သတိပေး, အောက်မေ့ဖွယ် ဖဲကြိုး
🎟	လက်မှတ်, ဝင်ခွင့်, ဝင်ခွင့် လက်မှတ်များ
🎫	လက်မှတ်, ဝင်ခွင့်
🎖	စစ်တပ်, ဆုတံဆိပ်, တပ်မတော်ဂုဏ်ထူးဆောင်ဘွဲ့တံဆိပ်, ပွဲတော်
🏆	ဆု, ဖလားဆု
🏅	ဆုတံဆိပ်, အားကစား ဆုတံဆိပ်
🥇	တံဆိပ်, ပထမ, ပထမ ဆုတံဆိပ်, ရွှေ
🥈	ငွေ, တံဆိပ်, ဒုတိယ, ဒုတိယ ဆုတံဆိပ်
🥉	ကြေး, တတိယ, တတိယ ဆုတံဆိပ်, တံဆိပ်
⚽	ဘောလုံး
⚾	ဘောလုံး, ဘေ့စ်ဘော
🥎	ပခုံးအောက်မှ လွှဲပစ်ခြင်း, ဘောလုံး, ဘောလုံးပျော့, လက်အိတ်
🏀	ကွင်း, ဘတ်စကက်ဘော, ဘောလုံး
🏐	ပွဲစဉ်, ဘောလုံး, ဘော်လီဘော
🏈	ဘောလုံး, အမေရိကန်, အမေရိကန် ဘောလုံး, အမေရိကန်ဘောလုံး
🏉	ဘောလုံး, ရာဂ်ဘီ, ရာဂ်ဘီ ဘောလုံး, အမေရိကန်ဘောလုံး
🎾	တင်းနစ်, ဘောလုံး, ရက်ကက်
🥏	ချပ်ပြားဝိုင်း ပစ်, ထိပ်တန်း
🎳	ကစားပွဲ, ဘိုးလင်း, ဘောလုံး
🏏	ကစားပွဲ, ခရစ်ကက်, ဘောလုံး, ရိုက်တံ
🏑	ကစားပွဲ, ကွင်းပြင်, ဘောလုံး, ရိုက်တံ, ဟော်ကီ
🏒	ကစားပွဲ, ရိုက်တံ, ရေခဲပြင်, ရေခဲပြင် ဟော်ကီ, ရော်ဘာဒိုးပြား, ဟော်ကီ
🥍	ဂိုး, ဘောလုံး, ရိုက်တံ, လာခရော့စ်
🏓	စားပွဲတင် တင်းနစ်, စားပွဲတင်တင်းနစ်, ပင်ပေါင်, ဘက်တံ, ဘောလုံး, ရိုက်
🏸	ကစားပွဲ, ကြက်တောင်, ကြက်တောင်ရိုက်ခြင်း, ဘာဒီ, ရက်ကက်
🥊	လက်ဝှေ့ထိုး, လက်ဝှေ့အိတ်, လက်အိတ်
🥋	ကရာတေး, ဂျူဒို, တိုက်ကွမ်ဒို, ရိုးရာသိုင်း, သိုင်းသမားဝတ်စုံ
🥅	ဂိုးပေါက်, ပိုက်ကွန်, အားကစား
⛳	ကျင်း, ကျင်းထဲက အလံ, ဂေါက်
⛸	စကိတ်, ရေခဲ, ရေခဲပြင်စကိတ်
🎣	ငါး, ငါးမျှားတံ, မျှားတံ
🎽	စလွယ်, ပြေးခြင်း, ရှပ်အင်္ကျီ, အပြေးသမား ရှပ်အင်္ကျီ, အားကစား
🎿	စကီး, စကီးစီးခြင်း, ဆီးနှင်း, နှင်းလျှောစီး စကီး
🛷	စွတ်ဖားလှည်း, မြင်းဆွဲစွတ်ဖား
🥌	ကစားနည်း, ကျောက်တုံး, ရေခဲပြင်ကျောက်ပြားဝိုင်း
🎯	ဂိမ်း, စက်ကွင်းဗဟို, ထိမှန်, ဗဟိုချက်ထိမှန်ခြင်း, လက်ပစ်မြား
🎱	ဂိမ်း, ဘိလိယက် ဘောလုံးနံပါတ် ၈, ဘီလိယက်, ဘောလုံး, ၈
🔮	ကသိုဏ်းဖန်လုံး, စိတ်ကူးယဉ်, နတ်သမီးပုံပြင်, ဖန်လုံး, ရှေးဖြစ်ဟောစာတမ်း
🧿	တာလီစ်မန်း, နာဇာ, နာဇာ အမ်မြူလက်, ပုတီးစေ့, မန္တန်, ယုတ်မာသော အကြည့်
🎮	ဂိမ်း, ထိန်းချုပ်စက်, ဗီဒီယို ဂိမ်း
🕹	ဂိမ်း, ပဲ့ထိန်းမဏ္ဍိုင်, ဗီဒီယိုဂိမ်း
🎰	ဂိမ်း, ဈေးရောင်းစက်, လောင်းကစားစက်
🎲	ဂိမ်း, အန်စာတုံး, အံစာတုံး
🧩	ချိတ်ဆက်, ဂျစ်စော, ပဟေဠိ, သဲလွန်စ, အပိုင်းအစ
🧸	ကစားစရာ, ကစားစရာ ဝက်ဝံရုပ်, ရုပ်လုံးသွင်း, အမွေးပွ
♠	ဂိမ်း, ဖူးဖဲချပ်အတွဲ, ဖဲချပ်
♥	ဂိမ်း, ဖူးနီဖဲချပ်အတွဲ, ဖဲချပ်
♦	ချွန်းဖဲချပ်အတွဲ, ဂိမ်း, ဖဲချပ်
♣	ဂိမ်း, ညှင်းဖဲချပ်အတွဲ, ဖဲချပ်
♟	စစ်တုရင်, နယ်စား, လှည့်စားခြင်း, အကျယ်ချဲ့နိုင်ခြင်း
🃏	ဂိမ်း, ဂျိုကာဖဲချပ်, ဖဲချပ်, လိုရာသုံးဖဲချပ်
🀄	ဂိမ်း, မာဂျောက်, မာဂျောက် နဂါးနီ, အနီ
🎴	ဂျပန်, ပန်း, ပန်း ဖဲချပ်များ, ဖဲကစားခြင်း, ဖဲချပ်
🎭	ပြဇာတ်ရုံ, ဖြေဖျော်မှု, ဖြေဖျော်ရေး အနုပညာများ, မျက်နှာဖုံး, အနုပညာ
🖼	ပန်းချီ, ပြတိုက်, ဘောင်, ဘောင်ပါသည့် ပုံ, ဘောင်ပါသည့်ပုံ, အနုပညာ
🎨	ဆေးစပ်ရာ အပြား, ပန်းချီဆွဲခြင်း, ပြတိုက်, အနုပညာ
🧵	ကြိုးစ, ရစ်လုံး, အချုပ်အလုပ်, အပ်, အပ်ချည်
🧶	ချည်ခင်, ဇာထိုးသည်, တစ်ချောင်းထိုး, ဘောလုံး
🔇	စပီကာ, စပီကာ ပိတ်, ဆိတ်ငြိမ်ခြင်း, တိတ်ဆိတ်ခြင်း, အသံပိတ်, အသံပိတ်ထားသည့် စပီကာ
🔈	စပီကာ, စပီကာ အသံတိုး, အတိုးအကျယ်
🔉	စပီကာ ဖွင့်, အသံ အလယ်အလတ်, အသံ အလယ်အလတ်ဖွင့်ထားသော စပီကာ
🔊	ကျယ်လောင်, စပီကာ အသံကျယ်
📢	ကျယ်လောင်သော, အသံချဲ့စက်
📣	နှုတ်ဆက်, အော်လန်
📯	ခရာ, စာတိုက်ခရာ, တံပိုး
🔔	ခေါင်းလောင်း
🔕	ခေါင်းလောင်း, တားမြစ်ခြင်း, တိတ်ဆိတ်ခြင်း, ပိတ်ထားခြင်း, မျဉ်းစောင်းဖြတ်ထားသည့် ခေါင်းလောင်းပုံ, အသံပိတ် ခေါင်းလောင်း
🎼	ဂီတ, ဂီတ သင်္ကေတ, တေးသွား သင်္ကေတ
🎵	ဂီတ, ဂီတ သင်္ကေတ, နုတ်
🎶	ဂီတ, ဂီတ သင်္ကေတများ, နုတ်
🎙	ဂီတ, စတူဒီယို, စတူဒီယို မိုက်ကရိုဖုန်း, မိုက်, မိုက်ကရိုဖုန်း
🎚	ဂီတ, ညှိတံ, အသံ ညှိတံ, အသံညှိတံ
🎛	ခလုတ်များ, ဂီတ, ထိန်းချုပ်မှု, ထိန်းချုပ်မှု ခလုတ်များ
🎤	ကာရာအိုကေ, မိုက်, မိုက်ကရိုဖုန်း
🎧	နားကြပ်, နားစို့, ဖုန်းနားကြပ်
📻	ရေဒီယို
🎷	ဆက်ဆိုဖုန်း, တူရိယာ, တေးဂီတ
🎸	ဂစ်တာ, တူရိယာ, တေးဂီတ
🎹	ကီးဘုတ်, ကီးဘုတ်တူရိယာ, ဂီတ ကီးဘုတ်, စန္ဒရား, တူရိယာ, တေးဂီတ
🎺	ခရာ, တူရိယာ, တေးဂီတ
🎻	တယော, တူရိယာ, တေးဂီတ
🥁	ဂီတ, ဗုံ, ဗုံလက်ရိုက်တန်
📱	ဆဲလ်, တယ်လီဖုန်း, ဖုန်း, မိုဘိုင်း, မိုဘိုင်း ဖုန်း
📲	ဆဲလ်, ဖုန်း, ဖုန်းအဝင်, မိုဘိုင်း, မြားနှင့် မိုဘိုင်း ဖုန်း, မြားပြထားသည့် မိုဘိုင်ဖုန်းပုံ
☎	တယ်လီဖုန်း, ဖုန်း
📞	တယ်လီဖုန်း, တယ်လီဖုန်း အသံဖမ်းခွက်, ဖုန်း, ဖုန်းစကားပြောခွက်
📟	ပေဂျာ
📠	ဖက်စ်, ဖက်စ် စာပို့စက်
🔋	ဘက်ထရီ
🔌	ပလပ်, လျှပ်စစ်, လျှပ်စစ် ဓာတ်အား, လျှပ်စစ် ပလပ်
💻	ကွန်ပျူတာ, ခရီးဆောင် ကွန်ပျူတာ, ပီစီ
🖥	ကွန်ပျူတာ, စားပွဲတင် ကွန်ပျူတာ, ဒက်စ်တော့
🖨	ကွန်ပျူတာ, ပုံနှိပ်စက်
⌨	ကီးဘုတ်, ကွန်ပျူတာ
🖱	ကွန်ပျူတာ, ကွန်ပျူတာ မောက်စ်, ကွန်ပျူတာမောက်စ်
🖲	ကွန်ပျူတာ, မောက်စ်
💽	ကွန်ပျူတာ, ဒစ်စ်ခ်, မီနီဒစ်, မီနီဒစ်စ်ခ်, အော့ပ်တစ်ကယ်
💾	ကွန်ပျူတာ, ဒစ်ခ်, ဖလော်ပီ, ဖလော်ပီဒစ်
💿	ကွန်ပျူတာ, စီဒီ, ဒစ်ခ်, အလင်းသုံးဒစ်, အော့ပ်တစ်ကယ်
📀	ကွန်ပျူတာ, ဒစ်ခ်, ဒီဗီဒီ, ဘလူးရေး, အော့ပ်တစ်ကယ်
🧮	တွက်ချက်ခြင်း, ပေသီးတွက်ခုံ
🎥	ကင်မရာ, ရုပ်ရှင်, ရုပ်ရှင် ကင်မရာ, ရုပ်ရှင်ရုံ
🎞	ဖရိန်, ဖလင်, ဖလင်ကွက်များ, ရုပ်ရှင်, ရုပ်ရှင်ရုံ
📽	ဖလင်, ဗီဒီယို, ရုပ်ရှင်, ရုပ်ရှင်ပြစက်, ရုပ်ရှင်ရုံ
🎬	ကလက်ပါ, ကလက်ဘုတ်, ရုပ်ရှင်, ရုပ်ရှင် ကလက်ဘုတ်
📺	တယ်လီဗစ်ရှင်း, တီဗီ, ဗီဒီယို, ရုပ်မြင်သံကြား
📷	ကင်မရာ, ဗီဒီယို
📸	ကင်မရာ, ဖလက်ရှ်, ဖလက်ရှ်မီးပါသည့် ကင်မရာ, ဗီဒီယို, မီးပါသည့် ကင်မရာ
📹	ကင်မရာ, ဗီဒီယို, ဗီဒီယို ကင်မရာ
📼	ဗီဒီယို, ဗီဒီယို ကက်ဆက်, ဗီဒီယို တိပ်ခွေ, ဗီအိတ်ခ်ျအက်စ်
🔍	ဘယ်သို့စောင်းထားသည့် မှန်ဘီလူး, မှန်ဘီလူး, အကြီးချဲ့ခြင်း
🔎	ညာသို့စောင်းထားသည့် မှန်ဘီလူး, မှန်ဘီလူး, အကြီးချဲ့ခြင်း
🕯	ဖယောင်းတိုင်, မီး
💡	မီးလုံး, မီးသီး, လျှပ်စစ်, ဟာသ, အကြံဉာဏ်, အလင်းရောင်
🔦	ဓာတ်မီး, လျှပ်စစ်, အလင်းရောင်
🏮	စက္ကူမီးအိမ် အနီ, ဘား, လက်စွဲမီးအိမ်, အနီရောင်, အလင်းရောင်
📔	စာအုပ်, ပြင်ဆင်ထားခြင်း, မှတ်စုစာအုပ်, အဖုံး, အလှမျက်နှာဖုံးနှင့် မှတ်စုစာအုပ်
📕	စာအုပ်, ပိတ်ထားသည့် စာအုပ်
📖	စာအုပ်, ဖွင့်ထားသည့် စာအုပ်
📗	စာအုပ်, အစိမ်းရောင် စာအုပ်
📘	အပြာ, အပြာရောင် စာအုပ်
📙	စာအုပ်, လိမ္မော်ရောင် စာအုပ်
📚	စာအုပ်, စာအုပ်များ
📓	မှတ်စုစာအုပ်
📒	မှတ်စုစာအုပ်, လယ်ဂျာစာအုပ်
📃	စာရွက်, စာရွက်စာတမ်း, တွန့်လိပ်နေသော စာရွက်, အတွန့်
📜	စက္ကူလိပ်, စာရွက်, လှိမ့်ပါ
📄	စာရွက်, စာရွက်စာတမ်း, မြင်နေရသည့် စာမျက်နှာ
📰	သတင်း, သတင်းစာ
🗞	လိပ်ထားသည့် သတင်းစာ, လိပ်ထားသည်, သတင်း, သတင်းစာ
📑	စာညှပ်, စာညှပ် တဘ်များ, ညွှန်မှတ်, တဘ်များ, အမှတ်အသား
🔖	စာညှပ်, အမှတ်
🏷	တံဆိပ်
💰	ငွေ, ငွေအိတ်, ဒေါ်လာ, အိတ်
💴	ငွေ, ငွေကြေးစနစ်, ငွေစက္ကူ, ယန်း ငွေစက္ကူ
💵	ငွေ, ငွေကြေးစနစ်, ငွေစက္ကူ, ဒေါ်လာ, ဒေါ်လာ ငွေစက္ကူ
💶	ငွေ, ငွေကြေးစနစ်, ငွေစက္ကူ, ယူရို, ယူရို ငှစေက်ကူ
💷	ငွေ, ငွေကြေးစနစ်, ငွေစက္ကူ, ပေါင်, ပေါင် ငွေစက္ကူ
💸	ငွေ, ငွေစက္ကူ, အတောင်ပံ, အတောင်ပံပါ ငွေ, အတောင်ပံဖြန့် ပျံနေသော ငွေစက္ကူပုံ
💳	ကတ်, ခရက်ဒစ်, ခရက်ဒစ်ကတ်, ဘဏ်ကတ်
🧾	စာရင်းကိုင်ခြင်း, စာရင်းကိုင်လုပ်ငန်း, ပြေစာ, အကိုးအကား, အထောက်အထား
💹	ဂရပ်ဖ်, ဂျပန် ယန်း, ငွေ, ဇယား, ယန်းငွေတန်ဖိုး မြင့်တက်နေပုံပြ ဇယား, ယန်းတန်ဖိုး မြင့်တက်နေသည့် ဇယားပုံ
💱	ငွေ, ငွေကြေးစနစ်, ငွေလဲလှယ်ခြင်း, နိုင်ငံခြားငွေ လဲလှယ်ခြင်း, ဘဏ်
💲	ငွေ, ငွေကြေး, ဒေါ်လာ, ဒေါ်လာ သင်္ကေတ စာလုံးကြီး
✉	စာ, စာအိတ်, အီးမေးလ်
📧	စာ, အီးမေးလ်
📨	စာလက်ခံ, စာအိတ်, ဝင်စာ, အဝင် စာအိတ်, အီးမေးလ်
📩	စာအိတ်, ထွက်စာ, မြား, မြားပါ စာအိတ်, အီးမေးလ်
📤	စာ, စာတိုက်ပုံး, စာထွက်ဗန်း, စာပို့ခြင်း, ထွက်စာဗန်း
📥	စာ, စာဝင်ဗန်း, ပုံး, ဝင်စာ, ဝင်စာဗန်း
📦	ပါဆယ်ထုပ်, ပုံး, အထုပ်
📫	စာ, စာတိုက်ပုံး, ပိတ်ထားသည်, အလံတင်ထားသည့် စာတိုက်ပုံးအပိတ်, အလံတင်ပြီး ပိတ်ထားသည့် စာတိုက်ပုံး
📪	စာ, စာတိုက်ပုံး, ပိတ်ထားသည်, အလံချထားသည့် စာတိုက်ပုံးအပိတ်, အလံချပြီး ပိတ်ထားသည့် စာတိုက်ပုံး
📬	စာ, စာတိုက်ပုံး, ဖွင့်ထားသည်, အလံတင်ထားသည့် စာတိုက်ပုံးအပွင့်, အလံတင်ပြီး ဖွင့်ထားသည့် စာတိုက်ပုံး
📭	စာ, စာတိုက်ပုံး, ဖွင့်ထားသည်, အလံချထားသည့် စာတိုက်ပုံးအပွင့်, အလံချပြီး ဖွင့်ထားသည့် စာတိုက်ပုံး
📮	စာ, စာတိုက်ပုံး
🗳	မဲ, မဲပါသည့် မဲပုံး, မဲပုံး
✏	ခဲတံ
✒	ကလောင်တံ, ကလောင်သွား, အနက်ရောင် ကလောင်သွား
🖋	ကလောင်တံ, ဖောင်တိန်
🖊	ဘောပွိုင့်, မင်တံ
🖌	စုတ်တံ, ဆေးချယ်
🖍	ရောင်စုံခဲတံ, ရောင်စုံဖယောင်းခဲတံ
📝	ခဲတံ, မှတ်စု
💼	ရုံး, ရုံးသုံးလက်ဆွဲအိတ်, လက်ဆွဲအိတ်
📁	ဖိုင်, ဖိုင်တွဲ
📂	ဖိုင်, ဖိုင်တွဲ, ဖွင့်ထားသည့် ဖိုင်တွဲ
🗂	ကတ်, အညွှန်း, အညွှန်းကတ်ပြား, အညွှန်းကဒ် ခွဲသည့်အရာ
📅	ပြက္ခဒိန်, ရက်စွဲ
📆	ဆုတ်ဖြဲယူရသည့် ပြက္ခဒိန်, ပြက္ခဒိန်, ရွက်ဆုတ် ပြက္ခဒိန်
🗒	မှတ်စု, မှတ်စု စာအုတ်, လှည့်နိုင်သည့် မှတ်စုစာအုတ်, လှည့်နိုင်သည့် မှတ်စုစာအုပ်
🗓	ပြက္ခဒိန်, လှည့်နိုင်သည့် ပြက္ခဒိန်
📇	ကတ်, ကဒ် အညွှန်း, ရိုလိုဒက်စ်, အညွှန်း
📈	ဂရပ်ဖ်, ဇယား, တိုးပွားခြင်း, မြင့်တက်နေပုံပြ ဇယား, ဦးတည်ချက်
📉	ကျဆင်းခြင်း, ကျဆင်းနေပုံပြ ဇယား, ဂရပ်ဖ်, ဇယား, နိမ့်ဆင်းနေပုံပြ ဇယား
📊	ဂရပ်ဖ်, ဇယား, ဘားကွက်ပြ ဇယား
📋	ကလစ်ဖြင့်ညှပ်သည့် ဘုတ်ပြား, ကလစ်ဘုတ်
📌	ပင်အပ်, ဖိထိုးရသည့် ပင်အပ်
📍	ထိုးအပ် အဝိုင်း, ပင်, ပင်အပ်
📎	စက္ကူညှပ်, စာရွက်ညှပ်
🖇	ချိတ်ဆက်သည်, ချိတ်ထားသည့် စက္ကူညှပ်များ, စက္ကူညှပ်
📏	ပေတံ, ပေတံ အဖြောင့်, ဖြောင့်နေသည့် အနား
📐	ထောင့်မှန် တြိဂံ, ထောင့်မှန် ပေတံ, ပေတံ
✂	ကတ်ကြေး, ကိရိယာ
🗃	ကတ်, ကဒ်ဖိုင် သေတ္တာ, စက္ကူပုံး, ဖိုင်
🗄	ဖိုင်, ဖိုင် အံဆွဲ, အံဆွဲ
🗑	ထည့်ရန်, အမှိုက်, အမှိုက်ခြင်း
🔒	ပိတ်ထား, ပိတ်နေသော သော့ခလောက်
🔓	ပွင့်နေသည်, ပွင့်နေသော သော့ခလောက်, ဖွင့်ထားသော သော့ခလောက်, သော့
🔏	ကလောင်သွား, ကိုယ်ရေးကိုယ်တာ, ခပ်ထားသော သော့ခလောက်နှင့် ကလောင်တံ, မင်, မင်တံနှင့် သော့ခလောက်, သော့
🔐	ပိတ်ထားသည့် သော့ခလောက်နှင့် သော့, ပိတ်ထားသည်, လုံခြုံပါသည်, သော့ခလောက်နှင့် သော့တံ, သော့တံ
🔑	စကားဝှက်, သော့, သော့တံ
🗝	သော့, သော့တံ အဟောင်း, သော့ဟောင်း, သဲလွန်စ
🔨	ကိရိယာ, တူ
⛏	တူးဖေါ်ရေး ကိရိယာ, ပေါက်ချွန်း
⚒	ကိရိယာ, တူ, တူနှင့် ပေါက်ချွန်း, ပေါက်ချွန်း
🛠	ကိရိယာ, ခွ, စပန်နာ, တူ, တူနှင့် ခွ, တူနှင့် ဂွ
🗡	ဓား, ဓားမြှောင်, လက်နက်
⚔	ကြက်ခြေခတ်, ဓားနှစ်လက်, ဓားနှစ်လက် ကြက်ခြေခတ်, လက်နက်
🔫	ကိရိယာ, ခြောက်လုံးပြူး, ပစ္စတို, လက်နက်, သေနတ်
🏹	ဆယ့်နှစ်ရာသီခွင်, ဓနုရာသီ, လေးနှင့် မြား, လေးသမား
🛡	ဒိုင်း, လက်နက်
🔧	ကိရိယာ, ခွ
🔩	ကိရိယာ, မူလီ, မူလီခေါင်း, မူလီနှင့် မူလီခေါင်း
⚙	ကိရိယာ, ဂီယာ
🗜	ကိရိယာ, ညှပ်, ပြုတ်တူ, ဖိညှပ်သည်
⚖	ချိန်ခွင်, ချိန်ခွင်ညီ, ဆယ့်နှစ်ရာသီခွင်, တူရာသီ
🔗	ချိတ်
⛓	ချိန်းကြိုး
🧰	တူးလ်, တူးလ်ဘောက်က်စ်, ဗီရို, မက္ကင်းနစ်
🧲	ဆွဲအင်အား, မြင်းခွာ, သံလိုက်
⚗	ဓာတုဗေဒ, အငွေ့ပြန် ဖန်ပြွန်, အငွေ့ပြန်ဘူး
🧪	စမ်းသပ်ခန်း, စမ်းသပ်ခြင်း, ဓာတုဗေဒ, ဓာတုဗေဒပညာရှင်, ဖန်ပြွန်, သိပ္ပံ
🧫	ဇီဝပညာရှင်, ဇီဝဗေဒ, ဓာတ်ခွဲခန်း, ဓာတ်ခွဲခန်းသုံး ဖန်ပြားခွက်, ဗက်တီးရီးယား, ဗက်တီးရီးယား မွေးမြူခြင်း
🧬	ဆင့်ကဲဖြစ်စဥ်, ဇီဝပညာရှင်, ဗီဇ, မျိုးရိုးဗီဇ, မျိုးရိုးဗီဇပညာ, သက်ရှိ
🔬	ကိရိယာ, အဏုကြည့်မှန်ပြောင်း
🔭	ကိရိယာ, အဝေးကြည့်မှန်ပြောင်း
📡	ဂြိုဟ်တု စလောင်း, ဆက်သယ်ရေး ဂြိုဟ်တု, ဧရီယာတိုင်
💉	ဆေး, ဆေးထိုးပြွတ်, ဆေးထိုးအပ်, ဖျားနာခြင်း
💊	ဆရာဝန်, ဆေး, ဆေးလုံး, ဖျားနာခြင်း, သောက်ဆေး
🚪	တံခါး
🛏	ခုတင်, ဟိုတယ်, အိပ်ရာ
🛋	ဆိုဖာ, ဆိုဖာနှင့် မီးတိုင်, မီးတိုင်, ဟိုတယ်
🚽	အိမ်သာ
🚿	ရေ, ရေပန်း
🛁	ရေချိုး, ရေချိုးကန်
🧴	ခေါင်းလျှော်ရည်, နေပူခံလိမ်းဆေး, လိမ်းဆေး, လိမ်းဆေးဘူး, အလှဆီ
🧷	ကလေး ခါးထောင်းကျိုက်ပိတ်စ, တွယ်ချိတ်, ပန့်ခ် ရော့ခ်
🧹	စုန်းမ, တံမြက်စည်း, တံမြက်လှည်းခြင်း, သန့်ရှင်းရေး
🧺	ခြင်းတောင်း, စိုက်ပျိုးမွေးမြူရေး, ပျော်ပွဲစား, အဝတ်လျှော်ခြင်း
🧻	လက်သုပ်စက္ကူလိပ်, အိမ်သာသုံးစက္ကူ
🧼	ဆပ်ပြာ, ဆပ်ပြာခွက်, ဆပ်ပြာတုံး, ဆပ်ပြာမြှုပ်, ရေချိုးခြင်း, သန့်စင်ခြင်း
🧽	စိမ့်ဝင်ခြင်း, စုပ်ယူခြင်း, ရေမြှုပ်, သန့်စင်ခြင်း
🧯	ငြိမ်းသတ်ခြင်း, ငြိမ်းသတ်သည်, မီး, မီးသတ်ဘူး
🛒	စျေးဝယ်တွန်းလှည်း, စျေးဝယ်သည်, တွန်းလှည်း, လက်တွန်းလှည်း
🚬	စီးကရက်, ဆေးလိပ်သောက်ခြင်း
⚰	သေခြင်း, အခေါင်းတလား
⚱	သေခြင်း, အရိုးပြာ, အရိုးအိုး, အသုဘ
🗿	ကျောက်ဆစ်ရုပ်, မိုအိုင်, မျက်နှာ
🏧	ဘဏ်ငွေထုတ်စက်, အလိုအလျောက်, အေတီအမ်, အေတီအမ် ငွေထုတ်စက် သင်္ကေတ
🚮	အမှိုက်, အမှိုက်ထည့်ရန် ဆိုင်းဘုတ်, အမှိုက်ပုံး
🚰	ရေ, သောက်, သောက်ရေ
♿	ဘီးတပ်ကုလားထိုင်, သုံးနိုင်
🚹	ရေအိမ်, အမျိုးသား သန့်စင်ခန်း, အမျိုးသား အိမ်သာ
🚺	ရေအိမ်, အမျိုးသမီး သန့်စင်ခန်း, အိမ်သာ
🚻	ရေအိမ်, အများသုံး ရေအိမ်, အများသုံး သန့်စင်ခန်း, အိမ်သာ
🚼	ကလေး, ကလေး သင်္ကေတ, လဲရန်
🚾	ရေအိမ်, ရေအိမ် သင်္ကေတ, သန့်စင်ခန်း, အိမ်သာ
🛂	နိုင်ငံကူးလက်မှတ်, နိုင်ငံကူးလက်မှတ် စစ်ဆေးရေးဌာန
🛃	အကောက်ခွန်
🛄	ခရီးဆောင်အိတ်, ခရီးဆောင်အိတ် ရွေးရန်, ပစ္စည်းရွေးရန်
🛅	ခရီးဆောင်အိတ်, ခရီးဆောင်အိတ် အပ်ရန်ဌာန, ခေတ္တ ပစ္စည်းအပ်ရန် နေရာ, ပစ္စည်းအပ်ရန်, အထုပ်အပိုး
⚠	သတိပေးချက်
🚸	ကလေးများ လမ်းကူးသည့်နေရာ, ကလေး၊ လမ်းဆုံ၊ ခြေကျင်၊ ယာဥ်သွားလာမှု
⛔	မဝင်ရ, အဝင်၊ တားမြစ်၊ မလုပ်ရ၊ မရှိ၊ ခွင့်မပြု၊ ယာဥ်သွားလာမှု
🚫	တားမြစ်နေရာ, အဝင်၊ တားမြစ်၊ မလုပ်ရ၊ မရှိ
🚳	စက်ဘီးမစီးရ, စက်ဘီး၊ တားမြစ်၊ မစီးရ၊ မလုပ်ရ၊ ခွင့်မပြု၊ ယာဥ်
🚭	ဆေးလိပ် မသောက်ရ, တားမြစ်၊ မလုပ်ရ၊ ခွင့်မပြု၊ စီးကရက် သောက်
🚯	တားမြစ်၊ အမှိုက်၊ မပစ်ရ၊ ခွင့်မပြု, အမှိုက် မပစ်ရ
🚱	သောက်ရေ မဟုတ်, သောက်၊ တားမြစ်၊ မဟုတ်၊ သောက်ရေ၊ ခွင့်မပြု၊ ရေ
🚷	ခြေကျင်မလျှောက်ရ, တားမြစ်၊ ခြေကျင်၊ မလျှောက်ရ၊ ခွင့်မပြု, ဖြတ်သန်း မသွားရ
📵	ဆဲလ်၊ တားမြစ်၊ မိုဘိုင်း၊ မသုံးရ၊ မရ၊ ဖုန်း၊ ခွင့်မပြု၊ တယ်လီဖုန်း, မိုဘိုင်းဖုန်း မသုံးရ
🔞	ဆယ့်ရှစ်နှစ်အောက် ခွင့်မပြု, ၁၈၊ အသက် ကန့်သတ်ချက်၊ ဆယ့်ရှစ်၊ တားမြစ်၊ မလုပ်ရ။ မရ၊ တားမြစ်၊ အသက်မပြည့်
☢	ဆိုင်းဘုတ်, ရဒေီယိုသတ်တိကွှ, ရေဒီယိုသတ္တိကြွ
☣	ဆိုင်းဘုတ်, ဇီဝအန္တရာယ်, လူသားအတွက် အန္တရာယ်ရှိသော
⬆	မြား, မြောက်အရပ် သင်္ကေတ, လမ်းညွှန်, အပေါ်ညွှန် မြား, အပေါ်ညွှန်မြား
↗	ညာဘက် အပေါ်ညွှန်မြား, ညာဘက်အပေါ်ညွှန် မြား, ဌာနတွင်း အရေးအကြီးဆုံး, မြား, လမ်းညွှန်, အရှေ့မြောက်
➡	ညာညွှန် မြား, ညာညွှန်မြား, မြား, လမ်းညွှန်, အရပ်မျက်နှာပြ အမှတ်အသား, အရှေ့
↘	ညာဘက်အောက်ညွှန် မြား, မြား, လမ်းညွှန်, အရပ်မျက်နှာ နှစ်ခုကြားပြ အမှတ်အသား, အရှေ့တောင်
⬇	တောင်ဘက်, မြား, လမ်းညွှန်, အရပ်မျက်နှာပြ အမှတ်အသား, အောက်ညွှန် မြား
↙	ဘယ်ဘက်အောက်ညွှန် မြား, မြား, လမ်းညွှန်, အနောက်တောင်, အရပ်မျက်နှာ နှစ်ခုကြားပြ အမှတ်အသား
⬅	ဘယ်ညွှန် မြား, ဘယ်ညွှန်မြား, မြား, လမ်းညွှန်, အနောက်, အရပ်မျက်နှာပြ သင်္ကေတ
↖	ဘယ်ဘက်အပေါ်ညွှန် မြား, ဘယ်ဘက်အပေါ်ညွှန်မြား, မြား, လမ်းညွှန်, အနောက်မြောက်, အရပ်မျက်နှာ နှစ်ခုကြားပြ သင်္ကေတ
↕	မြား, အပေါ် အောက် နှစ်ဘက်ပြ မြား သင်္ကေတ, အပေါ်−အောက်ပြ မြား
↔	ဘယ်−ညာ မြား, ဘယ်−ညာပြ မြား, မြား
↩	ညာညွှန် ဘယ်ဝိုက် မြား, ဘယ်ကွေ့ ညာဖက် မြား, မြား
↪	ညာကွေ့ ဘယ်ဖက် မြား, ဘယ်ညွှန် ညာဝိုက် မြား, မြား
⤴	ညာညွှန် အပေါ်ဝိုက် မြား, မြား, အပေါ်ကွေ့ ညာ မြား
⤵	ညာညွှန် အောက်ဝိုက် မြား, မြား, အောက်ညွှန်မြား
🔃	ညာရစ် ဒေါင်လိုက်ပြ မြားများ, နာရီလက်တံလားရာ, နာရီလက်တံလားရာအတိုင်း ညာရစ်ပြ ဒေါင်လိုက် မြားများ, မြား
🔄	နာရီလက်တံလားရာ ဆန့်ကျင်ဘက်, နာရီလက်တံလားရာ ဆန့်ကျင်ဘက်ပြ မြားများ ခလုတ်, နေလားရာနှင့် ဆန့်ကျင်ဘက်ပြ မြားများ, ဘယ်ရစ် မြားများ ခလုတ်, မြား
🔙	နောက်သို့, နောက်သို့ မြား, နောက်သို့ပြ မြား သင်္ကေတ, မြား
🔚	မြှား, အဆုံး, အဆုံးသတ်ပြ မြား, အဆုံးသတ်ပြ မြှား
🔛	ဖွင့်ထားခြင်းပြ မြား သင်္ကေတ, ဖွင့်ထားပြီး ပြ သင်္ကေတ, ဖွင့်ထားပြီးပြ မြား သင်္ကေတ, မြား, အမှတ်အသား
🔜	မကြာမီ ပြ သင်္ကေတ, မကြာမီ မြား, မကြာမီပြ မြား သင်္ကေတ, မြား
🔝	ထိပ်သို့ မြား, မြား, အထက်သို့, အပေါ်သို့, အပေါ်သို့ပြ မြား သင်္ကေတ
🛐	ဘာသာရေး၊ ရှိခိုးရာ, ဝတ်ပြုရာနေရာ
⚛	အဏုမြူ သင်္ကေတ, အဏုမြူ၊ ဘုရားမဲ့ဝါဒီ
🕉	ဘာသာရေး, ဟိန္ဒူ, ဥုံ
✡	ဒေးဗစ်ကြယ်, ဒေးဗစ်၊ ဂျူး၊ ဂျူးလူမျိုး၊ ဘာသာရေး၊ ကြယ်
☸	ဓမ္မစကြာ, ဗုဒ္ဓဝါဒီ၊ ဓမ္မ၊ ဘာသာရေး၊ စကြာ
☯	ဘာသာရေ, ယင်ယန်း, ၊ တာအို၊ တာအိုဝါဒီ၊ ယန်း၊ ယင်
✝	ခရစ်ယာန်၊ ကားတိုင်၊ ဘာသာရေး, လက်တင် ကားတိုင်, လက်တင် လက်ဝါးကပ်တိုင်
☦	ခရစ်ယာန်၊ ကားတိုင်၊ ဘာသာရေး, ရှေးရိုးခရစ်ယာန် အသင်းတော် လက်ဝါးကပ်တိုင်, အောတိုဒိုစ် ကားတိုင်
☪	ကြယ်နှင့် လခြမ်း, အစ္စလာမ်၊ မူဆလင်၊ ဘာသာရေး
☮	ငြိမ်းချမ်းရေး သင်​္ကေတ, ငွိမျးချမျးရေ်း
🕎	ဖယောင်းတိုင်စင်, ဖယောင်းတိုင်စင်၊ ဘာသာရေး
🔯	ကံ၊ ကြယ်, အစက်ချထားသည့် ခြောက်ထောင့်ကြယ်
♈	ဆယ့်နှစ်ရာသီခွင်, မိဿ, မိဿရာသီ, သိုးထီးပုံ မိဿရာသီရုပ်
♉	ဆယ့်နှစ်ရာသီခွင်, နွားလားပုံ, နွားလားပုံ ပြိဿရာသီရုပ်, ပြိဿ, ပြိဿရာသီ
♊	ဆယ့်နှစ်ရာသီခွင်, မေထုန်, မေထုန်ရာသီ, မေထုန်ရာသီရုပ်
♋	ကရကဋ်, ကရကဋ်ရာသီ, ဆယ့်နှစ်ရာသီခွင်, ပုစွန်လုံးပုံ ကရကဋ်ရာသီရုပ်
♌	ခြင်္သေ့ပုံ သိဟ်ရာသီရုပ်, ဆယ့်နှစ်ရာသီခွင်, သိဟ်, သိဟ်ရာသီ
♍	ကန်, ကန်ရာသီ, ဆယ့်နှစ်ရာသီခွင်
♎	ချိန်ခွင်, ချိန်ခွင်ကိုင် တူရာသီရုပ်, ဆယ့်နှစ်ရာသီခွင်, တူ ရာသီ, တူရာသီ
♏	ကင်းမြီးကောက်ပုံ ဗြိစ္ဆာရာသီရုပ်, ဆယ့်နှစ်ရာသီခွင်, ဗြိစ္ဆာ, ဗြိစ္ဆာရာသီ
♐	ဆယ့်နှစ်ရာသီခွင်, ဓနု, ဓနုရာသီ, ဓနုရာသီရုပ်
♑	ဆယ့်နှစ်ရာသီခွင်, မကရ, မကရရာသီ, မကရရာသီရုပ်
♒	ကုံ, ကုံရာသီ, ကုံရာသီရုပ်, ဆယ့်နှစ်ရာသီခွင်
♓	ဆယ့်နှစ်ရာသီခွင်, မိန်, မိန်ရာသီ, မိန်ရာသီရုပ်
⛎	ဆယ့်နှစ်ရာသီခွင်, မြွေနဂါး, အော့ဖီယူးကပ်စ်
🔀	တေးသွား ရောမွှေရန် ခလုတ်, မြား၊ ကြက်ခြေခတ်ထား
🔁	ပြန်ဖွင့်ရန် ခလုတ်, မြား၊ လက်ယာရစ်၊ ထပ်ဖွင့်
🔂	တစ်ပုဒ်ကို ပြန်ဖွင့်ရန် ခလုတ်, မြား၊ လက်ယာရစ်၊ တစ်ကြိမ်
▶	ဖွင့်ရန် ခလုတ်, မြား၊ ဖွင့်၊ ညာ၊ တြိဂံ
⏩	မြား၊ နှစ်ထပ်ကွမ်း၊ အမြန်၊ ရှေ့သို့, ရှေ့သို့အမြန် ခလုတ်
⏭	နောက် တေးသွား ခလုတ်, မြား၊ နောက်ဇာတ်ကွက်၊ နောက် သီချင်း၊ တြိဂံ
⏯	ဖွင့် သို့မဟုတ် ဆိုင်းငံ့ ခလုတ်, မြား၊ ဆိုင်းငံ့၊ ဖွင့်၊ ညာ၊ တြိဂံ
◀	နောက်ပြန် ခလုတ်, မြား၊ ဘယ်၊ ပြန်သွား၊ တြိဂံ
⏪	နောက်သို့အမြန် ခလုတ်, မြား၊ နှစ်ထပ်၊ ပြန်ရစ်
⏮	နောက်ဆုံး တေးသွား ခလုတ်, မြား၊ အရင်ဇာတ်ကွက်၊ အရင်သီချင်း၊ တြိဂံ
🔼	မြား၊ ခလုတ်၊ နီ, အပေါ် ခလုတ်
⏫	မြား၊ နှစ်ထပ်, အပေါ်သို့အမြန် ခလုတ်
🔽	မြား၊ ခလုတ်၊ အောက်သို့၊ နီ, အောက်သို့ ခလုတ်
⏬	မြား၊ နှစ်ထပ်၊ အောက်သို့, အောက်သို့အမြန် ခလုတ်
⏸	ဆိုင်းငံ့ရန် ခလုတ်, ဘား၊ နှစ်ထပ်၊ ဆိုင်းငံ့၊ ​ဒေါင်လိုက်
⏹	ရပ်တန့် ခလုတ်, လေးထောင့်ကွက်၊ ရပ်
⏺	စက်ဝိုင်း၊ ဖမ်းယူ, ဖမ်းယူရန် ခလုတ်
⏏	ထုတ်ယူ, ထုတ်ယူရန်ခလုတ်
🎦	ရုပ်ရှင်, ရုပ်ရှင်၊ ကင်မရာ၊ ဖလင်
🔅	တောက်ပမှု၊ မှိန်၊ နိမ့်, မှိန်စေရန် ခလုတ်
🔆	တောက်ပ၊ တောက်ပမှု, လင်းစေရန် ခလုတ်
📶	ဧရီယာတိုင် ဘားများ, ဧရီယာတိုင်၊ ဘား၊ ဆဲလ်၊ မိုဘိုင်း၊ ဖုန်း၊ အချက်ပြမှု၊ တယ်လီဖုန်း
📳	ဆလ်၊ မိုဘိုင်း၊ မုဒ်၊ ဖုန်း၊ တယ်လီဖုန်မး၊ တုန်ခါမှု, တုန်ခါမှု မုဒ်
📴	ဆဲလ်၊ မိုဘိုင်း၊ ပိတ်၊ ဖုန်း ၊ တယ်လီဖုန်း, မိုဘိုင်းဖုန်း ပိတ်ထားသည်
♀	အမ, အမသင်္ကေတ, အမျိုးသမီး
♂	အဖို, အဖိုသင်္ကေတ, အမျိုးသား
⚕	ဆေးဘက်ဆိုင်ရာ, ဆေးဘက်ဆိုင်ရာ သင်္ကေတ, ဆေးဝါး
♾	ကမ္ဘာတစ်လွှား, ထာဝရ, အကန့်အသတ်မဲ့, အနန္တ, အနန်တ
♻	ထပ်တလဲလဲသုံးစွဲခြင်း, ထပ်တလဲလဲသုံးစွဲခြင်း သင်္ကေတ, ထပ်တလဲလဲသုံးမှု သင်္ကေတ
⚜	နှင်းပန်း, နှင်းပန်းပုံစံ
🔱	ကျောက်ဆူး, တြိဒဏ္ဍ, တြိဒဏ္ဍ တံဆိပ်, သင်္ဘော, အမှတ်တံဆိပ်
📛	တံဆိပ်, နာမည်, အမည် တံဆိပ်
🔰	ဂျပန်, စသင်သူ, စသင်သူဖြစ်ကြောင်းပြသသည့် ဂျပန်သင်္ကေတ, စသင်သူအတွက် ဂျပန် သင်္ကေတ
⭕	စက်ဝိုင်း, စက်ဝိုင်း သင်္ကေတ, အကြီးစား စက်ဝန်း, အကြီးစား စက်ဝိုင်း
✅	အကြီးစား ခြစ်မှတ်ဖြူ, အကြီးစား အမှန်ခြစ်မှတ်ဖြူ, အမှတ်, အမှန် ခြစ်မှတ်
☑	ခြစ်မှတ်ပါ မဲပုံး, ခြစ်မှတ်ပါသည့် မဲပုံး, မဲ, မဲပုံး
✔	အကြီးစား ခြစ်မှတ်, အကြီးစား အမှန် ခြစ်မှတ်, အမှတ်, အမှန် ခြစ်မှတ်
✖	ဖျက်သိမ်းခြင်း, အမြှောက်, အမြှောက်လက္ခဏာ, အမြှောက်လက္ခဏာသင်္ကေတ အကြီးစား
❌	ကြက်ခြေခတ် အမှတ်, ဖျက်သိမ်းခြင်း, အမြှောက်, အမြှောက်လက္ခဏာ, အမှတ်
❎	ကြက်ခြေခတ် အမှတ် ခလုတ်, ကြက်ခြေခတ်အမှတ် ခလုတ်, လေးထောင့်ကွက်, အမှတ်
➕	သင်္ချာ, အပေါင်း, အပေါင်းလက္ခဏာ သင်္ကေတ အကြီးစား, အပေါင်းလက္ခဏာ အကြီးစား
➖	သင်္ချာ, အနှုတ်, အနှုတ်လက္ခဏာ သင်္ကေတ အကြီးစား, အနှုတ်လက္ခဏာ အကြီးစား
➗	သင်္ချာ, အစား, အစား လက္ခဏာ အကြီးစား, အစားလက္ခဏာ သင်္ကေတ အကြီးစား
➰	ကြိုးကွင်း, လိမ်, လိမ်နေသည့် ကြိုးကွင်း, လိမ်နေသည့် အကွင်း
➿	ကြိုးကွင်း, နှစ်ထပ်, လိမ်, လိမ်နေသည့် ကြိုးကွင်း နှစ်ထပ်ကွမ်း, လိမ်နေသည့် အကွင်း နှစ်ထပ်ကွမ်း
〽	ပစ္စည်း, ပစ္စည်း လဲထားသည့် အမှတ်, အမှတ်
✳	ခရစ်ပွင့်, ရှစ်ချွန်း ခရစ်ပွင့်
✴	ကြယ်, ရှစ်ထောင့် ကြယ်
❇	ဝင်းလက်, အရောင်လက်နေခြင်း
‼	ပုဒ်ဖြတ်ပုဒ်ရပ်, ဘန်းဘန်း သင်္ကေတ, အာမေဍိတ် သင်္ကေတ, အာမေဍိတ် သင်္ကေတ နှစ်ထပ်ကွမ်း
⁉	ပုဒ်ဖြတ်ပုဒ်ရပ်, မေးခွန်း, အာမေဍိတ်, အာမေဍိတ် မေးခွန်း သင်္ကေတ
❓	ပုဒ်ဖြတ်ပုဒ်ရပ်, မေးခွန်း သင်္ကေတ, အမှတ်
❔	ပုဒ်ဖြတ်ပုဒ်ရပ်, မေးခွန်း, အဖြူရောင် မေးခွန်း သင်္ကေတ, အမှတ်
❕	ပုဒ်ဖြတ်ပုဒ်ရပ်, အဖြူရောင် အာမေဍိတ် သင်္ကေတ, အမှတ်, အာမေဍိတ် သင်္ကေတ
❗	ပုဒ်ဖြတ်ပုဒ်ရပ်, အမှတ်, အာမေဍိတ်, အာမေဍိတ် သင်္ကေတ
〰	ပုဒ်ဖြတ်ပုဒ်ရပ်, မျဥ်းရှည်, လှိုင်း သင်္ကေတ, လှိုင်းထနေသည့် မျဉ်းရှည်
©	မူပိုင်ခွင့်
®	မှတ်ပုံတင်ထားသော
™	ကုန် အမှတ်တံဆိပ်, ကုန်အမှတ်တံဆိပ်, ကုန်အမှတ်တံဆိပ် သင်္ကေတ, အမှတ်တံဆိပ်
💯	တစ်ရာ, ရမှတ်, အပြည့်, အမှတ် တစ်ရာ, ၁၀၀
🔠	စာလုံးကြီး, ထည့်ရန်, လက်တင်, လက်တင် စာလုံးကြီး ထည့်ရန်, လက်တင် စာလုံးကြီး သင်္ကေတ, အက္ခရာ
🔡	စာလုံးသေး, ထည့်သွင်းရန်, လက်တင်, လက်တင် စာလုံးသေး ထည့်ရန်, လက်တင် စာလုံးသေး သင်္ကေတ, အက္ခရာ
🔢	ဂဏန်းများ, ဂဏန်းများ ထည့်ရန်, ထည့်သွင်းရန်, ၁၂၃၄ ဂဏန်းပြ သင်္ကေတ
🔣	ထည့်သွင်းရန်, သင်္ကေတများ ထည့်ရန်, အထူးအက္ခရာ သင်္ကေတများ
🔤	ထည့်သွင်းရန်, လက်တင်, လက်တင် စာလုံးများ ထည့်ရန်, လက်တင် စာလုံးသေးများ, အက္ခရာများ
🅰	ဘီ, ဘီ သင်္ကေတ (သွေးအမျိုးအစား), သွေးအမျိုးအစား, အေ သင်္ကေတ (သွေးအမျိုးအစား)
🆎	သွေးအမျိုးအစား, အေဘီ (သွေးအမျိုးအစား), အေဘီ သင်္ကေတ, အေဘီ သင်္ကေတ (သွေးအမျိုးအစား)
🅱	ဘီ, ဘီ သင်္ကေတ (သွေးအမျိုးအစား), သွေးအမျိုးအစား
🆑	စီအယ်လ်, စီအယ်လ် ခလုတ်, ရှင်းရန် ခလုတ်, ရှင်းသွားပြီ ခလုတ်
🆒	အေးဆေးပဲ, အေးဆေးပဲ ခလုတ်, အေးဆေးပဲ သင်္ကေတ ခလုတ်
🆓	အခမဲ့ ခလုတ်, အခမဲ့ သင်္ကေတ, အခမဲ့ သင်္ကေတ ခလုတ်
ℹ	သတင်းအချက်အလက်, သတင်းအချက်အလက်ပြ သင်္ကေတ
🆔	အထောက်အထား, အိုင်ဒီ ခလုတ်, အိုင်ဒီ သင်္ကေတ, အိုင်ဒီ သင်္ကေတ ခလုတ်
Ⓜ	စက်ဝိုင်း သင်္ကေတ, မြေအောက်ရထား သင်္ကေတ
🆕	လေးထောင့်ကွက် အသစ်, အသစ်, အသစ် ခလုတ်
🆖	မကောင်းပါ ခလုတ်, အင်္ဂလိပ် အက္ခရာ အန်ဂျီ ပါ ခလုတ်, အမှားပြ သင်္ကေတ
🅾	သွေးအမျိုးအစား, အို, အို သင်္ကေတ (သွေးအမျိုးအစား)
🆗	အိုကေ, အိုကေ သင်္ကေတပြ ခလုတ်
🅿	ယာဉ်ရပ်နားရန် သင်္ကေတ, ယာဥ်ရပ်နားရန် သင်္ကေတ, အင်္ဂလိပ် အက္ခရာ ပီ သင်္ကေတပြ ခလုတ်
🆘	ကူညီပါ, အက်စ်အိုအက်စ်, အက်စ်အိုအက်စ် သင်္ကေတပြ ခလုတ်, အရေးပေါ် ခလုတ်
🆙	အပေါ်သို့, အပေါ်သို့ ခလုတ်, အပေါ်သို့ပြ သင်္ကေတ ခလုတ်, အမှတ်
🆚	ဆန့်ကျင်ဘက်ပြ သင်္ကေတ, ဗွီအက်စ်, ဗွီအက်စ် ဆန့်ကျင်ဘက်ပြ သင်္ကေတ ခလုတ်
🈁	ဂျပန်ဘာသာ ဒီနေရာ ခလုတ်, ဂျပန်ဘာသာစကား, လေးထောင့်ကွက် ကတကန ကိုကို
🈂	ဂျပန် ဘာသာစကား, ဂျပန်ဘာသာ ဝန်ဆောင်ခ ခလုတ်, လေးထောင့်ကွက် ကတကန စာ
🈷	ဂျပန် ဘာသာစကား, ဂျပန်ဘာသာ လစဉ်ကြေး ခလုတ်, လေးထောင့်ကွက် လ အရုပ်စာ
🈶	ဂျပန် ဘာသာစကား, ဂျပန်ဘာသာ အခမဲ့ မဟုတ်ပါ ခလုတ်, လေးထောင့်ကွက် တည်ရှိမှု အရုပ်စာ
🈯	ဂျပန် ဘာသာစကား, ဂျပန်ဘာသာ သီးသန့်မှာယူထားပြီး ခလုတ်, လေးထောင့်ကွက် လက်ချောင်း အရုပ်စာ
🉐	ဂျပန် ဘာသာစကား, ဂျပန်ဘာသာ စျေးပေါသည် ခလုတ်, ဝိုင်းထားသည့် သာလွန်မှု အရုပ်စာ
🈹	ဂျပန် ဘာသာစကား, ဂျပန်ဘာသာ လျှော့စျေး ခလုတ်, လေးထောင့်ကွက် ခွဲခြမ်းမှု အရုပ်စာ
🈚	ဂျပန် ဘာသာစကား, ဂျပန်ဘာသာ အခမဲ့ ခလုတ်, လေးထောင့်ကွက် ငြင်းဆိုချက် အရုပ်စာ
🈲	ဂျပန် ဘာသာစကား, ဂျပန်ဘာသာ တားမြစ်ချက် ခလုတ်, လေးထောင့်ကွက် တားမြစ်ချက် အရုပ်စာ
🉑	ဂျပန်ဘာသာ လက်ခံနိုင်သည် ခလုတ်, တရုတ် ဘာသာစကား, ဝိုင်းထားသည့် လက်ခံမှု အရုပ်စာ
🈸	ဂျပန်စာ, ဂျပန်ဘာသာ စာရင်းသွင်း သင်္ကေတ ခလုတ်, စာရင်းသွင်းခြင်း, အရုပ်စာ
🈴	ဂျပန်ဘာသာ အောင်မြင်မှု အဆင့်အတန်းပြ ခလုတ်, တရုတ် ဘာသာစကား, လေးထောင့်ကွက် အတူတကွ အရုပ်စာ
🈳	ဂျပန်ဘာသာ လစ်လပ်မှု ခလုတ်, တရုတ် ဘာသာစကား, လေးထောင့်ကွက် ဗလာ အရုပ်စာ
㊗	ချီးကျူးဂုဏ်ပြုခြင်း, ဂျပန်စာလုံး, ဂျပန်ဘာသာ ဂုဏ်ပြုမှု ခလုတ်, ဂျပန်ဘာသာ ဂုဏ်ပြုမှု သင်္ကေတ ခလုတ်, အရုပ်စာ
㊙	ဂျပန်စာ, ဂျပန်ဘာသာ လျှို့ဝှက် သင်္ကေတ ခလုတ်, ဂျပန်ဘာသာ လျှို့ဝှက်မှု ခလုတ်, လျှို့ဝှက်, အရုပ်စာ
🈺	ဂျပန်ဘာသာ အလုပ်ဖွင့်သည် ခလုတ်, တရုတ် ဘာသာစကား, လေးထောင့်ကွက် လုပ်ဆောင်မှု အရုပ်စာ
🈵	ဂျပန်ဘာသာ လစ်လပ်မှု မရှိ ခလုတ်, တရုတ် ဘာသာစကား, လေးထောင့်ကွက် ပြည့်စုံမှု အရုပ်စာ
🔴	ဂျီသြမေတြီ, အနီရောင် စက်ဝိုင်း
🔵	စက်ဝိုင်း, အပြာရောင်, အပြာရောင်စက်ဝိုင်း
⚪	စက်ဝိုင်း၊ ဂျီဩမေတြီ, အဖြူရောင် စက်ဝိုင်း
⚫	စက်ဝိုင်း၊ ဂျီဩမေတြီ, အနက်ရောင် စက်ဝိုင်း
⬜	ဂျီဩမေတြီ၊ လေးထောင့်ကွက်, အဖြူရောင် လေးထောင့်ကွက် အကြီး
⬛	ဂျီဩမေတြီ၊ လေးထောင့်ကွက်, အနက်ရောင် လေးထောင့်ကွက် အကြီး
◼	ဂျီဩမေတြီ၊ လေးထောင့်ကွက်, အနက်ရောင် လေးထောင့်ကွက် အလတ်စား
◻	ဂျီဩမေတြီ၊ လေးထောင့်ကွက်, အဖြူရောင် လေးထောင့်ကွက် အလတ်စား
◽	ဂျီဩမေတြီ၊ လေးထောင့်ကွက်, အဖြူရောင် လေးထောင့်ကွက် အလတ်စားအသေး
◾	ဂျီဩမေတြီ၊ လေးထောင့်ကွက်, အနက်ရောင် လေးထောင့်ကွက် အလတ်စားအသေး
▫	ဂျီဩမေတြီ၊ လေထောင့်ကွက်, အဖြူရောင် လေးထောင့်ကွက် အသေး
▪	ဂျီဩမေတြီ၊ လေထောင့်ကွက်, အနက်ရောင် လေးထောင့်ကွက် အသေး
🔶	ဂျီဩမေတြီ၊ စိန်၊ လိမ္မော်, လိမ္မော်ရောင် စိန်ကြီး
🔷	ဂျီဩမေတြီ၊ စိန်၊ အပြာ, အပြာရောင် စိန်ကြီး
🔸	ဂျီဩမေတြီ၊ စိန်၊ လိမ္မော်, လိမ္မော်ရောင် စိန်အသေး
🔹	ဂျီဩမေတြီ၊ စိန်၊ အပြာ, အပြာရောင် စိန်အသေး
🔺	ဂျီဩမေတြီ၊ နီ, အပေါ်သို့ ညွှန်ပြနေသည့် အနီရောင် တြိဂံ
🔻	အောက်သို့ ညွှန်ပြနေသည့် အနီရောင် တြိဂံ, အောက်သို့၊ ဂျီဩမေတြီ၊ စိန်၊ အတွင်းပိုင်း
💠	ဟာသ၊ စိန်၊ ဂျီဩမေတြီ၊ အတွင်းပိုင်း, အစက်ပါ စိန်
🔘	ရေဒီယို ခလုတ်, ရေဒီယို၊ ဂျီဩမေတြီ၊ ခလုတ်
🔲	ဂျီဩမေတြီ၊ လေးထောင့်၊ ခလုတ်, အနက်ရောင် လေးထောင့်ခလုတ်
🔳	လေးထောင့်ကွက်၊ ခလုတ်၊ မှတ်ပေးထား၊ ဂျီဩမေတြီ, အဖြူရောင် လေးထောင့်ခလုတ်
🏁	အကွက်ဆင် အလံ, အကွက်ဆင်၊ ပြိုင်ပွဲ၊ အလံ
🚩	စာတိုက်, တြိဂံပုံ အလံ
🎌	ကြက်ခြေခတ် အလံများ, ကြက်ခြေခတ်၊ ကားတိုင်၊ ပွဲတော်၊ ဂျပန်
🏴	ဝှေ့ယမ်းနေ, ဝှေ့ယမ်းနေသည့် အလံမည်း
🏳	ဝှေ့ယမ်းနေ, ဝှေ့ယမ်းနေသည့် အလံဖြူ
🏳‍🌈	သက်တံ, သက်တံရောင် အလံ, သက်တံရောင်အလံ
🏴‍☠	ဂျိုလီရော်ဂျာ, ပင်လယ်ဓားပြ, ပင်လယ်ဓားပြ အလံ, ရတနာ, လုယက်ပစ္စည်း
