ğŸ»	pele clara, tipo 1â€“2, tom de pele
ğŸ¼	pele morena clara, tipo 3, tom de pele
ğŸ½	pele morena, tipo 4, tom de pele
ğŸ¾	pele morena escura, tipo 5, tom de pele
ğŸ¿	pele escura, tipo 6, tom de pele
ğŸ˜€	lol, rindo, risada, rosto, rosto risonho
ğŸ˜	olho, rosto, rosto contente com olhos sorridentes, rosto rindo com olhos sorridentes, sorriso, sorriso aberto
ğŸ˜‚	alegria, lÃ¡grimas, rosto, rosto chorando de rir, rosto com lÃ¡grimas de alegria
ğŸ¤£	chÃ£o, gargalhada, rolando, rolando no chÃ£o de rir, rosto
ğŸ˜ƒ	aberto, boca, rosto, rosto risonho com olhos bem abertos, sorriso
ğŸ˜„	aberta, boca, olhos, rosto, rosto risonho com olhos sorridentes, sorriso
ğŸ˜…	rosto, rosto risonho com gota de suor, sorriso com suor frio, suor frio
ğŸ˜†	gargalhada, olhos fechados, rosto, rosto risonho com olhos semicerrados, sorriso com olhos fechados
ğŸ˜‰	piscada, rosto, rosto com olho piscando
ğŸ˜Š	olhos sorrindo, rosto, rosto sorridente com olhos sorridentes, rosto sorrindo, ruborizar
ğŸ˜‹	delicioso, gostoso, nham, rosto, rosto saboreando comida, sorriso
ğŸ˜	rosto, rosto sorridente com Ã³culos escuros, sol, sorrindo, sorrindo de Ã³culos escuros, Ã³culos escuros
ğŸ˜	amor, coraÃ§Ã£o, olhos, olhos de coraÃ§Ã£o, rosto, rosto sorridente com olhos de coraÃ§Ã£o
ğŸ˜˜	beijo, rosto, rosto mandando um beijo
ğŸ¥°	amor, apaixonado, paixÃ£o, rosto sorridente com 3 coraÃ§Ãµes
ğŸ˜—	beijo, rosto, rosto beijando
ğŸ˜™	olhos sorrindo, rosto, rosto beijando com olhos sorridentes, rosto beijando com um sorriso, sorriso
ğŸ˜š	beijando com os olhos fechados, olhos fechados, rosto, rosto beijando com olhos fechados
â˜º	rosto, rosto sorridente, sorridente, sorriso
ğŸ™‚	rosto, rosto levemente sorridente, sorriso
ğŸ¤—	abraÃ§o, mÃ£os abraÃ§ando, rosto, rosto abraÃ§ando
ğŸ¤©	estrela, gargalhando, olhos, rosto, rosto com olhar maravilhado
ğŸ¤”	mÃ£o no queixo, pensando, rosto, rosto pensativo
ğŸ¤¨	cÃ©tico, desconfianÃ§a, rosto com sobrancelha levantada
ğŸ˜	neutro, rosto, rosto neutro, sem comentÃ¡rios, sem emoÃ§Ã£o
ğŸ˜‘	rosto, rosto inexpressivo, sem expressÃ£o
ğŸ˜¶	calado, quieto, rosto, rosto sem boca, sem boca
ğŸ™„	olhos, revirando os olhos, rosto, rosto com olhos revirados
ğŸ˜	rosto, rosto com sorriso maroto, sorriso malicioso, sorriso maroto
ğŸ˜£	perseverante, perseveranÃ§a, rosto perseverante
ğŸ˜¥	aliviado, decepcionado, rosto, rosto triste, mas aliviado, ufa
ğŸ˜®	boca, boca aberta, empatia, rosto, rosto com boca aberta
ğŸ¤	rosto, rosto com boca de zÃ­per, zÃ­per
ğŸ˜¯	espantado, rosto, rosto surpreso, surpreso
ğŸ˜ª	rosto, rosto com sono, rosto sonolento
ğŸ˜«	cansado, exausto, rosto, rosto cansado
ğŸ˜´	rosto, rosto dormindo, sono, zzz
ğŸ˜Œ	alÃ­vio, rosto, rosto aliviado
ğŸ˜›	rosto, rosto com lÃ­ngua para fora, rosto mostrando a lÃ­ngua
ğŸ˜œ	brincadeira, lÃ­ngua para fora com piscadela, piscadela, provocaÃ§Ã£o, rosto, rosto piscando e com lÃ­ngua para fora
ğŸ˜	horrÃ­vel, lÃ­ngua para fora, lÃ­ngua para fora com os olhos fechados, olhos fechados, rosto, rosto com olhos semicerrados e lÃ­ngua para fora
ğŸ¤¤	babando, babar, rosto babando
ğŸ˜’	blasÃ©, rosto, rosto aborrecido, rosto de que nÃ£o achou graÃ§a
ğŸ˜“	rosto, rosto cabisbaixo com gota de suor, rosto com suor frio
ğŸ˜”	deprimido, desanimado, rosto, rosto deprimido
ğŸ˜•	confuso, indeciso, rosto, rosto confuso
ğŸ™ƒ	rosto de cabeÃ§a para baixo, rosto invertido
ğŸ¤‘	cifrÃ£o, dinheiro, dinheiro na boca, rico, riqueza, rosto, rosto com cifrÃµes
ğŸ˜²	chocado, estupefato, rosto, rosto espantado, totalmente chocado
â˜¹	descontente, rosto, rosto de desaprovaÃ§Ã£o, rosto descontente, triste
ğŸ™	rosto, rosto meio triste, tristinho
ğŸ˜–	perplexo, rosto, rosto perplexo
ğŸ˜	desapontamento, rosto, rosto decepcionado, rosto desapontado
ğŸ˜Ÿ	rosto, rosto preocupado
ğŸ˜¤	rosto, rosto soltando vapor pelo nariz, triunfo, vitÃ³ria
ğŸ˜¢	lÃ¡grimas, rosto, rosto chorando, triste
ğŸ˜­	chorando, chorar, lÃ¡grimas, rosto, rosto chorando aos berros
ğŸ˜¦	aberta, boca, rosto assustado, rosto franzido com boca aberta
ğŸ˜§	rosto, rosto angustiado, sofrendo
ğŸ˜¨	assustado, rosto, rosto amedrontado
ğŸ˜©	cansado, rosto, rosto aborrecido, rosto desolado
ğŸ¤¯	cabeÃ§a explodindo, chocado
ğŸ˜¬	fazendo careta, rosto, rosto expressando desagrado, rosto fazendo careta
ğŸ˜°	boca aberta, rosto, rosto ansioso com gota de suor, rosto azul com suor frio, suor frio
ğŸ˜±	assustado, gritando de medo, medo, rosto, rosto gritando de medo, temeroso
ğŸ¥µ	febril, insolaÃ§Ã£o, quente, rosto fervendo de calor, rosto vermelho, suando
ğŸ¥¶	congelando, frio, glacial, gÃ©lido, rosto azul de frio, rosto gelado
ğŸ˜³	atordoado, rosto, rosto ruborizado
ğŸ¤ª	excÃªntrico, grande, olho, pequeno, rosto bizarro
ğŸ˜µ	rosto, rosto atordoado
ğŸ˜¡	irado, rosto, rosto furioso, rosto vermelho, rosto vermelho furioso, zangado
ğŸ˜ 	irado, rosto, rosto zangado
ğŸ¤¬	rosto com sÃ­mbolos na boca, xingando
ğŸ˜·	doente, gripado, mÃ¡scara, mÃ¡scara mÃ©dica, resfriado, rosto, rosto com mÃ¡scara mÃ©dica
ğŸ¤’	de cama, febre, febril, rosto, rosto com termÃ´metro, termÃ´metro
ğŸ¤•	acidentado, ferimento, rosto, rosto com atadura na cabeÃ§a, rosto com curativos, rosto machucado
ğŸ¤¢	enjoado, enjoo, rosto nauseado, vÃ´mito
ğŸ¤®	doente, rosto vomitando, vÃ´mito
ğŸ¤§	espirrando, espirro, rosto espirrando
ğŸ˜‡	anjo, aurÃ©ola, inocente, rosto, rosto sorridente com aurÃ©ola
ğŸ¤ 	caubÃ³i, rosto, rosto com chapÃ©u de caubÃ³i
ğŸ¥³	apito, chapÃ©u, comemoraÃ§Ã£o, festa, rosto festivo
ğŸ¥´	boca ondulada, bÃªbado, embriagado, intoxicado, olhos tortos, rosto embriagado
ğŸ¥º	implorando, olhar de cachorrinho, perdÃ£o, rosto implorando
ğŸ¤¥	mentindo, mentira, mentiroso, pinÃ³quio, rosto de mentiroso
ğŸ¤«	quieto, rosto fazendo sinal de silÃªncio, silÃªncio
ğŸ¤­	ops, rosto com a mÃ£o sobre a boca
ğŸ§	conservador, rosto com monÃ³culo
ğŸ¤“	cdf, estudioso, nerd, rosto de nerd, sabe-tudo
ğŸ˜ˆ	chifres, rosto, rosto sorridente com chifres, sorriso
ğŸ‘¿	demÃ´nio, diabo, rosto, rosto zangado com chifres
ğŸ¤¡	palhaÃ§o, rosto, rosto de palhaÃ§o
ğŸ‘¹	conto de fadas, monstro, ogro, ogro japonÃªs, oni
ğŸ‘º	conto de fadas, duende japonÃªs, goblin, monstro, tengu
ğŸ’€	caveira, conto de fadas, corpo, morte
â˜ 	caveira, caveira e ossos cruzados, morte, ossos cruzados, pirata
ğŸ‘»	conto de fadas, fantasma, rosto
ğŸ‘½	OVNI, alienÃ­gena, extraterrestre, rosto
ğŸ‘¾	OVNI, monstro, monstro alienÃ­gena, rosto
ğŸ¤–	robÃ´, rosto, rosto de robÃ´
ğŸ’©	cocÃ´, estrume, excremento, fezes, pilha de cocÃ´
ğŸ˜º	aberta, boca, gato, rosto, rosto de gato, rosto de gato sorrindo
ğŸ˜¸	gato, riso, rosto, rosto de gato, rosto de gato sorrindo com olhos sorridentes, sorriso
ğŸ˜¹	gato, rosto, rosto de gato, rosto de gato com lÃ¡grimas de alegria
ğŸ˜»	apaixonado, gato, olho, rosto, rosto de gato com olhos de coraÃ§Ã£o, rosto de gato sorridente com olhos de coraÃ§Ã£o, sorriso
ğŸ˜¼	gato, irÃ´nico, rosto, rosto de gato, rosto de gato com sorriso irÃ´nico, sorriso
ğŸ˜½	beijo, gato, olho fechado, rosto, rosto de gato mandando um beijo
ğŸ™€	gato, muito surpreso, oh!, rosto, rosto de gato desolado
ğŸ˜¿	chorar, choro, gato, lÃ¡grima, rosto, rosto de gato chorando, triste
ğŸ˜¾	fazendo bico, gato, rosto, rosto de gato, rosto de gato mal-humorado
ğŸ™ˆ	macaco, macaco com olhos tapados, macaco que nÃ£o vÃª nada, olhos tapados
ğŸ™‰	macaco, macaco com ouvidos tapados, macaco que nÃ£o ouve nada, ouvidos tapados
ğŸ™Š	boca tapada, macaco, macaco com as mÃ£os tapando a boca, macaco que nÃ£o fala nada
ğŸ‘¶	bebÃª, nenÃ©m
ğŸ§’	crianÃ§a
ğŸ‘¦	jovem, menino
ğŸ‘§	garota, menina
ğŸ§‘	adulto, gÃªnero nÃ£o especificado, pessoa
ğŸ‘±	loiro, louro, pessoa loira, pessoa loura, pessoa: cabelo louro
ğŸ‘¨	adulto, homem
ğŸ‘±â€â™‚	homem, loiro, louro
ğŸ§”	barba, barbudo
ğŸ‘©	adulta, mulher
ğŸ‘±â€â™€	loira, loura, mulher
ğŸ§“	adulto, idoso
ğŸ‘´	adulto, homem, homem idoso, idoso
ğŸ‘µ	adulta, idosa, mulher
ğŸ‘¨â€âš•	doutor, enfermeiro, homem, homem profissional da saÃºde, mÃ©dico, saÃºde, terapeuta
ğŸ‘©â€âš•	doutora, enfermeira, mulher, mulher profissional da saÃºde, mÃ©dica, saÃºde, terapeuta
ğŸ‘¨â€ğŸ“	aluno, estudante, formando, homem
ğŸ‘©â€ğŸ“	aluna, estudante, formanda, mulher
ğŸ‘¨â€ğŸ«	homem, instrutor, mestre, professor
ğŸ‘©â€ğŸ«	instrutora, mestra, mulher, professora
ğŸ‘¨â€âš–	balanÃ§a, homem, juiz, justiÃ§a
ğŸ‘©â€âš–	balanÃ§a, justiÃ§a, juÃ­za, mulher
ğŸ‘¨â€ğŸŒ¾	agricultor, fazendeiro, homem, jardineiro
ğŸ‘©â€ğŸŒ¾	agricultora, fazendeira, jardineira, mulher
ğŸ‘¨â€ğŸ³	chef, cozinheiro, homem
ğŸ‘©â€ğŸ³	chef, cozinheira, mulher
ğŸ‘¨â€ğŸ”§	eletricista, encanador, homem, mecÃ¢nico, prestador de serviÃ§os
ğŸ‘©â€ğŸ”§	eletricista, encanadora, mecÃ¢nica, mulher, prestadora de serviÃ§os
ğŸ‘¨â€ğŸ­	fÃ¡brica, homem, indÃºstria, operÃ¡rio, trabalhador
ğŸ‘©â€ğŸ­	fÃ¡brica, indÃºstria, mulher, operÃ¡ria, trabalhadora
ğŸ‘¨â€ğŸ’¼	arquiteto, colarinho branco, empresÃ¡rio, funcionÃ¡rio de escritÃ³rio, gerente, homem
ğŸ‘©â€ğŸ’¼	arquiteta, colarinho branco, empresÃ¡ria, funcionÃ¡ra de escritÃ³rio, funcionÃ¡ria de escritÃ³rio, gerente, mulher
ğŸ‘¨â€ğŸ”¬	biÃ³logo, cientista homem, fÃ­sico, homem, professor, quÃ­mico
ğŸ‘©â€ğŸ”¬	biÃ³loga, cientista mulher, fÃ­sica, mulher, professora, quÃ­mica
ğŸ‘¨â€ğŸ’»	desenvolvedor, homem, inventor, programador, software, tecnÃ³logo
ğŸ‘©â€ğŸ’»	desenvolvedora, inventora, mulher, programadora, software, tecnÃ³loga
ğŸ‘¨â€ğŸ¤	artista, ator, cantor, homem, pop, rock
ğŸ‘©â€ğŸ¤	artista, atriz, cantora, mulher, pop, rock
ğŸ‘¨â€ğŸ¨	artista, artista plÃ¡stico, homem, pintura
ğŸ‘©â€ğŸ¨	artista, artista plÃ¡stica, mulher, pintura
ğŸ‘¨â€âœˆ	aviÃ£o, homem, piloto de aviÃ£o homem
ğŸ‘©â€âœˆ	aviÃ£o, mulher, piloto de aviÃ£o mulher
ğŸ‘¨â€ğŸš€	astronauta homem, espaÃ§o, foguete, homem
ğŸ‘©â€ğŸš€	astronauta mulher, espaÃ§o, foguete, mulher
ğŸ‘¨â€ğŸš’	bombeiro, caminhÃ£o do corpo de bombeiros, homem
ğŸ‘©â€ğŸš’	bombeira, bombeiro, caminhÃ£o do corpo de bombeiros, mulher
ğŸ‘®	policial, polÃ­cia
ğŸ‘®â€â™‚	homem, policial, policial homem, polÃ­cia, tira
ğŸ‘®â€â™€	mulher, policial, policial mulher, polÃ­cia, tira
ğŸ•µ	detetive, espiÃ£o, investigador
ğŸ•µâ€â™‚	detetive homem, espiÃ£o, homem, investigador
ğŸ•µâ€â™€	detetive mulher, espiÃ£, investigadora, mulher
ğŸ’‚	guarda, seguranÃ§a
ğŸ’‚â€â™‚	guarda, guarda homem, homem, seguranÃ§a
ğŸ’‚â€â™€	guarda, guarda mulher, mulher, seguranÃ§a
ğŸ‘·	construÃ§Ã£o, pedreiro, pessoas, trabalhador de construÃ§Ã£o, trabalhador de construÃ§Ã£o civil
ğŸ‘·â€â™‚	construÃ§Ã£o, homem, operÃ¡rio, pedreiro
ğŸ‘·â€â™€	construÃ§Ã£o, mulher, operÃ¡ria, pedreira
ğŸ¤´	prÃ­ncipe
ğŸ‘¸	conto de fadas, fantasia, princesa
ğŸ‘³	homem com turbante, homem vestindo turbante, pessoa com turbante, turbante
ğŸ‘³â€â™‚	homem, homem com turbante, turbante
ğŸ‘³â€â™€	mulher, mulher com turbante, turbante
ğŸ‘²	gua pi mao, homem com gua pi mao, homem de bonÃ©, pessoas
ğŸ§•	hijab, lenÃ§o, mulher com vÃ©u
ğŸ¤µ	festa, gala, homem, homem de smoking, noivo, smoking
ğŸ‘°	casamento, noiva, noiva com vÃ©u, vÃ©u
ğŸ¤°	grÃ¡vida, mulher
ğŸ¤±	amamentando, amamentaÃ§Ã£o, bebÃª, nenÃ©m
ğŸ‘¼	anjo, bebÃª anjo, conto de fadas, rosto
ğŸ…	Natal, Noel, Papai Noel, comemoraÃ§Ã£o
ğŸ¤¶	MamÃ£e Noel, Natal, Noel, comemoraÃ§Ã£o
ğŸ¦¸	boa, bom, heroÃ­na, herÃ³i, super-herÃ³i, superpoder
ğŸ¦¸â€â™€	boa, heroÃ­na, herÃ³i, mulher, super-heroÃ­na, superpoder
ğŸ¦¸â€â™‚	bom, herÃ³i, homem, homem super-herÃ³i, superpoder
ğŸ¦¹	criminoso, mal, superpoder, supervilÃ£o, vilÃ£o
ğŸ¦¹â€â™€	criminosa, mulher, mÃ¡, superpoder, supervilÃ£, vilÃ£
ğŸ¦¹â€â™‚	criminoso, homem, homem supervilÃ£o, mal, superpoder, vilÃ£o
ğŸ§™	bruxa, feiticeira, maga, mago
ğŸ§™â€â™€	bruxa, feiticeira, maga
ğŸ§™â€â™‚	feiticeiro, homem mago, mago
ğŸ§š	fada
ğŸ§šâ€â™€	fada, mulher fada
ğŸ§šâ€â™‚	fada, homem fada
ğŸ§›	DrÃ¡cula, vampiro
ğŸ§›â€â™€	mulher vampira, vampira
ğŸ§›â€â™‚	DrÃ¡cula, homem vampiro, vampiro
ğŸ§œ	pessoa sereia, sereia
ğŸ§œâ€â™€	sereia
ğŸ§œâ€â™‚	TritÃ£o, sereio
ğŸ§	elfo, mÃ¡gico
ğŸ§â€â™€	duende mulher, elfa
ğŸ§â€â™‚	duende homem, elfo, elfo homem
ğŸ§	gÃªnio
ğŸ§â€â™€	mulher gÃªnio
ğŸ§â€â™‚	homem gÃªnio
ğŸ§Ÿ	cazumbi, zumbi
ğŸ§Ÿâ€â™€	cazumbi, mulher zumbi
ğŸ§Ÿâ€â™‚	cazumbi, homem zumbi
ğŸ™	franzindo a sobrancelha, gesto, pessoa, pessoa franzindo a sobrancelha
ğŸ™â€â™‚	carrancudo, desconfiado, homem, homem franzindo a sobrancelha
ğŸ™â€â™€	carrancuda, desconfiada, mulher, mulher franzindo a sobrancelha
ğŸ™	fazendo bico, gesto, pessoa, pessoa fazendo bico
ğŸ™â€â™‚	bico, cara feia, homem, homem fazendo bico
ğŸ™â€â™€	bico, cara feia, mulher, mulher fazendo bico
ğŸ™…	gesto, mÃ£o, pessoa fazendo gesto de â€œnÃ£oâ€, proibido
ğŸ™…â€â™‚	gesto, homem, homem fazendo gesto de â€œnÃ£oâ€, mÃ£o, proibido
ğŸ™…â€â™€	gesto, mulher, mulher fazendo gesto de â€œnÃ£oâ€, mÃ£o, proibido
ğŸ™†	OK, gesto, mÃ£o, pessoa fazendo gesto de â€œOKâ€
ğŸ™†â€â™‚	OK, gesto, homem, homem fazendo gesto de â€œOKâ€, mÃ£o
ğŸ™†â€â™€	OK, gesto, mulher, mulher fazendo gesto de â€œOKâ€, mÃ£o
ğŸ’	ajuda, informaÃ§Ãµes, mÃ£o, pessoa com a palma virada para cima
ğŸ’â€â™‚	homem, homem com a palma virada para cima
ğŸ’â€â™€	mulher, mulher com a palma virada para cima
ğŸ™‹	feliz, gesto, levantando a mÃ£o, pessoa, pessoa levantando a mÃ£o
ğŸ™‹â€â™‚	gesto, homem, homem levantando a mÃ£o, mÃ£o, pedir a palavra
ğŸ™‹â€â™€	gesto, mulher, mulher levantando a mÃ£o, mÃ£o, pedir a palavra
ğŸ™‡	desculpa, gesto, perdÃ£o, pessoa, pessoa fazendo reverÃªncia, reverÃªncia, reverÃªncia respeitosa
ğŸ™‡â€â™‚	desculpas, gesto, homem, homem fazendo reverÃªncia, homem pedindo desculpas, respeito, reverÃªncia
ğŸ™‡â€â™€	desculpas, gesto, mulher, mulher fazendo reverÃªncia, mulher pedindo desculpas, respeito, reverÃªncia
ğŸ¤¦	decepÃ§Ã£o, desapontamento, pessoa dececionada, pessoa decepcionada
ğŸ¤¦â€â™‚	decepÃ§Ã£o, desapontamento, homem, homem decepcionado
ğŸ¤¦â€â™€	decepÃ§Ã£o, desapontamento, mulher, mulher decepcionada
ğŸ¤·	dar de ombros, ignorÃ¢ncia, indiferenÃ§a, ombros, pessoa dando de ombros
ğŸ¤·â€â™‚	dar de ombros, homem, homem dando de ombros, indiferenÃ§a
ğŸ¤·â€â™€	dar de ombros, indiferenÃ§a, mulher, mulher dando de ombros
ğŸ’†	massagem, massagem facial, pele, pessoa recebendo massagem facial
ğŸ’†â€â™‚	homem, homem recebendo massagem facial, massagem, relaxamento
ğŸ’†â€â™€	massagem, mulher, mulher recebendo massagem facial, relaxamento
ğŸ’‡	beleza, corte de cabelo, pessoa cortando o cabelo, salÃ£o, salÃ£o de beleza
ğŸ’‡â€â™‚	corte de cabelo, homem, homem cortando o cabelo, salÃ£o de beleza
ğŸ’‡â€â™€	corte de cabelo, mulher, mulher cortando o cabelo, salÃ£o de beleza
ğŸš¶	andar, caminhar, pessoa andando, pessoa caminhando
ğŸš¶â€â™‚	andar, caminhar, homem andando, homem caminhando
ğŸš¶â€â™€	andar, caminhar, mulher andando, mulher caminhando
ğŸƒ	corrida, esporte, maratona, maratonista, pessoa correndo
ğŸƒâ€â™‚	corrida, esporte, homem, homem correndo, maratona
ğŸƒâ€â™€	corrida, esporte, maratona, mulher, mulher correndo
ğŸ’ƒ	danÃ§ando, mulher, mulher danÃ§ando
ğŸ•º	danÃ§ando, homem, homem danÃ§ando
ğŸ‘¯	danÃ§ar, festa, orelhas de coelho, pessoas com orelhas de coelho
ğŸ‘¯â€â™‚	danÃ§arino, festa, homens, homens com orelhas de coelho, orelhas de coelho
ğŸ‘¯â€â™€	danÃ§arina, festa, homens com orelhas de coelho, mulheres, mulheres com orelhas de coelho, orelhas de coelho
ğŸ§–	pessoa na sauna, sauna
ğŸ§–â€â™€	mulher na sauna, sauna
ğŸ§–â€â™‚	homem na sauna, sauna
ğŸ§—	escalar, pessoa escalando
ğŸ§—â€â™€	escalar, mulher escalando
ğŸ§—â€â™‚	escalar, homem escalando
ğŸ§˜	ioga, meditaÃ§Ã£o, pessoa na posiÃ§Ã£o de lÃ³tus, yoga
ğŸ§˜â€â™€	ioga, meditaÃ§Ã£o, mulher na posiÃ§Ã£o de lÃ³tus, yoga
ğŸ§˜â€â™‚	homem na posiÃ§Ã£o de lÃ³tus, ioga, meditaÃ§Ã£o, yoga
ğŸ›€	banheira, pessoa tomando banho
ğŸ›Œ	hotel, pessoa, pessoa deitada na cama, sono
ğŸ•´	homem, homem de terno, homem de terno levitando, terno
ğŸ—£	cabeÃ§a, falando, silhueta, silhueta falando, voz
ğŸ‘¤	busto, pessoas, silhueta, silhueta de busto
ğŸ‘¥	busto, pessoas, silhueta, silhueta de bustos
ğŸ¤º	esgrima, esgrimista, espada, esporte, pessoa
ğŸ‡	cavalo, cavalo de corrida, corrida, corrida de cavalos, esporte, jÃ³quei
â›·	esqui, esquiador, neve
ğŸ‚	esporte, praticante de snowboard, snowboard
ğŸŒ	bola, esporte, golfe, golfista, pessoa jogando golfe
ğŸŒâ€â™‚	golfe, homem, homem golfista, homem jogando golfe
ğŸŒâ€â™€	golfe, mulher, mulher golfista, mulher jogando golfe
ğŸ„	pessoa surfando, surfe, surfista
ğŸ„â€â™‚	homem, homem surfista, surfando
ğŸ„â€â™€	mulher, mulher surfista, surfando
ğŸš£	barco, barco a remo, pessoa remando, veÃ­culo
ğŸš£â€â™‚	esporte, homem, homem remando, remador, remo
ğŸš£â€â™€	esporte, mulher, mulher remando, remadora, remo
ğŸŠ	esporte, nadar, pessoa nadando
ğŸŠâ€â™‚	homem, homem nadando, nadar, nataÃ§Ã£o
ğŸŠâ€â™€	mulher, mulher nadando, nadar, nataÃ§Ã£o
â›¹	basquete, bola, esporte, pessoa jogando basquete
â›¹â€â™‚	basquete, bola, esporte, homem, homem jogando basquete
â›¹â€â™€	basquete, bola, esporte, mulher, mulher jogando basquete
ğŸ‹	esporte, forÃ§a, peso, pessoa levantando peso
ğŸ‹â€â™‚	esporte, forÃ§a, homem, homem levantando peso, peso
ğŸ‹â€â™€	esporte, forÃ§a, mulher, mulher levantando peso, peso
ğŸš´	bicicleta, ciclista
ğŸš´â€â™‚	bicicleta, esporte, homem, homem ciclista, passeio
ğŸš´â€â™€	bicicleta, esporte, mulher, mulher ciclista, passeio
ğŸšµ	bicicleta, ciclista, mountain bike, pessoa fazendo mountain bike
ğŸšµâ€â™‚	bicicleta, ciclista, homem fazendo mountain bike, mountain bike
ğŸšµâ€â™€	bicicleta, ciclista, mountain bike, mulher fazendo mountain bike
ğŸ	automobilismo, carro, carro de corrida, corrida
ğŸ	corrida, motocicleta
ğŸ¤¸	esporte, estrela, ginÃ¡stica, pessoa, pessoa fazendo estrela
ğŸ¤¸â€â™‚	esporte, estrela, ginÃ¡stica, homem, homem fazendo estrela
ğŸ¤¸â€â™€	esporte, estrela, ginÃ¡stica, mulher, mulher fazendo estrela
ğŸ¤¼	esporte, luta, lutadores, pessoa, pessoas lutando
ğŸ¤¼â€â™‚	esporte, homem, homens lutando, luta, lutador
ğŸ¤¼â€â™€	esporte, luta, lutadora, mulher, mulheres lutando
ğŸ¤½	esporte, pessoa, pessoa jogando polo aquÃ¡tico
ğŸ¤½â€â™‚	esporte, homem, homem jogando polo aquÃ¡tico, jogador de polo aquÃ¡tico, piscina, polo
ğŸ¤½â€â™€	esporte, jogadora de polo aquÃ¡tico, mulher, mulher jogando polo aquÃ¡tico, piscina, polo
ğŸ¤¾	bola, esporte, handebol, pessoa
ğŸ¤¾â€â™‚	bola, esporte, handebol, homem, jogador de handebol, quadra
ğŸ¤¾â€â™€	bola, esporte, handebol, jogadora de handebol, mulher, quadra
ğŸ¤¹	equilÃ­brio, habilidade, malabarismo, malabarista, multitarefa
ğŸ¤¹â€â™‚	equilÃ­brio, habilidade, homem, homem malabarista, malabarismo, multitarefa
ğŸ¤¹â€â™€	equilÃ­brio, habilidade, malabarismo, mulher, mulher malabarista, multitarefa
ğŸ‘«	casal, homem, homem e mulher de mÃ£os dadas, mulher, mÃ£os dadas, pessoas
ğŸ‘¬	casal, dois homens de mÃ£os dadas, homem, mÃ£os dadas, pessoas
ğŸ‘­	casal, duas mulheres de mÃ£o dadas, duas mulheres de mÃ£os dadas, mulher, mÃ£os dadas, pessoas
ğŸ’	beijar, beijo, casal
ğŸ’‘	casal apaixonado, casal com um coraÃ§Ã£o, coraÃ§Ã£o, pessoas, romance
ğŸ‘ª	famÃ­lia, filho, mÃ£e, pai, pessoas
ğŸ¤³	camera, celular, foto, selfie, smartphone
ğŸ’ª	bÃ­ceps, contraÃ­do, engraÃ§ado, forte, mÃºsculo
ğŸ¦µ	chute, membro, perna
ğŸ¦¶	chute, pisÃ£o, pÃ©
ğŸ‘ˆ	costas da mÃ£o, dedo, dedo apontado para esquerda, dedo indicador, dorso da mÃ£o com dedo indicador apontando para a esquerda
ğŸ‘‰	costas da mÃ£o, dedo, dedo apontado para direita, dedo indicador, dorso da mÃ£o com dedo indicador apontando para a direita
â˜	dedo, dedo apontando para cima, indicador, indicador apontando para cima, mÃ£o
ğŸ‘†	costas da mÃ£o, dedo, dedo apontado para cima, dedo indicador, dorso da mÃ£o com dedo indicador apontando para cima
ğŸ–•	dedo, dedo do meio, gesto ofensivo, mÃ£o
ğŸ‘‡	costas da mÃ£o, dedo, dedo apontado para baixo, dedo indicador, dorso da mÃ£o com dedo indicador apontando para baixo
âœŒ	mÃ£o com sinal de vitÃ³ria, mÃ£o em V de vitÃ³ria, sim!, vitÃ³ria
ğŸ¤	cruzados, dedos, dedos cruzados, mÃ£o, sorte
ğŸ––	dedos, jornada nas estrelas, mÃ£o, saudaÃ§Ã£o, saudaÃ§Ã£o vulcana, spock, star trek
ğŸ¤˜	chifres, dedos, mÃ£o, saudaÃ§Ã£o do rock
ğŸ¤™	ligar, sinal "me liga"
ğŸ–	cinco dedos, dedos, mÃ£o, mÃ£o aberta com os dedos separados, mÃ£o aberta indicando cinco, palma da mÃ£o
âœ‹	mÃ£o erguida, mÃ£o levantada
ğŸ‘Œ	mÃ£o, mÃ£o sinalizando ok, ok, sinal, sinal de ok
ğŸ‘	dedÃ£o, mÃ£o, para cima, polegar para cima, sinal
ğŸ‘	dedÃ£o, mÃ£o, para baixo, polegar para baixo, sinal
âœŠ	punho erguido, punho levantado
ğŸ‘Š	mÃ£o, punho, soco
ğŸ¤›	esquerdo, punho, punho esquerdo, soco
ğŸ¤œ	direito, punho, punho direito, soco
ğŸ¤š	dorso da mÃ£o levantado, levantada, mÃ£o, palma, pare
ğŸ‘‹	aceno, mÃ£o, mÃ£o acenando
ğŸ¤Ÿ	gesto de "te amo", mÃ£o, te amo
âœ	caneta, escrevendo, escrevendo Ã  mÃ£o, mÃ£o
ğŸ‘	aplauso, mÃ£os, mÃ£os aplaudindo, sinal
ğŸ‘	abertas, mÃ£o, mÃ£os abertas, sinal, sinal de mÃ£os abertas
ğŸ™Œ	ambas as mÃ£os, comemoraÃ§Ã£o, levantando ambas as mÃ£os para comemorar, mÃ£os para cima
ğŸ¤²	oraÃ§Ã£o, palmas unidas para cima
ğŸ™	gesto, mÃ£o, mÃ£os juntas, reza, rezando, rezar
ğŸ¤	aperto, aperto de mÃ£os, combinado, cumprimento, mÃ£os
ğŸ’…	cosmÃ©ticos, esmalte, esmalte de unha, unhas
ğŸ‘‚	corpo, orelha
ğŸ‘ƒ	corpo, nariz, rosto
ğŸ‘£	corpo, gravura, pegadas, pÃ©
ğŸ‘€	olho, olhos, rosto
ğŸ‘	olho, parte do corpo, rosto
ğŸ‘â€ğŸ—¨	balÃ£o de diÃ¡logo, olho, olho no balÃ£o de diÃ¡logo, testemunha
ğŸ§ 	cÃ©rebro, inteligente
ğŸ¦´	esqueleto, osso
ğŸ¦·	dente, dentista
ğŸ‘…	corpo, lÃ­ngua, rosto
ğŸ‘„	boca, corpo, lÃ¡bios, rosto
ğŸ¦°	cabelo vermelho, ruivo
ğŸ¦±	afro, cabelo cacheado, cacheado, encaracolado
ğŸ¦³	branco, cabelo, cabelo branco, grisalho, velho
ğŸ¦²	careca, nenhum cabelo, quimioterapia, raspado, sem cabelo
ğŸ’‹	beijo, lÃ¡bios, marca de beijo, romance
ğŸ’˜	amor, coraÃ§Ã£o, coraÃ§Ã£o com flecha, emoÃ§Ã£o, flecha
ğŸ’	coraÃ§Ã£o, coraÃ§Ã£o com fita, dia dos namorados, emoÃ§Ã£o, fita
ğŸ’–	amor, brilhante, coraÃ§Ã£o brilhante, emocionante, emoÃ§Ã£o
ğŸ’—	amor, coraÃ§Ã£o, coraÃ§Ã£o crescendo, emoÃ§Ã£o, nervosismo
ğŸ’“	amor, batendo, coraÃ§Ã£o, coraÃ§Ã£o pulsante, emoÃ§Ã£o, pulsante
ğŸ’	coraÃ§Ãµes girando, girando
ğŸ’•	amantes, amor, dois coraÃ§Ãµes, emoÃ§Ã£o
ğŸ’Œ	carta, carta de amor, coraÃ§Ã£o, correspondÃªncia com coraÃ§Ã£o, romance
â£	coraÃ§Ã£o, exclamaÃ§Ã£o, exclamaÃ§Ã£o de coraÃ§Ã£o, ponto de exclamaÃ§Ã£o vermelho
ğŸ’”	coraÃ§Ã£o, coraÃ§Ã£o partido, decepÃ§Ã£o amorosa, emoÃ§Ã£o, rompimento
â¤	amor, coraÃ§Ã£o, coraÃ§Ã£o vermelho
ğŸ§¡	coraÃ§Ã£o, coraÃ§Ã£o laranja, emoÃ§Ã£o, laranja
ğŸ’›	amarelo, coraÃ§Ã£o, coraÃ§Ã£o amarelo, emoÃ§Ã£o
ğŸ’š	coraÃ§Ã£o, coraÃ§Ã£o verde, emoÃ§Ã£o, verde
ğŸ’™	azul, coraÃ§Ã£o, coraÃ§Ã£o azul, emoÃ§Ã£o
ğŸ’œ	coraÃ§Ã£o, coraÃ§Ã£o roxo, emoÃ§Ã£o, roxo
ğŸ–¤	coraÃ§Ã£o, coraÃ§Ã£o preto, negro, preto
ğŸ’Ÿ	coraÃ§Ã£o, coraÃ§Ã£o decorativo
ğŸ’¤	Zzz, dormindo, emoÃ§Ã£o, engraÃ§ado, roncando, zzz
ğŸ’¢	com raiva, emoÃ§Ã£o, engraÃ§ado, sÃ­mbolo de raiva
ğŸ’£	bomba, emoÃ§Ã£o, engraÃ§ado
ğŸ’¥	colisÃ£o, emoÃ§Ã£o, engraÃ§ado, sÃ­mbolo de colisÃ£o
ğŸ’¦	com suor, emoÃ§Ã£o, engraÃ§ado, pingos de suor, suor
ğŸ’¨	correr, emoÃ§Ã£o, engraÃ§ado, fugir, rapidez
ğŸ’«	emoÃ§Ã£o, engraÃ§ado, estrelas, olhando para as estrelas, zonzo
ğŸ’¬	balÃ£o, balÃ£o de conversa, balÃ£o de diÃ¡logo, diÃ¡logo, engraÃ§ado
ğŸ—¨	balÃ£o de diÃ¡logo, balÃ£o de diÃ¡logo Ã  esquerda
ğŸ—¯	balÃ£o de diÃ¡logo, balÃ£o de raiva Ã  direita, discurso furioso, enÃ©rgico, irado, raiva
ğŸ’­	balÃ£o, balÃ£o de pensamento, engraÃ§ado, pensamento
ğŸ•³	buraco, buraco no chÃ£o
ğŸ‘“	acessÃ³rio, Ã³culos
ğŸ•¶	Ã³culos, Ã³culos de sol, Ã³culos escuros
ğŸ¥½	nataÃ§Ã£o, proteÃ§Ã£o para os olhos, soldagem, Ã³culos de proteÃ§Ã£o
ğŸ¥¼	cientista, experiÃªncia, jaleco, mÃ©dico
ğŸ‘”	acessÃ³rio, gravata, roupa
ğŸ‘•	camisa, camiseta, roupa
ğŸ‘–	calÃ§a, jeans, roupa
ğŸ§£	cachecol, inverno, pescoÃ§o
ğŸ§¤	inverno, luvas, mÃ£os
ğŸ§¥	blusa, casaco, jaqueta
ğŸ§¦	meias
ğŸ‘—	peÃ§a Ãºnica, roupa, vestido
ğŸ‘˜	quimono, roupa, vestir
ğŸ‘™	biquÃ­ni, roupa, traje de banho
ğŸ‘š	roupas, roupas femininas
ğŸ‘›	acessÃ³rio, bolsinha, moedas, niqueleira
ğŸ‘œ	acessÃ³rio, bolsa, bolsa de mÃ£o
ğŸ‘	acessÃ³rio, bolsa pequena
ğŸ›	compras, sacolas, sacolas de compras, sacolas de shopping
ğŸ’	bolsa escolar, escola, mochila, mochila escolar
ğŸ‘	acessÃ³rio, sapato masculino, sapatos
ğŸ‘Ÿ	sapato esportivo, tÃªnis, tÃªnis de corrida
ğŸ¥¾	acampar, bota, bota de trekking, caminhada, mochilÃ£o, trilha
ğŸ¥¿	sapatilha, sapatilha de balÃ©, sapato, sem fivela
ğŸ‘ 	acessÃ³rio, sapato, sapato de salto alto
ğŸ‘¡	acessÃ³rio, feminino, sandÃ¡lia feminina, sandÃ¡lias
ğŸ‘¢	acessÃ³rio, bota feminina, botas, feminino
ğŸ‘‘	acessÃ³rio, coroa
ğŸ‘’	acessÃ³rio, chapÃ©u, chapÃ©u feminino
ğŸ©	cartola, chapÃ©u, roupa
ğŸ“	chapÃ©u, chapÃ©u de formatura, comemoraÃ§Ã£o, formatura
ğŸ§¢	bonÃ©, bonÃ© de beisebol, chapÃ©u
â›‘	capacacete de socorrista, capacete, capacete de socorrista, primeiros socorros, rosto
ğŸ“¿	acessÃ³rio, oraÃ§Ã£o, religiÃ£o, reza, rosÃ¡rio, rosÃ¡rio de oraÃ§Ã£o, terÃ§o
ğŸ’„	batom, cosmÃ©ticos, maquiagem
ğŸ’	anel, diamante
ğŸ’	diamante, joia, pedra preciosa
ğŸµ	animal, macaco, rosto, rosto de macaco
ğŸ’	animal, macaco
ğŸ¦	animal, gorila, macaco
ğŸ¶	animal, cachorro, rosto, rosto de cachorro
ğŸ•	animal, cachorro
ğŸ©	animal, cachorro, poodle
ğŸº	animal, lobo, rosto, rosto de lobo
ğŸ¦Š	animal, raposa, rosto, rosto de raposa
ğŸ¦	astuto, curioso, guaxinim
ğŸ±	animal, gato, rosto, rosto de gato
ğŸˆ	animal, gato
ğŸ¦	LeÃ£o, animal, leÃ£o, rosto, rosto de leÃ£o, zodÃ­aco
ğŸ¯	animal, rosto de tigre, tigre
ğŸ…	animal, tigre
ğŸ†	animal, leopardo
ğŸ´	animal, cavalo, rosto, rosto de cavalo
ğŸ	animal, cavalo, corrida de cavalo, equestre
ğŸ¦„	animal, rosto, rosto de unicÃ³rnio, unicÃ³rnio
ğŸ¦“	animal, listra, zebra
ğŸ¦Œ	animal, cervo, veado
ğŸ®	animal, rosto, rosto de vaca, vaca
ğŸ‚	Touro, animal, boi, zodÃ­aco
ğŸƒ	animal, bÃºfalo, bÃºfalo-asiÃ¡tico, Ã¡gua
ğŸ„	animal, vaca
ğŸ·	animal, porco, rosto, rosto de porco
ğŸ–	animal, porco
ğŸ—	animal, javali
ğŸ½	animal, nariz, nariz de porco, porco, rosto
ğŸ	animal, carneiro, zodÃ­aco, Ãries
ğŸ‘	animal, ovelha
ğŸ	CapricÃ³rnio, animal, bode, cabra, zodÃ­aco
ğŸª	animal, camelo, camelo de uma sÃ³ corcova, corcova, dromedÃ¡rio
ğŸ«	animal, camelo, camelo asiÃ¡tico com duas corcovas, camelo com duas corcovas, corcova
ğŸ¦™	alpaca, animal, guanaco, lhama, lÃ£, vicunha
ğŸ¦’	animal, girafa
ğŸ˜	animal, elefante
ğŸ¦	animal, rinoceronte
ğŸ¦›	animal, hipopÃ³tamo
ğŸ­	animal, camundongo, rosto, rosto de camundongo
ğŸ	animal, camundongo
ğŸ€	animal, ratazana, rato
ğŸ¹	animal, hamster, rosto, rosto de hamster
ğŸ°	animal, coelho, rosto, rosto de coelho
ğŸ‡	animal, coelhinho, coelho
ğŸ¿	animal, esquilo
ğŸ¦”	animal, porco-espinho
ğŸ¦‡	animal, morcego, vampiro
ğŸ»	animal, rosto, rosto de urso, urso
ğŸ¨	animal, coala
ğŸ¼	animal, panda, rosto, rosto de panda
ğŸ¦˜	AustrÃ¡lia, canguru, joey, marsupial, pula
ğŸ¦¡	ratel, texugo, texugo de mel
ğŸ¾	pata, patas, pegada, pegada de pata
ğŸ¦ƒ	ave, peru
ğŸ”	ave, galinha
ğŸ“	ave, galo
ğŸ£	ave, chocando, filhote, galinha, pintinho, pintinho chocando, pinto
ğŸ¤	ave, filhote, galinha, pintinho, pintinho de perfil, pinto
ğŸ¥	ave, fihote, galinha, pintinho, pintinho de frente, pinto
ğŸ¦	animal, pÃ¡ssaro
ğŸ§	animal, pinguim
ğŸ•Š	animal, ave branca, paz, pomba, pomba branca, pÃ¡ssaro
ğŸ¦…	pÃ¡ssaro, Ã¡guia
ğŸ¦†	pato, pÃ¡ssaro
ğŸ¦¢	cisne, patinho feio, pÃ¡ssaro
ğŸ¦‰	coruja, pÃ¡ssaro, sabedoria
ğŸ¦š	ave, orgulhoso, pavoa, pavÃ£o, pomposo
ğŸ¦œ	fala, papagaio, pirata, pÃ¡ssaro
ğŸ¸	animal, rosto, rosto de sapo, sapo
ğŸŠ	animal, crocodilo
ğŸ¢	animal, tartaruga
ğŸ¦	animal, lagartixa, rÃ©ptil
ğŸ	animal, cobra, rÃ©ptil, serpente
ğŸ²	animal, dragÃ£o, rosto, rosto de dragÃ£o
ğŸ‰	animal, dragÃ£o
ğŸ¦•	braquiossauro, brontossuro, diplÃ³doco, saurÃ³pode
ğŸ¦–	T-Rex, tiranossauro rex
ğŸ³	animal, baleia, baleia esguichando Ã¡gua, esguicho
ğŸ‹	animal, baleia
ğŸ¬	animal, golfinho
ğŸŸ	Peixes, animal, peixe, zodÃ­aco
ğŸ 	animal, peixe, peixe tropical
ğŸ¡	animal, baiacu, peixe
ğŸ¦ˆ	peixe, tubarÃ£o
ğŸ™	animal, polvo
ğŸš	animal, caramujo
ğŸ¦€	CÃ¢ncer, animal, caranguejo, zodÃ­aco
ğŸ¦	bisque, caldo, fruto do mar, garras, lagosta
ğŸ¦	camarÃ£o, comida, crustÃ¡ceo
ğŸ¦‘	comida, lula, molusco
ğŸŒ	animal, caracol
ğŸ¦‹	beleza, borboleta, inseto
ğŸ›	animal, centopeia, inseto, lagarta
ğŸœ	formiga, inseto
ğŸ	abelha, inseto
ğŸ	inseto, joaninha
ğŸ¦—	grilo, inseto
ğŸ•·	aranha, inseto
ğŸ•¸	aranha, inseto, teia, teia de aranha
ğŸ¦‚	EscorpiÃ£o, escorpiÃ£o, inseto, zodÃ­aco
ğŸ¦Ÿ	doenÃ§a, febre, inseto, malÃ¡ria, mosquito, vÃ­rus
ğŸ¦ 	ameba, bactÃ©ria, micrÃ³bio, vÃ­rus
ğŸ’	buquÃª, flor
ğŸŒ¸	cereja, cerejeira, flor, flor de cerejeira
ğŸ’®	flor, flor branca
ğŸµ	flor, roseta
ğŸŒ¹	flor, rosa
ğŸ¥€	flor, flor murcha, murcha, murchando
ğŸŒº	flor, hibisco
ğŸŒ»	flor, girassol
ğŸŒ¼	flor, florescer
ğŸŒ·	flor, tulipa
ğŸŒ±	muda, muda de planta, plantinha
ğŸŒ²	conÃ­fera, Ã¡rvore
ğŸŒ³	caidiÃ§a, desfolha, Ã¡rvore, Ã¡rvore caidiÃ§a
ğŸŒ´	palmeira, Ã¡rvore
ğŸŒµ	cacto, planta
ğŸŒ¾	arroz, espiga, espiga de arroz, planta de arroz
ğŸŒ¿	erva, folha
â˜˜	trevo, trevo de trÃªs folhas
ğŸ€	folhas, quatro, trevo, trevo de quatro folhas
ğŸ	folha, folha caÃ­da, folha de bordo
ğŸ‚	cair, caÃ­das, folha, folhas, folhas caÃ­das
ğŸƒ	folha, folha ao vento, soprando, vento
ğŸ‡	fruta, uvas
ğŸˆ	fruta, melÃ£o
ğŸ‰	fruta, melancia
ğŸŠ	fruta, laranja, tangerina
ğŸ‹	cÃ­trico, fruta, limÃ£o, limÃ£o siciliano
ğŸŒ	banana, fruta
ğŸ	abacaxi, fruta
ğŸ¥­	fruta, manga, tropical
ğŸ	fruta, maÃ§Ã£, maÃ§Ã£ vermelha, vermelha
ğŸ	fruta, maÃ§Ã£, maÃ§Ã£ verde, verde
ğŸ	fruta, pera
ğŸ‘	fruta, pÃªssego
ğŸ’	cereja, fruta, frutas vermelhas
ğŸ“	fruta, frutas vermelhas, morango
ğŸ¥	comida, fruta, kiwi
ğŸ…	fruta, fruto, legume, tomate
ğŸ¥¥	coco, fruta
ğŸ¥‘	abacate, comida, fruta
ğŸ†	berinjela, legume
ğŸ¥”	batata, comida, legume
ğŸ¥•	cenoura, comida, legume
ğŸŒ½	espiga, espiga de milho, milho
ğŸŒ¶	apimentado, pimenta, tempero
ğŸ¥’	comida, legume, pepino, picles
ğŸ¥¬	alface, bok choy, couve, repolho, verdura
ğŸ¥¦	brÃ³colis
ğŸ„	champignon, cogumelo
ğŸ¥œ	amendoim, comida
ğŸŒ°	castanha, planta
ğŸ	pÃ£o, pÃ£o de forma
ğŸ¥	comida, croissant, pÃ£o
ğŸ¥–	baguete, bisnaga, comida, pÃ£o
ğŸ¥¨	pretzel
ğŸ¥¯	chimia, pÃ£o, rosca
ğŸ¥	comida, crepes, panquecas
ğŸ§€	queijo, queijo suÃ­Ã§o
ğŸ–	`carne, carne, carne com osso
ğŸ—	aves, coxa, coxa de frango, coxinha
ğŸ¥©	bife, corte de carne, costeleta de porco
ğŸ¥“	bacon, comida, toucinho
ğŸ”	bÃºrguer, hambÃºrguer
ğŸŸ	batata frita, fritas
ğŸ•	fatia de pizza, pizza
ğŸŒ­	cachorro-quente, hot dog, pÃ£o com salsicha
ğŸ¥ª	sanduÃ­che
ğŸŒ®	comida mexicana, taco
ğŸŒ¯	burrito, comida mexicana
ğŸ¥™	comida, kebab, pÃ£o, pÃ£o recheado, recheio, wrap
ğŸ¥š	comida, ovo
ğŸ³	frigideira, ovo, ovo estrelado, ovo frito
ğŸ¥˜	caÃ§arola, caÃ§arola com comida, comida, paella, panela, rasa
ğŸ²	ensopado, panela, tigela de comida
ğŸ¥£	cafÃ© da manhÃ£, cereal, tigela com colher
ğŸ¥—	comida, salada, salada verde, verde
ğŸ¿	balde de pipoca, pipoca, pipoca de cinema
ğŸ§‚	condimento, sal, saleiro
ğŸ¥«	comida enlatada, lata
ğŸ±	bentÃ´, caixa, caixa de bentÃ´
ğŸ˜	arroz, biscoito de arroz, cracker
ğŸ™	arroz, arroz japonÃªs, japonÃªs, onigiri
ğŸš	arroz, arroz cozido
ğŸ›	arroz, arroz com curry, curry, curry e arroz
ğŸœ	lÃ¡men, ramen, tigela
ğŸ	espaguete, macarronada, macarrÃ£o
ğŸ 	assada, batata, batata assada, batata-doce
ğŸ¢	espetinho, frutos do mar, frutos do mar no espetinho, oden, restaurante
ğŸ£	comida japonesa, sushi
ğŸ¤	camarÃ£o, camarÃ£o frito, tempura
ğŸ¥	bolinho de peixe, croquete de peixe, peixe
ğŸ¥®	bolo lunar, festival, outono, yuÃ¨bÇng
ğŸ¡	bolinho japonÃªs, dango, japonÃªs, mochi, mochiko, sobremesa
ğŸ¥Ÿ	asiÃ¡tico, bolinho, bolinho asiÃ¡tico, chinÃªs, dumpling, empanada
ğŸ¥ 	biscoito da sorte, profecia
ğŸ¥¡	caixa para viagem
ğŸ¦	sorvete, sorvete de casquinha, sorvete italiano, sorvete na casquinha
ğŸ§	gelo, raspadinha, raspadinha de gelo, sobremesa
ğŸ¨	sobremesa, sorvete
ğŸ©	donut, rosquinha
ğŸª	biscoito, bolacha, cookie, doce
ğŸ‚	aniversÃ¡rio, bolo, bolo de aniversÃ¡rio, comemoraÃ§Ã£o
ğŸ°	bolo, fatia, fatia de bolo, pÃ£o de lÃ³, pÃ£o de lÃ³ de morango, sobremesa
ğŸ§	bolo, confeitaria, cupcake, doce, torta
ğŸ¥§	fatia de torta, torta
ğŸ«	barra, barra de chocolate, chocolate
ğŸ¬	bala, balinha, doce
ğŸ­	bala, doce, pirulito
ğŸ®	pudim, pudim de leite, pudim de ovos
ğŸ¯	mel, pote, pote de mel
ğŸ¼	bebÃª, leite, leitinho, mamadeira, nenÃ©m
ğŸ¥›	copo, copo de leite, leite
â˜•	cafezinho, cafÃ©, chÃ¡
ğŸµ	bebida, chÃ¡, xÃ­cara, xÃ­cara de chÃ¡, xÃ­cara de chÃ¡ sem alÃ§a
ğŸ¶	bar, bebida, copo, garrafa, garrafa e copo de saquÃª, saquÃª
ğŸ¾	bar, champanha, champanhe, espumante, garrafa, garrafa de champanhe
ğŸ·	bar, bebida, cÃ¡lice de vinho, taÃ§a de vinho, vinho
ğŸ¸	bar, coquetel, taÃ§a de coquetel
ğŸ¹	bar, bebida, bebida tropical, coquetel de frutas, drink, tropical
ğŸº	bar, caneca, caneca de cerveja, cerveja, chopp
ğŸ»	bar, caneca, canecas, canecas de cerveja, cerveja, chopp
ğŸ¥‚	brinde, champanhe, comemoraÃ§Ã£o, taÃ§a, taÃ§as brindando, tim-tim
ğŸ¥ƒ	bebida, copo, drink, whisky
ğŸ¥¤	copo com canudo, suco
ğŸ¥¢	hashi, pauzinhos
ğŸ½	prato com garfo e faca, prato com talheres, prato com talheres ao lado, restaurante
ğŸ´	faca, garfo, garfo e faca, talher
ğŸ¥„	colher, talher
ğŸ”ª	faca, faca de cozinha
ğŸº	ornamento chinÃªs, vaso, vaso chinÃªs, Ã¢nfora
ğŸŒ	Europa, Terra, globo mostrando Europa e Ãfrica, Ãfrica
ğŸŒ	AmÃ©rica, Terra, as AmÃ©ricas, globo mostrando as AmÃ©ricas
ğŸŒ	AustrÃ¡lia, Terra, globo mostrando Ãsia e Oceania, Ãsia
ğŸŒ	globo com meridianos, meridianos
ğŸ—º	geografia, mapa, mapa-mÃºndi, mundo
ğŸ—¾	JapÃ£o, mapa, mapa do JapÃ£o
ğŸ§­	bÃºssola, bÃºssola magnÃ©tica, navegaÃ§Ã£o, orientaÃ§Ã£o
ğŸ”	frio, montanha, montanha com neve, neve
â›°	montanha
ğŸŒ‹	erupÃ§Ã£o vulcÃ¢nica, vulcÃ£o
ğŸ—»	Monte Fuji, montanha
ğŸ•	acampamento, barraca
ğŸ–	guarda-sol, praia, praia e guarda-sol
ğŸœ	deserto
ğŸ	ilha, ilha deserta
ğŸ	parque, parque com rio, parque nacional, rio
ğŸŸ	estÃ¡dio
ğŸ›	arquitetura, clÃ¡ssico, grego, prÃ©dio grego
ğŸ—	construÃ§Ã£o, obra
ğŸ§±	argamassa, argila, muro, parede, tijolo, tijolos
ğŸ˜	casas
ğŸš	casa, casa abandonada
ğŸ 	casa, construÃ§Ã£o
ğŸ¡	casa, casa com jardim, construÃ§Ã£o, jardim, lar
ğŸ¢	edifÃ­cio, edifÃ­cio comercial, escritÃ³rio
ğŸ£	correio, correio japonÃªs, japonÃªs, oriental, prÃ©dio
ğŸ¤	correio, europeu, prÃ©dio
ğŸ¥	hospital, prÃ©dio
ğŸ¦	banco, prÃ©dio
ğŸ¨	hotel, prÃ©dio
ğŸ©	amor, hotel, motel, prÃ©dio
ğŸª	conveniÃªncia, loja, loja de conveniÃªncia, prÃ©dio
ğŸ«	escola, prÃ©dio, prÃ©dio da escola
ğŸ¬	departamentos, loja, loja de departamentos
ğŸ­	fÃ¡brica, prÃ©dio
ğŸ¯	castelo, castelo japonÃªs, prÃ©dio
ğŸ°	castelo, castelo europeu, prÃ©dio
ğŸ’’	capela, capela de casamento, casamento, romance
ğŸ—¼	Torre de TÃ³quio, TÃ³quio, torre
ğŸ—½	EstÃ¡tua da Liberdade, estÃ¡tua, liberdade
â›ª	igreja, prÃ©dio
ğŸ•Œ	islÃ£, mesquita, muÃ§ulmano, religiÃ£o
ğŸ•	judaÃ­smo, judeu, religiÃ£o, sinagoga, templo
â›©	japonÃªs, oriental, religiÃ£o, santuÃ¡rio japonÃªs
ğŸ•‹	caaba islÃ£, islÃ£, muÃ§ulmano, religiÃ£o
â›²	chafariz, fonte
â›º	acampamento, barraca
ğŸŒ	enevoado, neblina
ğŸŒƒ	estrelas, noite, noite estrelada
ğŸ™	cidade, prÃ©dios
ğŸŒ„	aurora sobre montanhas, montanha, nascer do sol sobre as montanhas, sol da manhÃ£
ğŸŒ…	aurora sobre Ã¡gua, rio, sol da manhÃ£, sol nascendo
ğŸŒ†	anoitecer, cidade, cidade ao anoitecer, noite, paisagem, prÃ©dio, pÃ´r do sol
ğŸŒ‡	anoitecer, prÃ©dio, pÃ´r do sol, pÃ´r do sol sobre prÃ©dios
ğŸŒ‰	noite, ponte da noite, ponte Ã  noite
â™¨	calor, chamas, fogo
ğŸŒŒ	cÃ©u, estrelado, via lÃ¡ctea
ğŸ 	carrossel, cavalo, cavalo de carrossel, entretenimento
ğŸ¡	entretenimento, gigante, parque de diversÃµes, roda, roda gigante
ğŸ¢	entretenimento, montanha, montanha russa, parque de diversÃµes, russa
ğŸ’ˆ	barbearia, barbeiro, pÃ³lo, pÃ³lo do barbeiro
ğŸª	circo, entretenimento, lona, lona de circo
ğŸš‚	locomotiva, trem, veÃ­culo
ğŸšƒ	bonde elÃ©trico, elÃ©trico, ferroviÃ¡rio, trem elÃ©trico, vagÃ£o de trem, vagÃ£o ferroviÃ¡rio, veÃ­culo
ğŸš„	sistema de trens bala japonÃªs, trem, trem de alta velocidade, veÃ­culo
ğŸš…	parte dianteira em formato de bala, sistema de trens bala japonÃªs, sistema de trens bala japonÃªs com parte dianteira em formato de bala, trem, trem de alta velocidade japonÃªs, veÃ­culo
ğŸš†	ferrovia, trem, veÃ­culo
ğŸš‡	metrÃ´, veÃ­culo
ğŸšˆ	leve, trem, trem urbano, veÃ­culo
ğŸš‰	estaÃ§Ã£o, trem
ğŸšŠ	bonde elÃ©trico, veÃ­culo
ğŸš	monotrilho, veÃ­culo
ğŸš	carro, estrada de ferro, estrada de ferro na montanha, montanha, telefÃ©rico, veÃ­culo
ğŸš‹	bonde, bonde elÃ©trico, carro, veÃ­culo
ğŸšŒ	veÃ­culo, Ã´nibus
ğŸš	se aproximando, veÃ­culo, Ã´nibus, Ã´nibus se aproximando
ğŸš	bonde elÃ©trico, veÃ­culo, Ã´nibus, Ã´nibus movido a eletricidade
ğŸš	van, veÃ­culo, Ã´nibus
ğŸš‘	ambulÃ¢ncia, veÃ­culo
ğŸš’	caminhÃ£o do corpo de bombeiros, carro, carro do corpo de bombeiros, fogo, veÃ­culo
ğŸš“	carro patrulha, polÃ­cia, veÃ­culo, viatura policial
ğŸš”	polÃ­cia, veÃ­culo, viatura policial, viatura policial se aproximando
ğŸš•	tÃ¡xi, veÃ­culo
ğŸš–	tÃ¡xi, tÃ¡xi se aproximando, veÃ­culo
ğŸš—	automÃ³vel, carro, veÃ­culo
ğŸš˜	automÃ³vel, automÃ³vel se aproximando, carro, carro se aproximando, se aproximando, veÃ­culo
ğŸš™	carro, trailer, veÃ­culo, veÃ­culo recreacional
ğŸšš	caminhÃ£o, caminhÃ£o de entrega, veÃ­culo
ğŸš›	caminhÃ£o, caminhÃ£o articulado, semi, trailer, veÃ­culo
ğŸšœ	trator, veÃ­culo
ğŸš²	bicicleta, veÃ­culo
ğŸ›´	brinquedo, patinete
ğŸ›¹	skate
ğŸ›µ	moto, scooter
ğŸš	ponto, ponto de Ã´nibus, Ã´nibus
ğŸ›£	caminho, estrada
ğŸ›¤	trem, trilhos
ğŸ›¢	barril de Ã³leo, lata, lata de Ã³leo, Ã³leo
â›½	bomba de combustÃ­vel, combustÃ­vel, gasolina, posto, posto de gasolina
ğŸš¨	carro da polÃ­cia, farol policial, luz de viatura policial, luz giratÃ³ria, sirene
ğŸš¥	luz, semÃ¡foro horizontal, sinais de trÃ¢nsito, trÃ¢nsito
ğŸš¦	luz, semÃ¡foro vertical, sinais de trÃ¢nsito, trÃ¢nsito
ğŸ›‘	pare, sinal, sinal de pare
ğŸš§	construÃ§Ã£o, em construÃ§Ã£o, sÃ­mbolo, sÃ­mbolo para â€œem construÃ§Ã£oâ€
âš“	sinal, Ã¢ncora
â›µ	barco, barco a vela, iate, resort, resort marÃ­timo
ğŸ›¶	barco, canoa
ğŸš¤	barco, lancha, veÃ­culo
ğŸ›³	cruzeiro, navio, passageiros, veÃ­culo
â›´	balsa, barco
ğŸ›¥	barco, motor, veÃ­culo
ğŸš¢	navio, veÃ­culo aquÃ¡tico
âœˆ	aviÃ£o, aÃ©reo, veÃ­culo
ğŸ›©	aviÃ£o pequeno, aÃ©reo, veÃ­culo, veÃ­culo pequeno
ğŸ›«	aviÃ£o decolando, decolando, decolar, veÃ­culo
ğŸ›¬	aterrissagem, aterrissando, aviÃ£o, aviÃ£o aterrissando, pousando, veÃ­culo
ğŸ’º	assento, cadeira
ğŸš	helicÃ³ptero, veÃ­culo
ğŸšŸ	estrada de ferro, estrada de ferro suspensa, suspensÃ£o, veÃ­culo
ğŸš 	bonde, cabo, cabo suspenso usado em telefÃ©ricos nas montanhas, montanha, telefÃ©rico, telefÃ©rico na montanha, veÃ­culo
ğŸš¡	aÃ©rea, gÃ´ndola, linha de bonde, linha de bonde aÃ©rea, telefÃ©rico, veÃ­culo
ğŸ›°	satÃ©lite, veÃ­culo
ğŸš€	foguete, veÃ­culo
ğŸ›¸	disco voador
ğŸ›	hotel, sineta, sino
ğŸ§³	bagagem, mala, viagem
âŒ›	ampulheta, areia
â³	ampulheta cheia em cima, relÃ³gio, relÃ³gio de areia
âŒš	relÃ³gio, relÃ³gio de pulso
â°	alarme, despertador, relÃ³gio
â±	cronÃ´metro, relÃ³gio
â²	cronÃ´metro, relÃ³gio, relÃ³gio temporizador
ğŸ•°	relÃ³gio, relÃ³gio de mesa
ğŸ•›	12 horas, 12h00, doze, relÃ³gio
ğŸ•§	12h30, doze e meia, relÃ³gio
ğŸ•	1 hora, 1h00, relÃ³gio, uma
ğŸ•œ	1h30, relÃ³gio, uma e meia
ğŸ•‘	2 horas, 2h00, duas, relÃ³gio
ğŸ•	2h30, duas e meia, relÃ³gio
ğŸ•’	3 horas, 3h00, relÃ³gio, trÃªs
ğŸ•	3h30, relÃ³gio, trÃªs e meia
ğŸ•“	4 horas, 4h00, quatro, relÃ³gio
ğŸ•Ÿ	4h30, quatro e meia, relÃ³gio
ğŸ•”	5 horas, 5h00, cinco, relÃ³gio
ğŸ• 	5h30, cinco e meia, relÃ³gio
ğŸ••	6 horas, 6h00, relÃ³gio, seis
ğŸ•¡	6h30, relÃ³gio, seis e meia
ğŸ•–	7 horas, 7h00, relÃ³gio, sete
ğŸ•¢	7h30, relÃ³gio, sete e meia
ğŸ•—	8 horas, 8h00, oito, relÃ³gio
ğŸ•£	8h30, oito e meia, relÃ³gio
ğŸ•˜	9 horas, 9h00, nove, relÃ³gio
ğŸ•¤	9h30, nove e meia, relÃ³gio
ğŸ•™	10 horas, 10h00, dez, relÃ³gio
ğŸ•¥	10h30, dez e meia, relÃ³gio
ğŸ•š	11 horas, 11h00, onze, relÃ³gio
ğŸ•¦	11h30, onze e meia, relÃ³gio
ğŸŒ‘	escuro, lua, lua negra, lua nova, nova
ğŸŒ’	crescente, cÃ´ncava, lua, lua crescente cÃ´ncava
ğŸŒ“	lua, lua de quarto crescente, quarto, quarto crescente
ğŸŒ”	convexa, crescente, lua, lua crescente convexa
ğŸŒ•	cheia, lua, lua cheia, luar
ğŸŒ–	convexa, lua, lua minguante convexa, minguante
ğŸŒ—	lua, lua de quarto minguante, quarto, quarto minguante
ğŸŒ˜	cÃ´ncava, lua, lua minguante cÃ´ncava, minguante
ğŸŒ™	crescente, lua
ğŸŒš	lua, lua nova, lua nova com rosto, rosto, rosto da lua nova
ğŸŒ›	lua, lua com rosto, lua de quarto crescente, quarto crescente, quarto crescente com rosto, rosto, rosto da lua de quarto crescente
ğŸŒœ	lua, lua com rosto, lua de quarto minguante, quarto minguante, quarto minguante com rosto, rosto, rosto da lua de quarto minguante
ğŸŒ¡	clima, tempo, termÃ´metro
â˜€	clima, dia claro, raios, sol, solar, tempo
ğŸŒ	cheia, lua, lua cheia com rosto, lua com rosto, rosto, rosto da lua cheia
ğŸŒ	rosto, rosto do sol, sol
â­	estrela branca mÃ©dia
ğŸŒŸ	brilhante, brilho, cintilante, estrela, estrela brilhante, luminosa, reluzente
ğŸŒ 	cadente, cai, estrela, estrela cadente
â˜	clima, nuvem
â›…	nuvem, sol, sol com nuvens, sol por trÃ¡s das nuvens
â›ˆ	chuva, chuva com trovÃ£o, clima, nuvem, trovÃ£o
ğŸŒ¤	clima, nuvem, sol, sol com nuvens
ğŸŒ¥	clima, nublado, nuvem, sol
ğŸŒ¦	chuva, clima, nuvem, sol, sol com chuva
ğŸŒ§	chuva, clima, nuvem, nuvem com chuva
ğŸŒ¨	clima, frio, neve, nuvem, nuvem com neve
ğŸŒ©	clima, nuvem, nuvem com trovÃ£o, relÃ¢mpago
ğŸŒª	clima, furacÃ£o, nuvem, tornado
ğŸŒ«	clima, furacÃ£o, neblina, nuvem
ğŸŒ¬	clima, nuvem, rosto, rosto de vento, sopro, vento
ğŸŒ€	ciclone, furacÃ£o, twister, zonzo
ğŸŒˆ	arco-Ã­ris, chuva, clima
ğŸŒ‚	chuva, chuvoso, guarda-chuva
â˜‚	acessÃ³rio, chuva, clima, sombrinha aberta
â˜”	acessÃ³rio, chuva, clima, gotas, sombrinha, sombrinha na chuva
â›±	chuva, clima, guarda-sol, sol, sombrinha
âš¡	alta, alta tensÃ£o, perigo, perigo de alta tensÃ£o, sinal, sinal de alta tensÃ£o, tensÃ£o
â„	clima, floco, floco de neve, frio, neve
â˜ƒ	boneco, boneco de neve, boneco de neve na neve, clima, frio, neve
â›„	boneco de neve, boneco de neve sem neve, neve
â˜„	cometa, espaÃ§o, estrela cadente, meteoro, satÃ©lite
ğŸ”¥	chama, fogo
ğŸ’§	com suor, engraÃ§ado, gota, gota de suor, suor
ğŸŒŠ	onda, onda de Ã¡gua, onda do oceano
ğŸƒ	abÃ³bora, abÃ³bora de halloween, comemoraÃ§Ã£o, halloween, jack, lanterna
ğŸ„	comemoraÃ§Ã£o, Ã¡rvore, Ã¡rvore de natal
ğŸ†	comemoraÃ§Ã£o, fogos de artifÃ­cio
ğŸ‡	comemoraÃ§Ã£o, fogo de artifÃ­cio, fogo de artifÃ­cio vela estrela, vela estrela
ğŸ§¨	bombinha, dinamite, explosivo, fogos de artifÃ­cio
âœ¨	brilhos, estrelas, estrelas brilhantes, faÃ­scas
ğŸˆ	balÃ£o, comemoraÃ§Ã£o
ğŸ‰	alegria, comemoraÃ§Ã£o, cone de festa, festa
ğŸŠ	bola, bola de confetes, comemoraÃ§Ã£o, confete
ğŸ‹	comemoraÃ§Ã£o, Ã¡rvore, Ã¡rvore de tanabata, Ã¡rvore japanesa
ğŸ	bambu, comemoraÃ§Ã£o, decoraÃ§Ã£o de pinhas, decoraÃ§Ã£o de pinhos, japonÃªs, pinha
ğŸ	bonecas, bonecas japanesas, bonecas japonesas, comemoraÃ§Ã£o, festival
ğŸ	bandeira de carpas, comemoraÃ§Ã£o, koinobori, subida de carpas
ğŸ	carrilhÃ£o de vento, sino, som, vento
ğŸ‘	cerimÃ´nia de contemplaÃ§Ã£o da lua, comemoraÃ§Ã£o, contemplaÃ§Ã£o, contemplaÃ§Ã£o da lua, lua
ğŸ§§	boa sorte, dinheiro, envelope vermelho, hÃ³ngbÄo, lai see, presente
ğŸ€	comemoraÃ§Ã£o, fita
ğŸ	comemoraÃ§Ã£o, embrulhado, mimo, presente
ğŸ—	celebraÃ§Ã£o, comemoraÃ§Ã£o, fita de lembrete, laÃ§o, lembrete
ğŸŸ	entrada, ingresso, ingresso de cinema
ğŸ«	entretenimento, ingresso
ğŸ–	condecoraÃ§Ã£o, medalha, medalha militar, militar, prÃªmio
ğŸ†	prÃªmio, trofÃ©u
ğŸ…	medalha, medalha esportiva, vitÃ³ria
ğŸ¥‡	1Âº. lugar, medalha, medalha de ouro, ouro, vitÃ³ria
ğŸ¥ˆ	2Âº. lugar, medalha, medalha de prata, prata, segundo
ğŸ¥‰	3Âº. lugar, bronze, medalha, medalha de bronze, terceiro
âš½	bola, bola de futebol, futebol
âš¾	beisebol, bola, bola de beisebol
ğŸ¥	bola, embaixo do braÃ§o, luva, softbol
ğŸ€	bola, bola de basquete, cesta, cesta de basquete
ğŸ	bola, bola de vÃ´lei, jogo
ğŸˆ	americano, bola, bola de futebol americano
ğŸ‰	bola, bola de futebol, bola de rugby
ğŸ¾	bola, bola de tÃªnis, raquete de tÃªnis, tÃªnis
ğŸ¥	frisbee, ultimate
ğŸ³	bola, bola de boliche, boliche, jogo
ğŸ	bola, crÃ­quete, jogo, taco
ğŸ‘	bola, campo, hÃ³quei, hÃ³quei de campo, jogo, taco
ğŸ’	disco, gelo, hÃ³quei, hÃ³quei no gelo, jogo, taco
ğŸ¥	bastÃ£o, bola, gol, lacrosse
ğŸ“	mesa, pingue-pongue, raquete, tÃªnis de mesa
ğŸ¸	badminton, jogo, peteca, raquete
ğŸ¥Š	boxe, luva, luva de boxe
ğŸ¥‹	artes marciais, judÃ´, karatÃª, quimono, quimono de artes marciais, taekwondo
ğŸ¥…	esporte, gol, rede
â›³	bandeira de golfe, bandeira no buraco, buraco, golfe
â›¸	gelo, patinaÃ§Ã£o no gelo, patins, patins de gelo
ğŸ£	peixe, pesca, vara, vara de pescar e peixe
ğŸ½	camiseta, camiseta de corrida, camiseta de corrida com faixa, corrida
ğŸ¿	bota, esporte, esqui, esqui e bota
ğŸ›·	trenÃ³
ğŸ¥Œ	pedra, pedra de curling
ğŸ¯	jogo, mira, na mosca, no alvo, tiro, tiro certeiro
ğŸ±	bilhar, bola oito, jogo
ğŸ”®	adivinhaÃ§Ã£o, bola, bola de cristal, cristal, destino
ğŸ§¿	amuleto, mau-olhado, miÃ§anga, nazar, olho turco, talismÃ£
ğŸ®	controle, controle de videogame, game, jogo, videogame
ğŸ•¹	game, jogo, joystick, videogame
ğŸ°	caÃ§a-nÃ­quel, jogo de azar, mÃ¡quina caÃ§a-nÃ­queis
ğŸ²	dado, dados, jogo, jogo de dado
ğŸ§©	dica, encaixe, peÃ§a, quebra-cabeÃ§a
ğŸ§¸	brinquedo, enchimento, pelÃºcia, ursinho de pelÃºcia
â™ 	baralho, carta, espadas, jogo, naipe, naipe de espadas
â™¥	baralho, carta, copas, jogo, naipe, naipe de copas
â™¦	baralho, carta, jogo, naipe, naipe de ouros, ouro
â™£	baralho, carta, jogo, naipe, naipe de paus, paus
â™Ÿ	peÃ£o, peÃ£o de xadrez, truque, xadrez
ğŸƒ	baralho, carta, curinga, joker
ğŸ€„	dragÃ£o vermelho, dragÃ£o vermelho de mahjong, mahjong, peÃ§a, peÃ§a de mahjong, vermelho
ğŸ´	Hanafuda, baralho, carta de baralho, carta de flores, flores, jogo de baralho
ğŸ­	arte, arte dramÃ¡tica, entretenimento, espetÃ¡culo, mÃ¡scara
ğŸ–¼	arte, moldura, pintura, quadro, quadro emoldurado
ğŸ¨	arte, artista, paleta, paleta artÃ­stica, paleta de tintas, pintura
ğŸ§µ	agulha, barbante, carretel, costura
ğŸ§¶	bola, crochÃª, novelo, tricÃ´
ğŸ”‡	alto-falante, alto-falante silenciado, mudo, quieto, silenciar, silÃªncio
ğŸ”ˆ	alto-falante com volume baixo, volume baixo
ğŸ”‰	alto-falante com volume mÃ©dio, volume mÃ©dio
ğŸ”Š	alto-falante com volume alto, volume alto
ğŸ“¢	alto, alto-falante, buzina, discurso pÃºblico, megafone
ğŸ“£	aplausos, comunicaÃ§Ã£o, megafone
ğŸ“¯	corneta, corneta postal, correios, postal
ğŸ””	sino
ğŸ”•	mudo, proibido, quieto, silencioso, sino, sino silenciado
ğŸ¼	mÃºsica, partitura, partitura musical
ğŸµ	mÃºsica, nota, nota musical
ğŸ¶	mÃºsica, nota, notas, notas musicais
ğŸ™	estÃºdio, microfone, microfone de estÃºdio, mÃºsica
ğŸš	controle, controle de volume, mÃºsica, volume
ğŸ›	botÃµes, botÃµes giratÃ³rios, controle, mÃºsica
ğŸ¤	entretenimento, karaokÃª, mic, microfone
ğŸ§	fone de ouvido, fones de ouvido
ğŸ“»	rÃ¡dio, vÃ­deo
ğŸ·	instrumento, instrumento musical, mÃºsica, sax, saxofone
ğŸ¸	guitarra, instrumento, instrumento musical, mÃºsica
ğŸ¹	instrumento, instrumento musical, mÃºsica, piano, teclado, teclado musical
ğŸº	instrumento, instrumento musical, mÃºsica, trompete
ğŸ»	instrumento, instrumento musical, mÃºsica, violino
ğŸ¥	baquetas, mÃºsica, percussÃ£o, tambor
ğŸ“±	celular, telefone, telefone celular, telefone mÃ³vel
ğŸ“²	celular, receber, seta, telefone, telefone celular com seta
â˜	gancho, telefone, telefone no gancho
ğŸ“	aparelho de telefone, comunicaÃ§Ã£o, telefone
ğŸ“Ÿ	comunicaÃ§Ã£o, pager
ğŸ“ 	comunicaÃ§Ã£o, fax, mÃ¡quina de fax
ğŸ”‹	bateria, pilha
ğŸ”Œ	eletricidade, elÃ©trica, plugue, tomada elÃ©trica
ğŸ’»	PC, computador, laptop, pessoal
ğŸ–¥	computador, computador de mesa, desktop
ğŸ–¨	acessÃ³rio, computador, impressora
âŒ¨	acessÃ³rio, computador, digitaÃ§Ã£o, teclado
ğŸ–±	acessÃ³rio, computador, mouse
ğŸ–²	computador, mouse, trackball
ğŸ’½	MD, computador, disco, mini disc, minidisc, minidisk
ğŸ’¾	computador, disco, disco flexÃ­vel, disquete
ğŸ’¿	cd, computador, disco, Ã³ptico
ğŸ“€	DVD, blu-ray, computador, disco, dvd, Ã³ptico
ğŸ§®	cÃ¡lculo, Ã¡baco
ğŸ¥	cinema, cÃ¢mera, cÃ¢mera de cinema, entretenimento, filme
ğŸ	cinema, filme, rolo de filmes
ğŸ“½	cinema, filme, projetor, projetor de filmes, vÃ­deo
ğŸ¬	cena, claquete, entretenimento, filme, tomada
ğŸ“º	TV, televisÃ£o, vÃ­deo
ğŸ“·	cÃ¢mera, vÃ­deo
ğŸ“¸	cÃ¢mera, cÃ¢mera com flash, flash, vÃ­deo
ğŸ“¹	cÃ¢mera, cÃ¢mera de vÃ­deo, vÃ­deo
ğŸ“¼	fita, vhs, videocassete, vÃ­deo
ğŸ”	ferramenta, lente de aumento, lupa, lupa para a esquerda, pesquisa
ğŸ”	ferramenta, lente de aumento, lupa, lupa para a direita, pesquisa
ğŸ•¯	luz, vela
ğŸ’¡	elÃ©trica, ideia, luz, lÃ¢mpada, quadrinhos
ğŸ”¦	elÃ©trica, ferramenta, lanterna, luz
ğŸ®	bar, izakaya, lanterna, lanterna de papel, lanterna vermelha de papel, vermelha
ğŸ“”	caderno, caderno decorado, capa, decorado, livro
ğŸ“•	fechado, livro, livro fechado
ğŸ“–	aberto, livro, livro aberto
ğŸ“—	livro, livro verde, verde
ğŸ“˜	azul, livro, livro azul
ğŸ“™	laranja, livro, livro laranja
ğŸ“š	livro, livros
ğŸ““	caderno, folhas
ğŸ“’	caderno, livro contÃ¡bil
ğŸ“ƒ	dobrado, documento, pÃ¡gina, pÃ¡gina dobrada
ğŸ“œ	pergaminho, rolo de papel
ğŸ“„	documento, parte da frente para cima, pÃ¡gina, pÃ¡gina com a parte da frente para cima, pÃ¡gina voltada para cima
ğŸ“°	jornal, notÃ­cias
ğŸ—	enrolado, jornal, jornal enrolado, notÃ­cias
ğŸ“‘	marcador, marcador de pÃ¡gina, marcadores de pÃ¡gina, marcar
ğŸ”–	marcador, marcador de pÃ¡gina, pÃ¡gina
ğŸ·	etiqueta, rÃ³tulo
ğŸ’°	dinheiro, saco, saco de dinheiro
ğŸ’´	dinheiro, iene, moeda, nota, nota bancÃ¡ria, nota de iene
ğŸ’µ	dinheiro, dÃ³lar, moeda, nota, nota bancÃ¡ria, nota de dÃ³lar
ğŸ’¶	dinheiro, euro, moeda, nota, nota bancÃ¡ria, nota de euro
ğŸ’·	dinheiro, libra, moeda, nota, nota bancÃ¡ria, nota de libra
ğŸ’¸	banco, dinheiro, dinheiro com asas, dinheiro voando, nota, nota bancÃ¡ria voando
ğŸ’³	cartÃ£o, cartÃ£o de crÃ©dito, crÃ©dito, dinheiro
ğŸ§¾	contabilidade, escrituraÃ§Ã£o, evidÃªncia, prova, recibo
ğŸ’¹	crescimento, dinheiro, grÃ¡fico, grÃ¡fico subindo com iene, iene, iene em alta
ğŸ’±	banco, cÃ¢mbio, cÃ¢mbio de moeda, dinheiro, moeda
ğŸ’²	cifrÃ£o, dinheiro, dÃ³lar, moeda, sÃ­mbolo do dÃ³lar
âœ‰	carta, correspondÃªncia, e-mail, email, envelope
ğŸ“§	carta, comunicaÃ§Ã£o, correspondÃªncia, e-mail
ğŸ“¨	carta, comunicaÃ§Ã£o, correspondÃªncia, correspondÃªncia recebida, e-mail, envelope, envelope chegando, nova
ğŸ“©	carta, e-mail, email, envelope, envelope com seta, seta
ğŸ“¤	bandeja, bandeja de saÃ­da, caixa, caixa de enviadas, caixa de saÃ­da, comunicaÃ§Ã£o, correspondÃªncia, enviada
ğŸ“¥	bandeja, bandeja de entrada, caixa, caixa de entrada, comunicaÃ§Ã£o, correspondÃªncia, recebida
ğŸ“¦	caixa, embrulho, pacote
ğŸ“«	bandeira, caixa com bandeira levantada, caixa de correio fechada com bandeira levantada, caixa de correspondÃªncia com bandeira levantada, correspondÃªncia, fechada
ğŸ“ª	bandeira, caixa com bandeira abaixada, caixa de correio fechada com bandeira abaixada, caixa de correspondÃªncia vazia, correspondÃªncia, fechada
ğŸ“¬	aberta, bandeira, caixa de correio aberta com bandeira levantada, caixa de correspondÃªncia aberta com bandeira levantada, correspondÃªncia
ğŸ“­	aberta, bandeira, caixa de correio aberta com bandeira abaixada, caixa de correspondÃªncia aberta com bandeira abaixada, caixa de correspondÃªncia aberta e vazia, correspondÃªncia
ğŸ“®	caixa de correio, correio, correspondÃªncia
ğŸ—³	cÃ©dula, urna, urna eleitoral com cÃ©dula, votar, voto
âœ	lÃ¡pis
âœ’	caneta, caneta tinteiro, ponta de caneta tinteiro, preto, tinta
ğŸ–‹	caneta, caneta tinteiro, tinteiro
ğŸ–Š	caneta, esferogrÃ¡fica
ğŸ–Œ	pincel, pintar
ğŸ–	giz, giz de cera
ğŸ“	lÃ¡pis, memorando
ğŸ’¼	mala, maleta, pasta
ğŸ“	arquivo, pasta, pasta de arquivos
ğŸ“‚	aberta, arquivo, pasta, pasta de arquivos aberta
ğŸ—‚	divisor, divisores de pastas, pastas, Ã­ndice
ğŸ“…	calendÃ¡rio, data, datas
ğŸ“†	calendÃ¡rio, calendÃ¡rio com folhas destacÃ¡veis, folhas destacÃ¡veis
ğŸ—’	bloco, bloco espiral, caderno, espiral
ğŸ—“	bloco, calendÃ¡rio, calendÃ¡rio espiral, espiral
ğŸ“‡	Ã­ndice, Ã­ndice de cartÃµes
ğŸ“ˆ	crescimento, diagrama, grÃ¡fico, grÃ¡fico de tendÃªncia de crescimento, grÃ¡fico subindo, tendÃªncia de crescimento
ğŸ“‰	diagrama, grÃ¡fico, grÃ¡fico caindo, grÃ¡fico de tendÃªncia negativa, negativa, tendÃªncia negativa
ğŸ“Š	barra, barras, grÃ¡fico, grÃ¡fico de barras
ğŸ“‹	anotaÃ§Ãµes, prancheta
ğŸ“Œ	alfinete, tacha
ğŸ“	alfinete, tacha, tacha redonda
ğŸ“	clipe, clipe de papel
ğŸ–‡	clipe, clipes, clipes de papel, clipes de papel conectados
ğŸ“	rÃ©gua, rÃ©gua reta
ğŸ“	rÃ©gua, rÃ©gua triangular, triÃ¢ngulo
âœ‚	cortar, ferramenta, tesoura
ğŸ—ƒ	arquivo, caixa, caixa de arquivos, cartÃ£o
ğŸ—„	arquivo, escritÃ³rio, gabinete, gavetas, gavetas de escritÃ³rio
ğŸ—‘	cesto de lixo, lixeira
ğŸ”’	cadeado, fechado, trancado
ğŸ”“	aberto, cadeado, cadeado aberto, destrancado
ğŸ”	cadeado com caneta, cadeado com caneta tinteiro, caneta tinteiro, privacidade
ğŸ”	cadeado com chave, cadeado fechado com chave, seguro
ğŸ”‘	chave, senha
ğŸ—	antiga, chave, chave antiga, fechadura
ğŸ”¨	ferramenta, martelo
â›	ferramenta, mineraÃ§Ã£o, picareta
âš’	ferramenta, martelo, martelo e picareta, picareta
ğŸ› 	chave, chave-inglesa, ferramenta, martelo, martelo e chave-inglesa
ğŸ—¡	adaga, arma, faca
âš”	arma, cruzadas, espadas, espadas cruzadas, guerra
ğŸ”«	arma, ferramenta, pistola, revÃ³lver
ğŸ¹	arco, arco e flecha, arma, flecha, sagitÃ¡rio, zodÃ­aco
ğŸ›¡	arma, escudo
ğŸ”§	chave inglesa, ferramenta
ğŸ”©	ferramenta, parafuso, porca, porca e parafuso
âš™	engrenagem, ferramenta
ğŸ—œ	braÃ§adeira, compressÃ£o, ferramenta, morsa, torno
âš–	balanÃ§a, ferramenta, justiÃ§a, libra, peso, zodÃ­aco
ğŸ”—	corrente, link
â›“	corrente, correntes, correntes de metal, metal
ğŸ§°	caixa, caixa de ferramentas, ferramenta, mecÃ¢nico
ğŸ§²	atraÃ§Ã£o, ferradura, magnÃ©tico, Ã­mÃ£
âš—	alambique, ferramenta, quÃ­mica
ğŸ§ª	ciÃªncia, experiÃªncia, laboratÃ³rio, quÃ­mica, quÃ­mico, tubo de ensaio
ğŸ§«	bactÃ©ria, biologia, biÃ³logo, cultura, laboratÃ³rio, placa de Petri
ğŸ§¬	biÃ³logo, dna, evoluÃ§Ã£o, gene, genÃ©tica, vida
ğŸ”¬	ciÃªncia, ferramenta, microscÃ³pio
ğŸ”­	ciÃªncia, ferramenta, telescÃ³pio
ğŸ“¡	antena, antena parabÃ³lica, comunicaÃ§Ã£o, parabÃ³lica, satÃ©lite
ğŸ’‰	agulha, mÃ©dico, remÃ©dio, seringa
ğŸ’Š	comprimido, medicina, mÃ©dico, pÃ­lula, remÃ©dio
ğŸšª	porta
ğŸ›	cama, hotel, sono
ğŸ›‹	hotel, lÃ¢mpada, sofÃ¡, sofÃ¡ e luminÃ¡ria
ğŸš½	banheiro, privada, sanitÃ¡rio, toalete, vaso sanitÃ¡rio
ğŸš¿	banho, chuveiro, ducha, Ã¡gua
ğŸ›	banheira
ğŸ§´	frasco de loÃ§Ã£o, hidratante, loÃ§Ã£o, protetor solar, xampu
ğŸ§·	alfinete de seguranÃ§a, fralda, punk rock
ğŸ§¹	bruxa, limpar, varrer, vassoura
ğŸ§º	agrÃ­cola, cesta, cesto de roupa, piquenique
ğŸ§»	papel higiÃªnico, rolo de papel, toalhas de papel
ğŸ§¼	banho, barra, espuma, limpeza, sabonete, saboneteira
ğŸ§½	absorvente, esponja, limpeza, porosa
ğŸ§¯	apagar, extinguir, extintor de incÃªndio, incÃªndio
ğŸ›’	carrinho, carrinho de compras, compras, mercado
ğŸš¬	cigarro, fumar
âš°	caixÃ£o, caixÃ£o funerÃ¡rio, funeral, morte, velÃ³rio
âš±	cinzas, funeral, morte, urna, urna funerÃ¡ria
ğŸ—¿	estÃ¡tua, moai, moyai, rosto
ğŸ§	automÃ¡tico, banco, caixa, sÃ­mbolo de caixa automÃ¡tico
ğŸš®	coloque o lixo no lixo, lixeira, sÃ­mbolo, sÃ­mbolo de lixeira
ğŸš°	beber, potÃ¡vel, Ã¡gua, Ã¡gua potÃ¡vel
â™¿	acesso, cadeira de rodas, sinal, sÃ­mbolo de cadeira de rodas
ğŸš¹	banheiro, banheiro masculino, homem, lavatÃ³rio, masculino, toalete, wc
ğŸšº	banheiro, banheiro feminino, feminino, lavatÃ³rio, mulher, toalete, wc
ğŸš»	banheiro, lavabo, sanitÃ¡rio, toalete
ğŸš¼	bebÃª, fralda, fraldÃ¡rio, sÃ­mbolo de bebÃª
ğŸš¾	WC, latrina, lavabo, toalete
ğŸ›‚	controle, controle de passaportes, passaporte
ğŸ›ƒ	aduana, alfÃ¢ndega, bens, impostos
ğŸ›„	bagagem, restituiÃ§Ã£o de bagagem
ğŸ›…	bagagem, depÃ³sito de bagagem, malas, serviÃ§o de bagagem
âš 	aviso, sinal
ğŸš¸	atravessando, crianÃ§a, crianÃ§as atravessando, pedestre, trÃ¡fego
â›”	entrada, entrada proibida, nÃ£o, proibido, sinal
ğŸš«	entrada, nÃ£o, proibido, sinal
ğŸš³	bicicleta, bicicletas nÃ£o sÃ£o permitidas, nÃ£o, proibido, proibido andar de bicicleta
ğŸš­	fumar, nÃ£o Ã© permitido fumar, proibido, proibido fumar
ğŸš¯	lixo, nÃ£o, proibido, proibido jogar lixo no chÃ£o
ğŸš±	imprÃ³pria para consumo, Ã¡gua, Ã¡gua nÃ£o potÃ¡vel
ğŸš·	nÃ£o, pedestre, pedestres nÃ£o sÃ£o permitidos, proibida a passagem de pedestres, proibido
ğŸ“µ	celular, celulares nÃ£o sÃ£o permitidos, nÃ£o, proibido, proibido o uso de telefone celular, telefone
ğŸ”	18, dezoito, menor de idade, proibido, proibido para menores de 18 anos, restriÃ§Ã£o de idade
â˜¢	radiaÃ§Ã£o, radioativo, sinal, sÃ­mbolo
â˜£	biolÃ³gico, resÃ­duos, risco biolÃ³gico
â¬†	cardinal, direÃ§Ã£o, norte, seta, seta para cima
â†—	direÃ§Ã£o, intercardinal, nordeste, seta, seta para cima e para a direita
â¡	direita, direÃ§Ã£o, leste, seta, seta para a direita
â†˜	direÃ§Ã£o, intercardinal, seta, seta para baixo e para a direita, sudeste
â¬‡	cardinal, direÃ§Ã£o, para baixo, seta, seta para baixo, sul
â†™	direÃ§Ã£o, intercardinal, seta, seta para baixo e para a esquerda, sudoeste
â¬…	direÃ§Ã£o, esquerda, oeste, seta, seta para a esquerda
â†–	direÃ§Ã£o, intercardinal, noroeste, seta, seta para cima e para a esquerda
â†•	para baixo, para cima, seta, seta para cima e para baixo, vertical
â†”	horizontal, lados, seta, seta para esquerda e direita
â†©	curva, retorno, seta, seta curva da direita para a esquerda, voltar Ã  esquerda
â†ª	curva, retorno, seta, seta curva da esquerda para a direita, voltar Ã  direita
â¤´	curva, seta, seta curva de baixo para cima, seta para a direita curvada para cima, seta para cima
â¤µ	curva, seta curva de cima para baixo, seta para a direita curvada para baixo, seta para baixo
ğŸ”ƒ	recarregar, sentido horÃ¡rio, seta, setas verticais no sentido horÃ¡rio
ğŸ”„	anti-horÃ¡rio, botÃ£o de setas em sentido anti-horÃ¡rio, botÃ£o de setas no sentido anti-horÃ¡rio, sentido anti-horÃ¡rio, seta
ğŸ”™	seta, seta "BACK", seta para a esquerda, voltar
ğŸ”š	fim, seta, seta "END", seta para a esquerda
ğŸ”›	ON!, marca, on, seta, seta "ON!"
ğŸ”œ	seta, seta "SOON", soon
ğŸ”	para cima, seta, seta "TOP, seta "TOP", seta para cima, top
ğŸ›	culto, local de culto, religiÃ£o
âš›	ateÃ­smo, sÃ­mbolo de Ã¡tomo, Ã¡tomo
ğŸ•‰	hindu, om, religiÃ£o
âœ¡	davi, estrela, estrela de Davi, judaico, judeu, religiÃ£o
â˜¸	budista, dharma, religiÃ£o, roda, roda do Dharma
â˜¯	religiÃ£o, tao, taoista, yang, yin, yin yang
âœ	cristÃ£o, cruz, cruz latina, religiÃ£o
â˜¦	cristÃ£o, cruz, cruz ortodoxa, religiÃ£o
â˜ª	estrela e lua crescente, islÃ£, muÃ§ulmano, religiÃ£o
â˜®	paz, sÃ­mbolo, sÃ­mbolo da paz
ğŸ•	candelabro, castiÃ§al, menorÃ¡, religiÃ£o
ğŸ”¯	adivinhaÃ§Ã£o, destino, estrela de seis pontas, seis pontas
â™ˆ	carneiro, signo de Ãries, zodÃ­aco, Ãries
â™‰	boi, signo de Touro, touro, zodÃ­aco
â™Š	gÃªmeos, signo de GÃªmeos, zodÃ­aco
â™‹	caranguejo, cÃ¢ncer, signo de CÃ¢ncer, zodÃ­aco
â™Œ	leÃ£o, signo de LeÃ£o, zodÃ­aco
â™	signo de Virgem, virgem, zodÃ­aco
â™	balanÃ§a, justiÃ§a, libra, signo de Libra, signo de Virgem, zodÃ­aco
â™	escorpiÃ£o, signo de EscorpiÃ£o, zodÃ­aco
â™	arqueiro, sagitÃ¡rio, signo de SagitÃ¡rio, zodÃ­aco
â™‘	cabra, capricÃ³rnio, signo de CapricÃ³rnio, zodÃ­aco
â™’	aquÃ¡rio, signo de AquÃ¡rio, zodÃ­aco, Ã¡gua
â™“	peixes, signo de Peixes, zodÃ­aco
â›	OfiÃºco, cobra, serpente, signo de OfiÃºco, zodÃ­aco
ğŸ”€	botÃ£o de mÃºsicas aleatÃ³rias, cruzadas, seta
ğŸ”	botÃ£o de repetir, repetir, sentido horÃ¡rio, seta
ğŸ”‚	botÃ£o de repetir, botÃ£o de repetir uma Ãºnica faixa, repetir, sentido horÃ¡rio, seta, uma vez
â–¶	botÃ£o reproduzir, direita, reproduzir, seta, triÃ¢ngulo
â©	avanÃ§ar, botÃ£o avanÃ§ar, dupla, rÃ¡pido, seta
â­	botÃ£o de prÃ³xima faixa, prÃ³xima cena, prÃ³xima faixa, seta, seta dupla para a direita
â¯	botÃ£o de reproduzir ou pausar, direita, pausar, reproduzir, seta, triÃ¢ngulo
â—€	botÃ£o de voltar, esquerda, seta, triÃ¢ngulo, voltar
âª	botÃ£o de retroceder, dupla, retroceder, seta
â®	botÃ£o de faixa anterior, cena anterior, faixa anterior, seta, triÃ¢ngulo
ğŸ”¼	botÃ£o, botÃ£o apontando para cima, seta, vermelho
â«	botÃ£o de avanÃ§o para cima, dupla, seta
ğŸ”½	botÃ£o, botÃ£o apontando para baixo, para baixo, seta, vermelho
â¬	botÃ£o de avanÃ§o para baixo, para baixo, retroceder rÃ¡pido, seta, seta dupla para baixo
â¸	barra, botÃ£o pausar, dupla, pausar, vertical
â¹	botÃ£o parar, parar, quadrado
âº	botÃ£o gravar, cÃ­rculo, gravar
â	botÃ£o ejetar, ejetar
ğŸ¦	cinema, entretenimento, filme, sÃ­mbolo do cinema
ğŸ”…	botÃ£o de diminuir brilho, brilho, diminuir, escurecer, sÃ­mbolo para reduzir brilho
ğŸ”†	aumentar brilho, botÃ£o de aumentar brilho, brilho, sÃ­mbolo para aumentar brilho
ğŸ“¶	antena, antena com barras, barras de sinal, celular, forÃ§a do sinal, sinais de telefonia mÃ³vel, telefone
ğŸ“³	celular, modo, modo vibratÃ³rio, telefone
ğŸ“´	celular, desligado, telefone, telefone celular desligado
â™€	feminino, mulher, sÃ­mbolo de feminino
â™‚	homem, masculino, sÃ­mbolo de masculino
âš•	bastÃ£o de asclÃ©pio, esculÃ¡pio, medicina, sÃ­mbolo, sÃ­mbolo da medicina
â™¾	eternidade, ilimitado, infinito, universal
â™»	reciclagem, sÃ­mbolo de reciclagem
âšœ	flor-de-lis, sÃ­mbolo
ğŸ”±	emblema, emblema de tridente, ferramenta, navio, tridente, Ã¢ncora
ğŸ“›	crachÃ¡, identificaÃ§Ã£o, nome
ğŸ”°	folha verde e amarela, iniciante, japonÃªs, sÃ­mbolo japonÃªs de principiante, verde e amarela
â­•	aro, cÃ­rculo, cÃ­rculo grande pesado, cÃ­rculo vermelho vazio, vermelho
âœ…	marca de seleÃ§Ã£o branca, marca de verificaÃ§Ã£o, marca de verificaÃ§Ã£o grande, verificaÃ§Ã£o
â˜‘	caixa, caixa de seleÃ§Ã£o marcada com tique, marca de verificaÃ§Ã£o, verificaÃ§Ã£o
âœ”	marca de seleÃ§Ã£o, marca de verificaÃ§Ã£o, marcar, selecionar
âœ–	X, X preto, cancelar, multiplicar, multiplicaÃ§Ã£o, x de multiplicaÃ§Ã£o
âŒ	X, cancelar, multiplicar, multiplicaÃ§Ã£o, vermelho, xis
â	botÃ£o de xis, x em um quadrado verde, x verde
â•	mais, sinal, sinal de maior, sinal de mais, sÃ­mbolo de adiÃ§Ã£o
â–	menos, sinal, sinal de menor, sinal de menos, sÃ­mbolo de subtraÃ§Ã£o
â—	divisÃ£o, sinal, sinal de divisÃ£o, sinal de divisÃ£o grande, sÃ­mbolo de divisÃ£o
â°	laÃ§o encaracolado, loop, loop ondulado, volta
â¿	duas vezes, duplo, encaradolado, loop, loop encaracolado duas vezes
ã€½	canto, japonÃªs, sinal japonÃªs indicando inÃ­cio de mÃºsica, sÃ­mbolo japonÃªs de canto
âœ³	asterisco, asterisco de oito pontas, estrela
âœ´	estrela, estrela de oito pontas
â‡	brilho, faÃ­sca
â€¼	dupla exclamaÃ§Ã£o, exclamaÃ§Ã£o, exclamaÃ§Ã£o dupla, pontuaÃ§Ã£o
â‰	exclamaÃ§Ã£o, exclamaÃ§Ã£o com interrogaÃ§Ã£o, interrogaÃ§Ã£o, pergunta, pontuaÃ§Ã£o
â“	interrogaÃ§Ã£o, pergunta, ponto de interrogaÃ§Ã£o, pontuaÃ§Ã£o
â”	interrogaÃ§Ã£o, pergunta, ponto de interrogaÃ§Ã£o branco, pontuaÃ§Ã£o
â•	exclamaÃ§Ã£o, ponto de exclamaÃ§Ã£o branco, pontuaÃ§Ã£o
â—	exclamaÃ§Ã£o, ponto de exclamaÃ§Ã£o, pontuaÃ§Ã£o
ã€°	ondulado, pontuaÃ§Ã£o, travessÃ£o, travessÃ£o ondulado
Â©	copyright, sÃ­mbolo de copyright
Â®	marca registrada, marca registrada â€œRâ€, sÃ­mbolo de registrado
â„¢	marca registrada, marca registrada â€œTMâ€, sÃ­mbolo, sÃ­mbolo de marca registrada
ğŸ’¯	100, 100 pontos, cem pontos, pontuaÃ§Ã£o, pontuaÃ§Ã£o total
ğŸ” 	ABCD, digitaÃ§Ã£o, latinas, letras, letras latinas maiÃºsculas, maiÃºsculas
ğŸ”¡	abcd, digitaÃ§Ã£o, latinas, letras, letras latinas minÃºsculas, minÃºsculas
ğŸ”¢	1234, digitaÃ§Ã£o, nÃºmeros
ğŸ”£	digitaÃ§Ã£o, sÃ­mbolos, ã€’â™ª&%
ğŸ”¤	abc, alfabeto, digitaÃ§Ã£o, latinas, letras, letras latinas
ğŸ…°	A, botÃ£o A (tipo sanguÃ­neo), sangue, tipo A, tipo sanguÃ­neo, tipo sanguÃ­neo A
ğŸ†	AB, botÃ£o AB (tipo sanguÃ­neo), sangue, tipo AB, tipo sanguÃ­neo, tipo sanguÃ­neo AB
ğŸ…±	B, botÃ£o B (tipo sanguÃ­neo), sangue, tipo B, tipo sanguÃ­neo, tipo sanguÃ­neo B
ğŸ†‘	botÃ£o CL, cl
ğŸ†’	botÃ£o "COOL", cool, legal
ğŸ†“	botÃ£o "FREE", gratuito, grÃ¡tis
â„¹	i, informaÃ§Ãµes, sÃ­mbolo, sÃ­mbolo de informaÃ§Ãµes
ğŸ†”	ID, botÃ£o ID, identidade, sÃ­mbolo, sÃ­mbolo â€œIDâ€
â“‚	cÃ­rculo, cÃ­rculo com a letra M, letra M, m
ğŸ†•	Novo, botÃ£o "NEW", new
ğŸ†–	NG, botÃ£o NG
ğŸ…¾	O, botÃ£o O (tipo sanguÃ­neo), sangue, tipo O, tipo sanguÃ­neo, tipo sanguÃ­neo O
ğŸ†—	OK, botÃ£o OK, sÃ­mbolo â€œOKâ€
ğŸ…¿	botÃ£o P, estacionamento, estacionar
ğŸ†˜	Ajuda, SOS, botÃ£o SOS, sÃ­mbolo, sÃ­mbolo â€œSOSâ€
ğŸ†™	UP!, botÃ£o "UP!", sÃ­mbolo, sÃ­mbolo â€œUP!â€
ğŸ†š	botÃ£o VS, sÃ­mbolo, sÃ­mbolo â€œvsâ€, versus, vs
ğŸˆ	botÃ£o japonÃªs de â€œaquiâ€, japonÃªs, katakana, â€œaquiâ€, ã‚³ã‚³
ğŸˆ‚	botÃ£o japonÃªs de â€œtaxa de serviÃ§oâ€, japonÃªs, katakana, â€œtaxa de serviÃ§oâ€, ã‚µ
ğŸˆ·	botÃ£o japonÃªs de â€œquantidade mensalâ€, ideograma, japonÃªs, â€œquantidade mensalâ€, æœˆ
ğŸˆ¶	botÃ£o japonÃªs de â€œnÃ£o gratuitoâ€, ideograma, japonÃªs, â€œnÃ£o gratuitoâ€, æœ‰
ğŸˆ¯	botÃ£o japonÃªs de â€œreservadoâ€, ideograma, japonÃªs, â€œreservadoâ€, æŒ‡
ğŸ‰	botÃ£o japonÃªs de â€œbarganhaâ€, ideograma, japonÃªs, â€œbarganhaâ€, å¾—
ğŸˆ¹	botÃ£o japonÃªs de â€œdescontoâ€, ideograma, japonÃªs, â€œdescontoâ€, å‰²
ğŸˆš	botÃ£o japonÃªs de â€œgratuitoâ€, ideograma, japonÃªs, â€œgratuitoâ€, ç„¡
ğŸˆ²	botÃ£o japonÃªs de â€œproibidoâ€, ideograma, japonÃªs, â€œproibidoâ€, ç¦
ğŸ‰‘	botÃ£o japonÃªs de â€œaceitÃ¡velâ€, ideograma, japonÃªs, â€œaceitÃ¡velâ€, å¯
ğŸˆ¸	botÃ£o japonÃªs de â€œaplicaÃ§Ã£oâ€, ideograma, japonÃªs, â€œaplicaÃ§Ã£oâ€, ç”³
ğŸˆ´	botÃ£o japonÃªs de â€œnota mÃ­nimaâ€, ideograma, japonÃªs, â€œnota mÃ­nimaâ€, åˆ
ğŸˆ³	botÃ£o japonÃªs de â€œvagoâ€, ideograma, japonÃªs, â€œvagoâ€, ç©º
ãŠ—	botÃ£o japonÃªs de â€œparabÃ©nsâ€, ideograma, japonÃªs, â€œparabÃ©nsâ€, ç¥
ãŠ™	botÃ£o japonÃªs de â€œsegredoâ€, ideograma, japonÃªs, â€œsegredoâ€, ç§˜
ğŸˆº	botÃ£o japonÃªs de â€œaberto para negÃ³ciosâ€, ideograma, japonÃªs, â€œaberto para negÃ³ciosâ€, å–¶
ğŸˆµ	botÃ£o japonÃªs de â€œsem vagasâ€, ideograma, japonÃªs, â€œsem vagasâ€, æº€
ğŸ”´	cÃ­rculo, cÃ­rculo vermelho, geomÃ©trico, vermelho
ğŸ”µ	azul, cÃ­rculo, cÃ­rculo azul, geomÃ©trico
âšª	cÃ­rculo, cÃ­rculo branco, geomÃ©trico
âš«	cÃ­rculo, cÃ­rculo preto, geomÃ©trico
â¬œ	geomÃ©trico, quadrado, quadrado branco grande
â¬›	geomÃ©trico, quadrado, quadrado preto grande
â—¼	geomÃ©trico, quadrado, quadrado preto mÃ©dio
â—»	geomÃ©trico, quadrado, quadrado branco mÃ©dio
â—½	geomÃ©trico, quadrado, quadrado branco mÃ©dio menor
â—¾	geomÃ©trico, quadrado, quadrado preto mÃ©dio menor
â–«	geomÃ©trico, quadrado, quadrado branco pequeno
â–ª	geomÃ©trico, quadrado, quadrado preto pequeno
ğŸ”¶	geomÃ©trico, laranja, losango, losango laranja grande
ğŸ”·	azul, geomÃ©trico, losango, losango azul grande
ğŸ”¸	geomÃ©trico, laranja, losango, losango laranja pequeno
ğŸ”¹	azul, geomÃ©trico, losango, losango azul pequeno
ğŸ”º	geomÃ©trico, triÃ¢ngulo vermelho para cima, vermelho
ğŸ”»	geomÃ©trico, triÃ¢ngulo vermelho para baixo, vermelho
ğŸ’ 	cÃ´mico, dentro, diamante, diamante com ponto, diamante com um ponto, geomÃ©trico
ğŸ”˜	botÃ£o, botÃ£o de opÃ§Ã£o, rÃ¡dio
ğŸ”²	botÃ£o, botÃ£o quadrado preto, botÃ£o quadrado preto e branco, quadrado
ğŸ”³	botÃ£o, botÃ£o quadrado branco, botÃ£o quadrado branco e preto, quadrado
ğŸ	bandeira, bandeira quadriculada, corrida, esporte, quadriculada
ğŸš©	bandeira triangular, poste
ğŸŒ	bandeiras, bandeiras cruzadas, bandeiras cruzadas do JapÃ£o, comemoraÃ§Ã£o, cruzadas
ğŸ´	bandeira preta, tremulando
ğŸ³	bandeira branca, tremulando
ğŸ³â€ğŸŒˆ	arco-Ã­ris, bandeira, bandeira do arco-Ã­ris
ğŸ´â€â˜ 	bandeira de pirata, caveira e osso, pirata, saque, tesouro
