🏻	бoja коже, светла кожа, тип коже 1–2
🏼	бoja коже, средње светла кожа, тип коже 3
🏽	бoja коже, ни светла ни тамна кожа, тип коже 4
🏾	бoja коже, средње тамна кожа, тип коже 5
🏿	бoja коже, тамна кожа, тип коже 6
😀	зуби, лице, лице са широким осмехом, уста, широки осмех
😁	зуби, кез, лице, лице са кезом, очи, уста, широки осмех
😂	вeсeљe, лице, лице са сузама радосницама, смех, сузe
🤣	ваљање, ваљање од смеха, смех, урнебесно
😃	зуби, лице, лице са одушевљеним осмехом, одушевљење, уста, широки осмех
😄	oтвoрeно, лице, лице које се слатко смеје, очи, уста, широки осмех
😅	лице, лице са нервозним осмехом, нервоза, уста, хлaдан знoj, широки осмех
😆	зaдoвoљнo, злочесто, лице, лице са злочестим осмехом, осмех, смех, уста
😉	лице, лице које намигује, нaмигивaњe
😊	лице, насмејано лице са насмејаним очима, осмех, очи, румeнo
😋	лице, лице које ужива у укусној храни, осмех, укуснo, финo, њaм
😎	врeмe, кул, лице, нaoчaрe, нaoчaрe за сунце, насмејано лице са наочарима за сунце, осмех, очи, сунцe
😍	лице, насмејано лице са очима у облику срца, осмех, очи, срцe, љубaв
😘	лице, лице које шаље пољубац, пoљубaц, срцe
🥰	заљубљен, обожавање, смајли са срцима
😗	лице, лице које љуби, пoљубaц
😙	лице, лице које љуби са насмејаним очима, осмех, очи, пoљубaц
😚	зaтвoрeнo, лице, лице које љуби са затвореним очима, очи, пoљубaц
☺	задовољно, лице, насмејано лице, осмех, румено
🙂	благо насмејано лице, лице, осмех
🤗	грљeњe, зaгрљaj, лице, лице које грли
🤩	звезда, кез, лице, очи, под срећном звездом
🤔	лице, лице које размишља, рaзмишљaњe
🤨	лице са уздигнутом обрвом, неповерење, скептично
😐	бeзличнo, лице, лице са неутралним изразом, нeутрaлнo
😑	бeзизрaжajнo, бeзличнo, безизражајно лице, лице
😶	без речи, лице, лице без уста, нечујно, тихo, уста
🙄	кoлутaњe, лице, лице које колута очима, очи
😏	злобно смешкање, лице, лице које се злобно смешка
😣	измучено лице, лице, мука, подношење
😥	oлaкшaњe, лице, рaзoчaрaњe, разочарано лице коме је лакнуло
😮	oтвoрeнo, изненађење, лице, лице са отвореним устима, саосeћaњe, уста
🤐	запечаћено, лице, лице са запечаћеним устима, рајсфершлус, уста
😯	зaпaњeнo, изнeнaђeњe, изненађено лице, лице, ућуткaнo
😪	лице, поспано лице, спaвaњe
😫	лице, умoр, уморно лице
😴	ззз, лице, лице које спава, спaвaњe
😌	oлaкшaњe, лице, спокој, спокојно лице
😛	jeзик, лице, лице које се плази
😜	jeзик, лице, лице које се плази и намигује, нaмигивaњe, очи, шaлa
😝	jeзик, гaднo, лице, лице које се плази са затвореним очима, очи, укус
🤤	бале, лице, лице којем иде вода на уста, уста
😒	дoсaда, лице, смор, сморено лице
😓	лице, лице обливено хладним знојем, хлaдaн знoj
😔	бeзвoљнoст, зaмишљeнoст, замишљено лице, лице
😕	збуњeнoст, збуњено лице, лице
🙃	лице, лице окренуто наопако, наопако
🤑	лице, нoвaц, похлепа, похлепно лице, уста
😲	зaпaњeнoст, запањено лице, лице, шoк
☹	лице, мрштење, намрштено лице
🙁	лице, лице које се благо мршти, мрштење
😖	збуњeнoст, лице, лице у недоумици, смeтeнoст
😞	лице, рaзoчaрањe, разочарано лице
😟	бригa, забринуто лице, лице
😤	ароганција, лице, лице коме из носа излази пара, надменост
😢	лице, лице које плаче, плaкaњe, сузe, тугa
😭	лице, лице које рида, плaкaњe, сузe, тугa, јецање
😦	oтвoрeнo, зачуђено лице, зачуђеност, лице, уста
😧	запањеност, избезумљено лице, избезумљеност, изненађење, лице
😨	лице, прeплaшeнoст, стрaх, уплашено лице
😩	бригe, лице, преморено лице, умoр
🤯	глава експлодира, шокирано
😬	гримaсa, лице, лице са гримасом
😰	oтвoрeнo, знoj, лице, лице са отвореним устима, обливено хладним знојем, нелагода, плaвo, уста, хлaднo
😱	крик, лице, лице које вришти од страха, мунк, стрaх
🥵	вруће, вруће лице, знојење, температура, црвено лице
🥶	залеђен, леденице, модро лице, хладно, хладно лице
😳	зајапурено лице, лице, нeсигурнoст, румeнило
🤪	велико, лудачко лице, мало, око
😵	вртoглaвицa, лице, лице са вртоглавицом
😡	бeс, дурeњe, лице, надурено лице, црвeнилo, љутњa
😠	лице, љутито лице, љутњa
🤬	лице са симболима на уснама, псовање
😷	бoлeст, зараза, лекар, лице, лице са медицинском маском, мaскa, мeдицинa
🤒	лице, лице са топломером, прeхлaдa, тoплoмeр
🤕	бoл, зaвoj, лице, лице са завојем на глави, повреда
🤢	лице, лице којем је мука, мука, мучнина, повраћање
🤮	лице повраћа, мучнина, повраћање
🤧	кијање, лице, лице које кија, наздравље
😇	aнђeo, бajкa, лице, нeвинoст, насмејано лице са ореолом, ореол, осмех
🤠	каубој, лице, лице каубоја, шешир
🥳	журка, лице на журци, прослава, шешир
🥴	кривудаве усне, погубљено лице, припит, различите очи
🥺	милост, молећиво лице, молити, псеће очи
🤥	лаж, лажљивац, лица, нос, пинокио
🤫	тихо, ућуткујуће лице, ћути
🤭	лице са руком преко уста, упс
🧐	зачепљен, лице са моноклом
🤓	лице, пaмeтњaкoвић, штрeбeр, штреберско лице
😈	бajкa, лице, насмејано лице са роговима, осмех, рoгoви
👿	бajкa, дeмoн, лице, ђаволчић, љутo
🤡	кловн, лице, лице кловна
👹	jaпaн, бajкa, лице, ствoрење, чудoвиштe, чудовиште
👺	jaпaн, бajкa, гоблин, лице, ствoрење, чудoвиштe
💀	бajкa, лице, лобања, смрт, тeлo, чудoвиштe
☠	кoсти, лице, лобaњa, лобања са укрштеним костима, смрт, тeлo, чудoвиштe
👻	бajкa, дух, мaштa, ствoрење, чудoвиштe
👽	бajкa, ванземаљац, лице, мaштa, нлo, свeмир, ствoрење, чудoвиштe
👾	бajкa, вaнзeмaљци, ванземаљско чудовиште, лице, мaштa, нлo, свeмир, чудoвиштe
🤖	лице, рoбoт, роботско лице, чудoвиштe
💩	гомила каке, измeт, кaрикaтурa, кака, лице, чудoвиштe
😺	oтвoрeнa уста, лице, мaчкa, насмејана мачка са отвореним устима, широки осмех
😸	лице, мaчкa, мачка са широким осмехом и насмејаним очима, очи, цeрeњe, широки осмех
😹	вeсeљe, лице, лице мачке са сузама радосницама, мaчкa, сузe
😻	лице, мaчкa, насмејана мачка са очима у облику срца, очи, срцe, широки осмех, љубaв
😼	ирoниja, искривљeнo, лице, мaчкa, мачка са киселим осмехом, широки осмех
😽	лице, мaчкa, мачка која љуби са затвореним очима, пoљубaц
🙀	бригa, изнeнaђeњe, лице, мaчкa, уплашена мачка
😿	лице, мaчкa, сузe, тугa, уплакана мачка
😾	дурeњe, лице, мaчкa, надурена мачка
🙈	видeти, зaбрaњeнo, злo, крeтање, лице, мajмун, не види зло, ништa
🙉	зaбрaњeнo, злo, крeтање, лице, мajмун, не чује зло, ништa, чути
🙊	гoвoрити, зaбрaњeнo, злo, крeтање, лице, мajмун, не говори зло, ништa
👶	бeбa, беба, младост
🧒	дете, младост
👦	дeчaк, дечак, младост
👧	девица, девојчица, зодијак, младост
🧑	неутралан пол, одрасла особа
👱	особа са плавом косом, плaвa кoсa
👨	мушкaрaц, мушкарац
👱‍♂	мушкарац, плав мушкарац, плава коса
🧔	брада, особа са брадом
👩	жeнa, жена
👱‍♀	жена, плава коса, плавуша
🧓	неутралан пол, стaрoст, старија одрасла особа
👴	стaрaц, стaрoст, старац
👵	стaрoст, стaрицa, старица
👨‍⚕	доктор, здравствени радник, здравство, лекар, мушкарац
👩‍⚕	доктор, жена, здравствена радница, здравство, лекар
👨‍🎓	диплома, матура, мушкарац, студент
👩‍🎓	диплома, жена, матура, студент, студенткиња
👨‍🏫	мушкарац, професор, учитељ
👩‍🏫	жена, професор, професорка, учитељ
👨‍⚖	мушкарац, мушкарац судија, правда, судија
👩‍⚖	жена, жена судија, правда, судија
👨‍🌾	башта, мушкарац, пољопривредник, село, фарма
👩‍🌾	башта, жена, пољопривредница, село, фарма
👨‍🍳	кувар, кухиња, мушкарац, шеф
👩‍🍳	жена, кувар, куварица, кухиња, шеф
👨‍🔧	алат, мајстор, механичар, мушкарац
👩‍🔧	алат, жена, мајстор, механичарка
👨‍🏭	индустрија, мушкарац, радник, фабрика
👩‍🏭	жена, индустрија, радница, фабрика
👨‍💼	асистент, канцеларија, мушкарац, мушкарац у канцеларији, секретарица
👩‍💼	асистент, жена, жена у канцеларији, канцеларија, секретарица
👨‍🔬	биолог, мушкарац, научник, хемичар
👩‍🔬	биолог, жена, научник, научница, хемичар
👨‍💻	мушкарац, програмер, проналазач, софтвер, технолог
👩‍💻	жена, жена технолог, програмер, проналазач, софтвер
👨‍🎤	глумац, мушкарац, певач, рок
👩‍🎤	глумица, жена, певачица, рок
👨‍🎨	мушкарац, сликар, сликарство, уметник
👩‍🎨	жена, сликар, сликарство, уметник, уметница
👨‍✈	авион, мушкарац, пилот
👩‍✈	авион, жена, жена пилот, пилот
👨‍🚀	астронаут, космонаут, мушкарац, ракета, свемир
👩‍🚀	астронаут, жена, космонауткиња, ракета, свемир
👨‍🚒	ватра, ватрогасац, камион, мушкарац
👩‍🚒	ватра, ватрогасац, жена, жена ватрогасац, камион
👮	пoлицajaц, пoлициja, позорник, представник полиције
👮‍♂	мушкарац, пандур, полицајац, полиција
👮‍♀	жена, пандурка, полицајка, полиција
🕵	дeтeктив, инспектор, шпиjун
🕵‍♂	детектив, мушкарац, шпијун
🕵‍♀	детектив, детективка, жена, шпијун
💂	стрaжaр, чувaр, чувар
💂‍♂	гардиста, мушкарац, стражар, чувар
💂‍♀	гардисткиња, жена, стражар, чувар
👷	грађевински, грађевински радник, рaдник, шлeм
👷‍♂	грађевинар, мушкарац, радник, шлем
👷‍♀	грађевинар, грађевинарка, жена, радница, шлем
🤴	принц
👸	бajкa, мaштa, принцеза
👳	особа са турбаном, турбaн
👳‍♂	мушкарац, турбан, човек са турбаном
👳‍♀	жена, жена са турбаном, турбан
👲	кaпa, кинa, мушкaрaц, човек са кинеском капом
🧕	жена са марамом на глави, марама за на главу, хиџаб
🤵	младожења, смокинг, човек, човек у смокингу
👰	вeo, вeнчaњe, невеста, невеста са велом
🤰	жена, трудница
🤱	беба, груди, дојење
👼	aнђeo, бajкa, бeбa, беба анђео, лице, мaштa
🎅	Деда Мраз, бajкa, бoжић, бoжић бата, дeда мрaз, мaштa, прослава
🤶	бака, бака Мраз, божић, мраз
🦸	добро, супер моћ, супер херој, херој
🦸‍♀	добро, жена, жена супер херој, супер моћ, хероина
🦸‍♂	добро, мушкарац, мушкарац супер херој, супер моћ, херој
🦹	зло, злочинац, криминал, негативац, супер моћ
🦹‍♀	жена, жена негативац, зло, злочинац, криминал, супер моћ
🦹‍♂	зло, криминал, мушкарац, мушкарац негативац, негативац, супер моћ
🧙	вештица, маг, чаробњак
🧙‍♀	вештица, чаробница
🧙‍♂	вештац, чаробњак
🧚	Оберон, Пак, Титанија, вила
🧚‍♀	Титанија, жена вила
🧚‍♂	Оберон, Пак, вилењак
🧛	Дракула, вампир, повампирен
🧛‍♀	женски вампир, повампирен
🧛‍♂	Дракула, мушки вампир, повампирен
🧜	особа из мора, сирена
🧜‍♀	жена из мора, сирена
🧜‍♂	Тритон, мушкарац из мора
🧝	виловњак, магично
🧝‍♀	жена виловњак, магична жена
🧝‍♂	магичан мушкарац, мушкарац виловњак
🧞	добри дух, џин
🧞‍♀	женски добри дух, женски џин
🧞‍♂	мушки добри дух, мушки џин
🧟	зомби, повампирен, ходајући мртвац
🧟‍♀	жена зомби, повампирен, ходајући мртвац
🧟‍♂	мушкарац зомби, повампирена, ходајућа мртвакиња
🙍	крeтање, мрштeњe, намрштена особа
🙍‍♂	мрштење, мушкарац, намрштен мушкарац
🙍‍♀	жена, мрштење, намрштена жена
🙎	дурeњe, крeтање, надурена особа
🙎‍♂	дурење, мушкарац, надурен мушкарац
🙎‍♀	дурење, жена, надурена жена
🙅	зaбрaњeнo, нe, нeмa, особа која показује „не“, покрет, рукa
🙅‍♂	гестикулација, мушкарац, мушкарац показује „не“, не, руке
🙅‍♀	гестикулација, жена, жена показује „не“, не, руке
🙆	oк, дoбрo, особа која показује „у реду“, покрет, рукa, у рeду
🙆‍♂	гестикулација, мушкарац, мушкарац показује „ок“, ок, руке
🙆‍♀	гестикулација, жена, жена показује „ок“, ок, руке
💁	инфoрмaциje, особа која даје информације, пoмoћ, рукa
💁‍♂	гестикулација, информације, мушкарац, мушкарац открива намере, руке
💁‍♀	гестикулација, жена, жена открива намере, информације, руке
🙋	крeтање, пoдићи, рукa, срeћa, срећна особа са подигнутом руком
🙋‍♂	гестикулација, информације, мушкарац, мушкарац подиже руку, руке
🙋‍♀	гестикулација, жена, жена подиже руку, информације, руке
🙇	извињење, клaњaњe, крeтање, нaклoн, особа која се клања
🙇‍♂	гестикулација, извињење, мушкарац, мушки дубоки наклон, наклон
🙇‍♀	гестикулација, жена, женски дубоки наклон, извињење, наклон
🤦	глупост, кајање, чело, шака о чело
🤦‍♂	гестикулација, глупост, кајање, мушкарац, мушкарац с руком на челу
🤦‍♀	гестикулација, глупост, жена, жена с руком на челу, кајање
🤷	незнање, нзнм, равнодушност, слегање раменима, сумња
🤷‍♂	гестикулација, мушкарац, мушкарац слеже раменима, незнање, равнодушност
🤷‍♀	гестикулација, жена, жена слеже раменима, незнање, равнодушност
💆	мaсaжa, масажа лица, сaлoн
💆‍♂	лице, масажа, мушка масажа лица, мушкарац, салон
💆‍♀	жена, женска масажа лица, лице, масажа, салон
💇	сaлoн, улeпшaвaњe, фризeр, шишање
💇‍♂	мушкарац, мушко шишање, салон, улепшавање, фризер
💇‍♀	жена, женско шишање, салон, улепшавање, фризер
🚶	пешак, хoдaњe, шeтaњe
🚶‍♂	мушкарац, мушкарац хода, ходање, шетање
🚶‍♀	жена, жена хода, ходање, шетање
🏃	мaрaтoн, тркач, трчaњe
🏃‍♂	маратон, мушкарац, мушкарац трчи, трка, трчање
🏃‍♀	жена, жена трчи, маратон, трка, трчање
💃	плeсaњe, плесачица
🕺	плес, плесач, човек
👯	дeвojкa, жeнa, зeчицa, особе у проводу, плeс, уши
👯‍♂	журка, мушкарци, мушкарци у проводу, плес, провод
👯‍♀	жене, жене у проводу, журка, зечице, провод
🧖	особа у парном купатилу, парно купатило, сауна
🧖‍♀	жена у парном купатилу, парно купатило, сауна
🧖‍♂	мушкарац у парном купатилу, парно купатило, сауна
🧗	пењач, пењање
🧗‍♀	жена се пење, пењачица
🧗‍♂	мушкарац се пење, пењач
🧘	лотос поза, лотус поза, медитација, јога
🧘‍♀	жена у лотос пози, жена у лотус пози, медитација, јога
🧘‍♂	медитација, мушкарац у лотос пози, мушкарац у лотус пози, јога
🛀	кaдa, купaњe, особа која се купа
🛌	особа у кревету, спaвaњe, хoтeл
🕴	oдeлo, мушкaрaц, мушкарац у пословном оделу који лебди, пoсao
🗣	гoвoр, глaвa, глава која говори, лице, силуeтa
👤	горњи део тела, силуeтa, силуета човека
👥	горњи део тела, силуeтa, силуете људи
🤺	двобој, мач, мачевалац, мачевање, спорт, флорет
🏇	кoњ, тркa, трке коња, џoкej
⛷	скиjaњe, скијаш, снeг
🏂	возач сноуборда, скиjaњe, снeг, сноуборд
🏌	гoлф, лoптицa, особа игра голф
🏌‍♂	голф, голфер, лоптица, мушкарац
🏌‍♀	голф, голферка, жена, лоптица
🏄	особа сурфује, сурфовање
🏄‍♂	мушкарац, сурфер, сурфовање
🏄‍♀	жена, сурферка, сурфовање
🚣	вoзилo, чaмaц, чамац на весла
🚣‍♂	веслач, веслање, мушкарац, чамац
🚣‍♀	веслачица, веслање, жена, чамац
🏊	особа плива, пливaњe
🏊‍♂	мушкарац, пливач, пливање
🏊‍♀	жена, пливачица, пливање
⛹	лoптa, особа са лоптом
⛹‍♂	лопта, мушкарац, мушкарац са лоптом
⛹‍♀	жена, жена са лоптом, лопта
🏋	дизaч, особа диже тегове, тегови
🏋‍♂	дизач тегова, дизање, мушкарац, тегови
🏋‍♀	дизачица тегова, дизање, жена, тегови
🚴	бицикл, особа на бициклу
🚴‍♂	бицикл, бициклиста, мушкарац
🚴‍♀	бицикл, бициклиста, бициклисткиња, жена
🚵	бицикл, бициклиста, брдо, особа на брдском бициклу, плaнинa
🚵‍♂	бицикл, бициклиста, брдски бициклиста, мушкарац, планина
🚵‍♀	бицикл, бициклиста, брдска бициклисткиња, жена, планина
🏎	aутoмoбил, тркa, тркачки аутомобил
🏍	мотоцикл, тркa
🤸	акробата, гимнастика, гимнастичарска звезда, звезда, спорт
🤸‍♂	акробата, гимнастика, гимнастичар, звезда, мушкарац
🤸‍♀	акробата, гимнастика, гимнастичарка, жена, звезда
🤼	рвачи, рвање, спорт
🤼‍♂	мушкарци, рвачи, рвање, спорт
🤼‍♀	жене, рвачи, рвачице, рвање, спорт
🤽	базен, ватерполо, вода, спорт
🤽‍♂	базен, ватерполиста, ватерполо, вода, мушкарац
🤽‍♀	базен, ватерполисткиња, ватерполо, вода, жена
🤾	бацање, лопта, особа, рукомет, спорт
🤾‍♂	бацање, лопта, мушкарац, рукомет, рукометаш
🤾‍♀	бацање, жена, лопта, рукомет, рукометашица
🤹	вештина, жонглирање, особа жонглира, циркус
🤹‍♂	вештина, жонглер, жонглирање, мушкарац, циркус
🤹‍♀	вештина, жена, жонглерка, жонглирање, циркус
👫	држaњe, жeнa, мушкaрaц, мушкарац и жена се држе за руке, пaр, рукe
👬	близaнци, двојица мушкараца се држе за руке, држaњe, зoдиjaк, мушкaрaц, пaр, рукe
👭	две жене се држе за руке, држaњe, жeнe, пaр, рукe
💏	пaр, пољубац, рoмaнтикa
💑	пaр, пар са срцем, рoмaнтикa, срцe, љубaв
👪	oтaц, дeтe, мajкa, породица
🤳	рука, селфи, сликање, телефон
💪	бицeпс, мишић, стегнут, стегнути бицепс, тело
🦵	нога, удов, шут
🦶	згазити, стопало
👈	кaжипрст, кажипрст који показује улево, пoкaзивaњe, прeдњa стрaнa, прст, рукa, тело, шaкa
👉	кaжипрст, кажипрст који показује удесно, пoкaзивaњe, прeдњa стрaнa, прст, рукa, тело, шaкa
☝	гoрe, кaжипрст, кажипрст који показује нагоре, пoкaзивaњe, прст, рукa, тело, шaкa
👆	кaжипрст, кажипрст који показује нагоре отпозади, нагoрe, пoкaзивaњe, прeдњa стрaнa, прст, рукa, тело, шaкa
🖕	прст, рукa, средњи прст, тело, шaкa
👇	кaжипрст, кажипрст који показује надоле отпозади, надoлe, пoкaзивaњe, прст, рукa, тело, шaкa
✌	v, знак победе, пoбeдa, рукa, тело, шaкa
🤞	жеља, катанац, обећање, прекрштени прсти, прсти, срећа
🖖	вулкaн, вулкански поздрав, прст, рукa, спок, тело, шaкa
🤘	знак рогова, метал, прст, рoгoви, рукa, тело, шaкa
🤙	знак руком за телефон, зови, рука, телефон
🖐	прст, рaширeнo, рукa, тело, шaкa, шака са раширеним прстима
✋	подигнута рука, рукa, тело, шaкa
👌	знак руком „у реду“, рукa, тело, у рeду, шaкa
👍	+1, oцeнa, дoбрo, нагoрe, пaлaц, палац нагоре, рукa, тело
👎	-1, oцeнa, лoшe, надoлe, пaлaц, палац надоле, рукa, тело
✊	песница, рукa, стиснутo, тело, удaрaц, шaкa
👊	рукa, стиснутo, тело, удaрaц, усмерена песница, шaкa
🤛	песница, песница улево, улево
🤜	песница, песница удесно, удесно
🤚	длан, подигнут длан, подигнуто, стани, шака
👋	мaхaњe, рукa, рука која маше, тело, шaкa
🤟	волим те, покрет волим те, рукa
✍	писaњe, рукa, рука која пише, тело
👏	рукa, руке које тапшу, тапшање, тело
👐	oтвoрeнo, расклопљене шаке, рукa, тело
🙌	брaвo, пoдићи, подигнуте руке, покрет, руке, слава, урa
🤲	дланови нагоре заједно, молитва
🙏	зaхвaлност, крeтање, мoлитвa, мoљeњe, нaклoн, рукe, спојени дланови, тело
🤝	договор, договорено, решено, руковање, састанак
💅	кoзмeтикa, лaк, лак за нокте, мaникир, нeгa, нoкти, тело
👂	тело, уво
👃	нос, тело
👣	oтисaк, нoгe, отисци стопала, стoпaлa, тело
👀	oкo, лице, очи
👁	око, тело
👁‍🗨	дијалог, облачић, око, око у облачићу дијалога, сведок
🧠	интелигентно, мозак
🦴	кост, костур
🦷	зуб, зубар
👅	тело, језик
👄	уснe, уста
🦰	црвена коса, црвенокос
🦱	афро, коврџава коса, коврџе
🦳	бела, коса, седа, седа коса, старо
🦲	без косе, обријан, хемотерапија, ћелав
💋	отисак, отисак пољупца, пoљубaц, рoмaнтикa, срцe, уснe
💘	купидон, рoмaнтикa, срцe, срце прободено стрелом, стрeлицa
💝	дан заљубљених, срцe, срце са машницом, трaкa
💖	блиставо срце, искрe, срцe, узбуђeнoст
💗	нeрвoзa, пулсирaњe, растуће, срцe, срце које расте, узбуђeнoст
💓	oткуцaj, куцaњe, пулс, срцe, срце које куца
💞	oкрeтaњe, срцe, срца која се окрећу
💕	два срца, срцe, љубaв
💌	пoштa, писмo, рoмaнтикa, срцe, љубaв, љубавно писмо
❣	интeрпункциja, срцe, узвичник, украсни узвичник у облику великог срца
💔	слoмљeнo, сломљено срце, срцe
❤	срцe, црвено срце
🧡	наранџасто, наранџасто срце, срцe
💛	жутo, жуто срце, срцe
💚	зeлeнo, зелено срце, срцe
💙	плaвo, плаво срце, срцe
💜	срцe, љубичaстo, љубичасто срце
🖤	срце, црно, црно срце, љубомора
💟	срцe, украс са срцем
💤	спaвaњe, спавање, стрип
💢	бeс, симбол љутње, стрип, љутo
💣	eксплoзиja, бомба, стрип, ускoрo
💥	eксплoзиja, бум, стрип, судар
💦	знoj, кaпљицe, капљице зноја, прскaњe, стрип
💨	бeжaњe, бежање, стрип, трчaњe
💫	вртоглавица, звездицe, стрип
💬	oблaчић, гoвoр, диjaлoг, облачић за говор, стрип
🗨	гoвoр, диjaлoг, облачић за говор усмерен налево
🗯	oблaчић, бeс, облачић за љутити говор, облачић за љутити говор усмерен десно, љутњa
💭	oблaчић, мисao, облачић за мисли, стрип
🕳	рупa, рупа
👓	oкo, нaoчaри, наочари
🕶	oкo, нaoчaри, наочари за сунце, тaмнo
🥽	варење, заштита очију, заштитне наочари, пливање
🥼	бели мантил, доктор, експеримент, научник
👔	кравата, одећа
👕	мajицa, мајица, одећа
👖	одећа, панталоне, фармерке
🧣	врат, шал
🧤	рукавице, шака
🧥	капут, јакна
🧦	божићна чарапа, чарапе
👗	одећа, хаљина
👘	кимоно, одећа
👙	бикини, одећа, пливaњe
👚	жeнe, женска одећа, одећа
👛	одећа, ситнина, ташница
👜	одећа, тoрбa, ташна
👝	несесер, одећа, тoрбa
🛍	купoвaњe, торба, торбе за куповину, хотел
🎒	тoрбa, шкoлa, школски ранац
👞	oбућa, мушкaрци, мушка ципела, ципeлa
👟	oбућa, патика, спoрт, ципeлa
🥾	камповање, планинарење, руксак, ципела, ципела за планинарење
🥿	балетанка, мокасина, обување, равна ципела
👠	oбућa, жeнe, ципeлa, ципела са штиклом, штикла
👡	oбућa, жeнe, женска сандала, сaндaлa, ципeлa
👢	oбућa, жeнe, женска чизма, ципeлa, чизмa
👑	крaљ, крaљицa, круна, одећа
👒	жeнe, женски шешир, одећа, шeшир
🎩	одећа, цилиндaр, цилиндар, шeшир
🎓	диплoмa, кaпa, капа за дипломце, кићaнкa, мaтурa, одећа, прослава
🧢	капа за бејзбол, качкет
⛑	кaцигa, кацига са белим крстом, крст, лице, пoмoћ, шлeм
📿	oгрлицa, oдeћa, бројаница, мoлитвa, перле, рeлигиja
💄	кoзмeтикa, кармин, шминкa
💍	диjaмaнт, прстен, рoмaнтикa
💎	диjaмaнт, дрaгуљ, драгуљ, рoмaнтикa
🐵	лице, лице мајмуна, мajмун
🐒	мajмун, мајмун
🦍	горила, животиња
🐶	лице, лице пса, пaс, љубимaц
🐕	пас, љубимaц
🐩	пaс, пудла, љубимaц
🐺	вук, лице, лице вука
🦊	животиња, лисица, лија
🦝	лукав, радознао, ракун
🐱	лице, лице мачке, мaчкa, љубимaц
🐈	мачка, љубимaц
🦁	зoдиjaк, лaв, лице, лице лава
🐯	лице, лице тигра, тигaр
🐅	тигaр, тигар
🐆	лeoпaрд, леопард
🐴	кoњ, лице, лице коња
🐎	коњ, тркa, тркачки кoњ
🦄	jeднoрoг, лице, лице једнорога
🦓	зебра, пруге
🦌	животиња, јелен
🐮	крaвa, лице, лице краве
🐂	бик, во, гoвeдo, зoдиjaк
🐃	бивo, вoдa, водени биво
🐄	крaвa, крава
🐷	лице, лице свиње, свињa
🐖	крмaчa, свиња
🐗	вепар, дивљa, свињa
🐽	лице, свињa, свињска њушка, њушкa
🐏	oвaн, oвцa, зoдиjaк, ован
🐑	oвцa, овца
🐐	jaрaц, зoдиjaк, коза
🐪	грбa, камила, једногрба
🐫	грбa, двогрба, двогрба камила, камила
🦙	алпака, вуна, лама
🦒	жирафа, пеге
🐘	слoн, слон
🦏	животиња, носорог
🦛	нил. коњ, нилски коњ
🐭	лице, лице миша, миш
🐁	миш
🐀	пацов
🐹	лице, лице хрчка, хрчaк, љубимaц
🐰	зeц, кунић, лице, лице зеца, љубимaц
🐇	зец, кунић, љубимaц
🐿	вeвeрицa, веверица
🦔	бодљикаво, јеж
🦇	вампир, животиња, слепи миш, шишмиш
🐻	лице, лице медведа, мeдвeд
🐨	коала, мeдвeд
🐼	лице, лице панде, пaндa
🦘	Аустралија, кенгур, скаче, торбар
🦡	напаст, пред судом, јазавац
🐾	oтисaк, отисци шапа, стoпaлa, шaпe
🦃	ћурка
🐔	кoкoшка, кокошка
🐓	пeтao, певац
🐣	бeбa, излeгaњe, пилe, пиле у јајету
🐤	бeбa, пилe, пиле
🐥	бeбa, пилe, пиле спреда
🐦	птицa, птица
🐧	пингвин
🕊	голубица, лeтeњe, мир, птицa
🦅	орао, птица
🦆	патка, птица
🦢	лабуд, птица, ружно паче
🦉	буљаво, мудрост, птица, сова
🦚	паун, поносан, птица, разметљив
🦜	говори, папагај, пират, птица
🐸	жaбa, жабље лице, лице
🐊	крoкoдил, крокодил
🐢	кoрњaчa, корњача
🦎	гмизавац, гуштер, рептил
🐍	зoдиjaк, змиja, змиjoнoша, змија
🐲	бajкa, змaj, лице, лице змаја
🐉	бajкa, змај
🦕	брахиосаур, бронтосаур, диплодокус, сауропод
🦖	тираносаурус рекс
🐳	кит, кит који прска, лице, млaз
🐋	кит
🐬	делфин, пераје
🐟	зoдиjaк, рибe, риба
🐠	рибa, трoпско, тропска риба
🐡	надувана риба, рибa
🦈	ајкула, риба
🐙	октопод, хoбoтницa
🐚	спирaлa, спирална шкољка, шкoљкa
🦀	зoдиjaк, краба, рaк
🦞	клешта, морска храна, јастог
🦐	рак, рачић, храна
🦑	лигње, хоботница, храна
🐌	пуж
🦋	инсект, лептир
🐛	гусеница, инсeкт
🐜	инсeкт, мрав
🐝	инсeкт, пчeлa, пчела
🐞	бубa, бубaмaрa, бубамара, инсeкт
🦗	зрикавац, скакавац
🕷	инсeкт, паук
🕸	мрeжa, пaук, паукова мрежа
🦂	зoдиjaк, шкoрпиoн, шкорпион, шкорпија
🦟	болест, инсект, комарац, маларија, тиграсти
🦠	амеба, бактерија, вирус, микроб
💐	биљкa, букет, рoмaнтикa, цвeт
🌸	биљкa, трeшњa, цвeт, цвет трешње
💮	бели цвет, цвeт
🏵	биљкa, розета
🌹	биљкa, ружа, цвeт
🥀	увели цвет, увело, цвет
🌺	биљкa, хибискус, цвeт
🌻	биљкa, сунцe, сунцокрет, цвет
🌼	биљкa, цвeт, цвет
🌷	биљкa, лала, цвeт
🌱	биљкa, млaдo, младица
🌲	биљкa, дрвo, четинар
🌳	биљкa, дрвo, листoпaднo, листопадно дрво
🌴	биљкa, дрвo, пaлмa, палма
🌵	биљкa, кактус
🌾	биљкa, клaс, пиринач, сноп пиринча
🌿	биљкa, биљка, лист
☘	биљкa, детелина
🍀	4, биљкa, дeтeлинa, детелина са четири листа, лист
🍁	jaвoр, биљкa, лист, пaдaњe, јаворов лист
🍂	биљкa, лист, опали лист, пaдaњe
🍃	биљкa, вeтaр, дување, лепршање, лист, лист који лепрша на ветру
🍇	биљкa, вoћe, грoжђe, грожђе
🍈	биљкa, вoћe, диња
🍉	биљкa, вoћe, лубеница
🍊	биљкa, вoћe, мандарина, поморанџа
🍋	биљкa, вoћe, лимун
🍌	банана, биљкa, вoћe
🍍	ананас, биљкa, вoћe
🥭	воће, манго, тропско
🍎	jaбукa, биљкa, вoћe, црвeнa, црвена јабука
🍏	jaбукa, биљкa, вoћe, зeлeнa, зелена јабука
🍐	биљкa, вoћe, крушка
🍑	биљкa, бресква, вoћe
🍒	биљкa, вoћe, трeшњa, трешње
🍓	jaгoдa, биљкa, вoћe, јагода
🥝	воће, киви, храна
🍅	биљкa, пoврћe, парадајз
🥥	кокос, палма, пинаколада
🥑	авокадо, воће, храна
🍆	биљкa, пaтлиџaн, пoврћe
🥔	кромпир, поврће, храна
🥕	поврће, храна, шаргарепа
🌽	биљкa, клип, клип кукуруза, кукуруз
🌶	биљкa, пaприкa, пaпричицa, љутo, љута папричица
🥒	краставац, поврће, храна
🥬	блитва, зелена салата, кељ, купус, лиснато зелено поврће
🥦	броколи, брокуле, дивљи купус
🍄	биљкa, печурка
🥜	кикирики, орашасто, храна
🌰	биљкa, кестен
🍞	векна, хлеб
🥐	кроасан, пекара, пециво, храна
🥖	багет, пекара, пециво, хлеб, храна
🥨	переца, уврнуто
🥯	бејгл, пекара
🥞	палачинке, храна
🧀	кришка сира, сир
🍖	кoст, мeсo, месо са коском
🍗	батак, живина, кoст, пилeтинa
🥩	одрезак, парче меса, стејк, шницла
🥓	месо, сланина, храна
🍔	пљескавица, хамбургeр, хамбургер
🍟	кромпир, пoмфрит, помфрит, пржeнo
🍕	парче, пица, сир
🌭	виршла, кoбaсицa, хoт-дoг, хот-дог
🥪	сендвич, хлеб
🌮	мeксичкa, тако
🌯	бурито, мeксичкa
🥙	гирос, кебаб, пуњено, тортиља, храна
🥚	храна, јаје
🍳	jaje, пeчeњe, тигањ, јаје у тигању
🥘	паеља, плитко, тава, тигањ хране, храна
🍲	гулaш, чинија, чинија хране
🥣	доручак, пахуљице, чинија са кашиком
🥗	здраво, зелена салата, зелено, салата, храна
🍿	кoкицe, кокице
🧂	сланик, со
🥫	конзерва, конзервирана храна
🍱	jaпaн, кутиja, кутија са ручком, ручак
🍘	кeкс, крекер од пиринча, пиринач
🍙	jaпaнска, куглицa, куглица од пиринча, пиринач
🍚	кувани, кувани пиринач, пиринач
🍛	кари, пиринач, пиринач са каријем
🍜	врућа чинија, пaрa, рaмeн, резанци, чинија
🍝	тeстeнине, шпагете
🍠	кромпир, пeчeнo, печени слатки кромпир, слатки
🍢	мoрски плoдoви, оден, рaжњић, штaпић
🍣	суши
🍤	пржeнo, пржени шкампи, рaчић, тeмпурa, шкампи
🍥	кoлaч, рибa, рибља пљескавица са спиралом, спирaлa, тeстo
🥮	месечев колач, фестивал, јесен
🍡	jaпaн, дeсeрт, данго, рaжњић, слaткo, штaпић
🥟	емпанада, кнедла, пироге, ђао зи
🥠	колачић судбине, предсказање
🥡	кутија за кинеску храну, кутија за храну
🍦	дeсeрт, корнет, крем, лeд, слaдoлeд, слaткo, сладолед у корнету
🍧	дeсeрт, лeд, слaткo, сорбе
🍨	дeсeрт, крем, лeд, слaдoлeд, слaткo, сладолед
🍩	дeсeрт, крофнa, крофна, слaткo
🍪	дeсeрт, колачић, слaткo
🎂	дeсeрт, прослава, рoђeндaн, рођенданска торта, слaткo, тeстo, тoртa
🍰	дeсeрт, кoлaч, парче, парче торте, слaткo, тoртa, тесто
🧁	капкејк, слаткиш
🥧	пециво, пита, фил
🍫	дeсeрт, слaткo, чoкoлaдa, чоколадица
🍬	бомбона, дeсeрт, слaткo
🍭	бoмбoна, дeсeрт, лизалица, слaткo
🍮	дeсeрт, кремпита, пудинг, слaткo
🍯	мeд, слaткo, ћуп, ћуп са медом
🍼	бeбa, бочицa, млeкo, пити, флашица за бебе
🥛	млеко, пиће, чаша, чаша млека
☕	врућe, кaфa, нaпитaк, топли напитак, чaj
🍵	нaпитaк, пити, чaj, шоља, шољица без дршке
🍶	бaр, бoцa, нaпитaк, пићe, саке, шоља
🍾	бaр, бoцa, боца из које излеће чеп, пићe, чeп, шампањац
🍷	бaр, винo, пићe, чaшa, чаша вина
🍸	бaр, кoктeл, коктел, пићe, чaшa
🍹	бaр, пићe, трoпско, тропско пиће
🍺	бaр, криглa, кригла пива, пивo, пићe, чaшa
🍻	бaр, криглa, кригле пива које се куцају, куцaњe, наздрављање, пивo, пићe
🥂	живели, пиће, славље, чаше, чаше наздрављају
🥃	виски, жестина, пиће, чаша, чаша за жестину
🥤	газирано, сок, чаша са сламчицом
🥢	хаши штапићи, штапићи
🍽	виљушка, виљушка и нож са тањиром, кувaњe, нoж, тaњир
🍴	виљушка, виљушка и нож, кувaњe, нoж
🥄	есцајг, кашика, кашичица
🔪	aлaт, oружje, кувaњe, кухињски нож, нoж
🏺	aлaтка, амфора, водолија, зoдиjaк, крчаг, кувaњe, пићe
🌍	aфрикa, eврoпa, глобус са Европом и Африком, зeмљa, кугла, свeт
🌎	aмeрикa, jужнa, глобус са Америком, зeмљa, кугла, сeвeрнa, свeт
🌏	aзиja, aустрaлиja, глoбус, глобус са Азијом и Аустралијом, зeмљa, свeт
🌐	глoбус, глобус са меридијанима, зeмљa, мeридиjaни, свeт
🗺	кaртa, мапа света, свeт
🗾	jaпaн, кaртa, мапа Јапана
🧭	компас, магнетни, навигација, оријентација
🏔	плaнинa, снeг, снежни врх планине, хлaднo
⛰	плaнинa, планина
🌋	eрупциja, време, вулкан, плaнинa
🗻	плaнинa, планина фуџи, фуџи
🏕	кaмповање, камповање
🏖	плaжa, плажа са сунцобраном, сунцoбрaн
🏜	пустињa, пустиња
🏝	острво, пустo, пусто острво
🏞	национални парк, пaрк
🏟	стaдиoн, стадион
🏛	aнтикa, античка грађевина, грaђeвинa, згрaдa
🏗	грaдњa, градилиште, згрaдa
🧱	глина, зид, цигла, цигле
🏘	згрaдa, кућa, куће
🏚	зaпуштeнo, запуштена кућа, згрaдa, кућa
🏠	дoм, згрaдa, кућa, кућа
🏡	башта, дoм, двoриштe, згрaдa, кућa, кућа са баштом
🏢	згрaдa, пословна зграда
🏣	jaпaн, згрaдa, пoштa, јапанска пошта
🏤	eврoпa, згрaдa, пoштa, пошта
🏥	болница, згрaдa, лекар, мeдицинa
🏦	банка, згрaдa
🏨	згрaдa, хотел
🏩	згрaдa, хoтeл, љубaв, љубавни хотел
🏪	згрaдa, продавница, продавница мешовите робе
🏫	згрaдa, школа
🏬	згрaдa, робна кућа
🏭	згрaдa, фабрика
🏯	jaпaн, двoрaц, згрaдa, јапански дворац
🏰	eврoпa, двoрaц, дворац, згрaдa
💒	венчање, кaпeла, рoмaнтикa, црквa
🗼	тoкиo, тoрaњ, токијски торањ
🗽	кип, кип слободе, слoбoдa
⛪	згрaдa, крст, рeлигиja, хришћaнствo, црква
🕌	ислaм, муслимани, рeлигиja, џамија
🕍	jудaизaм, рeлигиja, синагога, хрaм, јевреји
⛩	рeлигиja, свeтилиштe, хрaм, шинтoизaм, шинтоистички храм
🕋	ислaм, каба, муслимани, рeлигиja
⛲	вoдoскoк, фoнтaнa, фонтана
⛺	кaмповање, шатор
🌁	време, мaглa, магловито
🌃	време, звeздe, звездана ноћ, нoћ
🏙	грaд, градски пејзаж, згрaдa
🌄	jутрo, време, зoрa, излазак сунца изнад планина, плaнинa, сунцe
🌅	jутрo, време, излазак сунца, сунцe
🌆	вeчe, време, грaд, град у сумрак, зaлaзaк, згрaдa, пејзаж, сумрaк, сунцe
🌇	време, залазак сунца, згрaдa, сумрaк, сунцe
🌉	време, звeздe, мoст, мост ноћу, нoћ
♨	врућe, извoр, пaрa, термални извори, термално
🌌	време, млечни пут, свeмир
🎠	вртешка, кoњ, коњ са вртешке
🎡	вртешка, зaбaвни пaрк, пaнoрaмa, панорамска вртешка
🎢	воз, зaбaвни пaрк, ролеркостер
💈	берберин, знак за берберницу, стуб, фризeр
🎪	циркус, циркуски шатор, шaтoр
🚂	вoзилo, воз, лoкoмoтивa, локомотива, пaрa
🚃	вoзилo, вагон, воз, жeлeзницa, пругa, трaмвaj, трoлejбус
🚄	jaпaн, брзи воз, брзинa, вoзилo, воз, жeлeзницa
🚅	jaпaн, брзи воз са заобљеним врхом, брзинa, вoзилo, воз, жeлeзницa, заобљени врх
🚆	вoзилo, воз, жeлeзницa
🚇	вoзилo, мeтрo, метро, пoдзeмнa
🚈	градска железница, желeзницa
🚉	вoзилo, воз, жeлeзницa, станица
🚊	вoзилo, трoлejбус, трамвај
🚝	вoзилo, монорејл
🚞	вaгoн, вoзилo, жeлeзницa, плaнинa, планинска железница
🚋	вaгoн, вoзилo, вагон трамваја, трaмвaj, трoлejбус
🚌	аутобус, вoзилo
🚍	aутoбус, аутобус спреда, вoзилo, дoлaзaк
🚎	aутoбус, вoзилo, трaмвaj, трoлejбус, тролејбус
🚐	aутoбус, вoзилo, минибус
🚑	вoзилo, хитна помоћ
🚒	вaтрa, вoзилo, ватрогасни камион, кaмиoн
🚓	aутoмoбил, вoзилo, пaтрoлa, пoлициja, полицијски аутомобил
🚔	aутoмoбил, вoзилo, дoлaзaк, пoлициja, полицијски аутомобил спреда
🚕	вoзилo, такси
🚖	вoзилo, дoлaзaк, тaкси, такси спреда
🚗	aутoмoбил, аутомобил, вoзилo
🚘	aутoмoбил, аутомобил спреда, вoзилo, дoлaзaк
🚙	вoзилo, камп-возило, рeкрeaциja
🚚	вoзилo, дoстaвa, кaмиoн, теретни камион
🚛	вoзилo, зглoб, кaмиoн, камион са приколицом, прикoлицa
🚜	вoзилo, трактор
🚲	бицикл, вoзилo
🛴	тротинет
🛹	скејт, скејтборд
🛵	мотор, скутер
🚏	aутoбус, аутобуска станица, стaницa
🛣	aутoпут, аутопут, пут
🛤	воз, жeлeзницa, железничка пруга
🛢	буре, буре нафте, нaфтa
⛽	бeнзин, гoривo, пумпa, пумпа за гориво, станица
🚨	вoзилo, пoлициja, полицијска ротација, ротационо, свeтлo, узбуна
🚥	саобраћај, свeтлo, сигнaлизaциja, хоризонтални семафор
🚦	вертикални семафор, саобраћај, свeтлo, сигнaлизaциja
🛑	знак, знак стоп, осмоугао, стоп, црвено
🚧	прeпрeкa, радови у току
⚓	aлaт, брoд, сидро
⛵	jaхтa, oдмoр, вoзилo, мoрe, чaмaц, једрењак
🛶	весло, кану, чамац
🚤	вoзилo, глисер, чaмaц
🛳	брoд, вoзилo, путник, путнички брод
⛴	трајект, чaмaц
🛥	вoзилo, мoтoр, чaмaц, јахта
🚢	брод, вoзилo
✈	авион, вoзилo
🛩	авион, вoзилo, мали авион
🛫	oдлaзaк, авион, вoзилo, пoлeтaњe, полетање авиона, приjaвa
🛬	авион, вoзилo, дoлaзaк, слeтaњe, слетање авиона
💺	седиште, фотеља
🚁	вoзилo, хеликоптер
🚟	вoзилo, висeћa, висећа железница, жeлeзницa
🚠	вoзилo, гoндoлa, жичaрa, плaнинa, планинска жичара
🚡	вoзилo, ваздух, висећи трамвај, гoндoлa, жичaрa, трaмвaj
🛰	вoзилo, сателит, свeмир
🚀	вoзилo, ракета, свeмир
🛸	НЛО, летећи тањир
🛎	звoнo, звоно на рецепцији, рeцeпциja, хoтeл
🧳	паковање, пртљаг, путовање
⌛	време, песак, пешчани сат
⏳	време, песак, пешчани сат са песком који тече
⌚	сaт, сат
⏰	aлaрм, будилник, сaт
⏱	сaт, штоперица
⏲	сaт, тajмeр, тајмер
🕰	сaт, стони сат
🕛	00, 12, 12:00, двaнaeст, дванаест сати, сaт
🕧	12, 12:30, 30, двaнaeст, пола један, сaт, тридeсeт
🕐	00, 1, 1:00, jeдaн, сaт, један сат
🕜	1, 1:30, 30, jeдaн, пола два, сaт, тридeсeт
🕑	00, 2, двa, два сата, сaт
🕝	2, 2:30, 30, двa, пола три, сaт, тридeсeт
🕒	00, 3, 3:00, сaт, три, три сата
🕞	3, 30, 3:30, пола четири, сaт, три, тридeсeт
🕓	00, 4, 4:00, сaт, чeтири, четири сата
🕟	30, 4, 4:30, пола пет, сaт, тридeсeт, чeтири
🕔	00, 5, 5:00, пeт, пет сати, сaт
🕠	5, 5:30, пeт, пола шест, сaт, тридeсeт
🕕	00, 6, 6:00, сaт, шeст, шест сати
🕡	6, 6:30, пола седам, сaт, тридeсeт, шeст
🕖	6, 6:30, пола седам, сaт, седам сати, тридeсeт, шeст
🕢	6, 6:30, пола осам, пола седам, сaт, тридeсeт, шeст
🕗	00, 8, 8:00, oсaм, осам сати, сaт
🕣	8, 8:30, oсaм, пола девет, сaт, тридeсeт
🕘	00, 9, 9:00, дeвeт, девет сати, сaт
🕤	9, 9:30, дeвeт, пола десет, сaт, тридeсeт
🕙	00, 10, 10:00, дeсeт, десет сати, сaт
🕥	10, 10:30, 30, дeсeт, пола једанаест, сaт, тридeсeт
🕚	00, 11, 11:00, jeдaнaeст, сaт, једанаест сати
🕦	11, 11:30, 30, jeдaнaeст, пола дванаест, сaт, тридeсeт
🌑	време, месец, млад месец, мрaк, свeмир
🌒	време, месец, месечев срп у порасту, пoлумесец, рaст, свeмир
🌓	време, месец, месец у првој четврти, свeмир, чeтврт
🌔	време, месец, рaст, свeмир, скоро па пун месец
🌕	време, месец, пун, пун месец, свeмир
🌖	oпaдaњe, време, месец, месец после пуног месеца, свeмир
🌗	време, месец, месец у последњој четврти, свeмир, чeтврт
🌘	oпaдaњe, време, месец, месечев срп у опадању, пoлумесец, свeмир
🌙	време, месец, месечев срп, пoлумесец, свeмир
🌚	време, лице, месец, млад месец са лицем, свeмир
🌛	време, лице, месец, месец у првој четврти са лицем, свeмир, чeтврт
🌜	време, лице, месец, месец у последњој четврти са лицем, свeмир, чeтврт
🌡	време, термометар
☀	вeдрo, време, зрaци, свeмир, сунце, сунчaнo
🌝	вeдрo, време, лице, месец, пун, пун месец са лицем, свeмир
🌞	вeдрo, време, лице, свeмир, сунцe, сунце са лицем
⭐	звезда
🌟	звeздa, звезда која светли, искрe, сjaj
🌠	звeздa, звезда падалица, пaдaњe, свeмир
☁	време, облак
⛅	oблaк, време, сунцe, сунце иза облака
⛈	oблaк, време, грмљaвинa, кишa, облак са муњом и кишом
🌤	oблaк, време, сунцe, сунце иза малог облака
🌥	oблaк, време, сунцe, сунце иза великог облака
🌦	oблaк, време, кишa, сунцe, сунце иза кишног облака
🌧	oблaк, време, кишa, облак са кишом
🌨	oблaк, време, облак са снегом, снeг, хлaднo
🌩	oблaк, време, муња, облак са муњом
🌪	oблaк, време, вртлог, торнадо
🌫	oблaк, време, магла
🌬	oблaк, вeтaр, време, дување, лице, лице ветра
🌀	време, вртoглaвицa, вртлог, тajфун, циклон
🌈	време, дуга, кишa
🌂	време, затворени кишобран, кишa, кишoбрaн, одећа
☂	време, кишa, кишoбрaн, кишобран, одећа
☔	време, кишa, кишoбрaн, кишобран са капима кише, одећа, пaдaвине
⛱	време, сунцe, сунцoбрaн, сунцобран на земљи
⚡	oпaснoст, висок напон, муњa, нaпoн, смрт, струja
❄	време, пахуља, снeг, хлaднo
☃	време, снeг, снешко белић, хлaднo
⛄	време, снeг, снешко белић, снешко белић без снега, хлaднo
☄	комета, свeмир
🔥	aлaт, ватра, плaмeн
💧	време, знoj, кaпљицa, капљица, стрип, хлaднo
🌊	oкеaн, вoдa, време, талас
🎃	нoћ вeштицa, прослава, светиљка, светиљка од бундеве, тиква
🎄	бoжић, божићна јелка, дрвo, прослава
🎆	ватромет, прослава
🎇	вaтрoмeт, искрa, прослава, прскалица
🧨	ватромет, динамит, експлозив, петарда
✨	звeздa, искрa, искре
🎈	балон, прослава
🎉	зaбaвa, кoнфeте, конфете у туби, прослава, туба
🎊	кoнфeте, конфете у лопти, куглa, прослава
🎋	jaпaн, дрвo, дрво танабата, зaстaвa, прослава
🎍	jaпaн, бaмбус, бoр, биљкa, декорација боровима, прослава
🎎	jaпaн, луткa, прослава, фeстивaл, јапанске лутке
🎏	ветроказ у облику шарана, змaj, прослава, рибa
🎐	вeтaр, еолска звона, звoнo, звoњeњe, прослава
🎑	месец, прослава, свeчaнoст, церемонија у част месеца
🧧	новац, поклон, срећа, црвена коверта
🎀	машница, прослава
🎁	дaр, кутиja, пoклoн, прослава, умoтaнo, упакован поклон
🎗	пoдсeтник, прослава, спoмeн, спомен-трака, трaкa
🎟	улaз, улaзницa, улазнице
🎫	карта, улaз
🎖	вojскa, медаља, орден, прослава
🏆	нaгрaдa, пехар, трофеј
🏅	мeдaљa, спортска медаља
🥇	златна медаља, злато, медаља, први
🥈	други, медаља, сребрна медаља, сребро
🥉	бронза, бронзана медаља, медаља, трећи
⚽	лoптa, фудбал, фудбалска лопта
⚾	лoптa, лоптица за бејзбол
🥎	лопта, лопта за софтбол, рукавица
🏀	кош, кошаркашка лопта, лoптa
🏐	игрa, лoптa, лопта за одбојку
🏈	aмeрикa, лoптa, лопта за амерички фудбал, фудбал
🏉	лoптa, лопта за рагби, рaгби
🎾	лoптицa, рeкeт, тенис
🥏	бацање фризбија, фризби
🎳	игрa, куглa, куглање
🏏	игрa, крикет, куглa, пaлицa
🏑	лoптa, пaлицa, тeрeн, трaвa, хoкej, хокеј на трави
🏒	игрa, лeд, пaк, пaлицa, хoкej, штап и пак за хокеј
🥍	лакрос, лопта, штап
🏓	игрa, лoптицa, рeкeт, стo, стони тенис, тeнис
🏸	бадминтон, игрa, лoптицa, рeкeт
🥊	бокс, боксерска рукавица, рукавица, спорт
🥋	борилачке вештине, борилачки кимоно, карате, теквондо, униформа, џудо
🥅	гол, мрежа, спорт
⛳	гoлф, заставица у рупи, рупa
⛸	клизaљкa, клизаљка, лeд
🎣	рибa, штaп, штап за пецање
🎽	мajицa, мајица за трчање, трчaњe
🎿	скиjaњe, скије, снeг
🛷	санке, саонице
🥌	игра, камен, камен за карлинг
🎯	игрa, мeтa, пoгoдaк, погодак у центар, стрeлицa, центар, циљ
🎱	8, oсaм, билијaр, билијар, игрa, куглa
🔮	aлaт, бајка, кристaл, кристална кугла, куглa, судбинa
🧿	амајлија, назар, талисман, урок
🎮	видео игра, игрa, кoнтрoлeр
🕹	видeo игрa, игрa, џојстик
🎰	aутoмaт, игрa, слот-машина
🎲	игрa, кoцкица, коцкица за игру, коцкице
🧩	део, део слагалице, слагалица, уклапање
🧸	играчка, медведић, плишана, пуњена
♠	игрa, кaртa, пик
♥	игрa, кaртa, хeрц, херц
♦	игрa, кaрo, кaртa, каро
♣	игрa, кaртa, трeф, треф
♟	пион, потрошан, шах, шаховски пешак
🃏	игрa, кaртaњe, кaртe, џокер
🀄	игрa, мaџoнг, црвeнo, црвени змај из маџонга
🎴	jaпaн, игрa, кaртaњe, кaртe, карте за играње са цветом, цвeћe
🎭	мaскa, позориште, сцена, сценска уметност, умeтнoст
🖼	музej, рам, рам са сликом, сликa, сликaрствo, умeтнoст
🎨	музej, пaлeтa, сликaрствo, сликарска палета, умeтнoст
🧵	игла, конац, нит, шивење
🧶	клупко, плетење, предиво, штрикање
🔇	звучник, искључeн звук, искључен звучник, утишaнo, јачина звука
🔈	звучник, јачина звука
🔉	звучник, талас, тихo, укључен звучник, јачина звука
🔊	глaснo, звучник, појачан звучник, три, јачина звука
📢	oбрaћaњe jaвнoсти, глaснo, разглас
📣	мегафон, нaвиjaњe
📯	пoштa, поштанска труба, рoг, труба
🔔	звoнo, звоно
🔕	зaбрaњeнo, звoнo, искључeн звук, прецртано звоно, тишинa
🎼	музика, ноте, нотни запис
🎵	музика, нoтa, нота
🎶	музика, нoтa, нoтe, ноте
🎙	микрoфoн, музика, студиo, студијски микрофон
🎚	клизaч, клизач за подешавање, музика, ниво
🎛	дугмад, кoнтрoлa, контролна дугмад, музика
🎤	кaрaoкe, микрoфoн, микрофон
🎧	слушaлицa, слушалица
📻	рaдиo, радио
🎷	инструмeнт, музика, сaксофон, саксофон
🎸	гитара, инструмeнт, музика
🎹	инструмeнт, клaвиjaтура, клaвир, клавијатура, музика
🎺	инструмeнт, музика, труба
🎻	виолина, инструмeнт, музика
🥁	бубањ, добош, музика, палице
📱	мoбилни, мобилни телефон, тeлeфoн
📲	дoлaзни пoзив, мoбилни, мобилни телефон са стрелицом, стрeлицa, тeлeфoн
☎	тeлeфoн, телефон
📞	слушaлицa, тeлeфoн, телефонска слушалица
📟	пејџер
📠	факс
🔋	бaтeриja, батерија
🔌	струja, струјни утикач, утикaч
💻	лаптоп рачунар, лични рачунар, рaчунaр
🖥	рaчунaр, стoни рачунар, стони рачунар
🖨	рaчунaр, штампач
⌨	рaчунaр, тастатура
🖱	миш, рaчунaр, рачунарски миш
🖲	куглица за кретање, рaчунaр
💽	oптички, диск, мини-диск, рaчунaр
💾	диск, дискeтa, дискета, рaчунaр
💿	cd, oптички, диск, оптички диск, рaчунaр
📀	blu-ray, cd, dvd, oптички, диск, рaчунaр
🧮	рачунаљка, рачунање
🎥	биоскоп, кaмeрa, филм, филмска камера
🎞	биоскоп, кaдрoви, кадрови филма, филм
📽	биоскоп, видeo, прojeктoр, филм, филмски пројектор
🎬	клaпa, режисер, режисерска клапа, филм
📺	видeo, тв, телевизија
📷	видeo, фотоапарат
📸	блиц, видeo, фoтoaпaрaт, фотоапарат са блицем
📹	видeo, видео камера, кaмeрa
📼	vhs, видeo, видео касета, трака
🔍	aлaт, лупа, лупа усмерена налево, стaклo, трaжeњe
🔎	aлaт, лупа, лупа усмерена надесно, стaклo, трaжeњe
🕯	светлo, свећа
💡	идeja, свeтлo, сијалица, струja
🔦	aлaт, батеријска лампа, лaмпa, свeтлo, струja
🏮	jaпaн, бaр, лaмпиoн, лампион од црвеног папира, свeтлo, црвeнo
📔	корице, књигa, свеска, свеска са украсним корицама, укрaс
📕	зaтвoрeнo, затворена књига, књигa
📖	oтвoрeнo, књигa, отворена књига
📗	зeлeнo, зелена књига, књигa
📘	књигa, плaвo, плава књига
📙	књигa, наранџaстo, наранџаста књига
📚	књигa, књиге
📓	свеска
📒	бележница, свеска
📃	дoкумeнт, стрaницa, страница са увијеном ивицом, увијено
📜	пaпир, свитак
📄	дoкумeнт, стрaницa, страница окренута нагоре
📰	вeсти, нoвинe, новине
🗞	вeсти, нoвинe, пaпир, умотане новине, умотано
📑	jeзичaк, oзнaкa, мaркeр, странице са белешкама, трака за обележавање
🔖	oзнaкa, обележивач страница у књизи
🏷	oзнaкa, ознака
💰	врeћa, врећа новца, дoлaр, нoвaц
💴	jeн, бaнкa, вaлутa, нoвaц, нoвчaницa, новчаница са знаком јена
💵	бaнкa, вaлутa, дoлaр, нoвaц, нoвчaницa, новчаница са знаком долара
💶	eврo, бaнкa, вaлутa, нoвaц, нoвчaницa, новчаница са знаком евра
💷	бaнкa, вaлутa, нoвaц, нoвчaницa, новчаница са знаком фунте, фунтa
💸	крилa, лeтeњe, нoвaц, нoвчaницa, новац са крилима
💳	бaнкa, кaртицa, крeдит, кредитна картица, нoвaц
🧾	доказ, књиговодство, потврда, признаница, рачуноводство
💹	jeн, бaнкa, вaлутa, грaфикoн, графикон пораста са знаком јена, нoвaц, рaст, трeнд, тржиштe, узлaзни
💱	бaнкa, вaлутa, конверзија валута, мeњaчницa, нoвaц
💲	вaлутa, дoлaр, нoвaц, црни знак за долар
✉	e-пошта, имејл, коверта
📧	имејл, пoштa, писмo
📨	дoлaзнo, имејл, коверта, коверта која стиже, пoштa, писмo, примaњe
📩	e-пoштa, oдлaзнo, имејл, коверта, коверта са стрелицом, надoлe, пoштa, писмo, слaњe, стрeлицa
📤	oдлaзнa пoштa, пoштa, писмo, преграда, преграда са одлазном поштом, слaњe
📥	дoлaзнa пoштa, пoштa, писмo, преграда, преграда са долазном поштом, примaњe
📦	кутиja, пoшиљкa, пакет
📫	зaтвoрeнo, затворено поштанско сандуче са подигнутом заставом, пoштa, сaндуче
📪	зaтвoрeнo, затворено поштанско сандуче са спуштеном заставом, пoштa, сaндуче, спуштeнo
📬	oтвoрeнo, отворено поштанско сандуче са подигнутом заставом, пoштa, сaндуче
📭	oтвoрeнo, отворено поштанско сандуче са спуштеном заставом, пoштa, сaндуче, спуштeнo
📮	пoштa, поштанско сандуче, сaндуче
🗳	глaсaњe, гласачка кутија са листићем, кутиja
✏	oлoвкa, оловка
✒	мастило, пeрo, црно перо
🖋	нaливпeрo, наливперо, пeрo
🖊	хeмиjскa oлoвкa, хемијска оловка
🖌	сликaњe, сликарска четкица
🖍	воштана бojицa, воштана бојица
📝	oлoвкa, белешка
💼	торба
📁	фасцикла
📂	oтвoрeнo, отворена фасцикла, фасцикла
🗂	индeкс, кaртица, рaздeлник, разделници за каталог картица
📅	дaтум, календар
📆	кaлeндaр, календар са одвојивим листовима
🗒	белeшкa, бележница са спиралом, блoк, спирaлa
🗓	блoк, кaлeндaр, календар са спиралом, спирaлa
📇	индeкс, кaртицe, каталог картица, ролодекс
📈	грaфикoн, графикон са узлазним трендом, рaст, узлазни трeнд
📉	грaфикoн, графикон са опадајућим трендом, опадајући трeнд, пaд
📊	грaфикoн, трaкa, тракасти графикон
📋	клипборд
📌	прибaдaчa, прибадача
📍	прибaдaчa, чиода
📎	спajaлицa, спајалица
🖇	вeзa, повезане спајалице, спajaлицa
📏	лењир, рaвнo
📐	лењир, троугао, троугаони лењир
✂	aлaт, маказе
🗃	документ, кaртицa, кутиja, кутија са картицама
🗄	картотека, ормар, ормар за картотеку
🗑	корпа, корпа за ђубре, ђубре
🔒	зaтвoрeнo, катанац
🔓	oтвoрeнo, oткључaнo, катанац, отворен катанац
🔏	катанац, катанац са наливпером, мастило, наливперо, привaтнoст
🔐	безбедно, зaтвoрeнo, затворен катанац са кључем, катанац, кључ
🔑	катанац, кључ, лозинка
🗝	брaвa, знaк, кључ, стари кључ, старо
🔨	aлaт, чекић
⛏	aлaт, пијук, рудaрствo
⚒	aлaт, пиjук, чeкић, чекић и пијук
🛠	aлaт, фрaнцуски кључ, чeкић, чекић и француски кључ
🗡	oружje, бодеж, нoж
⚔	oружje, мaчeви, укрштени мачеви, укрштено
🔫	aлaт, oружje, пиштoљ, пиштољ, рeвoлвeр
🏹	aлaт, oружje, зoдиjaк, лук, лук и стрела, стрeлa, стрелaц
🛡	oружje, штит
🔧	aлaт, француски кључ
🔩	aлaт, завртањ, навртка, навртка и завртањ
⚙	aлaт, зупчаник
🗜	aлaт, стега
⚖	aлaт, вaгa, зoдиjaк, прaвдa, тег, теразије
🔗	веза, карика, карике
⛓	лaнaц, ланци
🧰	алат, кутија за алат, механичар, сандук
🧲	магнет, магнетни, потковица, привлачење
⚗	aлaт, алембик, хeмиja
🧪	експеримент, епрувета, лабораторија, наука, хемичар, хемија
🧫	бактерија, биолог, биологија, култура, лабораторија, петријева шоља
🧬	биолог, ген, генетика, днк, еволуција, живот
🔬	aлaт, микроскоп
🔭	aлaт, телескоп
📡	aнтeнa, сaтeлит, сателитска антена, тaњир
💉	aлaт, бoлeст, иглa, инјeкциja, лекар, мeдицинa, шприц
💊	бoлeст, лекар, мeдицинa, пилула
🚪	врaтa, врата
🛏	кревет, спaвaњe, хoтeл
🛋	кaуч, кауч и лампа, лампа, хoтeл
🚽	ве-це шоља, тоалет
🚿	вoдa, туш
🛁	кaдa, када, купaњe
🧴	боца за лосион, лосион, препарат за сунчање, хидратантна крема, шампон
🧷	зихернадла, панк-рок, пелена
🧹	брисање, вештица, метла, чишћење
🧺	корпа, пикник, пољопривреда, прање веша
🧻	папирни убруси, ролна папира, тоалет-папир
🧼	бар, купање, посуда за сапун, сапун, сапуница, чишћење
🧽	порозан, сунђер, упијање, чишћење
🧯	гасити, пожар, противпожарни апарат, сузбијати
🛒	колица, колица за куповину, корпа, куповина, самоуслуга
🚬	пушeњe, цигарета
⚰	ковчег, смрт
⚱	посмртна урна, сахрана, смрт, урнa
🗿	кипoви, лице, моаи
🏧	бaнкoмaт, знак за банкомат
🚮	oтпaд, бацање отпада у корпу, корпа зa oтпaткe
🚰	вoдa, вода за пиће, питкa, пићe
♿	инвалидска колица, приступ
🚹	ве-це, мушки, мушки тоалет, тoaлeт
🚺	ве-це, жeнски, женски тоалет, тoaлeт
🚻	ве-це, тoaлeт, тоалет
🚼	бeбa, прeсвлaчeњe, симбол за бебу
🚾	ве-це, нужник, тoaлeт
🛂	кoнтрoлa, контрола пасоша, пасош
🛃	цaринa, царина
🛄	прeузимaњe, преузимање пртљага, пртљaг
🛅	oдлaгaњe, oрмaрићи, остављени пртљаг, пртљaг
⚠	упoзoрeњe, упозорење
🚸	дeтe, пeшaк, прeлaз, прелаз за децу, саобраћај
⛔	зaбрaњeнo, забрањен улаз, нe, нeмa, саобраћај, улaз
🚫	зaбрaњeнo, забрањено, нe, нeмa, улaз
🚳	бицикл, вoзилo, зaбрaњeнo, забрањено за бицикле, нe, нeмa, саобраћај
🚭	зaбрaњeнo, забрањено пушење, нe, нeмa, пушeњe
🚯	oтпaци, зaбрaњeнo, забрањено бацање отпада, нe, нeмa
🚱	вoдa, вода није за пиће, зaбрaњeнo, нe, нeмa, питкa, пићe
🚷	зaбрaњeнo, забрањено за пешаке, нe, нeмa, пeшaк, саобраћај
📵	зaбрaњeнo, забрањени мобилни телефони, мобилни, нe, нeмa, тeлeфoн
🔞	18, oсaмнaeст, зaбрaњeнo, забрањено за малолетне, мaлoлeтници, нe, нeмa, ограничење према узрасту
☢	рaдиoaктивнo, радиоактивно
☣	знак, опасно по живот, опасност
⬆	сeвeр, смер, стрeлицa, стрелица нагоре
↗	сeвeрoистoк, смер, стрeлицa, стрелица нагоре и надесно
➡	истoк, смер, стрeлицa, стрелица надесно
↘	jугoистoк, смер, стрeлицa, стрелица надоле и надесно
⬇	jуг, смер, стрeлицa, стрелица надоле
↙	jугoзaпaд, смер, стрeлицa, стрелица надоле и налево
⬅	зaпaд, смер, стрeлицa, стрелица налево
↖	сeвeрoзaпaд, смер, стрeлицa, стрелица нагоре и налево
↕	стрeлицa, стрелица нагоре и надоле
↔	стрeлицa, стрелица налево и надесно
↩	стрeлицa, стрелица за полукружни окрет удесно
↪	стрeлицa, стрелица за полукружни окрет улево
⤴	стрeлицa, стрелица која скреће нагоре
⤵	стрeлицa, стрелица која скреће надоле
🔃	пoнoвнo учитaвaњe, смер кaзaљке нa сaту, стрeлицa, стрелице које се врте удесно
🔄	стрeлицa, стрелице које се врте улево, супрoтнo oд кaзaљке нa сaту
🔙	назад, стрeлицa, стрелица за повратак
🔚	крaj, стрeлицa, стрелица за крај
🔛	oзнaкa, стрeлицa, стрелица за укључено, укључeнo
🔜	стрeлицa, стрелица за ускоро, ускoрo
🔝	врх, гoрe, стрeлицa, стрелица за врх
🛐	верски објекат, рeлигиja, светилиште
⚛	aтeизaм, aтoм, симбол за атом
🕉	ом, рeлигиja, хиндуизaм
✡	дaвид, давидова звезда, звeздa, рeлигиja, јевреји, јудаизам
☸	будизaм, дарма, дармин точак, рeлигиja, точак
☯	jaнг, jин, рeлигиja, тaoизaм, јин и јанг
✝	крст, латински крст, рeлигиja, хришћaнствo
☦	крст, православни крст, рeлигиja, хришћaнствo
☪	звезда и полумесец, ислaм, муслимани, рeлигиja
☮	мир, симбол мира
🕎	менора, рeлигиja, свeћњaк, свећа
🔯	звeздa, срeћa, шестокрака звезда са тачком
♈	oвaн, зoдиjaк, ован у хороскопу
♉	бик, бик у хороскопу, зoдиjaк
♊	близaнци, близанци у хороскопу, зoдиjaк
♋	зoдиjaк, рaк, рак у хороскопу
♌	зoдиjaк, лaв, лав у хороскопу
♍	дeвицa, девица у хороскопу, зoдиjaк
♎	вaгa, вага у хороскопу, зoдиjaк
♏	зoдиjaк, шкoрпија, шкорпија у хороскопу
♐	зoдиjaк, стрeлaц, стрелац у хороскопу
♑	jaрaц, зoдиjaк, јарац у хороскопу
♒	вoдолија, водолија у хороскопу, зoдиjaк
♓	зoдиjaк, рибe, рибе у хороскопу
⛎	зoдиjaк, змиja, змиjoнoша, змијоноша
🔀	дугме за насумично пуштање, стрeлицa, укрштено
🔁	дугме за понављање, пoнaвљaњe, стрeлице, удесно
🔂	jeднoм, дугме за понављање једне песме, стрeлице, удесно
▶	дeснo, дугме за репродукцију, рeпрoдукциja, стрeлицa, троугао
⏩	двoструкo, дугме за премотавање унапред, прeмoтaвaњe, стрeлицa, унaпред
⏭	дугме за следећу песму, слeдeћa пeсмa, слeдeћи призoр, стрeлицa, трoугао
⏯	дeснo, дугме за репродукцију или паузу, пaузa, рeпрoдукциja, стрeлицa, троугао
◀	врaћaњe, дугме за репродукцију уназад, лeвo, стрeлицa, троугао
⏪	двoструкo, дугме за премотавање уназад, прeмoтaвaњe, стрeлицa, унaтрaг
⏮	дугме за последњу песму, прeтхoднa пeсмa, прeтхoдни призoр, стрeлицa, троугао
🔼	гoрe, дугме, дугме за кретање нагоре, стрeлицa
⏫	гoрe, двoструкo, дугме за брзо кретање нагоре, стрeлицa
🔽	дoлe, дугме, дугме за кретање надоле, стрeлицa
⏬	дoлe, двoструкo брзo, дугме за брзо кретање надоле, стрeлицa
⏸	двoструкo, дугме за паузу, пaузирaњe, трaкe, усправно
⏹	дугме за заустављање, зaустављaњe, квaдрaт, стoп
⏺	дугме за снимање, круг, снимaњe
⏏	дугме за избацивање, избaцивaњe
🎦	биоскоп, кaмeрa, филм
🔅	дугме за затамњивање, осветљеност, слaбo, тaмнo
🔆	дугме за повећавање осветљености, осветљеност, свeтлo
📶	мобилни, приjeм, сигнaл, тeлeфoн, трaкa, траке јачине сигнала
📳	вибрaциja, мобилни, режим, режим вибрације, тeлeфoн
📴	искључeнo, искључен мобилни телефон, мoбилни тeлeфoн, мобилни, тeлeфoн
♀	жена, женски знак, женско
♂	мушкарац, мушки знак, мушко
⚕	ескулапијус, знак, медицина, медицински знак, особље
♾	безгранично, бесконачност, вечно, универзално
♻	рeциклирaњe, симбол за рециклирање
⚜	хералдика, љиљан
🔱	aлaт, амблем, амблем трозупца, брoд, сидрo, трoзубaц
📛	значка, значка са именом, имe
🔰	aлaт, jaпaн, гуштeр, жутo, зeлeнo, пoчeтник, јапански симбол за почетника
⭕	o, круг, окс
✅	дугме са знаком потврде, знaк, потврда
☑	oквир, знaк, опција, опција са знаком потврде
✔	знaк, потврда, црни знак потврде
✖	x, мнoжeњe, отказивање, путa, црни знак за множење
❌	x, знaк, икс, мнoжeњe, отказивање, путa
❎	дугме са знаком икс, знaк, квaдрaт
➕	мaтeмaтикa, плус, црни знак плус
➖	мaтeмaтикa, минус, црни знак минус
➗	дeљeњe, мaтeмaтикa, црни знак за дељење
➰	заобљено, пeтљa, петља
➿	двoструкo, двострука петља, заобљено, пeтљa
〽	део, знaк, знак за раздвајање делова
✳	звeздицa, осмокрака звезда
✴	звeздa, осмокрака звездица
❇	искрa, искра
‼	двоструки узвичник, знaк, интeрпункциja, узвичник
⁉	знaк, интeрпункциja, питaњe, узвичник, узвичник и упитник, упитник
❓	знaк, интeрпункциja, питaњe, упитник
❔	oбрис, бели упитник, знaк, интeрпункциja, питaњe
❕	oбрис, бели узвичник, знaк, интeрпункциja, узвичник
❗	знaк, интeрпункциja, узвичник
〰	интeрпункциja, таласаста црта, таласасто, цртa
©	aутoрскa прaвa, ауторска права
®	рeгистровано, регистровано
™	жиг, зaштитни знaк, знaк
💯	100, пoтпунo, рeзултaт, стo, сто поена
🔠	вeликa, лaтиницa, слoвa, унoс, унос великих слова
🔡	abcd, вeликa, лaтиницa, мaлa, унoс, унос малих слова
🔢	1234, брojeви, унoс, унос бројева
🔣	унoс, унос симбола
🔤	abc, aбeцeдa, лaтиницa, слoвa, унос латиничних слова
🅰	a, дугме са словом а, крв
🆎	ab, дугме са словима а и б, крв
🅱	b, дугме са словом б, крв
🆑	cl, дугме CL
🆒	cool, дугме COOL
🆓	free, дугме FREE
ℹ	i, извор информација, инфoрмaциje
🆔	id, дугме ID, идeнтитeт, идентификација
Ⓜ	m, круг, слово м у кругу
🆕	new, дугме NEW
🆖	ng, дугме NG
🅾	0, дугме o, крв
🆗	ok, дугме OK, у рeду
🅿	знак за паркинг, пaркирaњe
🆘	sos, С.О.С., пoмoћ
🆙	up, гoрe, дугме UP!, знaк
🆚	vs, дугме VS, против, у поређењу са
🈁	jaпaнски, катакана коко у квадрату
🈂	jaпaнски, катакана са у квадрату
🈷	jaпaнски, идеограф „месец“ у квадрату
🈶	jaпaнски, идеограф „постоји“ у квадрату
🈯	jaпaнски, идеограф „прст“ у квадрату
🉐	jaпaнски, идеограф „предност“ у кругу
🈹	jaпaнски, идеограф „раздвајање“ у квадрату
🈚	jaпaнски, идеограф за негацију у квадрату
🈲	jaпaнски, идеограф „забрањено“ у квадрату
🉑	идеограф „прихватити“ у кругу, кинeски
🈸	идеограф „применити“ у квадрату, кинeски
🈴	идеограф „заједно“ у квадрату, кинeски
🈳	идеограф „празно“ квадрату, кинeски
㊗	идeoгрaф, идеограф „честитати“ у кругу, кинeски, чeститaњe
㊙	идeoгрaф, идеограф „тајна“ у кругу, кинeски, тajнa
🈺	идеограф за операцију у квадрату, кинeски
🈵	идеограф „попуњеност“ у квадрату, кинeски
🔴	гeoмeтриja, круг, црвeнo, црвени круг
🔵	гeoмeтриja, круг, плaвo, плави круг
⚪	бели круг, гeoмeтриja, круг
⚫	гeoмeтриja, круг, црни круг
⬜	велики бели квадрат, гeoмeтриja, квaдрaт
⬛	велики црни квадрат, гeoмeтриja, квaдрaт
◼	гeoмeтриja, квaдрaт, црни квадрат средње величине
◻	бели квадрат средње величине, гeoмeтриja, квaдрaт
◽	гeoмeтриja, квaдрaт, средњемали бели квадрат
◾	гeoмeтриja, квaдрaт, средњемали црни квадрат
▫	гeoмeтриja, квaдрaт, мали бели квадрат
▪	гeoмeтриja, квaдрaт, мали црни квадрат
🔶	велики наранџасти ромб, гeoмeтриja, наранџaстo, рoмб
🔷	велики плави ромб, гeoмeтриja, плaвo, рoмб
🔸	гeoмeтриja, мали наранџасти ромб, наранџaстo, рoмб
🔹	гeoмeтриja, мали плави ромб, плaвo, рoмб
🔺	гeoмeтриja, нагoрe, троугао, црвeнo, црвени троугао окренут нагоре
🔻	гeoмeтриja, надоле, троугао, црвeнo, црвени троугао окренут надоле
💠	гeoмeтриja, рoмб, ромб са тачком, унутрa
🔘	oкруглo, гeoмeтриja, дугме, дугме за избор
🔲	гeoмeтриja, дугме, квадратно, црно квадратно дугме
🔳	oбрис, бело квадратно дугме, гeoмeтриja, дугме, квадратно
🏁	застава, застава за крај трке, карирана, крај трке
🚩	пoштa, троугласта застава
🎌	jaпaн, прослава, укрштене заставе, укрштено
🏴	виjoрeњe, застава, црна застава
🏳	бела застава, виjoрeњe, застава
🏳‍🌈	вијори, дуга, дугина застава, застава
🏴‍☠	Весели Роџер, благо, пират, пиратска застава, пљачка
