🏻	ผิวโทน 1–2, โทนผิวสีขาว, โทนสีผิว
🏼	ผิวโทน 3, โทนผิวสีขาวเหลือง, โทนสีผิว
🏽	ผิวโทน 4, โทนผิวสีเหลือง, โทนสีผิว
🏾	ผิวโทน 5, โทนผิวสีแทน, โทนสีผิว
🏿	ผิวโทน 6, โทนผิวสีเข้ม, โทนสีผิว
😀	ยิ้มกว้าง, ยิ้มยิงฟัน, หน้ายิ้มยิงฟัน, ใบหน้า
😁	ยิงฟัน, ยิ้ม, ยิ้มยิงฟันตายิ้ม, หน้า, ฮี่ฮี่, ฮี่ๆ
😂	ดีใจ, น้ำตา, ปลื้ม, ร้องไห้ดีใจ, หน้า
🤣	กลิ้ง, ขำ, ขำกลิ้ง, แว้ก
😃	ตลก, ยิ้ม, ยิ้มยิงฟันปากอ้า, หน้า, หน้ายิ้มอ้าปาก, หัวเราะ, ฮ่าฮ่า, ฮ่าๆ
😄	ตลก, ยิ้ม, หน้า, หน้ายิ้มตายิ้ม และอ้าปาก, หัวเราะ, ฮ่าฮ่า, ฮ่าๆ
😅	ยิ้ม, ยิ้มเหงื่อตก, หน้า, เหงื่อออก
😆	ตาหยี, ยิ้ม, ยิ้มตาหยี, หน้า
😉	vbvb, ขยิบตา, ยิ้ม, หน้า, อิอิ
😊	vbvb, หน้า, หน้ายิ้มตายิ้ม, อมยิ้ม, อิอิ
😋	หน้า, อร่อย, แลบลิ้นมุมปาก
😎	ยิ้ม, หน้า, หน้ายิ้มใส่แว่น, แว่นกันแดด
😍	ความรัก, ตา, ตาหัวใจ, ยิ้ม, หน้า, หัวใจ
😘	จุ๊บ, ส่งจูบ, หน้า, หน้าส่งจุ๊บ, หัวใจ
🥰	ตกหลุมรัก, หน้ายิ้มพร้อมกับหัวใจ 3 ดวง, หลงรัก, หลงใหล
😗	จุ๊บ, ส่งจูบ, หน้า, หน้าจุ๊บ
😙	จุ๊บ, ส่งจูบ, หน้า, หน้ายิ้มส่งจุ๊บ
😚	จุ๊บ, ส่งจูบ, หน้า, หยีตาส่งจุ๊บ
🙂	ยิ้ม, หน้า, หน้ายิ้มบางๆ
🤗	กอด, ยิ้ม, ยิ้มกอด, หน้า, อบอุ่น
🤩	หน้าตาเป็นประกาย
🤔	คิด, หน้า, หน้าครุ่นคิด
🤨	คลางแคลงใจ, สงสัย, หน้าประหลาดใจกับยักคิ้ว
😑	หน้า, หน้าเย็นชา, เฉยๆ
😶	หน้า, หน้าไม่มีปาก, ไม่มีปาก
🙄	กลอกตา, หน้า
😏	หน้า, แสยะยิ้ม
😣	หน้า, อดทน
😥	ผิดหวัง, หน้า, โล่งอก
😮	ตกใจ, หน้า, อ้าปาก
🤐	รูดซิป, รูดซิปปาก, หน้า
😯	หน้า, หน้าจุ๊ๆ, ห่อปาก
😪	ง่วง, หน้า, หลับ
😫	หน้า, เหนื่อย
😴	กรน, หน้า, หลับ
😌	หน้า, โล่งใจ
😛	หน้า, แลบลิ้น
😜	ขยิบตา, หน้า, แลบลิ้น, แลบลิ้นหน้าทะเล้น
😝	หน้า, แลบลิ้น, แลบลิ้นตาหยี
🤤	น้ำลาย, น้ำลายไหล, หิว
😒	หน้า, หน้าหน่าย, ไม่มีความสุข
😓	หน้า, เหงื่อ, เหงื่อตก
😔	คิดมาก, คิดไม่ตก, ผิดหวัง, หน้า
😕	สับสน, หน้า, หน้าสับสน
🙃	กลับหัว, หน้า, หน้ากลับหัว
🤑	หน้า, หน้าเห็นแก่เงิน, เงิน
😲	ประหลาดใจ, หน้า, หน้าประหลาดใจ
🙁	บึ้ง, หน้า, หน้าบึ้งเล็กน้อย
😖	รำคาญ, หน้า, หน้ารำคาญ
😞	ผิดหวัง, หน้า, หน้าผิดหวัง
😟	กังวล, หน้า, หน้ากังวล
😤	ชนะแล้ว, หน้า, หน้าข่มอารมณ์
😢	น้ำตา, ร้องไห้, หน้า
😭	น้ำตา, ร้องไห้, ร้องไห้โฮ, หน้า
😦	บึ้ง, หน้า, หน้าบึ้งอ้าปาก
😧	หน้า, หน้าเจ็บปวด, เจ็บปวด
😨	กลัว, หน้า, หวาดกลัว
😩	หน้า, หน้าอิดโรย, เหนื่อย
🤯	ช็อค
😬	ยิงฟัน, หน้า, เบะปาก
😰	กังวล, กังวลเหงื่อตก, หน้า
😱	กลัว, กลัวกรีดร้อง, หน้า
🥵	ร้อน, ร้อนตับแลบ, ร้อนมาก, เหงื่อแตกพลั่ก, ไข้ขึ้น
🥶	หนาว, หนาวสั่น, เย็นจัด, เย็นยะเยือก
😳	หน้า, อาย, อายหน้าแดง
🤪	หน้าตลก, หน้าเพี้ยน
😵	มึน, หน้า, หน้ามึน
😡	หน้า, โกรธ, โกรธมาก
😠	หน้า, หน้าโกรธ, โมโห
🤬	สบถ, หน้ากำลังด่า
😷	ป่วย, ผ้าคาดปาก, หน้า, เป็นหวัด
🤒	ปรอทวัดไข้, ป่วย, หน้า, อมปรอท
🤕	ผ้าก็อต, หน้า, หัวแตก, เจ็บ, แผล
🤢	คลื่นไส้, พะอืดพะอม, หน้าเขียว, อ้วก
🤮	ป่วย, หน้าอาเจียน, อ้วก
🤧	จาม, ป่วย, หวัด, ฮัดเช้ย, ใครบ่นถึง
😇	นางฟ้า, บริสุทธิ์, ยิ้ม, ยิ้มเทวดา, เทวดา
🤠	คน, คาวบอย, คาวบอยสวมหมวก, หน้า, หมวก
🥳	งานเลี้ยง, ฉลอง, ปาร์ตี้, หมวกปาร์ตี้, ไปปาร์ตี้
🥴	งงงวย, มึนเมา, วิงเวียน, หน้างงงวย, เมา
🥺	ขอความเห็นใจ, ขอร้อง, หน้าอ้อนวอน, อ้อนวอน
🤥	ขี้จุ๊, ขี้โกหก, จมูกยาว, พิน็อคคิโอ, หน้า
🤫	จุ๊จุ๊, หน้าบอกให้เงียบ
🤭	เอามือปิดปาก
🧐	หน้ากับแว่นเลนส์เดียว
🤓	จริงจัง, หน้า, เด็กเนิร์ด, เนิร์ด
😈	ปิศาจ, ภูต, ยิ้มมีเขา, หน้า
👿	ปิศาจ, ภูต, หน้า, หน้าบึ้งมีเขา
🤡	ตลก, หน้า, หน้าตลก, โจ๊กเกอร์
👹	ญี่ปุ่น, ปิศาจ, ยักษ์, ยักษ์ญี่ปุ่น, หน้า
👺	ญี่ปุ่น, ปิศาจ, ปีศาจญี่ปุ่น, หน้า
💀	กะโหลก, หัวกระโหลก
👻	ผี, หลอก
👾	นอกโลก, มนุษย์ต่างดาว, ยูเอฟโอ, สัตว์ประหลาดเอเลี่ยน, หน้า, อวกาศ, เอเลี่ยน
🤖	หน้า, หุ่นยนต์
💩	อึ, อุนจิ
😺	ยิ้ม, หน้า, แมว, แมวยิ้มอ้าปาก
😸	ยิ้ม, หน้า, แมว, แมวยิ้ม
😹	ยิ้ม, ร้องไห้, หน้า, แมว, แมวร้องไห้ดีใจ
😻	ยิ้ม, หน้า, หลงรัก, แมว, แมวยิ้มมีตารูปหัวใจ
😼	ยิ้มเยาะ, หน้า, เจ้าเล่ห์, แมว, แมวยิ้มเจ้าเล่ห์
😽	ส่งจุ๊บ, ส่งจูบ, หน้า, แมว, แมวส่งจุ๊บ
🙀	ตกใจ, หน้า, แมว, แมวตกใจ
😿	ร้องไห้, หน้า, แมว, แมวร้องไห้
😾	หน้า, แมว, แมวโกรธ, โกรธ
🙈	ปิดตา, ลิง, ลิงปิดตา
🙉	ปิดหู, ลิง, ลิงปิดหู
🙊	ปิดปาก, ลิง, ลิงปิดปาก
👶	ทารก, เด็ก
🧒	เด็ก
👦	คน, เด็กชาย
👧	คน, เด็กหญิง
🧑	คน, ผู้ใหญ่
👱	คน, คนผมทอง, ผมทอง
👨	คน, ผู้ชาย
👱‍♂	ผมทอง, ผู้ชาย, ผู้ชายผมทอง
🧔	คนมีหนวดเครา, คนมีเครา
👩	คน, ผู้หญิง
👱‍♀	ผมทอง, ผู้หญิง, ผู้หญิงผมทอง
🧓	คนชรา
👴	คนแก่, ชาย, ชายแก่
👵	คนแก่, หญิง, หญิงแก่
👨‍⚕	การดูแลสุขภาพ, นักบำบัด, นายแพทย์, พยาบาล, หมอ, หมอชาย
👩‍⚕	การดูแลสุขภาพ, นักบำบัด, พยาบาล, หมอ, หมอหญิง, แพทย์หญิง
👨‍🎓	นักเรียน, นักเรียนชาย, ผู้ชาย, เรียนจบ
👩‍🎓	นักเรียน, นักเรียนหญิง, ผู้หญิง, เรียนจบ
👨‍🏫	ครู, ครูชาย, ผู้ชาย, ศาสตราจารย์, อาจารย์
👩‍🏫	ครู, ครูหญิง, ผู้หญิง, ศาสตราจารย์, อาจารย์
👨‍⚖	ความยุติธรรม, ตราชั่ง, ผู้ชาย, ผู้พิพากษาชาย
👩‍⚖	การตัดสิน, ตราชั่ง, ผู้พิพากษาหญิง, ผู้หญิง
👨‍🌾	ชาวนา, ชาวนาชาย, ชาวสวน, ผู้ชาย, เจ้าของฟาร์ม
👩‍🌾	ชาวนา, ชาวนาหญิง, ชาวสวน, ผู้หญิง, เจ้าของฟาร์ม
👨‍🍳	ผู้ชาย, พ่อครัว, เชฟ
👩‍🍳	ผู้หญิง, เชฟ, แม่ครัว
👨‍🔧	ช่าง, ช่างกล, ช่างซ่อมชาย, ช่างประปา, ช่างไฟฟ้า
👩‍🔧	ช่าง, ช่างกล, ช่างซ่อมหญิง, ช่างประปา, ช่างไฟฟ้า
👨‍🏭	คนงาน, ผู้ชาย, พนักงานโรงงานชาย, อุตสาหกรรม, โรงงาน
👩‍🏭	คนงาน, ผู้หญิง, พนักงานโรงงานหญิง, อุตสาหกรรม, โรงงาน
👨‍💼	ธุรกิจ, ผู้จัดการ, พนักงานบริษัทชาย, พนักงานออฟฟิศ, สถาปนิก
👩‍💼	ธุรกิจ, ผู้จัดการ, พนักงานบริษัทหญิง, พนักงานออฟฟิศ, สถาปนิก
👨‍🔬	นักชีววิทยา, นักฟิสิกส์, นักวิทยาศาสตร์, นักวิทยาศาสตร์ชาย, นักเคมี
👩‍🔬	นักชีววิทยา, นักฟิสิกส์, นักวิทยาศาสตร์, นักวิทยาศาสตร์หญิง, นักเคมี, ผู้หญิง, วิศวกร
👨‍💻	ซอฟต์แวร์, นักประดิษฐ์, นักพัฒนา, ผู้ชาย, ผู้เชี่ยวชาญด้านเทคโนโลยี, ผู้เชี่ยวชาญด้านเทคโนโลยีชาย, โปรแกรมเมอร์
👩‍💻	ซอฟต์แวร์, นักประดิษฐ์, นักพัฒนา, ผู้หญิง, ผู้เชี่ยวชาญด้านเทคโนโลยี, ผู้เชี่ยวชาญด้านเทคโนโลยีหญิง, โปรแกรมเมอร์
👨‍🎤	ดารา, นักร้อง, นักร้องชาย, นักแสดง, ผู้ชาย, ผู้ให้ความบันเทิง, ร็อค
👩‍🎤	ดารา, นักร้อง, นักร้องหญิง, นักแสดง, ผู้หญิง, ผู้ให้ความบันเทิง, ร็อค
👨‍🎨	จานสี, ผู้ชาย, ศิลปิน, ศิลปินชาย
👩‍🎨	จานสี, ผู้หญิง, ศิลปิน, ศิลปินหญิง
👨‍✈	นักบิน, นักบินชาย, ผู้ชาย, เครื่องบิน
👩‍✈	นักบิน, นักบินหญิง, ผู้หญิง, เครื่องบิน
👨‍🚀	จรวด, นักบินอวกาศ, นักบินอวกาศชาย, ผู้ชาย, อวกาศ
👩‍🚀	จรวด, นักบินอวกาศ, นักบินอวกาศหญิง, ผู้หญิง, อวกาศ
👨‍🚒	ผู้ชาย, พนักงานดับเพลิง, พนักงานดับเพลิงชาย, รถดับเพลิง
👩‍🚒	ผู้หญิง, พนักงานดับเพลิง, พนักงานดับเพลิงหญิง, รถดับเพลิง
👮	คน, ตำรวจ, เจ้าหน้าที่ตำรวจ
👮‍♂	ตำรวจ, ตำรวจชาย, ผู้ชาย, เจ้าหน้าที่
👮‍♀	ตำรวจ, ตำรวจหญิง, ผู้หญิง, เจ้าหน้าที่
🕵‍♂	นักสืบ, นักสืบชาย, ผู้ชาย, สายลับ
🕵‍♀	นักสืบ, นักสืบหญิง, ผู้หญิง, สายลับ
💂	การ์ด, การ์ดคุ้มกัน, ยาม
💂‍♂	ผู้ชาย, องครักษ์, องครักษ์ชาย
💂‍♀	ผู้หญิง, องครักษ์, องครักษ์หญิง
👷	ก่อสร้าง, คน, คนงานก่อสร้าง, ปลอดภัยไว้ก่อน
👷‍♂	ก่อสร้าง, คนงาน, ผู้ชาย, พนักงานก่อสร้างชาย
👷‍♀	ก่อสร้าง, คนงาน, ผู้หญิง, พนักงานก่อสร้างหญิง
🤴	องค์ชาย, เจ้าชาย
👸	เจ้าหญิง, เทพนิยาย
👳	คน, ชายโพกหัว, โพกหัว
👳‍♂	ผู้ชาย, ผู้ชายโพกหัว, ผ้าโพกหัว
👳‍♀	ผู้หญิง, ผู้หญิงโพกหัว, ผ้าโพกหัว
👲	คน, ชายจีน
🧕	ผู้หญิงคลุมฮิญาบ, ผู้หญิงโพกศีรษะ, ฮิญาบ, โพกศีรษะ
🤵	ทักซิโด้, หนุ่มหล่อ, เจ้าบ่าว, เต็มยศ, เฟี้ยว
👰	เจ้าสาว, แต่งงาน
🤰	คนท้อง, ท้อง, แม่
🤱	ให้นม
👼	นางฟ้า, นางฟ้าเด็ก, เทพนิยาย
🎅	คริสต์มาส, ซานตาคลอส, ซานต้า
🤶	คริสต์มาส, นางซานต้า, นางแซนต้า, แม่
🦸	จอมพลัง, ซุปเปอร์ฮีโร่, ฮีโร่, เก่ง
🦸‍♀	จอมพลัง, ตัวแม่, ผู้หญิง, ยอดหญิง, ฮีโร่, เก่ง
🦸‍♂	จอมพลัง, ตัวพ่อ, ผู้ชาย, พระเอก, ฮีโร่, เก่ง
🦹	ตัวร้าย, ปีศาจ, ผู้ร้าย, ยอดมนุษย์, อาชญากร
🦹‍♀	ตัวร้าย, นางร้าย, ปีศาจ, ผู้ร้าย, ผู้หญิง, อาชญากร
🦹‍♂	ตัวร้าย, ตัวโกง, ปีศาจ, ผู้ชาย, ผู้ร้าย, อาชญากร
🧙	นักเวทย์, ผู้วิเศษ, พ่อมด, แม่มด
🧙‍♀	ผู้วิเศษ, แม่มด
🧙‍♂	ผู้วิเศษ, พ่อมด
🧚	นางฟ้า, แฟรี่
🧚‍♀	เทพธิดา, แฟรี่ผู้หญิง
🧚‍♂	เทพบุตร, แฟรี่ผู้ชาย
🧛	อมตะ, แดร็กคูล่า, แวมไพร์
🧛‍♀	อมตะ, แวมไพร์ผู้หญิง
🧛‍♂	อมตะ, แดร็กคูล่า, แวมไพร์ผู้ชาย
🧜	ครึ่งคนครึ่งปลา, เมอร์เมด
🧜‍♀	เงือก
🧜‍♂	เงือกชาย
🧝	จอมเวทย์, เอลฟ์
🧝‍♀	จอมเวทย์, เอลฟ์ผู้หญิง
🧝‍♂	จอมเวทย์, เอลฟ์ผู้ชาย
🧞	ยักษ์จินนี่, ยักษ์จีนี่
🧞‍♀	ยักษ์จินนี่หญิง, ยักษ์จีนี่หญิง
🧞‍♂	ยักษ์จินนี่ชาย, ยักษ์จีนี่ชาย
🧟	ซอมบี้, ผีดิบ
🧟‍♀	ซอมบี้ผู้หญิง, ผีดิบ
🧟‍♂	ซอมบี้ผู้ชาย, ผีดิบ
🙍	ขมวดคิ้ว, คิ้ว, บึ้งตึง, หน้า
🙍‍♂	ท่าทาง, ผู้ชาย, ผู้ชายหน้าบึ้ง, หน้าบึ้ง
🙍‍♀	ท่าทาง, ผู้หญิง, ผู้หญิงหน้าบึ้ง, หน้าบึ้ง
🙎	งอน, ปากยื่น, หน้า, โกรธ
🙎‍♂	ท่าทาง, ผู้ชาย, ผู้ชายโกรธ, โกรธ
🙎‍♀	ท่าทาง, ผู้หญิง, ผู้หญิงโกรธ, โกรธ
🙅	มือ, มือทำท่าไม่โอเค, ห้าม, ไม่เห็นด้วย
🙅‍♂	ต้องห้าม, ท่าทาง, ผู้ชาย, ผู้ชายทำท่าไม่โอเค, ห้าม
🙅‍♀	ต้องห้าม, ท่าทาง, ผู้หญิง, ผู้หญิงทำท่าไม่โอเค, ห้าม
🙆	ตกลง, ทำท่าโอเค, โอเค
🙆‍♂	ท่าทาง, ผู้ชาย, ผู้ชายทำท่าโอเค, มือ, โอเค
🙆‍♀	ท่าทาง, ผู้หญิง, ผู้หญิงทำท่าโอเค, มือ, โอเค
💁	ความช่วยเหลือ, โต๊ะสอบถาม
💁‍♂	ผู้ชาย, ผู้ชายแบมือ, แบมือ
💁‍♀	ผู้หญิง, ผู้หญิงแบมือ, แบมือ
🙋	มีความสุข, มือ, ยกมือขึ้น
🙋‍♂	ท่าทาง, ผู้ชาย, ผู้ชายยกมือ, ยกมือ
🙋‍♀	ท่าทาง, ผู้หญิง, ผู้หญิงยกมือ, ยกมือ
🙇	ท่าขอโทษ, โค้งตัวคำนับ
🙇‍♂	กราบ, ขอโทษ, ท่าทาง, ผู้ชาย, ผู้ชายหมอบคำนับ
🙇‍♀	กราบ, ขอโทษ, ท่าทาง, ผู้หญิง, ผู้หญิงหมอบคำนับ
🤦	ผิดหวัง, สิ้นหวัง, หมดกัน, เสียใจ, โธ่
🤦‍♂	ผิดหวัง, ผู้ชาย, ผู้ชายเอามือก่ายหน้าผาก, มือก่ายหน้าผาก, ไม่เชื่อ
🤦‍♀	ผิดหวัง, ผู้หญิง, ผู้หญิงเอามือก่ายหน้าผาก, มือก่ายหน้าผาก, ไม่เชื่อ
🤷	ช่างเถอะ, ยักไหล่, ไม่รู้, ไม่สน, ไม่แคร์
🤷‍♂	ผู้ชาย, ผู้ชายยักไหล่, ยักไหล่, ไม่รู้ไม่ชี้, ไม่สนใจ
🤷‍♀	ผู้หญิง, ผู้หญิงยักไหล่, ยักไหล่, ไม่รู้ไม่ชี้, ไม่สนใจ
💆	นวด, นวดหน้า, เสริมสวย
💆‍♂	นวด, ผู้ชาย, ผู้ชายกำลังนวดหน้า, หน้า
💆‍♀	นวด, ผู้หญิง, ผู้หญิงกำลังนวดหน้า, หน้า
💇	ตัดผม, เสริมสวย
💇‍♂	ตัดผม, ผู้ชาย, ผู้ชายกำลังตัดผม
💇‍♀	ตัดผม, ผู้หญิง, ผู้หญิงกำลังตัดผม
🚶	คนเดิน, เดิน
🚶‍♂	ผู้ชาย, ผู้ชายเดิน, เดิน
🚶‍♀	ผู้หญิง, ผู้หญิงเดิน, เดิน
🏃	นักวิ่ง, วิ่ง
🏃‍♂	ผู้ชาย, ผู้ชายวิ่ง, มาราธอน, วิ่ง, แข่งขัน
🏃‍♀	ผู้หญิง, ผู้หญิงวิ่ง, มาราธอน, แข่งขัน
💃	นักเต้น, เต้น
🕺	คนเต้น, ผู้ชาย, เต้น, แดนซ์
👯	คน, คนในชุดหูกระต่าย, หูกระต่าย, แดนเซอร์
👯‍♂	ปาร์ตี้, ผู้ชาย, ผู้ชายในชุดหูกระต่าย, หูกระต่าย
👯‍♀	ปาร์ตี้, ผู้หญิง, ผู้หญิงในชุดหูกระต่าย, หูกระต่าย
🧖	คนในห้องอบไอน้ำ, ซาวน่า, อบไอน้ำ
🧖‍♀	ผู้หญิงซาวน่า, ผู้หญิงอบไอน้ำ, ผู้หญิงในห้องอบไอน้ำ
🧖‍♂	ผู้ชายซาวน่า, ผู้ชายอบไอน้ำ, ผู้ชายในห้องอบไอน้ำ
🧗	คนไต่เขา, นักไต่เขา
🧗‍♀	ผู้หญิงปีนเขา, ผู้หญิงไต่เขา
🧗‍♂	ผู้ชายปีนเขา, ผู้ชายไต่เขา
🧘	คนนั่งสมาธิ, นั่งขัดสมาธิ, โยคะ
🧘‍♀	นั่งขัดสมาธิ, ผู้หญิงนั่งสมาธิ, โยคะ
🧘‍♂	นั่งขัดสมาธิ, ผู้ชายนั่งสมาธิ, โยคะ
🛀	คนนอนแช่น้ำในอ่าง, อาบน้ำ, อ่าง
🛌	คนนอนหลับ, หลับ, โรงแรม
👤	คน, เงาครึ่งตัวคนเดียว
👥	ผู้คน, เงาครึ่งตัว 2 คน
🤺	กีฬา, ดวล, ดาบ, ฟัน, ฟันดาบ
🏇	จ๊อกกี้, ม้า, แข่ง, แข่งม้า
🏌‍♂	กอล์ฟ, ผู้ชาย, ผู้ชายตีกอล์ฟ
🏌‍♀	กอล์ฟ, ผู้หญิง, ผู้หญิงตีกอล์ฟ
🏄‍♂	ผู้ชาย, ผู้ชายโต้คลื่น, โต้คลื่น
🏄‍♀	ผู้หญิง, ผู้หญิงโต้คลื่น, โต้คลื่น
🚣	ยานพาหนะ, เรือ, เรือพาย, ไม้พาย
🚣‍♂	ผู้ชาย, ผู้ชายพายเรือ, พายเรือ, เรือ
🚣‍♀	ผู้หญิง, ผู้หญิงพายเรือ, พายเรือ, เรือ
🏊‍♂	ผู้ชาย, ผู้ชายว่ายน้ำ, ว่ายน้ำ
🏊‍♀	ผู้หญิง, ผู้หญิงว่ายน้ำ, ว่ายน้ำ
⛹‍♂	บอล, ผู้ชาย, ผู้ชายเล่นบอล
⛹‍♀	บอล, ผู้หญิง, ผู้หญิงเล่นบอล
🏋‍♂	นักยกน้ำหนัก, ผู้ชาย, ผู้ชายยกน้ำหนัก
🏋‍♀	นักยกน้ำหนัก, ผู้หญิง, ผู้หญิงยกน้ำหนัก
🚴	นักปั่นจักรยาน, ปั่นจักรยาน
🚴‍♂	ขี่จักรยาน, จักรยาน, นักขี่จักรยาน, ผู้ชาย, ผู้ชายปั่นจักรยาน
🚴‍♀	ขี่จักรยาน, จักรยาน, นักขี่จักรยาน, ผู้หญิง, ผู้หญิงปั่นจักรยาน
🚵	นักปั่นจักรยาน, นักปั่นจักรยานเสือภูเขา, ปั่นจักรยาน
🚵‍♂	จักรยาน, นักขี่จักรยาน, ผู้ชาย, ผู้ชายปั่นจักรยานเสือภูเขา, ภูเขา
🚵‍♀	ขี่จักรยาน, จักรยาน, นักขี่จักรยาน, ผู้หญิง, ผู้หญิงปั่นจักรยานเสือภูเขา
🤸	กีฬา, คน, ตีลังกา, ยิมนาสติก, ล้อเกวียน
🤸‍♂	กีฬา, ตีลังกา, ผู้ชาย, ผู้ชายตีลังกา, ยิมนาสติก
🤸‍♀	กีฬา, ตีลังกา, ผู้หญิง, ผู้หญิงตีลังกา, ยิมนาสติก
🤼	กีฬา, ต่อสู้, ปล้ำ, มวย, มวยปล้ำ
🤼‍♂	ผู้ชาย, ผู้ชายเล่นมวยปล้ำ, มวยปล้ำ
🤼‍♀	ผู้หญิง, ผู้หญิงเล่นมวยปล้ำ, มวยปล้ำ
🤽	กีฬา, น้ำ, โปโล, โปโลน้ำ
🤽‍♂	กีฬา, ผู้ชาย, ผู้ชายเล่นโปโลน้ำ, โปโลน้ำ
🤽‍♀	กีฬา, ผู้หญิง, ผู้หญิงเล่นโปโลน้ำ, โปโลน้ำ
🤾	กีฬา, คนเล่นแฮนด์บอล, บอล, แฮนด์บอล
🤾‍♂	กีฬา, ผู้ชาย, ผู้ชายเล่นแฮนด์บอล, แฮนด์บอล
🤾‍♀	กีฬา, ผู้หญิง, ผู้หญิงเล่นแฮนด์บอล, แฮนด์บอล
🤹	คนเล่นจั๊กกลิ้ง, จั๊กกลิ้ง, ทักษะ, มายากล, โยนบอล
🤹‍♂	ผู้ชาย, ผู้ชายเล่นจั๊กกลิ้ง, เล่นกล, โยนรับของ
🤹‍♀	ผู้หญิง, ผู้หญิงเล่นจั๊กกลิ้ง, เล่นกล, โยนรับของ
👫	คู่, จับมือ, ชาย, ชาย-หญิงจับมือ, หญิง
👬	คน, จับมือ, ชาย, ชาย-ชายจับมือ
👭	คน, จับมือ, หญิง, หญิง-หญิงจับมือ
💏	ความรัก, จูบ
💑	คู่รัก, รักกัน, โรแมนติก
🤳	กล้อง, มือถือ, เซลฟี่
💪	กล้าม, กล้ามแขน, เบ่งกล้าม, แข็งแรง, ไบเซป
🦵	ขา, เตะ
🦶	กระทืบ, เตะ, เท้า
🖕	ขึ้น, ชี้, ชูนิ้วกลาง, นิ้ว, มือ
🤞	นิ้วไขว้, ภาวนา, มือ, โชคดี, ไขว้
🖖	ชูนิ้วแบบวัลแคน, นิ้ว, มือ, วัลแคน, อวัยวะ
🤘	ชูนิ้วชาวร็อก, มือ, ร็อก, อวัยวะ
🤙	มือ, มือโทร, โทร
✋	ตั้งฝ่ามือ, มือ, อวัยวะ
👌	ทำมือโอเค, นิ้ว, มือ, อวัยวะ
✊	กำมือ, ค้อน, หมัด, อวัยวะ
👊	กำปั้น, ชก, มือ, อวัยวะ
🤛	กำปั้น, กำปั้นขวา, ขวา
🤜	กำปั้น, กำปั้นซ้าย, ซ้าย
🤚	ยกมือ, หลังมือ
👋	มือ, อวัยวะ, โบก, โบกมือ
🤟	ทำมือ ‘ฉันรักเธอ’, มือ
👏	ตบมือ, มือ, อวัยวะ
👐	มือ, อวัยวะ, แบมือ
🙌	ชู 2 มือ, ดีใจ, มือ, อวัยวะ
🤲	แบสองมือ
🙏	ขอบคุณ, พนมมือ, มือ, อวัยวะ, เคารพ, ไหว้
🤝	คืนดี, จับมือ, ร่วมงาน, ร่วมมือ, เชคแฮนด์
💅	ทำเล็บ, สีทาเล็บ
👃	จมูก, ดม, อวัยวะ
👣	รอยเท้า, อวัยวะ, เท้า
👀	ตา, ตา 2 ข้าง, อวัยวะ
👁‍🗨	ตา, ตาในลูกโป่งคำพูด, พยาน, ลูกโป่งคำพูด
🧠	ฉลาด, สมอง
🦴	กระดูก, โครงกระดูก
🦷	ฟัน, หมอฟัน
👅	ลิ้น, อวัยวะ
👄	ปาก, อวัยวะ
🦰	ผมแดง, หัวแดง
🦱	ผมลอน, ผมหยิก, หยิก, แอฟโฟร
🦳	ขาว, ผม, ผมขาว, หงอก, แก่
🦲	คีโม, สกินเฮด, หัวล้าน, โกนหัว, ไม่มีผม
💋	จูบ, ปาก, รอยจูบ, อวัยวะ
💘	ความรัก, ลูกศร, ศรปักใจ, หัวใจ
💝	วาเลนไทน์, หัวใจ, หัวใจผูกริบบิ้น
💖	ตื่นเต้น, รัก, หัวใจ, หัวใจวิบวับ
💗	หัวใจ, ใจพองโต
💓	หัวใจ, หัวใจเต้น
💞	หัวใจ, หัวใจโคจร
💕	รัก, ใจ 2 ดวง
💌	ความรัก, จดหมาย, จดหมายรัก, หัวใจ, อีเมล
💔	หัวใจ, อกหัก
🧡	สีส้ม, หัวใจสีส้ม
💛	หัวใจ, หัวใจสีเหลือง
💚	หัวใจ, หัวใจสีเขียว
💙	หัวใจ, หัวใจสีน้ำเงิน
💜	หัวใจ, หัวใจสีม่วง
🖤	ดำ, หัวใจสีดำ, ใจดำ, ใจร้าย
💟	หัวใจ, หัวใจประดับ
💤	กรน, ง่วง, หลับปุ๋ย
💢	โกรธ, โมโห
💥	การปะทะ, ชน, โกรธมาก
💦	เหงื่อ, เหงื่อหยด
💨	วิ่งฉิว, วิ่งหนี
💫	มึนหัว, เห็นดาว
💬	คำพูด, บทสนทนา, พูดไม่ออก, ลูกโป่ง
💭	ความคิด, ลูกโป่ง, ลูกโป่งความคิด
🥽	แว่นตากันลม, แว่นตาว่ายน้ำ, แว่นป้องกันดวงตา
🥼	การทดลอง, นักวิทยาศาสตร์, หมอ, เสื้อกาวน์
👔	เนคไท, เสื้อผ้า
👕	เสื้อผ้า, เสื้อยืด
👖	กางเกง, กางเกงขายาว, ยีนส์, เสื้อผ้า
🧣	คอ, ผ้าพันคอ
🧤	ถุงมือ, มือ
🧥	เสื้อโค้ต, เสื้อโค้ท
🧦	ถุงน่อง, ถุงเท้า
👗	ชุดกระโปรง, เดรส
👘	กิโมโน, เสื้อผ้า
👙	บิกินี, ว่ายน้ำ, เสื้อผ้า
👚	เสื้อผู้หญิง, เสื้อผ้า
👛	กระเป๋าสตางค์, กระเป๋าใส่เงิน, กระเป๋าใส่เหรียญ
👜	กระเป๋า, กระเป๋าถือ
👝	กระเป๋า, กระเป๋าใบเล็ก
🎒	กระเป๋า, กระเป๋าเรียน, เป้นักเรียน
👞	ผู้ชาย, รองเท้า, รองเท้าชาย, รองเท้าผู้ชาย
👟	รองเท้า, รองเท้ากีฬา, รองเท้าผ้าใบ
🥾	ตั้งแคมป์, ปีนเขา, รองเท้าบู๊ท, รองเท้าปีนเขา, แบ็คแพ็คกิ้ง
🥿	รองเท้าคัทชู, รองเท้าบัลเล่ต์, รองเท้าสลิปเปอร์, รองเท้าส้นเตี้ย
👠	รองเท้า, รองเท้าผู้หญิง, รองเท้าส้นสูง, ส้นสูง
👡	ผู้หญิง, รองเท้า, รองเท้าแตะ, รองเท้าแตะผู้หญิง, เสื้อผ้า
👢	ผู้หญิง, รองเท้าบู๊ต, รองเท้าบู๊ตผู้หญิง, เสื้อผ้า
👑	พระราชา, พระราชินี, มงกุฎ
👒	ผู้หญิง, หมวก, หมวกผู้หญิง
🎩	หมวก, หมวกสูง
🧢	หมวกแก๊ป
📿	ลูกประคำ, ลูกปัด, ศาสนา, สร้อย, สวดมนต์
💄	ลิปสติก, เครื่องสำอาง
💍	ความรัก, แหวน
💎	อัญมณี, เพชร
🐵	ลิง, สัตว์, หน้าลิง, ใบหน้า
🐒	ลิง, สัตว์
🦍	กอริลล่า, ลิง, สัตว์, หน้าขน
🐶	สัตว์, สุนัข, หน้าสุนัข, ใบหน้า
🐩	พุดเดิ้ล, สัตว์, สุนัข
🐺	สัตว์, หน้า, หน้าหมาป่า, หมาป่า
🦊	จิ้งจอก, สัตว์, หน้า, เจ้าเล่ห์
🦝	ขี้สงสัย, มีเล่ห์เหลี่ยม, แรคคูน
🐱	สัตว์, หน้าแมว, แมว
🦁	ราศี, ราศีสิงห์, สิงโต, หน้า, หน้าสิงโต
🐯	สัตว์, หน้าเสือ, เสือ
🐅	สัตว์, เสือ
🐆	สัตว์, เสือ, เสือดาว
🐴	ม้า, สัตว์, หน้าม้า
🐎	ม้า, สัตว์
🦄	ยูนิคอร์น, หน้า, หน้ายูนิคอร์น
🦓	ม้าลาย, ลายทาง
🦌	กวาง, สัตว์, หัว, เขา
🐮	วัว, สัตว์, หน้าวัว
🐂	วัว, วัวตัวผู้, สัตว์
🐃	ควาย, สัตว์
🐄	วัว, สัตว์
🐷	สัตว์, หน้าหมู, หมู
🐖	สัตว์, หมู
🐗	สัตว์, หมูป่า, หมูป่าตัวผู้
🐽	จมูกหมู, หมู
🐏	สัตว์, แกะ, แกะตัวผู้
🐑	สัตว์, แกะ
🐐	สัตว์, แพะ
🐪	สัตว์, อูฐ, อูฐโหนกเดียว
🐫	สัตว์, อูฐ, อูฐสองโหนก
🦙	กัวนาโค, ขนสัตว์, บีกูญา, ลามะ, อัลปากา
🦒	กีฬา, ยีราฟ
🐘	ช้าง, สัตว์
🦏	นอ, สัตว์, แรด
🦛	ฮิปโป, ฮิปโปโปเตมัส
🐭	สัตว์, หนู, หน้าหนู
🐁	สัตว์, หนู, หนูตัวเล็ก
🐀	สัตว์, หนู, หนูตัวใหญ่
🐹	สัตว์, หน้าหนูแฮมสเตอร์, ใบหน้า
🐰	กระต่าย, สัตว์, หน้า, หน้ากระต่าย
🐇	กระต่าย, สัตว์
🦔	เม่น, เฮดจ์ฮ็อก
🦇	ค้างคาว, ดูดเลือด, สัตว์, แวมไพร์
🐻	สัตว์, หน้า, หน้าหมี, หมี
🐨	สัตว์, โคอาล่า
🐼	สัตว์, หน้า, หน้าแพนด้า, หมี, แพนด้า
🦘	กระโดด, จิงโจ้, สัตว์ที่มีกระเป๋าหน้าท้อง, ออสเตรเลีย, โจอี้
🦡	ก่อกวน, ฮันนี่แบดเจอร์, แบดเจอร์
🐾	รอยเท้า, รอยเท้าสัตว์
🦃	สัตว์ปีก, ไก่งวง
🐔	สัตว์ปีก, ไก่
🐓	สัตว์ปีก, ไก่, ไก่ตัวผู้
🐣	ลูกเจี๊ยบ, ลูกเจี๊ยบออกจากไข่, สัตว์
🐤	ลูกเจี๊ยบ, สัตว์ปีก
🐥	ลูกเจี๊ยบ, ลูกเจี๊ยบยืนหันหน้า, สัตว์ปีก, ไก่
🐧	สัตว์, เพนกวิน
🦅	นก, อินทรี
🦆	นก, เป็ด
🦢	นก, ลูกเป็ดขี้เหร่, หงส์
🦉	ตาโต, นก, นกฮูก, นอนไม่หลับ, เค้าแมว
🦚	ทะนงตัว, นก, นกยูง, นกยูงตัวเมีย, โอ้อวด
🦜	นก, นกแก้ว, พูดคุย, โจรสลัด
🐸	กบ, หน้า, หน้ากบ
🐊	จระเข้, สัตว์
🐢	สัตว์, เต่า
🦎	จิ้งจก, ตุ๊กแก, เลื้อยคลาน
🐍	งู, สัตว์, อสรพิษ
🐲	สัตว์, หน้ามังกร
🐉	มังกร, สัตว์
🦕	ซอโรพอด, บรอนโตซอรัส, ไดพลอโดคัส, ไดโนเสาร์
🦖	ทีเร็กซ์, ไทแรนโนซอรัส เร็กซ์
🐳	ปลาวาฬ, ปลาวาฬพ่นน้ำ, สัตว์
🐋	ปลาวาฬ, สัตว์
🐬	ปลาโลมา, สัตว์
🐠	ปลา, ปลาเขตร้อน, สัตว์
🐡	ปลา, ปลาปักเป้า, สัตว์
🦈	ฉลาม, ปลา
🐙	ปลาหมึก, ปลาหมึกยักษ์, สัตว์
🐚	สัตว์, หอย
🦀	กรกฎ, ปู, ราศี, สัตว์
🦞	กุ้งมังกร, ก้ามกุ้ง, ซุปน้ำข้น, อาหารทะเล
🦐	กุ้ง, อาหาร
🦑	ปลา, หมึก, อาหาร
🐌	สัตว์, หอยทาก
🦋	ผีเสื้อ, สวย, แมลง
🐛	สัตว์, แมลง
🐜	มด, แมลง
🐝	ผึ้ง, แมลง
🐞	เต่าทอง, แมลง, แมลงเต่าทอง
🦗	จิ้งหรีด, ตั๊กแตน
🦂	พิจิก, ราศี, แมงป่อง
🦟	มาลาเรีย, ยุง, แมลง, โรค, ไข้, ไวรัส
🦠	จุลินทรีย์, อะมีบา, แบคทีเรีย, ไวรัส
💐	ช่อดอกไม้, ดอกไม้
🌸	ดอกซากุระ, ดอกไม้
💮	ดอกไม้, ตราดอกไม้
🌹	กุหลาบแดง, ดอกกุหลาบ, ดอกไม้
🥀	กุหลาบ, ดอกไม้, ดอกไม้เหี่ยว, เฉา, เหี่ยว
🌺	ชบา, ดอกชบา, ดอกไม้
🌻	ดอกทานตะวัน, ดอกไม้, ทานตะวัน
🌼	ดอกไม้, ดอกไม้บาน
🌷	ดอกไม้, ทิวลิป
🌱	ต้นอ่อน, พืช
🌲	ต้นสน, ต้นไม้
🌳	ต้นไม้, ต้นไม้ร่มรื่น, ร่มเงา
🌴	ต้นปาล์ม, ต้นมะพร้าว
🌵	ตะบองเพชร, พืช
🌾	ต้นข้าว, รวงข้าว
🌿	สมุนไพร, ใบไม้
🍀	โชคดี, ใบโคลเวอร์ 4 แฉก, ใบไม้
🍁	ใบเมเปิ้ล, ใบไม้ร่วง
🍂	พืช, ร่วง, ใบไม้, ใบไม้ร่วง
🍃	ปลิว, พืช, ลมพัด, ใบไม้, ใบไม้ปลิว
🍇	ผลไม้, องุ่น
🍈	ผลไม้, เมลอน
🍉	ผลไม้, แตงโม
🍊	ผลไม้, ส้ม
🍋	ผลไม้, เลมอน
🍌	กล้วย, ผลไม้
🍍	ผลไม้, สับปะรด
🥭	ผลไม้, มะม่วง, เขตร้อน
🍎	ผลไม้, แอปเปิ้ล, แอปเปิ้ลแดง
🍏	ผลไม้, แอปเปิ้ล, แอปเปิ้ลเขียว
🍐	ผลไม้, ลูกแพร์
🍑	ผลไม้, ลูกพีช
🍒	ผลไม้, เชอร์รี่
🍓	ผลไม้, สตรอว์เบอร์รี่
🥝	กีวี, ผลไม้, อาหาร
🍅	ผัก, มะเขือเทศ
🥥	ปาล์ม l พีน่า โคลาด้า, มะพร้าว
🥑	ผลไม้, อาหาร, อาโวคาโด
🍆	ผัก, มะเขือยาว
🥔	ผัก, มัน, มันฝรั่ง, อาหาร, โปเตโต้
🥕	ผัก, อาหาร, แครอท
🌽	ข้าวโพด, ธัญพืช, พืช
🥒	ผัก, อาหาร, แตง, แตงกวา
🥬	กะหล่ำปลี, บ็อคชอย, ผักกาดหอม, ผักคะน้า, ผักใบเขียว
🥦	บรอกโคลี, บร็อกโคลี่
🍄	พืช, เห็ด
🥜	ถั่ว, ธัญพืช, ผัก, อาหาร
🌰	พืช, เกาลัด
🍞	ก้อนขนมปัง, ขนมปัง
🥐	ขนม, ขนมปัง, ครัวซอง, อาหาร
🥖	ขนมปัง, ขนมปังฝรั่งเศส, อาหาร
🥨	เพรตเซล
🥯	ทาแยม, ร้านขนมปัง, เบเกิล
🥞	ขนมปัง, อาหาร, แพนเค้ก
🧀	ชีส, เนยแข็ง
🍖	เนื้อ, เนื้อติดกระดูก
🍗	น่องไก่, ไก่
🥩	สเต็ก, หั่น, เนื้อหั่นชิ้น
🥓	อาหาร, เนื้อ, เบคอน
🍔	เบอร์เกอร์, แฮมเบอร์เกอร์
🍟	มันฝรั่งทอด, เฟรนช์ฟราย
🍕	พิซซ่า, พิซซ่า 1 ชิ้น
🌭	ฮอทด็อก, ไส้กรอก
🥪	ขนมปัง, แซนด์วิช
🌮	ทาโก้, เม็กซิกัน, เม็กซิโก
🌯	เบอร์ริโต, เม็กซิกัน, เม็กซิโก
🥙	อาหาร, เคบับ
🥚	ศูนย์, อาหาร, ไข่
🍳	กระทะ, ทำอาหาร, ไข่ดาว
🥘	กระทะ, กะทะ, ทำอาหาร, อาหาร
🍲	สตูว์, หม้ออาหาร
🥣	ข้าวต้ม, ชามพร้อมช้อน, ซีเรียล, โจ๊ก
🥗	คลีน, ผัก, สลัด, อาหาร, ไดเอ็ท
🍿	ข้าวโพดคั่ว, ป๊อปคอร์น
🧂	ขวดเกลือ, เกลือ, เครื่องปรุง
🥫	กระป๋อง, อาหารกระป๋อง
🍱	กล่องเบนโตะ, เบนโตะ
🍘	ข้าวอบกรอบ, แครกเกอร์
🍙	ก้อนข้าวปั้น, ข้าวปั้น
🍚	ข้าว, ข้าวสวย, ชามข้าว
🍛	ข้าวแกงกะหรี่, แกงกะหรี่
🍜	ชามก๋วยเตี๋ยว, บะหมี่, ราเมน
🍝	พาสต้า, สปาเก็ตตี้
🍠	มันเทศเผา, มันเผา
🍢	โอเด้ง, โอเด้งเสียบไม้
🍣	ซูชิ
🍤	กุ้ง, กุ้งทอด
🍥	ปลา, ลูกชิ้น, ลูกชิ้นปลา
🥮	ขนมไหว้พระจันทร์, ฤดูใบไม้ร่วง, วันไหว้พระจันทร์, เทศกาล
🍡	ดังโงะ, ดังโงะเสียบไม้, โมจิ
🥟	เกี๊ยว, เกี๊ยวซ่า
🥠	ขนมดวงดี, คุกกี้เสี่ยงทาย
🥡	อาหารกล่องซื้อกลับบ้าน, อาหารสั่งกลับบ้าน
🍦	ซอฟต์ครีม, ไอศกรีม
🍧	ของหวาน, น้ำหวาน, น้ำแข็ง, น้ำแข็งไส
🍨	ของหวาน, ครีม, น้ำแข็ง, ไอศกรีม
🍩	ขนม, ของหวาน, โดนัท
🍪	ขนม, ของหวาน, คุกกี้
🎂	วันเกิด, เค้ก, เค้กวันเกิด
🍰	ชิ้นเค้ก, เค้ก
🧁	ขนมหวาน, คัพเค้ก, เบเกอรี่
🥧	พาย
🍫	ช็อกโกแลต, ช็อกโกแลตแท่ง
🍬	ขนม, ของหวาน, ลูกอม
🍭	ขนม, ของหวาน, ลูกอม, อมยิ้ม
🍮	คัสตาร์ด, พุดดิ้ง
🍯	น้ำผึ้ง, โถน้ำผึ้ง
🍼	ขวดนม, นม
🥛	นม, เครื่องดื่ม, แก้ว, แก้วนม
🍵	ชา, ถ้วยชา
🍶	ขวดสาเก, สาเก, เหล้าสาเก
🍾	ขวด, จุกไม้ก๊อก, บาร์, เครื่องดื่ม, แชมเปญ
🍷	แก้วไวน์, ไวน์, ไวน์แดง
🍹	บาร์, ผลไม้, เครื่องดื่ม, เครื่องดื่มผสมน้ำผลไม้
🍺	ฉลอง, ดื่ม, เบียร์, เหยือกเบียร์
🍻	ฉลอง, ชนแก้ว, ดื่ม, เบียร์, เหยือกเบียร์ชนกัน
🥂	ฉลอง, ชน, ชนแก้ว, เย้, แก้ว
🥃	ดื่ม, เพียว, เหล้า, แก้ว, แก้วเหล้า
🥤	แก้วพร้อมหลอด
🥢	ตะเกียบ
🍴	ร้านอาหาร, ส้อมและมีด
🥄	ช้อน, ภาชนะ
🔪	มีด, มืดทำครัว
🏺	จักรราศี, ราศีกุมภ์, โถ, โถโบราณ
🌍	ยุโรป, ลูกโลก, ลูกโลกแสดงทวีปยุโรปและแอฟริกา, แอฟริกา
🌏	ลูกโลก, ลูกโลกแสดงทวีปเอเชียและออสเตรเลีย, ออสเตรเลีย, เอเชีย
🌐	ลูกโลก, ลูกโลกแสดงเส้นเมริเดียน, เส้นเมริเดียน
🗾	ญี่ปุ่น, แผนที่ญี่ปุ่น
🧭	การนำทาง, ขั้วแม่เหล็ก, เข็มทิศ, โอเรนเทียริ่ง
🌋	ภูเขาไฟ, ภูเขาไฟระเบิด
🗻	ภูเขา, ภูเขาไฟฟูจิ
🧱	กำแพง, ก้อนอิฐ, ดิน, ปูน, อิฐ
🏡	บ้าน, บ้านพร้อมสวน
🏢	ตึก, ตึกสำนักงาน, สำนักงาน
🏣	ตึก, ไปรษณีย์ญี่ปุ่น
🏤	ตึก, ไปรษณีย์ยุโรป
🏥	ตึก, โรงพยาบาล
🏦	ตึก, ธนาคาร
🏨	ตึก, โรงแรม
🏩	ม่านรูด, โรงแรม
🏪	ของใช้, ร้านค้า, ร้านสะดวกซื้อ, สินค้า
🏫	ตึกเรียน, โรงเรียน
🏬	สินค้า, ห้าง, ห้างสรรพสินค้า
🏯	ญี่ปุ่น, ปราสาท, ปราสาทญี่ปุ่น
🏰	ปราสาท, ปราสาทยุโรป
💒	งานแต่งงาน, โบสถ์
🗼	โตเกียว, โตเกียวทาวเวอร์
🗽	รูปปั้น, เทพีเสรีภาพ
🕌	มัสยิด, มุสลิม, ศาสนา, อิสลาม
🕍	ยิว, ยูดาย, ศาสนา, โบสถ์, โบสถ์ยิว
🕋	มุสลิม, วิหารกะอ์บะฮ์, ศาสนา, อิสลาม
🌁	หมอก, หมอกลง
🌃	กลางคืน, ดาว, ดาวยามค่ำคืน
🌄	ดวงอาทิตย์ตอนเช้า, ดวงอาทิตย์โผล่พ้นเขา
🌅	ดวงอาทิตย์ขึ้น, ดวงอาทิตย์ตอนเช้า
🌆	ตอนเย็น, เมืองยามโพล้เพล้, โพล้เพล้
🌇	ดวงอาทิตย์ตก, ดวงอาทิตย์ตกเหนือตึก, โพล้เพล้
🌉	กลางคืน, สะพาน, สะพานกลางคืน
🌌	ดาราจักร, ทางช้างเผือก, อวกาศ
🎠	ม้าหมุน, สวนสนุก
🎡	ชิงช้าสวรรค์, สวนสนุก
🎢	รถไฟเหาะ, สวนสนุก, โรลเลอร์โคสเตอร์
💈	บาร์เบอร์, ร้านตัดผม
🎪	ละครสัตว์, เต๊นท์ละครสัตว์
🚂	ยานพาหนะ, รถไฟ, หัวรถจักรไอน้ำ, เครื่องจักร, ไอน้ำ
🚃	ตู้รถไฟ, รถราง, รถไฟฟ้า
🚄	ชินคันเซ็น, รถไฟความเร็วสูง
🚅	ชินคันเซน, ยานพาหนะ, รถไฟ, รถไฟความเร็วสูง, หัวกระสุน, เร็ว
🚆	ยานพาหนะ, รถไฟ
🚈	ยานพาหนะ, รถไฟ, รถไฟรางเบา
🚉	ยานพาหนะ, รถไฟ, สถานีรถไฟ
🚊	ยานพาหนะ, รถรางบนราง, รถไฟ
🚝	ยานพาหนะ, รถไฟรางเดี่ยว
🚞	ภูเขา, ยานพาหนะ, รถ, รถราง, รางรถไฟภูเขา
🚋	ตู้รถราง, ยานพาหนะ, รถ, รถราง
🚌	ยานพาหนะ, รถบัส
🚎	ยานพาหนะ, รถราง
🚐	มินิบัส, ยานพาหนะ, รถบัส
🚒	ยานพาหนะ, รถ, รถดับเพลิง, สายดับเพลิง, ไฟ
🚓	ตรวจการณ์, ตำรวจ, ยานพาหนะ, รถตำรวจ, รถยนต์
🚕	เครื่องยนต์, แท็กซี่
🚖	กำลังมา, ยานพาหนะ, แท็กซี่, แท็กซี่กำลังมา
🚗	ยานพาหนะ, รถ, รถยนต์
🚙	รถ, รถบ้าน, รถพักผ่อน
🚚	รถ, รถขนส่ง
🚛	ขนส่ง, ยานพาหนะ, รถบรรทุก
🚜	ยานพาหนะ, แทร็กเตอร์
🛴	สกู๊ตเตอร์
🛹	บอร์ด, สเก็ตบอร์ด
🛵	รถ, รถสกู๊ตเตอร์, สกู๊ตเตอร์
🚏	ป้ายรถ, ป้ายรถบัส, ยานพาหนะ, รถบัส
🚨	ฉุกเฉิน, ตำรวจ, ยานพาหนะ, รถยนต์, สัญญาณไฟตำรวจ, ไฟสัญญาณ
🚥	จราจร, สัญญาณ, ไฟ, ไฟจราจรแนวนอน
🚦	จราจร, สัญญาณ, ไฟ, ไฟจราจรแนวตั้ง
🛑	หยุด, เครื่องหมาย, เครื่องหมายหยุด, แปดเหลี่ยม
🚧	กำลังก่อสร้าง, ป้ายไซต์ก่อสร้าง
🛶	พาย, เรือ, แคนู
🚤	ยานพาหนะ, เรือ, เรือด่วน
🚢	ยานพาหนะ, เรือ
🛫	ขาออก, ยานพาหนะ, เครื่องบิน, เครื่องบินขึ้น
🛬	ขาเข้า, ยานพาหนะ, เครื่องบิน, เครื่องบินลง
💺	ที่นั่ง, เก้าอี้
🚁	ยานพาหนะ, เฮลิคอปเตอร์
🚟	ยานพาหนะ, รถไฟ, รถไฟสะพานแขวน, สะพานแขวน
🚠	ภูเขา, ยานพาหนะ, เคเบิลคาร์
🚡	ยานพาหนะ, รถกระเช้า, รถกระเช้าลอยฟ้า, ลอยฟ้า, สายเคเบิล
🚀	จรวด, ยานพาหนะ, อวกาศ
🛸	จานบิน
🧳	กระเป๋าเดินทาง, การเตรียมสัมภาระ, เดินทาง
⏰	นาฬิกาปลุก, ปลุก
🕧	นาฬิกา, สิบสองนาฬิกาครึ่ง
🕜	นาฬิกา, หนึ่งนาฬิกาครึ่ง
🕝	นาฬิกา, สองนาฬิกาครึ่ง
🕞	นาฬิกา, สามนาฬิกาครึ่ง
🕟	นาฬิกา, สี่นาฬิกาครึ่ง
🕠	นาฬิกา, ห้านาฬิกาครึ่ง
🕡	นาฬิกา, หกนาฬิกาครึ่ง
🕢	นาฬิกา, เจ็ดนาฬิกาครึ่ง
🕣	นาฬิกา, แปดนาฬิกาครึ่ง
🕤	นาฬิกา, เก้านาฬิกาครึ่ง
🕥	นาฬิกา, สิบนาฬิกาครึ่ง
🕦	นาฬิกา, สิบเอ็ดนาฬิกาครึ่ง
🌑	จันทร์ดับ, จันทร์มืด, มืด
🌒	ข้างขึ้น, พระจันทร์เสี้ยวข้างขึ้น
🌓	ครึ่งซีก, พระจันทร์, พระจันทร์ครึ่งซีกขวา
🌔	ข้างขึ้น, พระจันทร์เกือบเต็มดวง
🌖	ข้างแรม, พระจันทร์เกือบเต็มดวง
🌗	ครึ่งซีก, พระจันทร์, พระจันทร์ครึ่งซีกซ้าย
🌘	ข้างแรม, พระจันทร์, พระจันทร์เสี้ยวข้างแรม, เสี้ยว
🌙	พระจันทร์, พระจันทร์เสี้ยว, เสี้ยว
🌚	หน้าดำ, หน้าพระจันทร์ดับ
🌛	หน้าพระจันทร์, หน้าพระจันทร์เสี้ยวขวา
🌝	พระจันทร์, สว่าง, หน้าพระจันทร์เต็มดวง, เต็มดวง, ใบหน้า
🌞	พระอาทิตย์, สว่าง, หน้าพระอาทิตย์, อากาศ, ใบหน้า
🌟	ดาว, ดาวส่องแสง, ประกาย, ระยิบระยับ, แสง
🌠	ดาว, ดาวตก
🌀	พายุหมุน, ไซโคลน, ไต้ฝุ่น
🌈	ฝน, รุ้ง, สภาพอากาศ
🌂	ฝน, ร่มหุบ, หน้าฝน
🔥	เปลวไฟ, ไฟ
💧	หยดน้ำ, เหงื่อ
🌊	คลื่น, คลื่นทะเล
🎃	ฟักทอง, ฟักทองฮาโลวีน
🎄	คริสต์มาส, ต้นคริสต์มาส
🎆	พลุ, เฉลิมฉลอง
🎇	ดอกไม้ไฟ, พลุ
🧨	ดอกไม้ไฟ, ประทัด, ระเบิด, ไดนาไมต์
✨	ดาววิบวับ, ประกายวิบวับ
🎈	ลูกโป่ง, เฉลิมฉลอง
🎉	ปาร์ตี้, เฉลิมฉลอง
🎊	ลูกบอลใส่เศษกระดาษงานปาร์ตี้, เฉลิมฉลอง
🎋	คำอวยพร, ญี่ปุ่น, ต้นไม้, ต้นไม้ประดับคำอวยพร, เฉลิมฉลอง
🎍	ต้นสนประดับ, ปีใหม่
🎎	ญี่ปุ่น, ตุ๊กตา, ตุ๊กตาญี่ปุ่น, เฉลิมฉลอง, เทศกาล
🎏	ธง, ธงปลาคาร์พ, ปลาคาร์พ, เฉลิมฉลอง
🎐	โมบายล์, โมบายล์กระดิ่ง
🎑	พระจันทร์, เฉลิมฉลอง, ไหว้พระจันทร์
🧧	ของขวัญ, อั่งเปา, เงิน, แต๊ะเอีย, โชคลาภ
🎀	การเฉลิมฉลอง, ริบบิ้น
🎁	ของขวัญ, ของขวัญในกล่อง
🎫	ตั๋ว, เข้าชมงาน
🏅	เหรียญ, เหรียญรางวัล
🥇	ชนะ, ทอง, ที่ 1, เหรียญ, เหรียญทอง
🥈	กีฬา, ที่ 2, เงิน, เหรียญ, เหรียญเงิน
🥉	กีฬา, ทองแดง, ที่ 3, เหรียญ, เหรียญทองแดง
🥎	ซอฟต์บอล, ถุงมือ, ลูกบอล, อันเดอร์อาร์ม
🏀	กีฬา, บาสเกตบอล
🏐	บอล, วอลเลย์บอล, เกม
🏈	กีฬา, อเมริกันฟุตบอล
🏉	กีฬา, รักบี้
🎾	กีฬา, เทนนิส
🥏	จานร่อน, ไกลสุด
🎳	กีฬา, โบว์ลิ่ง
🏏	คริกเก็ต, บอล, เกม, ไม้
🏑	บอล, สนาม, ฮอกกี้, เกม, ไม้
🏒	น้ำแข็ง, ลูกยาง, ฮอกกี้, เกม, ไม้ฮอกกี้
🥍	ลาครอส, ลูกบอล, โกล, ไม้
🏓	ปิงปอง, ลูก, เกม, โต๊ะ, ไม้
🏸	ลูกขนไก่, เกม, แบดมินตัน, ไม้แบด
🥊	กีฬา, ชก, นวม, มวย
🥋	คาราเต้, ชุดยูโด, ยูโด, เทควันโด
🥅	ตาข่าย, ประตู, เน็ต, โกล
🎣	ตกปลา, ปลา, เบ็ด
🎽	วิ่ง, เสื้อวิ่ง
🎿	สกี, หิมะ
🛷	เลื่อนหิมะ, เลื่อนหิมะขนาดใหญ่, แคร่เลื่อน
🥌	ลูกกลิ้งหิน, เกม
🎯	กลางเป้า, ตรงเป้า, ปาเป้า, ลูกดอก
🎱	บิลเลียด, แปด
🔮	ดูดวง, ลูกแก้ววิเศษ
🧿	นัยน์ตาปีศาจ, ยันต์, ลูกปัด, เครื่องราง
🎰	สล็อต, สล็อตแมชชีน, เกม
🎲	ทอยลูกเต๋า, ลูกเต๋า
🧩	จิ๊กซอว์, ชิ้นส่วน, ตัวต่อ
🧸	ของเล่น, ตุ๊กตาหมี, ผ้ากำมะหยี่, ยัดนุ่น, เครื่องเล่น
🃏	เล่นไพ่, โจ๊กเกอร์, ไพ่โจ๊กเกอร์
🎴	ญี่ปุ่น, เกม, เล่น, ไพ่, ไพ่ดอกไม้
🎨	จานสี, จานสีวาดรูป, พิพิธภัณฑ์, ภาพวาด, ศิลปะ
🧵	ด้าย, ตัดเย็บ, หลอดด้าย, เข็ม, เย็บผ้า
🧶	กลุ่มไหม, ก้อนไหมพรม, ถัก, โครเชต์, ไหมพรม
🔇	ปิดเสียง, โปรดเงียบ, ไม่ใช้เสียง
🔉	ลำโพง, ลำโพงเบา, ลำโพงเสียงปานกลาง
🔊	ลำโพง, ลำโพงดัง, ลำโพงเสียงดัง
📢	ประกาศ, เครื่องขยายเสียง, เสียงดัง
📣	ประกาศ, เชียร์, โทรโข่ง
📯	สาร, แตร, แตรส่งสาร
🔔	กระดิ่ง, ระฆัง
🔕	ไม่มีกระดิ่ง, ไม่มีเสียง
🎼	กุญแจซอล, บรรทัดห้าเส้น, โน้ตเพลง
🎵	ดนตรี, โน้ต, โน้ตดนตรี
🎶	โน้ตดนตรี, โน้ตดนตรีหลายตัว
🎤	คาราโอเกะ, สตูดิโอ, เพลง, ไมค์, ไมโครโฟน
🎷	เครื่องดนตรี, แซ็ก, แซ็กโซโฟน
🎸	กีตาร์, กีตาร์ไฟฟ้า, กีต้าร์, เครื่องดนตรี
🎹	คีย์บอร์ด, เครื่องดนตรี, เปียโน
🎺	ทรัมเป็ต, เครื่องดนตรี
🎻	เครื่องดนตรี, ไวโอลิน
🥁	กลอง, ดนตรี, ตี, รัว, เพลง, ไม้
📱	โทรศัพท์, โทรศัพท์มือถือ
📲	มือถือ, ลูกศร, โทร, โทรศัพท์, โทรศัพท์มือถือพร้อมลูกศรชี้
📞	หูโทรศัพท์, เครื่องรับ, โทรศัพท์
📠	เครื่องแฟกซ์, แฟกซ์
🔋	แบตเตอรี่
🔌	ปลั๊ก, ปลั๊กไฟ, ไฟฟ้า
💽	คอมพิวเตอร์, ดิสก์, แผ่นดิสก์, แผ่นดิสก์ขนาดเล็ก
💾	ดิสก์, ฟลอปปี้, ฟลอปปี้ดิสก์, แผ่นบันทึก
📀	คอมพิวเตอร์, ดิสก์, ดีวีดี, บลูเรย์, แผ่นดีวีดี
🧮	คำนวณ, คิดเลข, ลูกคิด
🎥	กล้อง, กล้องถ่ายภาพยนตร์, ภาพยนตร์, หนัง
📸	กล้อง, กล้องเปิดแฟลช, วิดีโอ, แฟลช
📼	วิดีโอเทป, วิทยุ, เทป, เพลง
🔍	ขยาย, ค้นหา, เครื่องมือ, แว่น, แว่นขยายเอียงซ้าย
🔎	ขยาย, ค้นหา, เครื่องมือ, แว่น, แว่นขยายเอียงขวา
💡	ปิ๊งไอเดีย, หลอดไฟ
🔦	เครื่องมือ, แสง, ไฟฉาย, ไฟฟ้า
🏮	บาร์, สีแดง, แสงไฟ, โคมไฟ, โคมไฟแดง
📔	สมุดโน้ต, สมุดโน้ตมีลาย
📕	หนังสือ, หนังสือปิด
📖	หนังสือ, หนังสือเปิด
📗	หนังสือ, หนังสือสีเขียว
📘	หนังสือ, หนังสือสีน้ำเงิน
📙	หนังสือ, หนังสือสีส้ม
📓	จด, บันทึก, สมุดโน้ต
📒	สมุดโน้ต, สมุดโน้ตเจาะรูข้าง
📃	เอกสารงอ, เอกสารม้วนปลาย
📜	กระดาษ, ม้วนกระดาษ
📄	หน้า, เอกสาร
📰	ข่าวสาร, หนังสือพิมพ์
🗞	กระดาษ, ข่าว, ม้วน, ม้วนหนังสือพิมพ์, หนังสือพิมพ์
📑	คั่นหน้า, เครื่องหมาย, แถบคั่นหน้า, แท็บ
🔖	คั่น, ที่คั่นหนังสือ, หนังสือ, เครื่องหมาย
💴	ธนบัตร, ธนบัตรเยน, เยน
💵	ดอลลาร์, ธนบัตรดอลลาร์, เงิน
💶	ธนบัตร, ธนบัตรยูโร, ยูโร
💷	ธนบัตร, ธนบัตรปอนด์, เงิน
💸	เงินบิน, เงินมีปีก
🧾	บัญชี, บิล, ใบเสร็จ, ใบเสร็จรับเงิน
💹	ตลาดขึ้น, ฟอเร็กซ์
💱	การแลกเปลี่ยนเงิน, ธนาคาร, สกุลเงิน, เงิน, แลกเปลี่ยน
💲	สัญลักษณ์ดอลลาร์, เงิน
📧	การสื่อสาร, จดหมาย, อีเมล
📨	การสื่อสาร, จดหมาย, จดหมายเข้า
📩	การสื่อสาร, จดหมาย, จดหมายออก
📮	กล่องจดหมาย, ตู้ไปรษณีย์
📝	จดบันทึก, ดินสอ, บันทึก
💼	กระเป๋า, กระเป๋าเอกสาร, เอกสาร
📁	แฟ้มเอกสาร, โฟลเดอร์
📂	เปิดเอกสาร, แฟ้มเปิด
📅	ปฎิทิน, วันที่
📆	ปฎิทิน, ปฎิทินแบบฉีกออก
📇	ดัชนี, ที่ใส่บัตร, บัตร
📈	ขาขึ้น, แนวโน้มขึ้น
📉	ขาลง, แนวโน้มลง
📊	กราฟแท่ง, ชาร์ต
📌	หมุด, หมุดปัก
📍	หมุด, หมุดหัวกลม
📎	คลิป, คลิปหนีบกระดาษ
📏	ไม้บรรทัด, ไม้บรรทัดตรง
📐	ไม้บรรทัด, ไม้บรรทัดสามเหลี่ยม
🔏	ข้อมูลส่วนตัว, ล็อก
🔐	กุญแจ, ปลอดภัย, ปิด, ล็อก, ล็อกด้วยกุญแจ
🔑	กุญแจ, รหัสผ่าน, ล็อก
🔨	ค้อน, เครื่องมือ
🔫	ปืน, ปืนพก
🏹	ธนู, ธนูและลูกศร, ราศี, ลูกศร, อาวุธ
🔧	ประแจ, เครื่องมือ
🔩	สลักและน็อต, เครื่องมือ
🔗	ลิงก์, สัญลักษณ์การลิงก์
🧰	กล่องเครื่องมือ, ช่างกล, หีบ, เครื่องมือ, เครื่องมือช่าง
🧲	กีบม้า, ดึงดูด, ดูด, แม่เหล็ก
🧪	ทดลอง, นักเคมี, หลอดทดลอง, ห้องแลป, เคมี
🧫	จานเพาะเชื้อ, ชีววิทยา, นักชีววิทยา, ห้องแลป, เพาะเชื้อ, แบคทีเรีย
🧬	ชีวิต, ดีเอ็นเอ, นักชีววิทยา, ยีน, วิวัฒนาการ
🔬	กล้องจุลทรรศน์, เครื่องมือ
🔭	กล้องโทรทรรศน์, เครื่องมือ
📡	จาน, จานดาวเทียม, ดาวเทียม, เสาอากาศ
💉	กระบอกฉีดยา, ฉีดยา, เข็มฉีดยา
💊	ยา, ยาเม็ด, หมอ
🚪	ประตู
🚽	ห้องน้ำ, โถส้วม
🚿	น้ำ, ฝักบัว
🛁	อาบน้ำ, อ่าง, อ่างอาบน้ำ
🧴	ขวดโลชั่น, ครีมกันแดด, ครีมบำรุงผิว, แชมพู, โลชั่น
🧷	ผ้าอ้อม, พั้งค์ร็อค, เข็มกลัดซ่อนปลาย
🧹	กวาดบ้าน, ทำความสะอาด, แม่มด, ไม้กวาด
🧺	ซักผ้า, ตะกร้า, ตะกร้าผ้า, ปิกนิก
🧻	กระดาษชำระ, กระดาษม้วน, ทิชชู่ม้วน
🧼	จานวางสบู่, ทำความสะอาด, ล้างตัว, สบู่, สบู่ก้อน, อาบน้ำ
🧽	ดูดซึม, ทำความสะอาด, ฟองน้ำ, รูพรุน
🧯	ดับ, ดับเพลิง, ที่ดับเพลิง, ไฟไหม้
🛒	จ่าย, ช็อปปิ้ง, ซื้อ, ตะกร้า, รถเข็น
🚬	ป้ายสูบบุหรี่, สูบบุหรี่, สูบบุหรี่ได้
🗿	รูปปั้น, รูปปั้นโมไอ, หน้า, โมไอ
🏧	ธนาคาร, ฝาก-ถอน, อัตโนมัติ, เครื่องกดเงิน, เงิน, เอทีเอ็ม
🚮	ทิ้งขยะให้ลงถัง, ป้ายถังขยะ
🚰	ก๊อก, น้ำดื่ม
🚻	สุขภัณฑ์, ห้องน้ำ
🚾	ป้ายห้องน้ำ, ห้องน้ำ
🛂	ตรวจพาสปอร์ต, พาสปอร์ต
🛃	ภาษี, ศุลกากร
🛄	กระเป๋าเดินทาง, รับสัมภาระ
🛅	กระเป๋า, บริการฝากกระเป๋า, รับฝาก, ล็อกเกอร์
🚸	เด็กๆ ข้ามถนน, โรงเรียน
🚫	ป้ายหวงห้าม, ห้ามเข้า
🚳	จราจร, จักรยาน, ทางเท้า, ห้าม, ห้ามจักรยาน
🚯	ป้ายห้ามทิ้งขยะ, ห้ามทิ้งขยะ
🚱	ดื่ม, น้ำ, ห้าม, ห้ามดื่มน้ำ
🚷	คนเดินเท้า, ห้าม, ห้ามคนเดินเท้า, ห้ามเดิน, ไม่มีคนเดินเท้า
📵	มือถือ, ห้าม, ห้ามมือถือ, ห้ามโทรศัพท์, ห้ามใช้โทรศัพท์, โทรศัพท์
🔞	18, สิบแปด, ห้าม, ห้ามอายุต่ำกว่า 18 ปี, อายุ, อายุไม่ถึง
🔃	ซ้ำ, ตามเข็มนาฬิกา, ลูกศร, สัญลักษณ์โหลดซ้ำ, โหลด
🔄	ทวนเข็มนาฬิกา, ลูกศร, ลูกศรทวนเข็มนาฬิกา
🔙	กลับ, ลูกศร, ลูกศรกลับ
🔚	ลูกศร, ลูกศรสิ้นสุด, สิ้นสุด
🔛	ลูกศร, เปิด
🔜	ลูกศร, สัญลักษณ์เร็วๆ นี้
🔝	ลูกศร, สัญลักษณ์บน
🛐	ที่บูชา, บูชา, ศาสนา, สักการะ
🕎	ศาสนา, เชิงเทียน, เชิงเทียน 7 กิ่ง, เทียน
🔯	ดาว, ดาว 6 แฉก
⛎	กลุ่มดาวคนแบกงู, จักรราศี
🔀	ลูกศร, ลูกศรไขว้, ไขว้
🔁	ซ้ำ, ตามเข็มนาฬิกา, ลูกศร, ลูกศรตามเข็มนาฬิกา, เล่นซ้ำ
🔂	ครั้งเดียว, ทวนเข็มนาฬิกา, ลูกศร, ลูกศรตามเข็มนาฬิกาพร้อมเลข 1, เล่นซ้ำเพลงเดียว
▶	ขวา, ลูกศร, สามเหลี่ยม, เล่น
⏩	2 เท่า, ลูกศร, เร็ว, เร่งไปข้างหน้า
⏭	ฉาก, ถัดไป, ลูกศร, สามเหลี่ยม, เล่นแทร็กถัดไป, แทร็ก
⏯	ขวา, ลูกศร, สามเหลี่ยม, หยุดชั่วคราว, เล่น, เล่นหรือหยุดชั่วคราว
◀	ซ้าย, ย้อนกลับ, ลูกศร, สามเหลี่ยม
⏪	กรอกลับ, ขวา, ถอยกลับ, ลูกศร, สามเหลี่ยม
⏮	ก่อนหน้า, ฉาก, ปุ่มแทร็กก่อนหน้า, ลูกศร, สามเหลี่ยม, แทร็ก
🔼	ปุ่ม, ปุ่มสามเหลี่ยมขึ้น, ลูกศร, สีแดง
⏫	ปุุ่ม, ลูกศร, ลูกศรขึ้น
🔽	ปุุ่ม, ปุ่มสามเหลี่ยมลง, ลง, ลูกศร, สีแดง
⏬	ปุ่ม, ลง, ลูกศร, ลูกศรลง
🎦	หนัง, โรงภาพยนตร์, โรงหนัง
🔅	ความสว่าง, แสงสว่างน้อย
🔆	ความสว่าง, แสงสว่างมาก
📶	มือถือ, สัญญาณ, สัญญาณมือถือ, โทรศัพท์
📳	โทรศัพท์มือถือ, โหมดสั่น
📴	ปิด, ปิดมือถือ, มือถือ, โทรศัพท์
⚜	ดอกลิลลี่, ดอกไม้, ดอกไอริส, ลิลลี่, สัญลักษณ์ดอกลิลลี่
🔱	ฉมวก, ตรา, สมอ, สามง่าม, เครื่องมือ, เรือ
📛	ชื่อ, ป้าย, ป้ายชื่อ
🔰	บั้ง, สัญลักษณ์มือใหม่หัดขับ, เขียว, เครื่องมือ, เหลือง, ใบไม้
✅	ช่องเขียวมีเครื่องหมายถูก, เครื่องหมายถูก, เครื่องหมายถูกสีขาวแบบหนา, เช็ค
❌	คูณ, ยกเลิก, เครื่องหมาย, เครื่องหมายกากบาท
❎	กากบาท, ปุ่มเครื่องหมายกากบาท, สี่เหลี่ยม, เครื่องหมาย
➕	บวก, เครื่องหมายบวก
➖	ลบ, เครื่องหมายลบ
➗	หาร, เครื่องหมายหาร
➰	วง, ห่วง
➿	ห่วง, ห่วง 2 รู, เส้นโค้ง
❔	คำถาม, เครื่องหมายคำถามสีขาว, เครื่่องหมาย
❕	ตกใจ, อัศเจรีย์, เครื่องหมาย, เครื่องหมายอัศเจรีย์สีขาว
💯	100 คะแนน, คะแนนเต็ม
🔠	ภาษาอังกฤษ, อักษรตัวพิมพ์ใหญ่, อักษรตัวใหญ่
🔡	ภาษาอังกฤษ, อักษรตัวพิมพ์เล็ก, อักษรตัวเล็ก
🔢	1234, ตัวเลข, หมายเลข
🔣	สัญลักษณ์, เครื่องหมาย
🔤	ตัวอักษร, ตัวอักษรภาษาอังกฤษ, อักษรละติน, เอบีซี
🆎	กรุ๊ปเลือด, กรุ๊ปเลือดเอบี, กรุ๊ปเอบี, เลือดกรุ๊ปเอบี
🆑	ลบข้อมูล, สัญลักษณ์ลบ
🆒	สัญลักษณ์ความเย็น, เย็น
🆓	ฟรี, สัญลักษณ์ฟรี, ไม่มีค่าใช้จ่าย
🆔	รหัสประจำตัว, สัญลักษณ์หมายเลขประจำตัว, หมายเลขประจำตัว
🆕	สัญลักษณ์ใหม่, ใหม่
🆖	ปุ่มเอ็นจี, เอ็นจี
🆗	ตกลง, สัญลักษณ์โอเค, โอเค
🆘	ขอความช่วยเหลือ, ช่วยด้วย, สัญลักษณ์ขอความช่วยเหลือ
🆙	ขึ้น, สัญลักษณ์ขึ้น
🆚	ต่อสู้กับ, สัญลักษณ์ต่อสู้กับ
🈁	คะตะกะนะ, ภาษาญี่ปุ่น, ภาษาญี่ปุ่นคำว่า “ที่นี่”, ภาษาญี่ปุ่นอยู่ที่นี่, “ที่นี่”
🈷	ตัวอักษรจีน, ภาษาญี่ปุ่น, ภาษาญี่ปุ่นคำว่า “จำนวนต่อเดือน”, ภาษาญี่ปุ่นพระจันทร์, “จำนวนต่อเดือน”
🈶	ตัวอักษรจีน, ภาษาญี่ปุ่น, ภาษาญี่ปุ่นคำว่า “คิดค่าใช้จ่าย”, ภาษาญี่ปุ่นมี, “คิดค่าใช้จ่าย”
🈯	ตัวอักษรจีน, ภาษาญี่ปุ่น, ภาษาญี่ปุ่นคำว่า “จองแล้ว”, ภาษาญี่ปุ่นชี้นิ้ว, “จองแล้ว”
🉐	ตัวอักษรจีน, ภาษาญี่ปุ่น, ภาษาญี่ปุ่นคำว่า “ราคาถูก”, ภาษาญี่ปุ่นประโยชน์, “ราคาถูก”
🈹	ตัวอักษรจีน, ภาษาญี่ปุ่น, ภาษาญี่ปุ่นคำว่า “ส่วนลด”, ภาษาญี่ปุ่นหาร, “ส่วนลด”
🈚	ตัวอักษรจีน, ภาษาญี่ปุ่น, ภาษาญี่ปุ่นคำว่า “ไม่มี”, ภาษาญี่ปุ่นไม่มี, “ไม่มี”
🈲	ตัวอักษรจีน, ภาษาญี่ปุ่น, ภาษาญี่ปุ่นคำว่า “ห้าม”, ภาษาญี่ปุ่นห้าม, “ห้าม”
🉑	ตัวอักษรจีน, ภาษาจีนยอมรับ, ภาษาญี่ปุ่น, ภาษาญี่ปุ่นคำว่า “ยอมรับได้”, “ยอมรับได้”
🈸	ตัวอักษรจีน, ภาษาจีนใช้, ภาษาญี่ปุ่น, ภาษาญี่ปุ่นคำว่า “ใบสมัคร”, “ใบสมัคร”
🈴	ตัวอักษรจีน, ภาษาจีนด้วยกัน, ภาษาญี่ปุ่น, ภาษาญี่ปุ่นคำว่า “ผ่าน”, “ผ่าน”
🈳	ตัวอักษรจีน, ภาษาจีนว่างเปล่า, ภาษาญี่ปุ่น, ภาษาญี่ปุ่นคำว่า “ว่าง”, “ว่าง”
🈺	ตัวอักษรจีน, ภาษาจีนเปิดทำการ, ภาษาญี่ปุ่น, ภาษาญี่ปุ่นคำว่า “เปิดทำการ”, “เปิดทำการ”
🈵	ตัวอักษรจีน, ภาษาจีนสมบูรณ์, ภาษาญี่ปุ่น, ภาษาญี่ปุ่นคำว่า “เต็ม”, “เต็ม”
🔴	วงกลม, วงกลมสีแดง, แดง
🔵	น้ำเงิน, วงกลม, วงกลมสีน้ำเงิน
🔶	สี่เหลี่ยม, เพชรใหญ่สีส้ม, เรขาคณิต
🔷	สี่เหลี่ยม, เพชรใหญ่สีน้ำเงิน, เรขาคณิต
🔸	สีส้ม, เพชร, เพชรเล็กสีส้ม, เรขาคณิต
🔹	สีน้ำเงิน, เพชร, เพชรเล็กสีน้ำเงิน, เรขาคณิต
🔺	สามเหลี่ยมหงายสีแดง, สีแดง, หงายขึ้น, เรขาคณิต
🔻	คว่ำลง, สามเหลี่ยมคว่ำสีแดง, สีแดง, เรขาคณิต
💠	ข้าวหลามตัด, ข้าวหลามตัดมีจุดตรงกลาง, เพชร, เรขาคณิต
🔘	ปุุ่ม, ปุ่มวิทยุ, วิทยุ
🔲	ปุ่ม, ปุ่มสี่เหลี่ยมขอบดำ, ปุ่มสี่เหลี่ยมสีดำ, สี่เหลี่ยม
🔳	ปุ่ม, ปุ่มสี่เหลี่ยมขอบขาว, ปุ่มสี่เหลี่ยมสีขาว, สี่เหลี่ยม
🏁	ธงตราหมากรุก, ธงหมากรุก, ธงแข่งรถ, แข่งรถ
🚩	ธง, ธงปักตำแหน่ง, ธงสามเหลี่ยม, ธงแดง
🎌	ธง, ธงไขว้
🏴	ธง, ธงดำ
🏳‍🌈	ธง, ธงสีรุ้ง, สายรุ้ง
🏴‍☠	ขุมทรัพย์, จอลลีโรเจอร์, ธงโจรสลัด, ปล้น, โจรสลัด
©️	ลิขสิทธิ์, สัญลักษณ์ลิขสิทธิ์
®️	จดทะเบียน, สัญลักษณ์จดทะเบียน
‼️	ตกใจ, อัศเจรีย์, เครื่องหมาย, เครื่องหมายอัศเจรีย์คู่
⁉️	ตกใจ, อัศเจรีย์, เครื่องหมาย, เครื่องหมายอัศเจรีย์และคำถาม
™️	ป้ายเครื่องหมายการค้า, เครื่องหมายการค้า
ℹ️	ข้อมูล, ที่มา, แหล่ง, แหล่งข้อมูล
↔️	ขวา, ซ้าย, ลูกศร, ลูกศรชี้ซ้ายขวา
↕️	ขี้น, ลง, ลูกศร, ลูกศรชี้ขึ้นลง
↖️	ตะวันตกเฉียงเหนือ, ทิศทาง, ลูกศร, ลูกศรชี้มุมซ้ายบน
↗️	ตะวันออกเฉียงเหนือ, ทิศทาง, ลูกศรชี้มุมขวาบน, ลููกศร
↘️	ตะวันออกเฉียงใต้, ทิศทาง, ลูกศร, ลูกศรชี้มุมขวาล่าง
↙️	ตะวันตกเฉียงใต้, ทิศทาง, ลูกศร, ลูกศรชี้มุุมซ้ายล่าง
↩️	ซ้าย, ลูกศร, ลูกศรวนซ้าย, วน
↪️	ขวา, ลูกศร, ลูกศรวนขวา, วน
⌚️	นาฬิกา, นาฬิกาข้อมือ
⌛️	ทราย, นาฬิกาทราย
⌨️	คอมพิวเตอร์, แป้นพิมพ์
⏏️	ดีดออก, ปฏิเสธ, ปุ่ม, ปุ่มดีดออก, อีเจ็กต์
⏱️	นาฬิกา, นาฬิกาจับเวลา
⏲️	จับเวลา, นับถอยหลัง, นาฬิกา, นาฬิกานับถอยหลัง
⏳️	นาฬิกาทราย, นาฬิกาทรายจับเวลา
⏸️	ปุ่ม, ปุ่มหยุุดชั่วคราว, หยุดชั่วคราว, แนวตั้ง
⏹️	ปุ่มหยุด, สี่เหลี่ยม, หยุด
⏺️	ปุ่มบันทึก, ปุ่มอัด, วงกลม, อัด
Ⓜ️	ตัวเอ็ม, ตัวเอ็มในวงกลม, วงกลม
▪️	สี่เหลี่ยม, สี่เหลี่ยมเล็กสีดำ, เรขาคณิต
▫️	สี่เหลี่ยม, สี่เหลี่ยมเล็กสีขาว, เรขาคณิต
◻️	สี่เหลี่ยม, สี่เหลี่ยมขนาดกลางสีขาว, เรขาคณิต
◼️	สี่เหลี่ยม, สี่เหลี่ยมขนาดกลางสีดำ, เรขาคณิต
◽️	สี่เหลี่ยม, สี่เหลี่ยมเล็กปานกลางสีขาว, เรขาคณิต
◾️	สี่เหลี่ยม, สี่เหลี่ยมเล็กปานกลางสีดำ, เรขาคณิต
☀️	พระอาทิตย์, สว่าง, อากาศ, แสงแดด
☁️	สภาพอากาศ, เมฆ, เมฆดำ
☂️	ฝน, ร่ม, สภาพอากาศ
☃️	สภาพอากาศ, สโนว์แมนและหิมะ, หนาว, หิมะ
☄️	ดาวหาง, อวกาศ
☎️	โทรศัพท์
☑️	ช่อง, ช่องดำมีเครื่องหมายถูก, ช่องลงคะแนนมีเครื่องหมายถูก, ถูก, เครื่องหมาย, เลือก
☔️	ฝน, ร่ม, ร่มและหยดน้ำฝน, สภาพอากาศ
☕️	กาแฟ, ชา, ร้อน, เครื่องดื่ม, เครื่องดื่มร้อน
☘️	พืช, ใบโคลเวอร์
☝️	ขึ้น, ชี้, นิ้ว, นิ้วชี้ขึ้น, มือ
☠️	กะโหลก, กะโหลกไขว้, ความตาย, ปิศาจ, อันตราย
☢️	กัมมันตภาพรังสี, กัมมันตรังสี, พิษ, สารเคมี
☣️	อันตราย, เชื้อโรค, เชื้อโรคอันตราย
☦️	คริสต์, ศาสนา, ไม้กางเขน, ไม้กางเขนออร์โธดอกซ์
☪️	พระจันทร์เสี้ยวและดาว, มุสลิม, ศาสนา, อิสลาม
☮️	สันติ, สันติภาพ, สันติสุข, เครื่องหมายสันติภาพ
☯️	ลัทธิ, หยินหยาง, เต๋า
☸️	จักร, ธรรมจักร, ธรรมะ, พุทธ, ศาสนา
☹️	บึ้ง, หน้า, หน้าบึ้ง
☺️	ยิ้ม, หน้า, หน้ายิ้ม
♀️	ผู้หญิง, สัญลักษณ์เพศหญิง
♂️	ผู้ชาย, สัญลักษณ์เพศชาย
♈️	จักรราศี, ราศีเมษ
♉️	จักรราศี, ราศีพฤษภ
♊️	จักรราศี, ราศีเมถุน
♋️	จักรราศี, ราศีกรกฎ
♌️	จักรราศี, ราศีสิงห์
♍️	จักรราศี, ราศีกันย์
♎️	จักรราศี, ราศีตุลย์
♏️	จักรราศี, ราศีพิจิก
♐️	จักรราศี, ราศีธนู
♑️	จักรราศี, ราศีมังกร
♒️	จักรราศี, ราศีกุมภ์
♓️	จักรราศี, ราศีมีน
♟️	หมากรุก, เกม, เบี้ย
♠️	เกม, โพดำ, ไพ่
♣️	ดอกจิก, เกม, ไพ่
♥️	หัวใจ, เกม, ไพ่
♦️	ข้าวหลามตัด, เกม, ไพ่
♨️	น้ำพุ, น้ำพุร้อน, ไอน้ำ
♻️	การรีไซเคิล, ป้ายรีไซเคิล, สัญลักษณ์รีไซเคิล
♾️	ตลอดกาล, ตลอดไป, ไม่มีขอบเขต, ไม่มีที่สิ้นสุด
♿️	คนพิการ, รถเข็นผู้ป่วย
⚒️	ค้อน, ค้อนและจอบ, จอบ, เครื่องมือ
⚓️	สมอ, สมอเรือ, เครื่องมือ, เรือ
⚔️	ดาบไขว้, ดาว, อาวุธ, ไขว้
⚕️	การแพทย์, คทางูไขว้, เครื่องหมายการแพทย์, แอสคูลาปิอุส, ไม้เท้า
⚖️	ตราชั่ง, ตุลย์, น้ำหนัก, ยุติธรรม, ราศี, สมดุล, เครื่องมือ
⚗️	วิทยาศาสตร์, สารเคมี, อุปกรณ์กลั่น, เครื่องมือ
⚙️	เครื่องมือ, เฟือง
⚛️	อะตอม, อเทวนิยม
⚠️	ป้ายระวัง, ระวัง
⚡️	สัญลักษณ์ไฟฟ้าแรงสูง, ไฟฟ้าแรงสูง
⚪️	วงกลม, วงกลมสีขาว, สีขาว
⚫️	วงกลม, วงกลมสีดำ, สีดำ
⚰️	ความตาย, โลงศพ
⚱️	กระดูก, ความตาย, งานศพ, โกศ, โกศกระดูก
⚽️	ฟุตบอล, ลูกฟุตบอล
⚾️	บอล, เบสบอล
⛄️	สภาพอากาศ, สโนว์แมน, หนาว, หิมะ
⛅️	ดวงอาทิตย์, ดวงอาทิตย์หลังเมฆ
⛈️	ฝน, ฝนฟ้าคะนอง, ฟ้าร้อง, สภาพอากาศ, เมฆ
⛏️	จอบ, เครื่องมือ, เหมือง
⛑️	กากบาท, ปลอดภัย, หมวกนิรภัย, หมวกนิรภัยมีกากบาทขาว
⛓️	โซ่
⛔️	ป้ายห้ามเข้า, หวงห้าม
⛩️	ชินโต, ลัทธิ, ศาลเจ้า, ศาลเจ้าชินโต
⛪️	คริสต์, ศาสนสถาน, ศาสนา, โบสถ์, ไม้กางเขน
⛰️	ภูเขา
⛱️	ฝน, พระอาทิตย์, ร่ม, ร่มปักดิน, สภาพอากาศ
⛲️	น้ำพุ
⛳️	กอล์ฟ, ธงในหลุม
⛴️	เรือ, เรือเฟอร์รี
⛵️	ทะเล, เรือ, เรือใบ
⛷️	นักสกี, สกี, หิมะ
⛸️	น้ำแข็ง, สเก็ต, สเก็ตน้ำแข็ง
⛹️	คนเล่นบอล, บอล
⛺️	ตั้งแคมป์, เต็นท์
⛽️	น้ำมัน, ปั๊มน้ำมัน
✂️	กรรไกร, เครื่องมือ
✈️	ยานพาหนะ, เครื่องบิน
✉️	จดหมาย, ซองจดหมาย, อีเมล
✌️	ชู 2 นิ้ว, ชูสองนิ้ว
✍️	มือ, อวัยวะ, เขียน, เขียนหนังสือ
✏️	ดินสอ
✒️	ปลายปากกา, ปลายปากกาสีดำ, ปากกา, สีดำ
✔️	ถูก, เครื่องหมาย, เครื่องหมายถูกแบบหนา, เลือก
✖️	คูณ, ยกเลิก, เครื่องหมาย, เครื่องหมายคูณ
✝️	คริสต์, ศาสนา, ไม้กางเขน, ไม้กางเขนละติน
✡️	ดาว, ดาวิด, ยิว, ยูดาย, ศาสนา, สตาร์ออฟเดวิด
✳️	ดอกจัน, เครื่องหมายดอกจัน
✴️	ดาว, ดาว 8 แฉก
❄️	สภาพอากาศ, หนาว, หิมะ, เกล็ดหิมะ
❇️	ประกาย, เปล่งประกาย
❓️	คำถาม, เครื่องหมายคำถาม, เครื่่องหมาย
❗️	ตกใจ, อัศเจรีย์, เครื่องหมาย, เครื่องหมายอัศเจรีย์
❣️	ตกใจ, หัวใจ, เครื่องหมายวรรคตอน, เครื่องหมายอัศเจรีย์รูปหัวใจ
❤️	หัวใจ, หัวใจสีแดง, หัวใจแดง
➡️	ตะวันออก, ทิศทาง, ลูกศร, ลูกศรชี้ไปทางขวา
⤴️	ขี้น, ลูกศร, ลูกศรโค้งขึ้น
⤵️	ลง, ลูกศร, ลูกศรโค้งลง
⬅️	ตะวันตก, ทิศทาง, ลูกศร, ลูกศรชี้ไปทางซ้าย
⬆️	ทิศทาง, ลูกศร, ลูกศรชี้ขึ้น, เหนือ
⬇️	ทิศทาง, ลง, ลูกศร, ลูกศรชี้ลง, ใต้
⬛️	สี่เหลี่ยม, สี่เหลี่ยมใหญ่สีดำ, เรขาคณิต
⬜️	สี่เหลี่ยม, สี่เหลี่ยมใหญ่สีขาว, เรขาคณิต
⭐️	ดวงดาว, ดาวสีขาวขนาดกลาง
⭕️	วงกลม, วงกลมใหญ่
〰️	คลื่น, เครื่องหมาย, เส้น, เส้นคลื่น
〽️	ท่อน, เครื่องหมาย, เครื่องหมายเปลี่ยนท่อน
㊗️	ตัวอักษรจีน, ภาษาจีนแสดงความยินดี, ภาษาญี่ปุ่น, ภาษาญี่ปุ่นคำว่า “แสดงความยินดี”, “แสดงความยินดี”
㊙️	ตัวอักษรจีน, ภาษาจีนความลับ, ภาษาญี่ปุ่น, ภาษาญี่ปุ่นคำว่า “ความลับ”, “ความลับ”
🀄️	นกกระจอก, เกม, เล่น, ไพ่, ไพ่นกกระจอกมังกรแดง
🅰️	กรุ๊ปเลือด, กรุ๊ปเอ, เลือดกรุ๊ปเอ
🅱️	กรุ๊ปบี, กรุ๊ปเลือด, เลือดกรุ๊ปบี
🅾️	กรุ๊ปเลือด, กรุ๊ปโอ, เลือดกรุ๊ปโอ
🅿️	จอดรถ, ที่จอดรถ
🈂️	คะตะกะนะ, ภาษาญี่ปุ่น, ภาษาญี่ปุ่นคำว่า “ค่าบริการ”, ภาษาญี่ปุ่นคำว่าซะ, “ค่าบริการ”
🌎️	ลูกโลก, ลูกโลกแสดงทวีปอเมริกา, อเมริกา
🌕️	พระจันทร์, พระจันทร์เต็มดวง, เต็มดวง
🌜️	หน้าพระจันทร์, หน้าพระจันทร์เสี้ยวซ้าย
🌡️	อุณหภูมิ, เครื่องวัด, เครื่องวัดอุณหภูมิ
🌤️	พระอาทิตย์, สภาพอากาศ, เมฆ, เมฆน้อยบดบังพระอาทิตย์
🌥️	พระอาทิตย์, สภาพอากาศ, เมฆ, เมฆก้อนใหญ่บังพระอาทิตย์
🌦️	ฝน, พระอาทิตย์, สภาพอากาศ, เมฆ, เมฆฝนบดบังพระอาทิตย์
🌧️	ฝน, สภาพอากาศ, เมฆ, เมฆฝน
🌨️	สภาพอากาศ, หิมะ, เมฆ, เมฆและหิมะ
🌩️	ฟ้าแลบ, สภาพอากาศ, เมฆ, เมฆและฟ้าแลบ
🌪️	พายุทอร์นาโด, พายุหมุน, อากาศ, เมฆ
🌫️	สภาพอากาศ, หมอก, เมฆ
🌬️	พ่นลม, ลมพัด, สภาพอากาศ, เมฆ
🌶️	พริก, พืช, เผ็ด
🍸️	ค็อกเทล, แก้วค็อกเทล
🍽️	จาน, จานพร้อมส้อมและมีด, ทำอาหาร, มีด, ส้อม
🎓️	รับปริญญา, หมวก, หมวกรับปริญญา
🎖️	กองทัพ, ยกย่อง, เหรียญ, เหรียญกล้าหาญ
🎗️	รณรงค์, รำลึก, ริบบิ้น, ริบบิ้นรำลึก
🎙️	สตูดิโอ, เพลง, ไมค์, ไมค์สตูดิโอ, ไมโครโฟน
🎚️	ที่ปรับ, ที่ปรับระดับเสียง, ระดับ, เพลง, เสียง
🎛️	ควบคุม, ปรับ, ปุ่ม, ปุ่มควบคุมเสียง, เพลง, เสียง
🎞️	ภาพยนตร์, หนัง, เฟรม, เฟรมภาพยนตร์
🎟️	ตั๋ว, ตั๋วเข้าชม, เข้าชมงาน
🎧️	หูฟัง, เฮดโฟน
🎬️	ถ่ายหนัง, สเลท
🎭️	ศาสตร์การแสดง, หน้ากาก
🎮️	จอยสติ๊ก, วิดีโอเกม, เกม
🏂️	นักสโนว์บอร์ด, สกี, สโนว์บอร์ด, หิมะ
🏄️	นักโต้คลื่น, โต้คลื่น
🏆️	ถ้วยรางวัล, รางวัล
🏊️	กีฬา, นักว่ายน้ำ, ว่ายน้ำ
🏋️	ดัมเบล, นักยกน้ำหนัก, ยกน้ำหนัก
🏌️	กอล์ฟ, นักกอล์ฟ, ลูกกอล์ฟ
🏍️	มอเตอร์ไซค์, แข่ง
🏎️	รถ, รถแข่ง, แข่ง
🏔️	ภูเขา, ภูเขามีหิมะ, หนาว, หิมะ
🏕️	ตั้งแคมป์, เต็นท์, แคมป์
🏖️	ชายหาด, ร่ม, ร่มชายหาด
🏗️	ก่อสร้าง, ก่อสร้างอาคาร, อาคาร
🏘️	บ้าน, บ้านหลายหลัง
🏙️	ตึกสูง, หมู่ตึกสูง, เมือง
🏚️	บ้าน, บ้านร้าง, รกร้าง
🏛️	คลาสสิก, อาคาร, อาคารสไตล์คลาสสิก
🏜️	ทะเลทราย
🏝️	เกาะ, เกาะร้าง
🏞️	อุทยาน, อุทยานแห่งชาติ
🏟️	สนามกีฬา, อัฒจันทร์
🏠️	บ้าน, บ้านเดี่ยว
🏭️	สิ่งปลูกสร้าง, โรงงาน
🏳️	ธง, ธงขาว
🏵️	ดอกไม้, ลายดอกกุหลาบ
🏷️	ป้าย
🐈️	สัตว์, แมว
🐕️	สัตว์, สุนัข
🐟️	ปลา, ราศี, ราศีมีน
🐦️	นก, สัตว์
🐿️	กระรอก, ชิปมังก์
👁️	ตา, ตาข้างเดียว, อวัยวะ
👂️	ฟัง, หู, อวัยวะ
👆️	ขึ้น, ชี้, นิ้ว, มือ, หลังมือนิ้วชี้ขึ้น
👇️	ชี้, นิ้ว, นิ้วชี้ลง, มือ, ลง
👈️	ชี้, ซ้าย, นิ้ว, นิ้วชี้ทางซ้าย, มือ
👉️	ขวา, ชี้, นิ้ว, นิ้วชี้ทางขวา, มือ
👍️	ชูนิ้วโป้งขึ้น, นิ้ว, มือ, อวัยวะ
👎️	คว่ำนิ้วโป้งลง, นิ้ว, มือ, อวัยวะ
👓️	ตา, แว่นตา, แว่นสายตา
👪️	คน, ครอบครัว, พ่อ, เด็ก, แม่
👽️	มนุษย์ต่างดาว, ยูเอฟโอ, หน้า, เอเลี่ยน, แฟนตาซี
💣️	ระเบิด, โกรธมาก
💰️	ถุงเงิน, เงิน
💳️	บัตร, บัตรเครดิต
💻️	คอมพิวเตอร์, พีซี, แล็ปท็อป
💿️	ซีดี, ดีวีดี, บลูเรย์
📋️	คลิปบอร์ด
📚️	จด, หนังสือ
📟️	เพจเจอร์
📤️	กล่องขาออก, จดหมายออก
📥️	กล่องขาเข้า, จดหมายเข้า
📦️	กล่อง, พัสดุ
📪️	กล่องจดหมาย, กล่องจดหมายปิดคว่ำธง
📫️	กล่องจดหมาย, กล่องจดหมายปิดยกธง
📬️	กล่องจดหมาย, กล่องจดหมายมีจดหมาย, จดหมาย, เปิด
📭️	กล่องจดหมาย, กล่องจดหมายว่าง
📷️	กล้อง, วิดีโอ
📹️	กล้อง, กล้องวิดีโอ, วิดีโอ
📺️	ทีวี, โทรทัศน์
📻️	วิทยุ, เพลง
📽️	ภาพยนตร์, วิดีโอ, หนัง, เครื่องฉาย, เครื่องฉายหนัง
🔈️	ลำโพง, ลำโพงเสียงเบา
🔒️	ปิด, ล็อก, ล็อกปิด
🔓️	ปลดล็อก, ล็อกเปิด, ล็็อก, เปิด
🕉️	ศาสนา, ฮินดู, เครื่องหมายโอม
🕊️	นก, นกพิราบขาว, บิน, สันติภาพ
🕐️	นาฬิกา, หนึ่งนาฬิกา
🕑️	นาฬิกา, สองนาฬิกา
🕒️	นาฬิกา, สามนาฬิกา
🕓️	นาฬิกา, สี่นาฬิกา
🕔️	นาฬิกา, ห้านาฬิกา
🕕️	นาฬิกา, หกนาฬิกา
🕖️	นาฬิกา, เจ็ดนาฬิกา
🕗️	นาฬิกา, แปดนาฬิกา
🕘️	นาฬิกา, เก้านาฬิกา
🕙️	นาฬิกา, สิบนาฬิกา
🕚️	นาฬิกา, สิบเอ็ดนาฬิกา
🕛️	นาฬิกา, สิบสองนาฬิกา
🕯️	เทียน, แสง
🕰️	นาฬิกา, นาฬิกาบนหิ้ง
🕳️	หลุม
🕴️	ชาย, ชายใส่สูทลอยได้, ธุรกิจ, ลอย, สูท
🕵️	นักสืบ, แกะรอย
🕶️	ตา, แดด, แว่นกันแดด, แว่นตา
🕷️	แมงมุม, แมลง
🕸️	แมงมุม, ใย, ใยแมงมุม
🕹️	จอยสติ๊ก, วิดีโอ, เกม
🖇️	กระดาษ, คลิป, คลิปหนีบกระดาษคู่, หนีบ
🖊️	ปากกา, ลูกลื่น, หมึก
🖋️	ปากกา, ปากกาหมึกซึม, หมึกซึม
🖌️	ภาพวาด, สี, แปรงทาสี
🖍️	ดินสอสี, วาดเขียน, สี
🖐️	ชูมือกางนิ้ว, นิ้ว, มือ, อวัยวะ
🖥️	คอมพิวเตอร์, คอมพิวเตอร์เดสก์ท็อป, ตั้งโต๊ะ, เดสก์ท็อป
🖨️	คอมพิวเตอร์, เครื่องพิมพ์
🖱️	คอมพิวเตอร์, เมาส์
🖲️	คอมพิวเตอร์, แทร็กบอล
🖼️	กรอบรูป, พิพิธภัณฑ์, ภาพวาด, รูปภาพ, รูปใส่กรอบ, ศิลปะ
🗂️	ดัชนี, ที่คั่น, ที่คั่นบัตรรายการ, บัตร, รายการ
🗃️	กระดาษ, กล่อง, กล่องใส่แฟ้ม, เอกสาร, แฟ้ม
🗄️	ตู้, ตู้เอกสาร, เอกสาร, แฟ้ม
🗑️	ขยะ, ตะกร้า, ตะกร้าขยะ
🗒️	จด, สมุด, สมุดโน้ตสันห่วง, ห่วง, โน้ต
🗓️	ปฏิทิน, ปฏิทินสันห่วง, ห่วง
🗜️	บีบอัด, หนีบ, เครื่องบีบอัด, เครื่องมือ
🗝️	กุญแจ, กุญแจเก่า, ล็อก, เก่า
🗡️	ดาบ, ดาบสั้น, อาวุธ
🗣️	คน, พูด, เงา, เงาคนกำลังพูด
🗨️	คำพูด, บทสนทนา, ฟองคำพูด
🗯️	ฟองคำพูด, ฟองคำพูดรุนแรง, ลูกโป่ง, โกรธ
🗳️	บัตร, ลงคะแนน, หีบ, หีบบัตรลงคะแนน
🗺️	แผนที่, แผนที่โลก, โลก
😐️	หน้า, หน้าเฉยๆ, เฉยๆ
🚇️	ยานพาหนะ, รถไฟ, รถไฟใต้ดิน
🚍️	กำลังมา, ยานพาหนะ, รถบัส, รถบัสกำลังมา
🚑️	ยานพาหนะ, รถพยาบาล
🚔️	กำลังมา, ตำรวจ, ยานพาหนะ, รถตำรวจกำลังมา, รถยนต์
🚘️	รถ, รถกำลังมา
🚭️	ป้ายห้ามสูบบุหรี่, ห้ามสูบบุหรี่
🚲️	จักรยาน, ยานพาหนะ
🚹️	ผู้ชาย, สุขภัณฑ์, สุขา, ห้องชาย, ห้องน้ำ, ห้องน้ำชาย
🚺️	ผู้หญิง, สุขภัณฑ์, สุขา, ห้องน้ำ, ห้องน้ำหญิง, ห้องหญิง
🚼️	ที่เปลี่ยนผ้าอ้อมเด็ก, ป้ายทารก
🛋️	โคมไฟ, โซฟา, โซฟากับโคมไฟ, โรงแรม
🛍️	ช้อปปิ้ง, ถุง, ถุงช็อปปิ้ง, ห้าง
🛎️	กระดิ่ง, กระดิ่งโรงแรม, พนักงาน, โรงแรม
🛏️	หลับ, เตียง, โรงแรม
🛠️	ค้อน, ค้อนและประแจ, ประแจ, เครื่องมือ
🛡️	ป้องกัน, อาวุธ, โล่
🛢️	ถัง, ถังน้ำมัน, น้ำมัน
🛣️	ถนน, ทางด่วน
🛤️	รถไฟ, รางรถไฟ
🛥️	ยานพาหนะ, เรือ, เรือยนต์
🛩️	ยานพาหนะ, เครื่องบิน, เครื่องบินเล็ก
🛰️	ดาวเทียม, อวกาศ, เทคโนโลยี
🛳️	เรือ, เรือโดยสาร
