‾	ቪንኩለም, ኣብ ላዕሊ ሕንጻጽ, ኣብ ላዕሊ መስመር
_	መስመር, ታሕተዋይ መስመር, ታሕተዋይ ዳሽ, ዝተሰመረ, ዳሽ, ዳሽ ዝተገብረ
-	ሃይፈን-ዝጎደሎ, ህይፈን, ዝጎደለ, ዳሽ
‐	ሃይፈን, ዳሽ
–	አን, አን ዳሽ, ዳሽ
—	አም, አም ዳሽ, ዳሽ
―	መስመር, ሽራጥ, ዳሽ, ጎድናዊ ሽራጥ
・	ማእከላይ ዶት, ማእከላይ ዶት ናይ ካታካና, ካታካና, ውሽጣዊ ስርዓተ-ነጥቢ, ዶትስ
,	ኮማ
،	ናይ ዓረብ ኮማ, ኮማ, ዓረብ
、	ኣይድዮ-ግኦግራፊክ, ኣይድዮ-ግኦግራፊክ ኮማ, ኮማ
;	ነጥበ-ሰረዝ, ነጥበሰረዝ
؛	ነጥበ-ሰረዝ, ናይ ዓረብ, ናይ ዓረብ ነጥበ-ሰረዝ
:	ሰረዝ
!	ምልክት ስምዒት, ስምዒት, ስምዒት ነጥቢ, ባንግ
¡	ምልክት ስምዒት, ስምዒት, ስምዒት ነጥቢ, ባንግ, ግምጣል, ግምጣል ምልክት ስምዒት
?	ሕቶ, ምልክት ሕቶ
¿	ሕቶ, ምልክት ሕቶ, ግምጣል, ግምጣል ምልክት ሕቶ
؟	ሕቶ, ምልክት ሕቶ, ናይ ዓረብ ምልክት ሕቶ, ዓረብ
‽	ኢንተራባንግ, ኢንተሮባንግ
.	ኣርባዕተ ነጥቢ, ዶት, ጊዜ
…	ዶት, ግድፈተ-ቃላት, ግድፈት
。	ኣርባዕተ ነጥቢ, ኣይድዮ-ግኦግራፊክ, ኣይድዮ-ግኦግራፊክ ጊዜ, ጊዜ
·	ማእከላይ, ማእከላይ ዶት, ውሽጣዊ ስርዓተ-ነጥቢ, ዶት
'	ምጥቃስ, ናይ ጽሕፈት መኪና ኣፖስትሮፍ, ንጽል ምጥቃስ, ኣፖስትሮፍ
‘	ምጥቃስ, በሊሕ ምጥቃስ, ንጽል ምጥቃስ, ኣፖስትሮፍ, ጸጋማዊ ኣፖስትሮፍ
’	ምጥቃስ, ቅኑዕ ኣፖስትሮፍ, በሊሕ ምጥቃስ, ንጽል ምጥቃስ, ኣፖስትሮፍ
‚	ምጥቃስ, ትሑት ምጥቃስ, ትሑት ቅኑዕ ኣፖስትሮፍ, ኣፖስትሮፍ
“	ምጥቃስ, በሊሕ ምጥቃስ, ድርብ ምጥቃስ, ጸጋማይ ምልክት ጥቕሲ
”	ምጥቃስ, ቅኑዕ ምልክት ጥቕሲ, በሊሕ ምጥቃስ, ድርብ ምጥቃስ
„	ምጥቃስ, በሊሕ ምጥቃስ, ትሑት ምልክት ጥቕሲ, ትሑት ቅኑዕ ምልክት ጥቕሲ, ድርብ ምጥቃስ
«	ሓባሪ ምልክት, ሓጹር, ምጥቃስ, ቸቭሮን, ኩርናዕ, ጸጋማይ, ጸጋማይ ጕዊለመንት
»	ሓባሪ ምልክት, ሓጹር, ምጥቃስ, ቅኑዕ ጕዊለመንት, ቸቭሮን, ኩርናዕ, የማናይ
)	ሓጹር, ከቢብ ሓጹር, ዝተዓጽወ ሓጹር
[	ሓጹር, ትርብዒታዊ-ሓጹር, ክሮትቸት, ክፉት ትርብዒታዊ-ሓጹር
]	ሓጹር, ትርብዒታዊ-ሓጹር, ክሮትቸት, ዕጹው ትርብዕታዊ-ሓጹር
{	ሓጹር, ክፉት ዕኽሉል ሓጹር, ዕኽሉል ሓጹር, ደገፈ, ጋልዊንግ
}	ሓጹር, ዕኽሉል ሓጹር, ዕጹው ዕኽሉል ሓጹር, ደገፈ, ጋልዊንግ
〈	ሓጹር, ቱብለ, ቸቭሮን, ኣልማዛዊ ሓጹር, ኣመልካቲ ኩርናዕ ሓጹር, ኩርናዕ ሓጹር, ክፉት ኩርናዕ ሓጹር
〉	ሓጹር, ቱብለ, ቸቭሮን, ኣልማዛዊ ሓጹር, ኣመልካቲ ኩርናዕ ሓጹር, ኩርናዕ ሓጹር, ዕጹው ኩርናዕ ሓጹር
《	ሓጹር, ክፉት ድርብ ኩርናዕ ሓጹር, ድርብ ኩርናዕ ሓጹር
》	ሓጹር, ዕጹው ድርብ ኩርናዕ ሓጹር, ድርብ ኩርናዕ ሓጹር
「	ሓጹር, ኩርናዕ ሓጹር, ክፉት ናይ ኩርናዕ ሓጹር
」	ሓጹር, ኩርናዕ ሓጹር, ዕጹው ናይ ኩርናዕ ሓጹር
『	ሓጹር, ኣዚዩ ክፉት ኩርናዕ ሓጹር, ክፉት ኩርናዕ ሓጹር
』	ሓጹር, ኣዚዩ ዕጹው ኩርናዕ ሓጹር, ክፉት ኩርናዕ ሓጹር
【	lenናይ ለንስ ሓጹር, ሓጹር, ናይ ለንስ ሓጹር, ክፉት ጸሊም ናይ ለንስ ሓጹር
】	lenናይ ለንስ ሓጹር, ሓጹር, ናይ ለንስ ሓጹር, ዕጹው ጸሊም ናይ ለንስ ሓጹር
〔	ሓጹር, ክፉት ናይ ጎብየ ድርዒ ሓጹር, ድርዒ ሓጹር, ጎብየ ድርዒ ሓጹር
〕	ሓጹር, ዕጹው ናይ ጎብየ ድርዒ ሓጹር, ድርዒ ሓጹር, ጎብየ ድርዒ ሓጹር
〖	ሓጹር, ናይ ለንስ ሓጹር, ኣዚዩ ክፉት ናይ ለንስ ሓጹር, ክፉት ናይ ለንስ ሓጹር
〗	ሓጹር, ናይ ለንስ ሓጹር, ኣዚዩ ዕጹው ናይ ኩርናዕ ሓጹር, ክፉት ናይ ለንስ ሓጹር
§	ሕጡበ ጽሑፍ, ሶልክሮው, ክፋል
¶	ሕጥበ ጽሑፍ, ምልክት ናይ ሕጥበ ጽሑፍ, ኣሊንያ, ፒልስችሮው, ፓራፍ
@	ስትሩደል, ኣምፐርሳት, ኣሮባ, ኣሮባስ, ኣብ ምልክት, ኣብ ንግዳዊ, ኣብ-ምልክት
*️	ኣስተርሲክ, ኮኾብ, ዊልድካርድ
/	ሰሊዱስ, ስላሽ, ቄናን, ቪርጉለ, ወቅዒ, ዋክ
\	ባክስላሽ, ዋክ, ግምጣል ሰሊዱስ
&	ኣምፐርሳንድ, ኤት, ከምኡ`ውን
#️	lb, ሃሽ, ሃሽታግ, ምልክት ሃሽ, ቁጽሪ, ፓወንድ
%	ሚእታዊት
‰	ኣብ ሽሕ
†	ሓወልቲ, ምልክት ሽቶል, ሽቶል, ኦበሉስ
‡	ሓወልቲ, ሽቶል, ኦበሉስ, ድርብ, ድርብ ምልክት ሽቶል
•	ዓረር, ዶት
‧	ሃይፈን, ነጥቢ, ናይ ሃይፈን ነጥቢ, ዳሽ
′	ቀዳማዊ
″	ቀዳማዊ, ድርብ ቀዳማዊ
‴	ስሉሳዊ ቀዳማዊ, ቀዳማዊ
‸	ሓባሪት ተውሳኽ
※	መወከሲ ምልክት
⁂	ስሉስ ኮኾብ, ኮኾብ, ጉጅለ ኮኾብ
`	ቃና, ኣደማምጻ, ዕቱብ, ዕቱብ ኣደማምጻ
´	ቃና, ኣዘራርባ, ዝጊልሐ ኣደማምጻ, ጊሉሕ
^	ሃት, ሓዪ, ምልክት ኤክሶር, ምቁጽጻር, ሲርኩምፍለክስ, ሲርኩምፍለክስ ኣደማምጻ, ቸቭሮን, ኣመልካቲት, ኣደማምጻ, ካረት, ውሻል
¨	ትረማ, ኡምልዋት, ዲያረሲስ
°	መርትዖ, ሰዓት, ደረጃ
℗	መሰል ደራሲ, ምዕቃብ, ምዕቃብ ድምጺ መሰል ደራሲ, ድምጺ
←	ምልክት, ጸጋማይ-ጫፍ ምልክት, ጸጋም
↚	ንጸጋም ዝሕብር ፍላጻ ሕንጻጽ
→	ምልክት, የማናይ, የማናይ-ጫፍ ምልክት
↛	ንየማን ዝሕብር ፍላጻ ሕንጻጽ
↑	ምልክት, ንላዕሊ, ንላዕሊ-ጫፍ ምልክት
↓	ምልክት, ታሕተዋይ, ታሕተዋይ-ጫፍ ምልክት
↜	ንጸጋም ዝሕብር ተዓጻጻፊ ፍላጻ
↝	ንየማን ዝሕብር ተዓጻጻፊ ፍላጻ
↞	ንጸጋም ዝሕብር በዓል ክልተ ርእሲ ፍላጻ
↟	ንላዕሊ ዝሕብር በዓል ክልተ ርእሲ ፍላጻ
↠	ንየማን ዝሕብር በዓል ክልተ ርእሲ ፍላጻ
↡	ንታሕቲ ዝሕብር በዓል ክልተ ርእሲ ፍላጻ
↢	ንጸጋም ዝሕብር ፍላጻ ጭራ
↣	ንየማን ዝሕብር ፍላጻ ጭራ
↤	ንጸጋም ዝሕብር ፍላጻ ካብ ደረት
↥	ንላዕሊ ዝሕብር ፍላጻ ካብ ደረት
↦	ንየማን ዝሕብር ፍላጻ ካብ ደረት
↧	ንታሕቲ ዝሕብር ፍላጻ ካብ ደረት
↨	ንላዕሊን ታህትን ዝሕብር ፍላጻ ምስ ሰረት
↫	ንጸጋም ዝሕብር ፍላጻ ዓንኬል
↬	ንየማን ዝሕብር ፍላጻ ዓንኬል
↭	ንጸጋምን የማንን ዝሕብር ተዓጻጻፊ ፍላጻ
↯	ንታሕቲ ዝሕብር ጠምዝማዛ ፍላጻ, ጠምዝማዛ
↰	ንላዕሊ ከይዱ ኣብ ጫፉ ንጸጋም ዝዕጸፍ ፍላጻ
↱	ንላዕሊ ከይዱ ኣብ ጫፉ ንየማን ዝዕጸፍ ፍላጻ
↲	ንታሕቲ ከይዱ ኣብ ጫፉ ንጸጋም ዝዕጸፍ ፍላጻ
↳	ንታሕቲ ከይዱ ኣብ ጫፉ ንየማን ዝዕጸፍ ፍላጻ
↴	ንየማን ከይዱ ኣብ ማእከሉ ንታሕቲ ዝዕጸፍ ፍላጻ
↵	ንታሕቲ ከይዱ ኣብ ማእከሉ ንጸጋም ዝዕጸፍ ፍላጻ
↶	ኣንጻር ሰዓታዊ ኣንፈት ዝሕብር ፍርቂ ክቢ ፍላጻ
↷	ሰዓታዊ ኣንፈት ዝሕብር ፍርቂ ክቢ ፍላጻ
↸	ንሰሜናዊ ምዕራብ ዝሕብር ፍላጻ ነዊሕ ደረት
↹	ንጸጋም ዝሕብር ኣብ ልዕሊ ንየማን ዝሕብር ፍላጻ ደረት
↺	ኣንጻር ሰዓታዊ ኣንፈት ዝሕብር ክፉት ክቢ ፍላጻ
↻	ሰዓታዊ ኣንፈት ዝሕብር ክፉት ክቢ ፍላጻ
↼	ሰዓታዊ ኣንፈት ዝሕብር ክፉት ክቢ ፍላጻ, ንጸጋም ዝሕብር ኮይኑ ንላዕዒ ዝተዓጽፈ ዓንቃሪቦ
↽	ንጸጋም ዝሕብር ኮይኑ ንታሕቲ ዝተዓጽፈ ዓንቃሪቦ
↾	ንላዕሊ ዝሕብር ኮይኑ ንየማን ዝተዓጽፈ ዓንቃሪቦ, ዓንቃሪቦ
↿	ንላዕሊ ዝሕብር ኮይኑ ንጸጋም ዝተዓጽፈ ዓንቃሪቦ, ዓንቃሪቦ
⇀	ንየማን ዝሕብር ኮይኑ ንላዕሊ ዝተዓጽፈ ዓንቃሪቦ, ንጸጋም ዝሕብር ኮይኑ ንላዕሊ ዝተዓጽፈ ዓንቃሪቦ, ዓንቃሪቦ
⇁	ንየማን ዝሕብር ኮይኑ ንታሕቲ ዝተዓጽፈ ዓንቃሪቦ, ንየማን ዝሕብር ኮይኑ ንታሕቲዝተዓጽፈ ዓንቃሪቦ, ዓንቃሪቦ
⇂	ንታሕቲ ዝሕብር ኮይኑ ንየማን ዝተዓጽፈ ዓንቃሪቦ, ዓንቃሪቦ
⇃	ንታሕቲ ዝሕብር ኮይኑ ንጸጋም ዝተዓጽፈ ዓንቃሪቦ, ዓንቃሪቦ
⇄	ንየማን ዝሕብር ኣብ ልዕሊ ንጸጋም ዝሕብር ፍላጻ
⇅	ምልክት, ታሕተዋይ, ንላዕሊ, ንላዕሊ-ጫፍ ኣብ ልዕሊ ታሕተዋይ-ጫፍ ምልክት
⇆	ምልክት, የማን, ጸጋማይ-ጫፍ ኣብ ልዕሊ የማናይ-ጫፍ ምልክት, ጸጋም
⇇	ንጸጋም ዝሕብር ጽምዲ ፍላጻ
⇈	ንላዕሊ ዝሕብር ጽምዲ ፍላጻ
⇉	ንየማን ዝሕብር ጽምዲ ፍላጻ
⇊	ንታሕቲ ዝሕብር ጽምዲ ፍላጻ
⇋	ንጸጋም ዝሕብር ዓንቃሪቦ ኣብ ልዕሊ ንየማን ዝሕብር ዓንቃሪቦ
⇌	ንየማን ዝሕብር ዓንቃሪቦ ኣብ ልዕሊ ንጸጋም ዝሕብር ዓንቃሪቦ
⇐	ንጸጋም ዝሕብር ድርብ ፍላጻ
⇍	ንጸጋም ዝሕብር ድርብ ፍላጻ ሕንጻጽ
⇑	ንላዕሊ ዝሕብር ድርብ ፍላጻ
⇒	ንየማን ዝሕብር ድርብ ፍላጻ
⇏	ንየማን ዝሕብር ድርብ ፍላጻ ሕንጻጽ
⇓	ንታሕቲ ዝሕብር ድርብ ፍላጻ
⇔	ንጸጋምን የማንን ዝሕብር ድርብ ፍላጻ
⇎	ንጸጋምን የማንን ዝሕብር ድርብ ፍላጻ ሕንጻጽ
⇖	ንሰሜናዊ ምዕራብ ዝሕብር ድርብ ፍላጻ
⇗	ንሰሜናዊ ምብራቕ ዝሕብር ድርብ ፍላጻ
⇘	ንደቡባዊ ምብራቕ ዝሕብር ድርብ ፍላጻ
⇙	ንደቡባዊ ምዕራብ ዝሕብር ድርብ ፍላጻ
⇚	ንጸጋም ዝሕብር በዓል ሰለስተ ፍላጻ
⇛	ንየማን ዝሕብር በዓል ሰለስተ ፍላጻ
⇜	ንጸጋም ዝሕብር ተዓጻጻፊ ፍላጻ, ንጸጋም ዝሕብር ጠምዝማዛ ፍላጻ
⇝	ንየማን ዝሕብር ተዓጻጻፊ ፍላጻ, ንየማን ዝሕብር ጠምዝማዛ ፍላጻ
⇞	ንላዕሊ ዝሕብር ፍላጻ ድርብ ሕንጻጽ
⇟	ንታሕቲ ዝሕብር ፍላጻ ድርብ ሕንጻጽ
⇠	ንጸጋም ዝሕብር ቁርጽራጽ ፍላጻ
⇡	ንላዕሊ ዝሕብር ቁርጽራጽ ፍላጻ
⇢	ንየማን ዝሕብር ቁርጽራጽ ፍላጻ
⇣	ንታሕቲ ዝሕብር ቁርጽራጽ ፍላጻ
⇤	ንጸጋም ዝሕብር ፍላጻ ደረት
⇥	ንየማን ዝሕብር ፍላጻ ደረት
⇦	ንጸጋም ዝሕብር ክፍቲ ፍላጻ
⇧	ንላዕሊ ዝሕብር ክፍቲ ፍላጻ
⇨	ንየማን ዝሕብር ክፍቲ ፍላጻ
⇩	ንታሕቲ ዝሕብር ክፍቲ ፍላጻ
⇪	ንላዕሊ ዝሕብር ክፍቲ ፍላጻ ካብ ደረት
⇵	ንታሕቲ ዝሕብር ፍላጻ ንላዕሊ ዝሕብር ፍላጻ
∀	ንኹሎም, ኩሎም, ዓለምለኻዊ, ዝተውሃበ, ዝኾነ
∂	ምፍልላይ, ብኸፊል ምፍልላይ
∃	ኣብኡ ኣሎ
∅	ሕሳብ, መስርዕ ኦፐሬተር, ባዶ መስርዕ, ባዶ ምድላው
∆	ስሉስ ኩርናዕ, ወሰኽ
∇	ስሉስ ኩርናዕ, ናብላ
∈	ባእታ, ባእታ ናይ, ኣባልነት, እኩብ, የጠቃልል
∉	ረቛሒ, ረቛሒ ኣይኰነን
∋	ረቛሒ, ከም ኣባል ሒዙ
∎	q.e.d., qed, መወዳእታ መርትዖ, ምልክት መዛዘሚ, ምልክት መፈጸምታ
∏	n-ኣሃዱ መራብሒ, መራብሒ, ስነ-መጎት
∑	n-ኣሃዱ ድምር, ሕሳብ, ድምር
+	ምልክት ምድማር, ምድማር
±	ምድማር-ምጉዳል
÷	ምልክት ምምቃል, ምምቃል, ኦበልዩስ
×	ምልክት ምርባሕ, ምርባሕ
<	ላቔባ, ላቔባ ምክፋት, ይንእስ
≮	ሕሳብ, ውሑድ ዘይኮነ, ዘይማዕረነት
=	ልክዕ
≠	ልክዕ ዘይኮነ, ማዕርነት
>	ላቔባ, ላቔባ ምዕጻው, ይዓቢ
≯	ሕሳብ, ዓብዪ ዘይኮነ, ዘይማዕረነት
¬	ኣሉታ, ኣይኮነን
|	vሕንጣጥ, ሕንጣጥ, መስመር, ሰፈር ወቕዒ, በትሪ, ቱቦ, ትኹል ሕንጻጽ, ወቅዒ, ጭማራ
~	ቲልደ
−	ምልክት ምጉዳል, ምጉዳል
⁻	ልዕለ-ውራቕ, ልዕለ-ውራቕ ምጉዳል, ምጉዳል
∓	ምድማር-ምጉዳል, ምጉዳል ወይ ምድማር
∕	ሕንጻጽ, ናይ ምምቓል እዝባር, እዝባር, ጋድም ሕንጻጽ
⁄	ሕንጻጽ, ናይ ክፋል እዝባር, ጋድም ሕንጻጽ
∗	ምልክት ኮኾብ ኦፐሬተር, ኮኾብ
∘	ቀለቤታዊ ኦፐሬተር, ኣቀማምጣ, ኦፐሬተር
∙	ምልክት ነጥቢ ኦፐሬተር, ኦፐሬተር
√	መልሲ, ሱርድ, ትርብዒት, ትርብዒትe
∝	ተመጣጠንቲ, ተመጣጣኒነት
∞	ምልክት ደረት ኣልቦነት, ደረት ኣልቦነት
∟	ሕሳብ, ቅኑዕ ኩርናዕ
∠	ኩርናዕ, ዘይቅኑዕ
∣	መቓሊ, ይመቕሎ, ግኒንጎኒይመቕሎ
∥	ግኒንጎኒ
∧	ac, atque, ስነ-መጎት ከምኡ ውን, ወሸለ
∩	ምምሕልላፍ, እኩብ
∪	እኩብ
∫	ኢንተግራል, ካልኩለስ
∬	ካልኩለስ, ድርብ ኢንተግራል
∮	ዓንኬል ኢንተግራል
∴	ስለዚ, ስነ-መጎት
∵	ምኽንያቱ, ስነ-መጎት
∶	ምምዝዛን
∷	ተመጣጠንቲ, ተመጣጠንቲ ዶት, ተመጣጣኒነት
∼	መጸውዒ ቃላት ኦፐሬተር, ኦፐሬተር
∽	መጸውዒ ቃላት, ዝተገልበጠ መጸውዒ ቃላት
∾	ንጋድም ዝተገልበጠ s
≃	ሕሳብ, ንማዕረ ዝተጸግዐ, ዝተጸግዐ
≅	ሕሳብ, ማዕርነት, ምስምዕማዕ, ኣይዞሞርፊዝም, ዳርጋ ማዕረ
≈	ምቅርራብ, ተቃራራቢ, ዳርጋ ልክዕ
≌	ሕሳብ, ማዕርነት, ኩሉ ማዕረ
≒	እቲ ምስሊ ዳርጋ ማዕረ
≖	ሕሳብ, ማዕርነት, ዓንኬል ኣብ ማዕረ
≡	ልክዕ, ስልሲት, ተመሳሳሊ, ተመሳሳሊ ን
≣	ሕሳብ, ማዕርነት, ፍጹም ተመጣጣኒ
≤	ማዕረ, ማዕርነት, ይንእስ, ይንእስ ወይ ማዕረ
≥	ማዕረ, ማዕርነት, ንላዕሊ ወይ ማዕረ
≦	ሕሳብ, ዘይማዕረነት, ዝውሕድ ኣብ ልዕሊ ማዕረ
≧	ሕሳብ, ዘይማዕረ, ዝዓበየ ኣብ ልዕሊ ማዕረ
≪	ሕሳብ, ዘይማዕረነት, ዝያዳ ዝወሓደ
≫	ሕሳብ, ዘይማዕረነት, ዝያዳ ዝዓበየ
≬	ኣብመንጎ
≳	ሕሳብ, ካብ ዝተመጣጠነ ዝዓበየ, ዘይማዕረ
≺	ሕሳብ, መስርዕ ኦፐሬተር, ዝቐደመ
≻	ሕሳብ, መስርዕ ኦፐሬተር, ዝተኸተለ
⊁	ሕሳብ, መስርዕ ኦፐሬተር, ዘይተኸተለ
⊂	ንኡስ እኩብ, ንኡስ እኩብ ናይ, እኩብ
⊃	ሕሳብ, መስርዕ ኦፐሬተር, ግዙፍ መስርዕ
⊆	ንኡስ መስርዕ ማዕረ
⊇	ሕሳብ, ማዕርነት, ግዙፍ መስርዕ ማዕረ
⊕	ምድማር, ኣብ ዓንኬል ምድማር
⊖	ምድምሳስ, ንማዕረ ምክፋል, ኣብ ዓንኬል ምጉዳል
⊗	ምርባሕ, ኣብ ዓንኬል ምርባሕ, ውጥረት
⊘	ሕሳብ, ኣብ ዓንኬል ናይ ምምቃል እዝባር, ከም-ምምቃል
⊙	XNOR, ኣብ ዓንኬል ናይ ነጥቢ ኦፐሬተር, ኦፐሬተር
⊚	ኣብ ዓንኬል ናይ ዓንኬል ኦፐሬተር
⊛	ምልክት ኮኾብ, ኣብ ዓንኬል ናይ ኮኾብ ኦፐሬተር, ኦፐሬተር
⊞	ሕሳብ, ኣብ ትርብዒት ምድማር, ከም-ምድማር
⊟	ሕሳብ, ኣብ ትርብዒት ምጉዳል, ከም-ምጉዳል
⊥	eet, ካብ ደረት ንላዕሊ, ደረት, ፋልሱም
⊮	ኣይሕይሎን
⊰	ሕሳብ, መስርዕ ኦፐሬተር, ኣብ ትሕቲ ርክብ ዝቀደመ
⊱	ሕሳብ, መስርዕ ኦፐሬተር, ኣብ ትሕቲ ርክብ ዝተኸተለ
⋭	ሕሳብ, ንኡስ ጉጅለ ክልስ-ሓሳብ, ከም ልሙድ ዘይሓዘ ንኡስ ጉጅለ ማዕረ
⊶	ናይ መጀመርታ
⊹	ሕሳብ, ብሕታዊ ዝተጣመረ ማትሪክስ, ትርብዒት ማትሪክስ, ዓርሰ-ምጥማር ማትሪክስ
⊿	ሕሳብ, ስሉስ ኩርናዕ, ቅኑዕ ስሉስ ኩርናዕ
⋁	n-ኣሃዱ ስነ-መጎት ወይ, ስነ-መጎት, ዘይምትሕሓዝ
⋂	n-ኣሃዱ መራኽቦ, ሕሳብ, መራኽቦ, መስርዕ ኦፐሬተር
⋃	n-ኣሃዱ ምጽምባር, ሕሳብ, መስርዕ ኦፐሬተር, ምጽምባር
⋅	ነጥቢ ኦፐሬተር, ኦፐሬተር
⋆	ኦፐሬተር, ኮኾብ ኦፐሬተር
⋈	ተፈጥሮኣዊ ምስዓብ, ናይ ክልተኣዊ ኦፐሬተር, ኣብ ክሳድ ምእሳር
⋒	ሕሳብ, መራኽቦ, መስርዕ ኦፐሬተር, ድርብ መራኽቦ
⋘	ሕሳብ, ዘይማዕረነት, ዝያዳ ዝያዳ ዝወሓደ
⋙	ሕሳብ, ዘይማዕረነት, ዝያዳ ዝያዳ ዝዓበየ
⋮	ሕሳብ, ንትኹል ወሳኺቶ, ወሳኺቶ
⋯	ኣብ ማእከል ንጋድም ወሳኺቶ, ወሳኺቶ
⋰	ሕሳብ, ንየማን ቄናን ወሳኺቶ, ወሳኺቶ
⋱	ሕሳብ, ንጸጋም ቄናን ወሳኺቶ, ወሳኺቶ
■	ድፉን ትርብዒት
□	ክፉት ትርብዒት
▢	ክፉት ትርብዒት ምስ ክባዊ ኩርናዕ
▣	ክፉት ትርብዒት ድፉን ትርብዒት ዝሓዘ
▤	ትርብዒት ብጋድም ሕንጻጽ ዝመለአ
▥	ትርብዒት ብትኹል ሕንጻጽ ዝመለአ
▦	ትርብዒት ብትኹልን ግድምን ሕንጻጽ ዝመለአ
▧	ትርብዒት ብንየማን ቄናን ሕንጻጽ ዝመለአ
▨	ትርብዒት ብንጸጋም ቄናን ሕንጻጽ ዝመለአ
▩	ትርብዒት ብየማንን ጸጋምን ቄናን ሕንጻጽ ዝመለአ
▬	ድፉን ርቡዕ ኩርናዕ
▭	ክፉት ርቡዕ ኩርናዕ
▮	ድፉን ትኹል ርቡዕ ኩርናዕ
▰	ድፉን ተመዓራራዪ ርቡዕ ኩርናዕ
▲	መልአ, ምልክት, ስሉስ ኩርናዕ, ንላዕሊ, ንላዕሊ-ዝጠመተ ስሉስ ኩርናዕ መልአ
△	ክፉት ንላዕሊ ዘመልክት ስሉስ ኩርናዕ
▴	ድፉን ንላዕሊ ዘመልክት ንእሽቶ ስሉስ ኩርናዕ
▵	ክፉት ንላዕሊ ዘመልክት ንእሽቶ ስሉስ ኩርናዕ
▷	ክፉት ንየማን ዘመልክት ስሉስ ኩርናዕ
▸	ድፉን ንየማን ዘመልክት ንእሽቶ ስሉስ ኩርናዕ
▹	ክፉት ንየማን ዘመልክት ንእሽቶ ስሉስ ኩርናዕ
►	ድፉን ንየማን ዘመልክት ጠቋሚ
▻	ክፉት ንየማን ዘመልክት ጠቋሚ
▼	መላአ, ምልክት, ንታሕቲ, ንታሕቲ-ዝጠመተ ስሉስ, ንታሕቲ-ዝጠመተ ስሉስ ኩርናዕ መልአ
▽	ክፉት ንታሕቲ ዘመልክት ስሉስ ኩርናዕ
▾	ድፉን ንታሕቲ ዘመልክት ንእሽቶ ስሉስ ኩርናዕ
▿	ክፉት ንታሕቲ ዘመልክት ንእሽቶ ስሉስ ኩርናዕ
◁	ክፉት ንጸጋም ዘመልክት ስሉስ ኩርናዕ
◂	ድፉን ንጸጋም ዘመልክት ንእሽቶ ስሉስ ኩርናዕ
◃	ክፉት ንጸጋም ዘመልክት ንእሽቶ ስሉስ ኩርናዕ
◄	ድፉን ንጸጋም ዘመልክት ጠቋሚ
◅	ክፉት ንጸጋም ዘመልክት ጠቋሚ
◆	ድፉን ኣልማዝ
◇	ክፉት ኣልማዝ
◈	ክፉት ኣልማዝ ድፉን ኣልማዝ ዝሓዘ
◉	ኣብ ዉሽጡ ተወሳኺ ዝተደፈነ ዓንኬል, ኣብ ዓንኬል ነጥቢ, ክፉት ዓንኬል ድፉን ዓንኬል ዝሓዘ, ዓይኒ ዓሳ, ዝተኸለለ
◊	ሎዘንገ, ሮምቡስ, ኣልማዝ
○	ቀለቤት, ክፉት ዓንኬል, ዓንኬል
◌	ብነጥብታት ዝተሰርሓ ዓንኬል
◍	ዓንኬል ብትኹል ሕንጻጽ ዝመልአ
◎	ኣብ ዉሽጢ ተወሳኺ ዓንኬል, ዕላማ, ድርብ ዓንኬል
●	ዓንኬል, ዓንኬል መልአ
◐	ጸጋማይ ፍርቁ ዝተደፈነ ዓንኬል
◑	የማናይ ፍርቁ ዝተደፈነ ዓንኬል
◒	ታሕተዋይ ፍርቁ ዝተደፈነ ዓንኬል
◓	ላዕለዋይ ፍርቁ ዝተደፈነ ዓንኬል
◔	ላዕለዋይ የማናይ ርብዒት ዝተደፈነ ዓንኬል
◕	ብዘይካ ላዕለዋይ ጸጋማይ ርብዒት ሙሉእ ዝተደፈነ ዓንኬል
◖	ድፉን ጸጋማይ ፍርቂ ዓንኬል
◗	ድፉን የማናይ ፍርቂ ዓንኬል
◘	ዝተኸደነ ምልክት ነጥቢ
◙	ዝተኸደነ ክፉት ዓንኬል, ድፉን ትርብዒት ክፉት ዓንኬል ዝሓዘ
◜	ላዕለዋይ ጸጋማይ ርብዒት ቁራጽ ዓንኬል
◝	ላዕለዋይ የማናይ ርብዒት ቁራጽ ዓንኬል
◞	ታሕተዋይ የማናይ ርብዒት ቁራጽ ዓንኬል
◟	ታሕተዋይ ጸጋማይ ርብዒት ቁራጽ ዓንኬል
◠	ላዕለዋይ ፍርቂ ዓንኬል
◡	ታሕተዋይ ፍርቂ ዓንኬል
◢	ድፉን ኣብ ታሕቲ ንየማን ዝኹርናዑ ስሉስ ኩርናዕ, ድፉን ኣብ ታሕቲ ንጸጋም ዝኹርናዑ ስሉስ ኩርናዕ
◣	ድፉን ኣብ ታሕቲ ንጸጋም ዝኹርናዑ ስሉስ ኩርናዕ
◤	ድፉን ኣብ ላዕሊ ንጸጋም ዝኹርናዑ ስሉስ ኩርናዕ
◥	ድፉን ኣብ ላዕሊ ንየማን ዝኹርናዑ ስሉስ ኩርናዕ
◦	ክፉት ምልክት ነጥቢ
◯	ቀለቤት, ዓቢ ክፉት ዓንኬል, ዓንኬል
◳	ክፉት ትርብዒት ምስ ላዕለዋይ የማናይ ርብዒት
♪	ሙዚቃ, ሻሙናይ, ሻሙናይ ጽሑፍ, ጽሑፍ
♭	ሙዚቃ, በሞለ, ጸፊሕ, ጽሑፍ
♯	ሙዚቃ, በሊሕ, ዴሲስ, ዴስ, ጽሑፍ
😫	ዝደኸመ ገጽ
💀	ሽክና ርእሲ
🤖	ሮቦት
💕	ልቢ, ክልተ ልብታት, ፍቕሪ
💔	ልቢ, ስቡር, ዝተሰብረ, ዝተሰብረ ልቢ
❤️	ልቢ, ቀይሕ, ቀይሕ ልቢ
💛	ልቢ, ብጫ, ብጫ ልቢ
💚	ልቢ, ቀጠልያ, ቀጠልያ ልቢ
💙	ልቢ, ሰማያዊ, ሰማያዊ ልቢ
🤎	ልቢ, ቡናዊ, ቡናዊ ልቢ
🖤	ልቢ, ጸሊም, ጸሊም ልቢ
🤍	ልቢ, ጻዕዳ, ጻዕዳ ልቢ
💯	100, ሚእቲ ነጥብታት, ምሉእ, ነጥብታት
💢	ምልክት ሕርቃን
🕳️	ነዃል, ጉድጓድ
🫶	ፍቕሪ
👂️	ኣካል, እዝኒ
👃	ኣካል, ኣፍንጫ
🧠	ሓንጎል
🫁	ሳናቡእ
🦷	ሓኪም ስኒ, ስኒ, ኩርምቲ
🦴	ኣስከሬን, ዓጽሚ
👀	ኣዒንቲ, ገጽ
👁️	ኣካል, ዓይኒ
👅	መልሓስ, ኣካል
👄	ኣካል, ኣፍ, ከናፍር, ገጽ
👶	ህጻን, መንእሰይ, ውላድ
🧒	መንእሰይ, ቆልዓ, ቈልዓ, ውላድ, ዝሁም ጾታ, ጾታ-ገለልተኛ
👦	መንእሰይ, ወዲ, ውላድ
👧	መንእሰይ, ውላድ, ድንግል, ጓል
🧑	ሰብ, በጽሒ ሰብ, ዝሁም ጾታ, ጾታ-ገለልተኛ
🧑‍🦰	ሰብ, ሰብ: ቀይሕ ጸጉሪ, ቀይሕ ጸጉሪ, በጽሒ ሰብ, ዝሁም ጾታ, ጾታ-ገለልተኛ
🧑‍🦳	ሰብ, ሰብ: ጻዕዳ ጸጉሪ, በጽሒ ሰብ, ዝሁም ጾታ, ጻዕዳ ጸጉሪ, ጾታ-ገለልተኛ
🧑‍🦲	ሰብ, ሰብ: በራሕ, በራሕ, በጽሒ ሰብ, ዝሁም ጾታ, ጾታ-ገለልተኛ
👨	ሰብኣይ, በጽሒ ሰብ
👨‍🦰	ሰብኣይ, ሰብኣይ: ቀይሕ ጸጉሪ, ቀይሕ ጸጉሪ, በጽሒ ሰብ
👨‍🦳	ሰብኣይ, ሰብኣይ: ጻዕዳ ጸጉሪ, በጽሒ ሰብ, ጻዕዳ ጸጉሪ
👨‍🦲	ሰብኣይ, ሰብኣይ: በራሕ, በራሕ, በጽሒ ሰብ
👩	ሰበይቲ, በጽሒት ሰበይቲ, ኣንስተይቲ
👩‍🦰	ሰበይቲ, ሰበይቲ: ቀይሕ ጸጉሪ, ቀይሕ ጸጉሪ, በጽሒት ሰበይቲ, ኣንስተይቲ
👩‍🦳	ሰበይቲ, ሰበይቲ: ጻዕዳ ጸጉሪ, በጽሒት ሰበይቲ, ኣንስተይቲ, ጻዕዳ ጸጉሪ
👩‍🦲	ሰበይቲ, ሰበይቲ: በራሕ, በራሕ, በጽሒት ሰበይቲ, ኣንስተይቲ
🧑‍🏫	መምህር
🧑‍⚖	ፈራዲ
🧑‍🌾	ሓረስታይ
🧑‍🍳	ሸፍ, ቀንዲ ከሻኒ, ከሻኒ
🧑‍🔧	መካኒክ
🧑‍🚀	ጠፈርተኛ
🥷	ኒንጃ
🤴	ልኡል
👸	ልእልቲ, ጽውጽዋይ, ፋንታዝያ
🦸	ልዕለ ጅግና
🧟	ዞምቢ
💏	ስዕመት
👩‍❤‍💋‍👨	ሰበይቲ, ሰብኣይ, ስዕመት, ስዕመት: ሰበይቲን ሰብኣይን
👨‍❤‍💋‍👨	ሰብኣይ, ስዕመት, ስዕመት: ሰብኣይን ሰብኣይን
👩‍❤‍💋‍👩	ሰበይቲ, ስዕመት, ስዕመት: ሰበይቲን ሰበይቲን
👪️	ስድራ
👨‍👩‍👦	ሰበይቲ, ሰብኣይ, ስድራ, ስድራ: ሰብኣይ፣ ሰበይቲ፣ ወዲ, ወዲ
👨‍👩‍👧	ሰበይቲ, ሰብኣይ, ስድራ, ስድራ: ሰብኣይ፣ ሰበይቲ፣ ጓል, ጓል
👨‍👩‍👧‍👦	ሰበይቲ, ሰብኣይ, ስድራ, ስድራ: ሰብኣይ፣ ሰበይቲ፣ ጓል፣ ወዲ, ወዲ, ጓል
👨‍👩‍👦‍👦	ሰበይቲ, ሰብኣይ, ስድራ, ስድራ: ሰብኣይ፣ ሰበይቲ፣ ወዲ፣ ወዲ, ወዲ
👨‍👩‍👧‍👧	ሰበይቲ, ሰብኣይ, ስድራ, ስድራ: ሰብኣይ፣ ሰበይቲ፣ ጓል፣ ጓል, ጓል
👨‍👨‍👦	ሰብኣይ, ስድራ, ስድራ: ሰብኣይ፣ ሰብኣይ፣ ወዲ, ወዲ
👨‍👨‍👧	ሰብኣይ, ስድራ, ስድራ: ሰብኣይ፣ ሰብኣይ፣ ጓል, ጓል
👨‍👨‍👧‍👦	ሰብኣይ, ስድራ, ስድራ: ሰብኣይ፣ ሰብኣይ፣ ጓል፣ ወዲ, ወዲ, ጓል
👨‍👨‍👦‍👦	ሰብኣይ, ስድራ, ስድራ: ሰብኣይ፣ ሰብኣይ፣ ወዲ፣ ወዲ, ወዲ
👨‍👨‍👧‍👧	ሰብኣይ, ስድራ, ስድራ: ሰብኣይ፣ ሰብኣይ፣ ጓል፣ ጓል, ጓል
👩‍👩‍👦	ሰበይቲ, ስድራ, ስድራ: ሰበይቲ፣ ሰበይቲ፣ ወዲ, ወዲ
👩‍👩‍👧	ሰበይቲ, ስድራ, ስድራ: ሰበይቲ፣ ሰበይቲ፣ ጓል, ጓል
👩‍👩‍👧‍👦	ሰበይቲ, ስድራ, ስድራ: ሰበይቲ፣ ሰበይቲ፣ ጓል፣ ወዲ, ወዲ, ጓል
👩‍👩‍👦‍👦	ሰበይቲ, ስድራ, ስድራ: ሰበይቲ፣ ሰበይቲ፣ ወዲ፣ ወዲ, ወዲ
👩‍👩‍👧‍👧	ሰበይቲ, ስድራ, ስድራ: ሰበይቲ፣ ሰበይቲ፣ ጓል፣ ጓል, ጓል
👨‍👦	ሰብኣይ, ስድራ, ስድራ: ሰብኣይን ወዲን, ወዲ
👨‍👦‍👦	ሰብኣይ, ስድራ, ስድራ: ሰብኣይ፣ ወዲ፣ ወዲ, ወዲ
👨‍👧	ሰብኣይ, ስድራ, ስድራ: ሰብኣይን ጓልን, ጓል
👨‍👧‍👦	ሰብኣይ, ስድራ, ስድራ: ሰብኣይ፣ ጓል፣ ወዲ, ወዲ, ጓል
👨‍👧‍👧	ሰብኣይ, ስድራ, ስድራ: ሰብኣይ፣ ጓል፣ ጓል, ጓል
👩‍👦	ሰበይቲ, ስድራ, ስድራ: ሰበይቲን ወዲን, ወዲ
👩‍👦‍👦	ሰበይቲ, ስድራ, ስድራ: ሰበይቲ፣ ወዲ፣ ወዲ, ወዲ
👩‍👧	ሰበይቲ, ስድራ, ስድራ: ሰበይቲን ጓልን, ጓል
👩‍👧‍👦	ሰበይቲ, ስድራ, ስድራ: ሰበይቲ፣ ጓል፣ ወዲ, ወዲ, ጓል
👩‍👧‍👧	ሰበይቲ, ስድራ, ስድራ: ሰበይቲ፣ ጓል፣ ጓል, ጓል
🦰	ቀይሕ ጸጉሪ
🦳	ጻዕዳ ጸጉሪ
🦲	በራሕ
🐵	ህበይ, ገጽ, ገጽ ህበይ
🐒	ህበይ
🦍	እንስሳ, ጎሪላ
🦧	ህበይ, ኦራንጉታን
🐶	እንስሳ, ከልቢ, ገጽ, ገጽ ከልቢ
🐕️	ከልቢ
🐩	ባርቦንቺኖ, ከልቢ, ፑድል
🐺	ተኹላ, ተዅላ, ገጽ
🦊	እንስሳ, ወኻርያ, ገጽ
🦝	ራኩን
🐱	እንስሳ, ድሙ, ገጽ, ገጽ ድሙ
🐈️	ድሙ
🦁	ኣንበሳ
🐯	ነብሪ, እንስሳ, ገጽ, ገጽ ነብሪ
🐅	ነብሪ
🐆	ልዮፓርድ, ነብሪ
🐴	እንስሳ, ገጽ, ገጽ ፈረስ, ፈረስ
🐎	ፈረስ
🦓	ኣድጊ በረኻ, ዘብራ, ዜብራ
🦌	እንስሳ, ዓገዘን, ዓጋዘን
🦬	ብዕራይ በረኻ, ጎባይ
🐮	ላሕሚ, ላም, እንስሳ, ገጽ, ገጽ ላም
🐂	ብዕራይ
🐃	ጎባይ ማይ
🐄	ላሕሚ, ላም
🐷	ገጽ ሓሰማ
🐖	ሓሰማ
🐗	ሓሰማ, መፍለስ
🐽	ሓሰማ, ኣፍንጫ, ኣፍንጫ ሓሰማ, ገጽ
🐑	ሽበን, በጊዕ, ኣንስተይቲ በጊዕ
🐐	ጤል
🐪	ገመል
🦙	ላማ
🦒	ዘራፍ, ዝዖታ
🐘	ሓርማዝ
🦏	ሓሪሽ, ሓርሽ, እንስሳ
🦛	ጉማረ
🐭	ኣንጭዋ, እንስሳ, ገጽ, ገጽ ኣንጭዋ
🐁	ኣንጭዋ
🐹	ሃምስተር, እንስሳ, ክሪቸቶ, ገጽ
🐰	ማንቲለ, እንስሳ, ገጽ, ገጽ ማንቲለ
🐇	ማንቲለ
🐿️	ምጹጹላይ, ምጹጽላይ, እንስሳ
🦫	ቢቨር, ካስቶሮ
🦔	ቅንፍዝ, ኣሻዅ, እሾኽ
🦇	መንካዕ
🐻	እንስሳ, ድቢ, ገጽ
🐻‍❄	ኣርክቲክ, ዋልታዊ, ዋልታዊ ድቢ, ድቢ, ጻዕዳ
🐨	ኮዋላ
🐼	እንስሳ, ድቢ ፓንዳ, ገጽ, ፓንዳ
🦦	ምግፋፍ ዓሳ, ተጻዋታይ, ጣቑስታ, ጣቝስታ
🦨	ሕማቕ ጨና, ተድጊ, ቱሕቱሓ, ነቲሕ
🦘	ሕሽኩለኛ, ንጥራ, ኣውስትራልያ, ካንጋሩ, ካንጋሮ, ዝላ
🦃	ታኪን, እንስሳ, ዑፍ
🐔	ዑፍ, ደርሆ
🐓	ኣርሓ ደርሆ, ኩኩናይ, ዑፍ, ዓንዳፍ
🐦️	ዑፍ
🐧	ዑፍ, ፐንጒን, ፒንጒኖ, ፔንጒን
🕊️	ርግቢት, ሰላም, እንስሳ, ዑፍ
🦅	ንስሪ, ዑፍ
🦆	ዑፍ, ደርሆ ማይ
🦉	ለባም, ዑፍ, ጉንጓ, ጕንጓ
🦤	ዶዶ
🪶	ክንቲት, ዑፍ, ግልግለ, ፈኲስ
🦩	መብለጭለጪ, ምርኡይ, ትሮፒካዊ, ፍላሚንጎ
🦚	ሕቡን, ክንቲታት, ዑፍ, ጣውስ, ጣዎስ, ፒኮክ
🦜	ሕንጻይ, ምዝራብ, ሽፍታ ባሕሪ, ዑፍ, ፓፓጋሎ
🐸	እንስሳ, እንቁርዖብ, እንቍርዖብ, ገጽ
🐊	ሓርገጽ
🐢	ጎብየ, ጎብየ ማይ, ጐብየ
🦎	ጠበቕ
🐍	ተመን
🐲	ድራጎን, ገጽ, ገጽ ድራጎን, ጽውጽዋይ
🐉	እንስሳ, ድራጎን, ጽውጽዋይ
🐋	ዓሳ ነባሪ
🐬	ኣቡ ሰላማ, ኣባ ሰላማ, ዶልፊን
🦭	ፎካ
🐟️	ዓሳ
🐠	ትሮፒካዊ ዓሳ
🦈	ከልቢ ዓሳ
🐙	ኦክተፐስ, ኦክቶፑስ
🐚	እንስሳ, ዛዕጎል, ዛዕጎል ባሕሪ, ዛዕጐል, ዛዕጐል ባሕሪ, ድርዒ
🪸	መርጀን
🐌	ኣረነ
🦋	ሓሰኻ, ሓሸራ, ቆንጆ, ጽምብላሊዕ
🐛	ሓሰኻ, ሓሸራ, ትዃን
🐜	ሓሰኻ, ሓሸራ, ጻጸ
🐝	ንህቢ
🪲	ሕንዚዝ
🦗	ዕንጭራር
🪳	ድዱዕ
🕷️	ሳሬት
🕸️	ዓለባ ሳሬት
🦂	ዕንቅርቢት
🦟	ጣንጡ
🪰	ሃመማ
🪱	ሓሰኻ
🦠	ማይክሮብ
💐	ሕቋፍ ዕምባባ, ሕቑፊ ዕምባባ, ዕምባባ, ዕንባባ, ፍቕሪ, ፍዮሪ
💮	ዕምባባ, ዕንባባ, ጻዕዳ, ጻዕዳ ዕምባባ, ፍዮሪ
🪷	ሹሻን
🌹	ዕምባባ, ዕንባባ, ጽገሬዳ, ጽጌረዳ, ፍዮሪ
🌻	ሱፍ, ዕምባባ, ዕንባባ, ዘርኢታት, ጸሓይ, ፍዮሪ
🌼	ተኽሊ, ዕምባባ, ዕንባባ, ግራት, ጎልጎል, ጽድያ, ፍዮሪ
🌷	ቱሊፕ
🌱	ብቋል, ተኽሊ, ንእሽቶ, ፈልሲ
🌴	ስየ, ኦም
🌵	ቁልቋል, ቈልቋል, በለስ, ተኽሊ
🍄	ቃንጥሻ
🍌	ሙዝ, ባናና, ፍረ
🍍	ኣናናስ
🥭	ማንጉስ
🍑	ኩኽ
🍓	ፍራውለ
🥝	መግቢ, ኪዊ, ፍረ
🍅	ሓምሊ, ኮሚደረ, ፍረ
🫒	መግቢ, ኣውሊዕ
🥥	ስየ, ኮኮናት, ዶማ, ፒኛ ኮላዳ
🥑	መግቢ, ኣቮካዶ, ፍረ
🍆	ሓምሊ, መለንዛኒ, መለንዛና
🥔	ሓምሊ, መግቢ, በጣጥሽ, ድንሽ
🥕	ሓምሊ, መግቢ, ካሮቲ
🌽	ዕፉን, ጉንቦ, ጉንቦ ዕፉን
🌶️	ቅሙም, በርበረ, ተኽሊ, ውዑይ, ውዑይ በርበረ
🫑	ሓምሊ, በርበረ, ጉዕ በርበረ, ጉፍሮ, ጕዕ በርበረ, ጕፍሮ
🥒	ሓምሊ, መግቢ, ቺትርዮለ, ኩኩምበር
🥦	ብሮኮሊ, ካውሎ
🧄	ጻዕዳ ሽጉርቲ
🧅	ሽጉርቲ
🥜	ፉል
🍞	ባኒ
🥐	ክሮሳንት
🧇	ዋፍል, ዎፍል, ዶልሺ
🍔	ሃምበርገር, በርገር
🍟	ቅልዋ ድንሽ
🍕	ፒሳ
🌭	ሆት ዶግ
🥪	ሳንድዊች, ባኒ, እምበቲቶ, እምቦቲቶ, ፓኒኖ
🌮	መክሲካዊ, ሜክሲካዊ, ታኮ
🌯	መክሲካዊ, መግቢ, ሜክሲካዊ, ቡሪቶ
🧆	ፋላፈል
🥚	መግቢ, እንቋቁሖ, እንቋቑሖ, እንቋቝሖ
🫕	ፎንዱ
🥗	ሓምላይ, መግቢ, ሰላጣ, ሳላጣ, ቀጠልያ
🧈	እንዳ ጸባ, እንዳ ጽዕዲት, ጠስሚ, ጽዕዲታዊ
🧂	መነስነሲ, ቀመም, ጨው
🍙	ሩዝ, ኩዕሶ ሩዝ, ኵዕሶ ሩዝ, ጃፓናዊ
🍚	ዝበሰለ ሩዝ
🍝	ስፓገቲ, ስፓጌቲ, ፓስታ
🍣	ሱሺ
🍤	ዝተጠብሰ ጋምበሪ
🍡	ዳንጎ
🥠	ብሽኮቲ ዕድል
🦀	ሰረጣን, ሻርጣን, እንስሳ, ዕንቅርቢት ባሕሪ
🦞	ሎብስተር, ኣራጎስታ, ዛዕጎላዊ ዓሳ, ድርዓዊ ዓሳ
🦐	መግቢ, ዛዕጎላዊ ዓሳ, ድርዓዊ ዓሳ, ጋምበሪ, ጋምበሬቶ, ጋምቤሪ
🦑	መግቢ, ሞሉስኮ, ኣቡ ቐለም, ኣቡቐለም, ድርዓውያን
🦪	ሉል, መጥለቒ, ኦስትሪካ, ኦይስተር, ጥልቃ
🍨	መመቀር ኣፍ, መጠዓዓሚ, ምቁር, በረድ, ኣይስክሬም, ጀላቶ
🍩	ዶናት
🍪	መመቀር ኣፍ, መጠዓዓሚ, ምቁር, ብሽኮቲ
🍬	ሓለዋት, ካራመላ, ካራሜላ
🍭	ለካሌካ, ሌካሌካ, ሎሊፖፕ, ሓለዋት, ካራመላ, ካራሜላ
🍮	መመቀር ኣፍ, መጠዓዓሚ, ምቁር, ካስታርድ, ፑዲንግ
🧊	በረድ
🍴	ፋርኬታን ካራን
🥄	ማንካ
🗺️	ካርታ, ካርታ ዓለም, ዓለማዊ ካርታ, ዓለም
🗾	ካርታ, ካርታ ጃፓን, ጃፓን
⛰️	እምባ, ከረን, ጎቦ
🌋	እሳተ ጎመራ, እሳተ ጎመራዊ ግንፋለ, እሳተ ጎሞራ, እሳተ ጐመራ, ግንፋለ
🏜️	ሑጻ, ምድረ በዳ, ምድረበዳ
🏝️	ምድረ በዳዊ ደሴት, ምድረበዳዊ ደሴት, ደሴት, ደሴት ምድረ በዳ
🏞️	ሃገራዊ, ሃገራዊ መናፈሻ, ሕዛእቲ, መናፈሻ, ፓርክ
🏟️	ስታድዩም, ስታድዮም
🧱	ሕጡብ
🪨	ከውሒ
🪵	ዕንጨይቲ
🛖	ኣጉዶ, ኣጕዶ, ገዛ
🏘️	ህንጻ, ምኽታም, ክትምና, ገዛውቲ
🏠️	ቤት, ገዛ
🏡	ህንጻ, ቤት, ጀርዲን, ገዛ, ገዛ ምስ ጀርዲን
🏥	ህንጻ, ሆስፒታል, ሓኪም, ሕክምና, ዶክተር
🏦	ህንጻ, ባንኪ, ባንክ
🏨	ህንጻ, ሆተል, ሆቴል, መዕረፍ ኣጋይሽ
🏩	ህንጻ, ሆተል, ሆቴል, ሆቴል ፍቕሪ, ፍቕሪ
🏪	ህንጻ, ሱፐርማርኬት, ዓቢ ዕዳጋ, ዓቢ ድኳን, ድኳን
🏫	ህንጻ, ቤት ትምህርቲ, ኣስኳላ, እስኳላ
🏬	ንግዲ, ዓቢ መኽዘን, ድኳን
🏭️	ህንጻ, ኢንዱስትሪ, ፋብሪካ
🏰	ኤውሮጳዊ, ግምቢ, ግንቢ
💒	መርዓ, ቤተ ክርስትያን, ቤተ ጸሎት, ፍቕሪ
🗼	ቶክዮ, ግምቢ, ግምቢ ቶክዮ
🗽	ሓርነት, ሓወልቲ, ሓወልቲ ሓርነት, ናጽነት
⛪️	ሃይማኖት, ህንጻ, መስቀል, ቤተ ክርስትያን, ቤተክርስትያን, ክርስትና, ክርስትያን
🕌	መስጊድ
🚆	ባቡር
🚌	ኣውቶቡስ
🚑️	ኣምቡላንስ
🚕	ታክሲ
🚗	መኪና, መጐዓዝያ, መጓዓዝያ, ማኪና, ኣውቶሞቢል
🚜	ሕርሻ, መጐዓዝያ, መጓዓዝያ, ትራክተር
🏍️	ሞቶ
🛵	ላምብሬታ, ሞቶ, ስኩተር
🚲️	ብሽክለታ
🛹	መንሻተቲ ጣውላ, ስኬትቦርድ, ጣውላ
🚏	መዕረፊ ኣውቶቡስ, መዕረፍ ኣውቶቡስ, ኣውቶቡስ, ፌርማታ
🛣️	ጽርግያ
🛞	መንኮርኮር, መንኰርኰር, ዓንኬል, ዕንክሊል, ጎማ
🚦	መብራህቲ ትራፊክ, ሰማፎሮ, ብርሃን, ትራፊክ
⚓️	መልህቕ, መልሕቕ, መርከብ
🛶	ታንኳ, ጃልባ
🚢	መርከብ, መጐዓዝያ, መጓዓዝያ
✈️	ነፋሪት, ኣይሮፕላን
🪂	ጋንጽላ
💺	መንበር, ሰድያ
🚁	ሄሊኮፕተር, መጐዓዝያ, መጓዓዝያ
🛰️	ህዋ, ሳተላይት, ጠፈር
🚀	ህዋ, ሮኬት, ጠፈር
🧳	ምጉዓዝ, ሳንጣ, ባልጃ
⌚️	ሰዓት, ሰዓት ኢድ, ዓባይ ሰዓት
⏰	ሰዓት ደወል
🕛️	ሰዓት ዓሰርተው ክልተ
🕐️	ሰዓት ሓደ
🕑️	ሰዓት ክልተ
🕒️	ሰዓት ሰለስተ
🕓️	ሰዓት ኣርባዕተ
🕔️	ሰዓት ሓሙሽተ
🕕️	ሰዓት ሽዱሽተ
🕖️	ሰዓት ሸውዓተ
🕗️	ሰዓት ሸሞንተ
🕘️	ሰዓት ትሽዓተ
🕙️	ሰዓት ዓሰርተ
🕚️	ሰዓት ዓሰርተው ሓደ
🌡️	ሙቐት, ተርሞሜተር, ቴርሞመተር, ቴርሞሜተር
☀️	ጸሓይ
⭐️	ኮኾብ
🌠	ተወንጫፊ ኮኾብ, ኮኾብ
☁️	ኩነታት ኣየር, ደበና
🌪️	ህቦብላ ንፋስ
🌈	ቀስተ ደበና, ዝናም, ዝናብ
☂️	ጽላል
🔥	ሓዊ, ባርዕ
🎄	ጽሕዲ ልደት
🎆	ሪችት, ርችታት, ርችት, በዓል, ብልሓታዊ ሓዊ, ጽምብል
🎈	በዓል, ባሉን, ባላንቺና, ጽምብል
🎁	ህያብ
🎫	ቲከት
🏆️	ሽልማት, ብልጫ, ዋንጫ, ጽዋእ
🪅	ፒኛታ
🧵	ፈትሊ
🧦	ኣእጋር, ካልስታት, ክዳውንቲ
👑	ዘውዲ
💍	ቀለቤት, ኣልማዝ
📻️	ረድዮ, ራድዮ
☎️	ስልኪ, ተለፎን, ተሌፎን, ቴለፎን
🔋	ባትሪ
💻️	ላፕቶፕ
🖨️	ሓታሚት, ኮምፕዩተር, ፕሪንተር
📺️	ተለቪዥን, ቲቪ
📷️	ካሜራ
📚️	መጻሕፍቲ, መጽሓፍ, መጽሓፍቲ
📰	ዜና, ጋዜጣ
🪙	ሜታል, ሰልዲ, ሳንቲም, ብሩር, ወርቂ, ግምጃ
📧	ኢመይል
✏️	ርሳስ
🖊️	ቢሮ, ብርዒ
📅	ዓውደ ኣዋርሕ, ዕለት
📋️	ሰሌዳ ቅንጣብ
🔑	መፍትሕ
💣️	ቦምብ
🚪	ማዕጾ
🪟	መስኮት
🪑	መንበር, ሰድያ, ኮፍ ምባል
🚬	ሽጋራ
🏧	atm, ምልክት ATM, ቅልጡፍ, ባንክ, ተሓዚ ገንዘብ
🚮	ኣብ ምልክት ናይ መጉሓፊ, ጎሓፍ, ጎሓፍ መጉሓፊ, ጎሓፍ ኣብ ምልክት ናይ መጉሓፊ
🚰	ማይ, ዝስተ, ጽሩይ, ጽሩይ ዝስተ ማይ
♿️	ምልክት, ምልክት ናይ መበጻጽሒ ሰድያ, ናይ መበጻጽሒ ሰድያ
🚹️	wc, ሰብኣይ, ሽቃቅ, ናይ ክዳውንቲ መሕጸቢ ኣቕሓ, ክፍሊ ሰብኡት, ክፍሊ ናይ ሰብኣይ
🚺️	wc, ሰበይቲ, ሽቃቅ, ናይ ክዳውንቲ መሕጸቢ ኣቕሓ, ክፍሊ ናይ ኣንስቲ
🚻	WC, ሽቃቅ, ናይ ክዳውንቲ መሕጸቢ ኣቕሓ
🚼️	ምልክት ናይ ቆልዓ, ምልዋጥ, ቆልዓ
🚾	wc, መዕቆሪ, መዕቆሪ ማይ, ማይ, ሽቃቅ, ናይ ክዳውንቲ መሕጸቢ ኣቕሓ
🛂	ቁጽጽር, ናይ ፓስስፖርት ቁጽጽር, ፓስፖርት
🛃	ጉምሩክ
🛄	መበጻጽሒ, መበጻጽሒ ሳንጣ, ባልጃ/ሳንጣ
🛅	መዕጸዊ, ሳንጣ, ባልጃ, ጸጋማይ ሳንጣ
⚠️	መጠንቀቕታ
🚸	መሕለፊ, መሕለፊ ቆልዑ, ቆልዑ, ትራፊክ, ኣጋር
⛔️	መእተዊ, ምእታው ክልኩል, ትራፊክ, ኣይኮነን, ዝተኣገደ
🚫	ብሽክለታ, ብሽክለታ ኣይፍቀድን, ኣይኮነን, ዝተኣገደ
🚳	ብሽክለታ, ብሽክለታ ኣይፍቀድን, ኣይኮነን, ዝተኣገደ
🚭️	ሽጋራ, ሽጋራ ኣይፍቀድን, ኣይኮነን, ዝተኣገደ
🚯	መጉሓፊ, ምጉሓፍ ኣይፍቀድን, ኣይኮነን, ዝተኣገደ
🚱	ማይ, ዘይጽሩይ, ዘይጽሩይ ማይ
🚷	ኣይኮነ, ኣይኮነን, ኣጋር, ኣጋር የለዉን, ዝተኣገደ
📵	ተለፎን, ተንቀሳቃሲ ተለፎን, ተንቀሳቃሲ ተለፎን ኣይፍቀድን, ኣይኮነን, ዝተኣገደ
🔞	18, ትሕቲ 18 ዝዕድሚኦም ኣይኮኑን, ትሕቲ ዕድመ, ዝተኣገደ, ገደብ ዕድመ
☢️	ምልክት, ጸርገ-ንጥፈት
☣️	ምልክት, ናይ ሓደጋ
⬆️	ምልክት, ምልክት ናብ ላዕሊ, ሰሜን, ኣንፈት, ካርዲናል
↗️	ምልክት, ምልክት ናብ-የማናይ ላዕሊ, ሰሜናዊ ምብራቅ, ኣንፈት, ውሽጣዊ ናይ ካርዲናል
➡️	ምልክት, ምብራቅ, ኣንፈት, ካርዲናል, የማናይ ምልክት
↘️	ምልክት, ምልክት ናብ-የማናይ ታሕቲ, ኣንፈት, ውሽጣዊ ናይ ካርዲናል, ደቡባዊ ምብራቅ
⬇️	ምልክት, ምልክት ናብ ታሕቲ, ታሕቲ, ኣንፈት, ካአዲናል, ደቡብ
↙️	ምልክት, ምልክት ናብ-ጸጋማይ ታሕቲ, ኣንፈት, ውሽጣዊ ናይ ካርዲናል, ደቡባዊ ምዕራብ
⬅️	ምልክት, ምልክት ናብ-ጸጋም, ምዕራብ, ኣንፈት, ካርዲና፡
↖️	ምልክት, ምልክት ናብ-ጸጋማይ ላዕሊ, ሰሜናዊ ምዕራብ, ኣንፈት, ውሽጣዊ ናይ ካርዲናል
↕️	ምልክት, ምልክት ናብ-ላዕሊ ታሕቲ
↔️	ምልክት, ምልክት ናብ-የማን ጸጋም
↮	ንጸጋምን የማንን ዝሕብር ፍላጻ ሕንጻጽ
↩️	ምልክት, የማናይ ምልክት ናብ ጸጋም ዝተጠውየ
↪️	ምልክት, ጸጋማይ ምልክት ናብ የማን ዝተጠውየ
⤴️	ምልክት, የማናይ ምልክት ናብ ላዕሊ ዝተጠውየ
⤵️	ምልክት, ታሕቲ, የማናይ ምልክት ናብ ታሕቲ ዝተጠውየ
🔃	ምልክት, እንደገና ምጽዓን, ከመ ሰዓት, ከመ ሰዓት ዝዘውር ትኹል ምልክት
🔄	withershins, ምልክት, ኣንጻር ሰዓት, ኣንጻር ሰዓት ዝዘውር ትኹል ምልክት መልጎም
🔙	ምልክት, ዳሕረዋይ ምልክት, ድሕሪት
🔚	መወዳእታ, መወዳእታ ናይ ምልክት, ምልክት
🔛	መፈለጥታ, ምልክት, ኣብ ልዕሊ, ኣብ ልዕሊ! ምልክት
🔜	ምልክት, ቕልጡፍ, ቕልጡፍ ምልክት
🔝	ላዕለዋይ, ላዕለዋይ ምልክት, ምልክት, ንላዕሊ
🛐	ናይ ኣምልኾ ቦታ, ኣምልኾ, እምነት
⚛️	ናይ ኣቶም ኣርማ, ኣቴስት, ኣቶም
🕉️	om, ሂንዱ, እምነት
✡️	ኣይሁድ, እምነት, ኮኾብ, ኮኾብ ናይ ዳዊት, ዳዊት
☸️	መንኮርኮር, መንኮርኮር ናይ ዳርማ, ቡድሂስት, እምኘጥ, ዳርማ
☯️	ተኸታሊ ታኦ, ታኦ, እምነት, ዪን, ዪን ያንግ, ያንግ
✝️	ሃይማኖት, መስቀል, ናይ ላቲን መስቀል, ክርስትያን
☦️	ሃይማኖት, መስቀል, ናይ ኦርቶዶክስ መስቀል, ክርስትያን
☪️	ሃይማኖት, ምስልምና, ሞስሊም, ኮኾብ ከምኡ`ውን ቅርጺ ማዕጺድ
☮️	ሰላም, ናይ ሰላም ኣርማ
🕎	7 ቀንዴል, ሃይማኖት, ቀንዴል
🔯	ነጥብጣብ 6-ጫፍ ኮኾብ, ኮኾብ, ዕድል
♈️	ራም, ኣሬስ, ዞድያክ
♉️	Taurus, zodiac, ብዕራይ, ታውሩስ, ኣርሓ
♊️	ማንታ, ዞድያክ, ጀሚኒ
♋️	መንሽሮ, መንሾ, ክሮብ, ዞድያክ
♌️	ሊዮ, ሌዮ, ኣንበሳ, ዞድያክ
♍️	ቪርጎ, ዞድያክ
♎️	ሊብራ, ምጡን, ስካይልስ, ዞድያክ, ፍትሒ
♏️	ስኮርፒዩስ, ስኮርፕዮ, ዕንቅርቢት, ዞድያክ
♐️	ሲጊታሩስ, ኣንከር, ዞድያክ
♑️	ወጠጦ, ዞዲያክ, ጤል
♒️	መበጻጽሒ, ማይ, ኣክዋርዩስ, ዞድያክ
♓️	ዓሳ, ዞድያክ, ፒስከስ
⛎	መበጻጽሒ, ሰርፐንት, ተመን, ኦፊኩስ, ዞድያክ
🔀	ምልክት, ዝተሓላለፈ, ዝተሓላለፈ ምልክታት መልጎም, ዝተሓላለፈ ምልክታትመልጎም
🔁	መምለሲ መልጎም, መድገሚ መልጎም, ምልክት, ምድጋም, ከመ ሰዓት
🔂	ሓደ ግዜ, መድገሚ ንጽል መልጎም, ኣንፈት, ከመ ሰዓት
▶	መጻወቲ መልጎም, ምልክት, ስሉስ ኩርናዕ, የማን, ጸወታ
⏩	መሕለፊ, መቀላጥፊ መልጎም, ምልክት, ቅልጡፍ, ድርብ
⏭	መሰጋገሪ መልጎም, መጻኢ ሙዚቃ, መጻኢ ሙዚቃ መልጎም, መጻኢ ርእየት, ምልክት, ስሉስ ኩርናዕ
⏯	መጻወቲ ወይ መዕጸዊ መልጎም, ምልክት, ምዕጻው, ስሉስ ኩርናዕ, የማን, ጸወት መጻወቲ ወይ መዕጸዊ መልጎም
◀	መምለሲ መልጎም, ምልክት, ምምላስ, ስሉስ ኩርናዕ, ጸጋም
⏪	ምልክት, ምምላስ, ቅልጡፍ መምለሲ መልጎም, ድርብ
⏮	ሕሉፍ ሙዚቃ, ሕሉፍ ርእየት, ምልክት, ስሉስ ኩርናዕ, ናይ መወዳእታ መልጎም
🔼	መልጎም, ምልክት, ቀይሕ, ኣንቃዕራሪ መልጎም
⏫	መቀላጠፊ መልጎም, ምልክት, ድርብ
🔽	መልጎም, ምልክት, ቀይሕ, ታሕቲ, ኣንቈልቋሊ መልጎም
⏬	ምልክት, ቅልጡፍ ኣንቈልቋሊ መልጎም, ታሕቲ, ድርብ
⏸️	መዕጸዊ, መዕጸዊ መልጎም, ሽራጥ, ትኹል, ድርብ
⏹️	መጥፍኢ መልጎም, ትርብዒት, ጠጠው, ጠጠው መበሊ መልጎም
⏺️	መዐቀቢ መልጎም, ምዕቃብ, ዓንኬል
⏏️	መትፍኢ መልጎም, ምትፋእ
🎦	ሲነማ, ተንቀሳቃሲ ስእሊ, ካሜራ, ፊልም
🔅	ሒደት, መደበኒ መልጎም, ብርሃን, ደባን
🔆	ምብራህ, ብሩህ, ብሩህ መልጎም
📶	ሽራጥ, ተለፎን, ተንቀሳቃሲ ተለፎነ, ናይ ኣንተና ሽራጣት, ኣንተና
📳	ሃለዋት, ተለፎን, ነዝነዝታ, ነዝነዝታዊ ሃለዋት
📴	ምዕጻው, ተለፎን, ተንቀሳቃሲት ተለፎን ምዕጽው
♀️	ሰበይቲ, ናይ ጋል-ኣንስተይቲ ምልክት
♂️	ናይ ወዲ-ተባዕታይ ምልክት, ወዲ-ተባዕታይ
⚧️	ጸታ ዝቀየሩ, ጸታ ዝቀየሩ ምልክት
✖️	x, ×, ሕሳብ, ምልክት, ምርባሕ, ምጥፋእ
➕	+, ሕሳብ, ምልክት, ምድማር
➖	-, ሕሳብ, ምልክት, ምጉዳል, −
➗	÷, ሕሳብ, ምልክት, ምምቃል
♾️	ዓለም-ለኻዊ, ደረት ኣልቦነት
‼️	!, !!, ምልክት, ስምዒት, ባንግባንግ, ድርብ ምልክት ስምዒት
⁉️	!, ቀይሕ ምልክት ሕቶ
❓️	ቀይሕ ምልክት ሕቶ, ጻዕዳ ምልክት ሕቶ
❔	?, ምልክት, ምልክት ሕቶ, ንድፊ, ንድፊ ሕቶ, ጻዕዳ, ጻዕዳ ምልክት ሕቶ
❕	!, ምልክት, ስምዒት, ንድፊ, ጻዕዳ ምልክት ስምዒት
❗️	!, ምልክት, ስምዒት, ስርዓተ-ነጥብታት, ቀይሕ ምልክት ስምዒት
〰️	ሞገዳዊ, ሞገዳዊ ዳሽ, ስርዓተ-ነጥብታት, ዳሽ
💱	ለውጢ, ለውጢ ገንዘብ, ባንክ, ገንዘብ
💲	ከቢድ ምልክት ናይ ዶላር, ዶላር, ገንዘብ
⚕️	ኣርማ ሕክምና, ኣስኩልፒዩስ, ኣባላት, ፈውሲ
♻️	ረሳይክል, ኣርማ ረሳይክል
⚜	fleur-de-lis
🔱	መልህቕ, መርክብ, መሳርሒ, ትሪደንት, ኣርማ, ኣርማ ትሪደንት
📛	ሽም, ሽም ባድጀ, ባድጀ
🔰	ቆጽሊ, ቸቭሮን, ጀማሪ, ጃፓናዊ, ጃፓናዊ ምልክት ን ጀማሪ
⭕️	o, ቀይሕ, ክፉት ቀይሕ ዓንኬል, ዓቢ, ዓንኬል
✅	መልጎም, ምልክት, ምልክት መልጎም ኣረጋግጽ, ኣረጋግጽ, ✓
☑️	ሳንዱቕ, ነቲ ሳንዱቕ ኣረጋግጾ, ኣረጋግጾ, ✓
✔️	ምልክት, ምልክት ኣረጋግጽ, ኣረጋግጽ, ✓
❌	x, ×, ምልክት, ምርባሕ, ሰረዘ, ተማሓላላፊ, ተማሓላላፊ ምልክት
❎	x, ×, ምልክት, ተማሓላላፊ ምልክት መልጎም, ትርብዒት
➰	ዕኽሉል ጥውይዋይ, ጥውይዋይ
➿	ድርብ, ድርብ ዕኽሉል ጥውይዋይ, ጥውይዋይ
〽️	ምልክት, ኣማራጺ ምልክት ክፋል, ክፋል
✳️	*, ሻሙናይ-መሳልል ኣስተሪስክ, ኣስተሪስክ
✴️	*, ሻሙናይ-ነጥቢ ኮኾብ, ኮኾብ
❇️	*, ኣብለጭላጪ
©️	c, መሰል ደራሲ
®️	r, ምዝጉብ
™️	tm, ምልክት, ምልክት ንግዲ
🔠	ABCD, ላቲን, ቃላት, ናይ ላቲን ዓበይቲ-ቃላት ኣእቱ, ኣእቱ, ዓበይቲ-ቃላት
🔡	abcd, ላቲን, ቃላት, ነኣሽቱ-ቃላት, ናይ ላቲን ነኣሽቱ-ቃላት ኣእቱ, ኣእቱ
🔢	1234, ቁጽርታት, ቁጽርታት ኣእቱ, ኣእቱ
🔣	ኣርማታት ኣእቱ, ኣእቱ, 〒♪&%
🔤	abc, ላቲን, ላቲን ቃላት ኣእቱ, ቃላት, ኣእቱ
🅰️	A መልጎም (ዓይነት ደም), a, ዓይነት ደም
🆎	AB መልጎም (ዓይነት ደም), ab, ዓይነት ደም
🅱️	B መልጎም (ዓይነት ደም), b, ዓይነት ደም
🆑	CL መልጎም, cl
🆒	COOL መልጎም, cool
🆓	ክፉት, ክፉት መልጎም
ℹ️	i, ሓበሬታ
🆔	ID መልጎም, id, መንነት
Ⓜ️	m, ዓንኬላ, ዓንኬላዊ M, ዓንኬል M
🆕	ሓዲሽ, ሓዲሽ መልጎም
🆖	NG መልጎም, ng
🅾️	O መልጎም (ዓይነት ደም), o, ዓይነት ደም
🆗	OK, OK መልጎም
🅿️	P መልጎም, ፓርኪን
🆘	SOS መልጎም, sos, ሓገዝ
🆙	ምልክት, ንላዕሊ, ንላዕሊ! መልጎም
🆚	VS መልጎም, vs, ብመንጽር
🈁	ናይ ጃፓን, ናይ ጃፓን “ኣብዚ” መልጎም, ካታካና, “ኣብዚ”, ココ
🈂️	ናይ ጃፓን, ናይ ጃፓን “ክፍሊት ኣገልግሎት” መልጎም, ካታካና, “ክፍሊት ኣገልግሎት”, サ
🈷	ናይ ጃፓን, ናይ ጃፓን “ወርሓዊ ድምር” መልጎም, ኣይድዮግራፍ, “ወርሓዊ ድምር”, 月
🈶	ናይ ጃፓን, ናይ ጃፓን “ነጻ ዘይኮነ ክፍሊት” መልጎም, ኣይድዮግራፍ, ““ነጻ ዘይኮነ ክፍሊት”, 有
🈯	ናይ ጃፓን, ናይ ጃፓን “ዝተዓቀበ” መልጎም, ኣይድዮግራፍ, “ዝተዓቀበ”, 指
🉐	ናይ ጃፓን, ናይ ጃፓን “ምውጋይ” መልጎም, ኣይድዮግራፍ, “ምውጋይ”, 得
🈹	ናይ ጃፓን, ናይ ጃፓን “ምጉዳል ዋጋ” መልጎም, ኣይድዮግራፍ, “ምጉዳል ዋጋ”, 割
🈚	ናይ ጃፓን, ናይ ጃፓን “ካብ ክፍሊት ነጻ” መልጎም, ኣይድዮግራፍ, “ካብ ክፍሊት ነጻ”, 無
🈲	ናይ ጃፓን, ናይ ጃፓን “ዝተኣገደ” መልጎም, ናይ ጃፓን “ዝተኣገደ”መልጎም, ኣይድዮግራፍ, “ዝተኣገደ”, 禁
🉑	ናይ ጃፓን, ናይ ጃፓን “ቅቡል” መልጎም, ኣይድዮግራፍ, “ቅቡል”, 可
🈸	ናይ ጃፓን, ናይ ጃፓን “ምልክታ” መልጎም, ናይ ጃፓን “ምልክታ”መልጎም, ኣይድዮግራፍ, “ምልክታ”, 申
🈴	ናይ ጃፓን, ናይ ጃፓን “መሕለፊ ነጥቢ” መልጎም, ኣይድዮግራፍ, ““መሕለፊ ነጥቢ”, 合
🈳	ናይ ጃፓን, ናይ ጃፓን “ክፉት ቦታ ስራሕ” መልጎም, ኣይድዮግራፍ, “ክፉት ቦታ ስራሕ”, 空
㊗️	ናይ ጃፓን, ናይ ጃፓን “እንቃዕ ሓጎሰኩም” መልጎም, ኣይድዮግራፍ, “እንቃዕ ሓጎሰኩም”, 祝
㊙️	ናይ ጃፓን, ናይ ጃፓን “ምስጢር” መልጎም, ኣይድዮግራፍ, “ምስጢር”, 秘
🈺	ናይ ጃፓን, ናይ ጃፓን “ን ቢዝነስ ክፉት” መልጎም, ኣይድዮግራፍ, “ን ቢዝነስ ክፉት”, 営
🈵	ናይ ጃፓን, ናይ ጃፓን “ክፉት ቦታ ስራሕ የለን” መልጎም, ኣይድዮግራፍ, ““ክፉት ቦታ ስራሕ የለን”, 満
🔴	ቀይሕ, ቀይሕ ዓንኬል, ዓንኬል, ጂኦሜትሪክ
🟠	ኣራንሾኒ, ኣራንሾኒ ዓንኬል, ዓንኬል
🟡	ቢጫ, ቢጫ ዓንኬል, ዓንኬል
🟢	ቀጠልያ, ቀጠልያ ዓንኬል, ዓንኬል
🔵	ሰማያዊ, ሰማያዊ ዓንኬል, ዓንኬል, ጂኦሜትሪክ
🟣	ሊላ, ሊላ ዓንኬል, ዓንኬል
🟤	ቡናዊ, ቡናዊ ዓንኬል, ዓንኬል
⚫️	ዓንኬል, ጂኦሜትሪክ, ጸሊም ዓንኬል
⚪️	ዓንኬል, ጂኦሜትሪክ, ጻዕዳ ዓንኬል
🟥	ቀይሕ, ቀይሕ ትርብዒት, ትርብዒት
🟧	ትርብዒት, ኣራንሾኒ, ኣራንሾኒ ትርብዒት
🟨	ቢጫ, ቢጫ ትርብዒት, ትርብዒት
🟩	ቀጠልያ, ቀጠልያ ትርብዒት, ትርብዒት
🟦	ሰማያዊ, ሰማያዊ ትርብዒት, ትርብዒት
🟪	ሊላ, ሊላ ትርብዒት, ትርብዒት
🟫	ቡናዊ, ቡናዊ ትርብዒት, ትርብዒት
⬛️	ትርብዒት, ጂኦሜትሪክ, ጸሊም ዓቢ ትርብዒት
⬜️	ትርብዒት, ጂኦሜትሪክ, ጻዕዳ ዓቢ ትርብዒት
◼️	ትርብዒት, ጂኦሜትሪክ, ጸሊም ማእከላይ ትርብዒት
◻️	ትርብዒት, ጂኦሜትሪክ, ጻዕዳ ማእከላይ ትርብዒት
◾️	ትርብዒት, ጂኦሜትሪክ, ጸሊም ማእከላይ-ንኢሽተይ ትርብዒት
◽️	ትርብዒት, ጂኦሜትሪክ, ጻዕዳ ማእከላይ-ንኢሽተይ ትርብዒት
▪️	ትርብዒት, ጂኦሜትሪክ, ጸሊም ንኢሽተይ ትርብዒት
▫️	ትርብዒት, ጂኦሜትሪክ, ጻዕዳ ንኢሽተይ ትርብዒት
🔶	ኣልማዝ, ኣራንሾኒ, ዓቢ ኣራንሾኒ ኣልማዝ, ጂኦሜትሪክ
🔷	ሰማያዊ, ኣልማዝ, ዓቢ ሰማያዊ ኣልማዝ, ጂኦሜትሪክ
🔸	ንኢሽተይ ሰማያዊ ኣልማዝ, ኣልማዝ, ኣራንሾኒ, ጂኦሜትሪክ
🔹	ሰማያዊ, ንኢሽተይ ሰማያዊ ኣልማዝ, ንኢሽተይ ሰማያዊት ኣልማዝ, ኣልማዝ, ጂኦሜትሪክ
🔺	ቀያሕ, ቀያሕ ስሉስ-ኩርናዕ ንላዕሊ ኣርኣየ, ቀያሕ ስሉስ-ኩርናዕ ኣርኣየ, ጂኦሜትሪክ
🔻	ቀያሕ, ቀያሕ ስሉስ-ኩርናዕ ንታሕቲ ኣርኣየ, ንታሕቲ, ጂኦሜትሪክ
💠	መስሓቕ, ኣልማዝ, ኣልማዝ ምስ ዶት, ኣብ ውሽጢ, ጂኦሜትሪክ
🔘	መልጎም, መልጎም ናይ ራድዮ, ራድዮ, ጂኦሜትሪክ
🔳	መልጎም, ትርብዒት, ንድፊ, ጂኦሜትሪክ, ጻዕዳ ትርብዒት መልጎም
🔲	መልጎም, ትርብዒት, ጂኦሜትሪክ, ጸሊም ትርብዒት መልጎም
🏳️	ጻዕዳ ባንዴራ
🏳‍🌈	ቀስተ ደበና, ባንዴራ, ባንዴራ ቀስተ ደበና
🏳‍⚧	ሮዛ, ሰማያዊ, ስግረ ጾተኛ, ባንዴራ, ባንዴራ ስግረ ጾተኛ, ጻዕዳ
🏴‍☠	ባንዴራ ሽፍታ ባሕሪ
🇦🇨	ባንዴራ, ባንዴራ: ደሴት ኣሰንስዮን
🇦🇩	ባንዴራ, ባንዴራ: ኣንዶራ
🇦🇪	ባንዴራ, ባንዴራ: ሕቡራት ኢማራት ዓረብ
🇦🇫	ባንዴራ, ባንዴራ: ኣፍጋኒስታን
🇦🇬	ባንዴራ, ባንዴራ: ኣንቲጓን ባርቡዳን
🇦🇮	ባንዴራ, ባንዴራ: ኣንጒላ
🇦🇱	ባንዴራ, ባንዴራ: ኣልባንያ
🇦🇲	ባንዴራ, ባንዴራ: ኣርሜንያ
🇦🇴	ባንዴራ, ባንዴራ: ኣንጎላ
🇦🇶	ባንዴራ, ባንዴራ: ኣንታርክቲካ
🇦🇷	ባንዴራ, ባንዴራ: ኣርጀንቲና
🇦🇸	ባንዴራ, ባንዴራ: ኣመሪካዊት ሳሞኣ
🇦🇹	ባንዴራ, ባንዴራ: ኦስትርያ
🇦🇺	ባንዴራ, ባንዴራ: ኣውስትራልያ
🇦🇼	ባንዴራ, ባንዴራ: ኣሩባ
🇦🇽	ባንዴራ, ባንዴራ: ደሴታት ኣላንድ
🇦🇿	ባንዴራ, ባንዴራ: ኣዘርባጃን
🇧🇦	ባንዴራ, ባንዴራ: ቦዝንያን ሄርዘጎቪናን
🇧🇧	ባንዴራ, ባንዴራ: ባርባዶስ
🇧🇩	ባንዴራ, ባንዴራ: ባንግላደሽ
🇧🇪	ባንዴራ, ባንዴራ: ቤልጅዩም
🇧🇫	ባንዴራ, ባንዴራ: ቡርኪና ፋሶ
🇧🇬	ባንዴራ, ባንዴራ: ቡልጋርያ
🇧🇭	ባንዴራ, ባንዴራ: ባሕሬን
🇧🇮	ባንዴራ, ባንዴራ: ብሩንዲ
🇧🇯	ባንዴራ, ባንዴራ: ቤኒን
🇧🇱	ባንዴራ, ባንዴራ: ቅዱስ ባርተለሚ
🇧🇲	ባንዴራ, ባንዴራ: በርሙዳ
🇧🇳	ባንዴራ, ባንዴራ: ብሩነይ
🇧🇴	ባንዴራ, ባንዴራ: ቦሊቭያ
🇧🇶	ባንዴራ, ባንዴራ: ካሪብያን ኔዘርላንድ
🇧🇷	ባንዴራ, ባንዴራ: ብራዚል
🇧🇸	ባንዴራ, ባንዴራ: ባሃማስ
🇧🇹	ባንዴራ, ባንዴራ: ቡታን
🇧🇻	ባንዴራ, ባንዴራ: ደሴት ቡቨት
🇧🇼	ባንዴራ, ባንዴራ: ቦትስዋና
🇧🇾	ባንዴራ, ባንዴራ: ቤላሩስ
🇧🇿	ባንዴራ, ባንዴራ: በሊዝ
🇨🇦	ባንዴራ, ባንዴራ: ካናዳ
🇨🇨	ባንዴራ, ባንዴራ: ደሴታት ኮኮስ
🇨🇩	ባንዴራ, ባንዴራ: ደሞክራስያዊት ሪፓብሊክ ኮንጎ
🇨🇫	ባንዴራ, ባንዴራ: ሪፓብሊክ ማእከላይ ኣፍሪቃ
🇨🇬	ባንዴራ, ባንዴራ: ኮንጎ
🇨🇭	ባንዴራ, ባንዴራ: ስዊዘርላንድ
🇨🇮	ባንዴራ, ባንዴራ: ኮት ዲቭዋር
🇨🇰	ባንዴራ, ባንዴራ: ደሴታት ኩክ
🇨🇱	ባንዴራ, ባንዴራ: ቺሌ
🇨🇲	ባንዴራ, ባንዴራ: ካሜሩን
🇨🇳	ባንዴራ, ባንዴራ: ቻይና
🇨🇴	ባንዴራ, ባንዴራ: ኮሎምብያ
🇨🇵	ባንዴራ, ባንዴራ: ደሴት ክሊፐርቶን
🇨🇷	ባንዴራ, ባንዴራ: ኮስታ ሪካ
🇨🇺	ባንዴራ, ባንዴራ: ኩባ
🇨🇻	ባንዴራ, ባንዴራ: ኬፕ ቨርደ
🇨🇼	ባንዴራ, ባንዴራ: ኩራሳው
🇨🇽	ባንዴራ, ባንዴራ: ደሴት ክሪስማስ
🇨🇾	ባንዴራ, ባንዴራ: ቆጵሮስ
🇨🇿	ባንዴራ, ባንዴራ: ቸክያ
🇩🇪	ባንዴራ, ባንዴራ: ጀርመን
🇩🇬	ባንዴራ, ባንዴራ: ድየጎ ጋርስያ
🇩🇯	ባንዴራ, ባንዴራ: ጅቡቲ
🇩🇰	ባንዴራ, ባንዴራ: ደንማርክ
🇩🇲	ባንዴራ, ባንዴራ: ዶሚኒካ
🇩🇴	ባንዴራ, ባንዴራ: ዶሚኒካዊት ሪፓብሊክ
🇩🇿	ባንዴራ, ባንዴራ: ኣልጀርያ
🇪🇦	ባንዴራ, ባንዴራ: ሴውታን መሊላን
🇪🇨	ባንዴራ, ባንዴራ: ኤኳዶር
🇪🇪	ባንዴራ, ባንዴራ: ኤስቶንያ
🇪🇬	ባንዴራ, ባንዴራ: ግብጺ
🇪🇭	ባንዴራ, ባንዴራ: ምዕራባዊ ሰሃራ
🇪🇷	ባንዴራ, ባንዴራ: ኤርትራ
🇪🇸	ባንዴራ, ባንዴራ: ስጳኛ
🇪🇹	ባንዴራ, ባንዴራ: ኢትዮጵያ
🇪🇺	ባንዴራ, ባንዴራ: ኤውሮጳዊ ሕብረት
🇫🇮	ባንዴራ, ባንዴራ: ፊንላንድ
🇫🇯	ባንዴራ, ባንዴራ: ፊጂ
🇫🇰	ባንዴራ, ባንዴራ: ደሴታት ፎክላንድ
🇫🇲	ባንዴራ, ባንዴራ: ማይክሮነዥያ
🇫🇴	ባንዴራ, ባንዴራ: ደሴታት ፋሮ
🇫🇷	ባንዴራ, ባንዴራ: ፈረንሳ
🇬🇦	ባንዴራ, ባንዴራ: ጋቦን
🇬🇧	ባንዴራ, ባንዴራ: ብሪጣንያ
🇬🇩	ባንዴራ, ባንዴራ: ግረናዳ
🇬🇪	ባንዴራ, ባንዴራ: ጆርጅያ
🇬🇫	ባንዴራ, ባንዴራ: ፈረንሳዊት ጊያና
🇬🇬	ባንዴራ, ባንዴራ: ገርንዚ
🇬🇭	ባንዴራ, ባንዴራ: ጋና
🇬🇮	ባንዴራ, ባንዴራ: ጂብራልታር
🇬🇱	ባንዴራ, ባንዴራ: ግሪንላንድ
🇬🇲	ባንዴራ, ባንዴራ: ጋምብያ
🇬🇳	ባንዴራ, ባንዴራ: ጊኒ
🇬🇵	ባንዴራ, ባንዴራ: ጓደሉፕ
🇬🇶	ባንዴራ, ባንዴራ: ኢኳቶርያል ጊኒ
🇬🇷	ባንዴራ, ባንዴራ: ግሪኽ
🇬🇸	ባንዴራ, ባንዴራ: ደሴታት ደቡብ ጆርጅያን ደቡብ ሳንድዊችን
🇬🇹	ባንዴራ, ባንዴራ: ጓቲማላ
🇬🇺	ባንዴራ, ባንዴራ: ጓም
🇬🇼	ባንዴራ, ባንዴራ: ጊኒ-ቢሳው
🇬🇾	ባንዴራ, ባንዴራ: ጉያና
🇭🇰	ባንዴራ, ባንዴራ: ፍሉይ ምምሕዳራዊ ዞባ ሆንግ ኮንግ (ቻይና)
🇭🇲	ባንዴራ, ባንዴራ: ደሴታት ሄርድን ማክዶናልድን
🇭🇳	ባንዴራ, ባንዴራ: ሆንዱራስ
🇭🇷	ባንዴራ, ባንዴራ: ክሮኤሽያ
🇭🇹	ባንዴራ, ባንዴራ: ሃይቲ
🇭🇺	ባንዴራ, ባንዴራ: ሃንጋሪ
🇮🇨	ባንዴራ, ባንዴራ: ደሴታት ካናሪ
🇮🇩	ባንዴራ, ባንዴራ: ኢንዶነዥያ
🇮🇪	ባንዴራ, ባንዴራ: ኣየርላንድ
🇮🇱	ባንዴራ, ባንዴራ: እስራኤል
🇮🇲	ባንዴራ, ባንዴራ: ኣይል ኦፍ ማን
🇮🇳	ባንዴራ, ባንዴራ: ህንዲ
🇮🇴	ባንዴራ, ባንዴራ: ብሪጣንያዊ ህንዳዊ ውቅያኖስ ግዝኣት
🇮🇶	ባንዴራ, ባንዴራ: ዒራቕ
🇮🇷	ባንዴራ, ባንዴራ: ኢራን
🇮🇸	ባንዴራ, ባንዴራ: ኣይስላንድ
🇮🇹	ባንዴራ, ባንዴራ: ኢጣልያ
🇯🇪	ባንዴራ, ባንዴራ: ጀርዚ
🇯🇲	ባንዴራ, ባንዴራ: ጃማይካ
🇯🇴	ባንዴራ, ባንዴራ: ዮርዳኖስ
🇯🇵	ባንዴራ, ባንዴራ: ጃፓን
🇰🇪	ባንዴራ, ባንዴራ: ኬንያ
🇰🇬	ባንዴራ, ባንዴራ: ኪርጊዝስታን
🇰🇭	ባንዴራ, ባንዴራ: ካምቦድያ
🇰🇮	ባንዴራ, ባንዴራ: ኪሪባቲ
🇰🇲	ባንዴራ, ባንዴራ: ኮሞሮስ
🇰🇳	ባንዴራ, ባንዴራ: ቅዱስ ኪትስን ኔቪስን
🇰🇵	ባንዴራ, ባንዴራ: ሰሜን ኮርያ
🇰🇷	ባንዴራ, ባንዴራ: ደቡብ ኮርያ
🇰🇼	ባንዴራ, ባንዴራ: ኩዌት
🇰🇾	ባንዴራ, ባንዴራ: ደሴታት ካይማን
🇰🇿	ባንዴራ, ባንዴራ: ካዛኪስታን
🇱🇦	ባንዴራ, ባንዴራ: ላኦስ
🇱🇧	ባንዴራ, ባንዴራ: ሊባኖስ
🇱🇨	ባንዴራ, ባንዴራ: ቅድስቲ ሉስያ
🇱🇮	ባንዴራ, ባንዴራ: ሊኽተንሽታይን
🇱🇰	ባንዴራ, ባንዴራ: ስሪ ላንካ
🇱🇷	ባንዴራ, ባንዴራ: ላይበርያ
🇱🇸	ባንዴራ, ባንዴራ: ሌሶቶ
🇱🇹	ባንዴራ, ባንዴራ: ሊትዌንያ
🇱🇺	ባንዴራ, ባንዴራ: ሉክሰምበርግ
🇱🇻	ባንዴራ, ባንዴራ: ላትቭያ
🇱🇾	ባንዴራ, ባንዴራ: ሊብያ
🇲🇦	ባንዴራ, ባንዴራ: ሞሮኮ
🇲🇨	ባንዴራ, ባንዴራ: ሞናኮ
🇲🇩	ባንዴራ, ባንዴራ: ሞልዶቫ
🇲🇪	ባንዴራ, ባንዴራ: ሞንተኔግሮ
🇲🇫	ባንዴራ, ባንዴራ: ቅዱስ ማርቲን
🇲🇬	ባንዴራ, ባንዴራ: ማዳጋስካር
🇲🇭	ባንዴራ, ባንዴራ: ደሴታት ማርሻል
🇲🇰	ባንዴራ, ባንዴራ: ሰሜን መቄዶንያ
🇲🇱	ባንዴራ, ባንዴራ: ማሊ
🇲🇲	ባንዴራ, ባንዴራ: ሚያንማር (በርማ)
🇲🇳	ባንዴራ, ባንዴራ: ሞንጎልያ
🇲🇴	ባንዴራ, ባንዴራ: ፍሉይ ምምሕዳራዊ ዞባ ማካው (ቻይና)
🇲🇵	ባንዴራ, ባንዴራ: ደሴታት ሰሜናዊ ማርያና
🇲🇶	ባንዴራ, ባንዴራ: ማርቲኒክ
🇲🇷	ባንዴራ, ባንዴራ: ማውሪታንያ
🇲🇸	ባንዴራ, ባንዴራ: ሞንትሰራት
🇲🇹	ባንዴራ, ባንዴራ: ማልታ
🇲🇺	ባንዴራ, ባንዴራ: ማውሪሸስ
🇲🇻	ባንዴራ, ባንዴራ: ማልዲቭስ
🇲🇼	ባንዴራ, ባንዴራ: ማላዊ
🇲🇽	ባንዴራ, ባንዴራ: ሜክሲኮ
🇲🇾	ባንዴራ, ባንዴራ: ማለዥያ
🇲🇿	ባንዴራ, ባንዴራ: ሞዛምቢክ
🇳🇦	ባንዴራ, ባንዴራ: ናሚብያ
🇳🇨	ባንዴራ, ባንዴራ: ኒው ካለዶንያ
🇳🇪	ባንዴራ, ባንዴራ: ኒጀር
🇳🇫	ባንዴራ, ባንዴራ: ደሴት ኖርፎልክ
🇳🇬	ባንዴራ, ባንዴራ: ናይጀርያ
🇳🇮	ባንዴራ, ባንዴራ: ኒካራጓ
🇳🇱	ባንዴራ, ባንዴራ: ኔዘርላንድ
🇳🇴	ባንዴራ, ባንዴራ: ኖርወይ
🇳🇵	ባንዴራ, ባንዴራ: ኔፓል
🇳🇷	ባንዴራ, ባንዴራ: ናውሩ
🇳🇺	ባንዴራ, ባንዴራ: ኒዩ
🇳🇿	ባንዴራ, ባንዴራ: ኒው ዚላንድ
🇴🇲	ባንዴራ, ባንዴራ: ዖማን
🇵🇦	ባንዴራ, ባንዴራ: ፓናማ
🇵🇪	ባንዴራ, ባንዴራ: ፔሩ
🇵🇫	ባንዴራ, ባንዴራ: ፈረንሳይ ፖሊነዥያ
🇵🇬	ባንዴራ, ባንዴራ: ፓፕዋ ኒው ጊኒ
🇵🇭	ባንዴራ, ባንዴራ: ፊሊፒንስ
🇵🇰	ባንዴራ, ባንዴራ: ፓኪስታን
🇵🇱	ባንዴራ, ባንዴራ: ፖላንድ
🇵🇲	ባንዴራ, ባንዴራ: ቅዱስ ፕየርን ሚከሎንን
🇵🇳	ባንዴራ, ባንዴራ: ደሴታት ፒትካርን
🇵🇷	ባንዴራ, ባንዴራ: ፖርቶ ሪኮ
🇵🇸	ባንዴራ, ባንዴራ: ግዝኣታት ፍልስጤም
🇵🇹	ባንዴራ, ባንዴራ: ፖርቱጋል
🇵🇼	ባንዴራ, ባንዴራ: ፓላው
🇵🇾	ባንዴራ, ባንዴራ: ፓራጓይ
🇶🇦	ባንዴራ, ባንዴራ: ቐጠር
🇷🇪	ባንዴራ, ባንዴራ: ርዩንየን
🇷🇴	ባንዴራ, ባንዴራ: ሩማንያ
🇷🇸	ባንዴራ, ባንዴራ: ሰርብያ
🇷🇺	ባንዴራ, ባንዴራ: ሩስያ
🇷🇼	ባንዴራ, ባንዴራ: ርዋንዳ
🇸🇦	ባንዴራ, ባንዴራ: ስዑዲ ዓረብ
🇸🇧	ባንዴራ, ባንዴራ: ደሴታት ሰሎሞን
🇸🇨	ባንዴራ, ባንዴራ: ሲሸልስ
🇸🇩	ባንዴራ, ባንዴራ: ሱዳን
🇸🇪	ባንዴራ, ባንዴራ: ሽወደን
🇸🇬	ባንዴራ, ባንዴራ: ሲንጋፖር
🇸🇭	ባንዴራ, ባንዴራ: ቅድስቲ ሄለና
🇸🇮	ባንዴራ, ባንዴራ: ስሎቬንያ
🇸🇯	ባንዴራ, ባንዴራ: ስቫልባርድን ጃን ማየንን
🇸🇰	ባንዴራ, ባንዴራ: ስሎቫክያ
🇸🇱	ባንዴራ, ባንዴራ: ሴራ ልዮን
🇸🇲	ባንዴራ, ባንዴራ: ሳን ማሪኖ
🇸🇳	ባንዴራ, ባንዴራ: ሰነጋል
🇸🇴	ባንዴራ, ባንዴራ: ሶማልያ
🇸🇷	ባንዴራ, ባንዴራ: ሱሪናም
🇸🇸	ባንዴራ, ባንዴራ: ደቡብ ሱዳን
🇸🇹	ባንዴራ, ባንዴራ: ሳኦ ቶመን ፕሪንሲፐን
🇸🇻	ባንዴራ, ባንዴራ: ኤል ሳልቫዶር
🇸🇽	ባንዴራ, ባንዴራ: ሲንት ማርተን
🇸🇾	ባንዴራ, ባንዴራ: ሶርያ
🇸🇿	ባንዴራ, ባንዴራ: ኤስዋቲኒ
🇹🇦	ባንዴራ, ባንዴራ: ትሪስታን ዳ ኩንያ
🇹🇨	ባንዴራ, ባንዴራ: ደሴታት ቱርካትን ካይኮስን
🇹🇩	ባንዴራ, ባንዴራ: ጫድ
🇹🇫	ባንዴራ, ባንዴራ: ፈረንሳዊ ደቡባዊ ግዝኣታት
🇹🇬	ባንዴራ, ባንዴራ: ቶጎ
🇹🇭	ባንዴራ, ባንዴራ: ታይላንድ
🇹🇯	ባንዴራ, ባንዴራ: ታጂኪስታን
🇹🇰	ባንዴራ, ባንዴራ: ቶከላው
🇹🇱	ባንዴራ, ባንዴራ: ቲሞር-ለስተ
🇹🇲	ባንዴራ, ባንዴራ: ቱርክመኒስታን
🇹🇳	ባንዴራ, ባንዴራ: ቱኒዝያ
🇹🇴	ባንዴራ, ባንዴራ: ቶንጋ
🇹🇷	ባንዴራ, ባንዴራ: ቱርኪ
🇹🇹	ባንዴራ, ባንዴራ: ትሪኒዳድን ቶባጎን
🇹🇻	ባንዴራ, ባንዴራ: ቱቫሉ
🇹🇼	ባንዴራ, ባንዴራ: ታይዋን
🇹🇿	ባንዴራ, ባንዴራ: ታንዛንያ
🇺🇦	ባንዴራ, ባንዴራ: ዩክሬን
🇺🇬	ባንዴራ, ባንዴራ: ኡጋንዳ
🇺🇲	ባንዴራ, ባንዴራ: ካብ ኣመሪካ ርሒቐን ንኣሽቱ ደሴታት
🇺🇳	ባንዴራ, ባንዴራ: ሕቡራት ሃገራት
🇺🇸	ባንዴራ, ባንዴራ: ኣመሪካ
🇺🇾	ባንዴራ, ባንዴራ: ኡራጓይ
🇺🇿	ባንዴራ, ባንዴራ: ኡዝበኪስታን
🇻🇦	ባንዴራ, ባንዴራ: ከተማ ቫቲካን
🇻🇨	ባንዴራ, ባንዴራ: ቅዱስ ቪንሰንትን ግረነዲነዝን
🇻🇪	ባንዴራ, ባንዴራ: ቬኔዝዌላ
🇻🇬	ባንዴራ, ባንዴራ: ደሴታት ደናግል ብሪጣንያ
🇻🇮	ባንዴራ, ባንዴራ: ደሴታት ደናግል ኣመሪካ
🇻🇳	ባንዴራ, ባንዴራ: ቬትናም
🇻🇺	ባንዴራ, ባንዴራ: ቫንዋቱ
🇼🇫	ባንዴራ, ባንዴራ: ዋሊስን ፉቱናን
🇼🇸	ባንዴራ, ባንዴራ: ሳሞኣ
🇽🇰	ባንዴራ, ባንዴራ: ኮሶቮ
🇾🇪	ባንዴራ, ባንዴራ: የመን
🇾🇹	ባንዴራ, ባንዴራ: ማዮት
🇿🇦	ባንዴራ, ባንዴራ: ደቡብ ኣፍሪቃ
🇿🇲	ባንዴራ, ባንዴራ: ዛምብያ
🇿🇼	ባንዴራ, ባንዴራ: ዚምባብዌ
¤	ዘይተፈልጠ ባጤራ
¢	ሳንቲም
$	ዶላር, ገንዘብ, ፐሶ
£	EGP, GBP, ገንዘብ, ፓዎንድ
¥	CNY, JPY, የን, ገንዘብ
₥	ሚል
₩	KPW, KRW, ዎን
€	ዩሮ, ገንዘብ
₱	ፐሶ
₹	ሩቢ, ሩቢ ናይ ሂንዲ, ገንዘብ
₽	ሩብለ, ገንዘብ
₿	BTC, ቢትኮይን
¹	ልዕለ-ውራቕ, ልዕለ-ውራቕ ሓደ, ሓደ
²	ልዕለ-ውራቕ, ልዕለ-ውራቕ ክልተ, ትርብዒት, ክልተ
³	ልዕለ-ውራቕ, ልዕለ-ውራቕ ሰለስተ, ሰለስተ, ኪዩብድ
µ	ማይክሮ ምልክት, ዓቅን
