๐ป	ุงุณฺฉู, ุงููุฌ, ุชุจุฏู ฺฉุงุฑ, ุฌูุฏ ฺฉ ูฺฉ ุฑูฺฏุช, ูนูู
๐ผ	ุงุณฺฉู, ุงููุฌ, ุชุจุฏู ฺฉุงุฑ, ุฌูุฏ ฺฉ ุฏุฑูุงู -ูฺฉ ุฑูฺฏุช, ูนูู
๐ฝ	ุงุณฺฉู, ุงููุฌ, ุชุจุฏู ฺฉุงุฑ, ุฌูุฏ ฺฉ ุฏุฑูุงู ุฑูฺฏุช, ูนูู
๐พ	ุงุณฺฉู, ุงููุฌ, ุชุจุฏู ฺฉุงุฑ, ุฌูุฏ ฺฉ ุฏุฑูุงู ุณุง ุฑูฺฏุช, ูนูู
๐ฟ	ุงุณฺฉู, ุงููุฌ, ุชุจุฏู ฺฉุงุฑ, ุฌูุฏ ฺฉ ุณุง ุฑูฺฏุช, ูนูู
๐	ูู, ฺุฑ, ฺฉฺพู ฺฉ ูุณุชุง ฺุฑ, ฺฉฺพูุง, ูุณ
๐	ุขูฺฉฺพ, ูุณฺฉุฑุงุช ุขูฺฉฺพฺบ ู ูุณุชุง ฺุฑ, ูุณฺฉุฑุงูน, ูู, ฺุฑ, ฺฉฺพูุง, ูุณูุง
๐	ุขูุณู, ุฎูุด, ุฎูุด ฺฉ ุขูุณูุคฺบ ูุงูุง ฺุฑ, ฺุฑ, ูุณ
๐คฃ	ูููน ูพููน, ฺุฑ, ูุณุช ูุณุช ูููน ูพููน ููุง, ูุณ
๐	ุจฺ ุขูฺฉฺพูฺบ ูุงูุง ฺฉฺพู ูู ูุงูุง ูุณฺฉุฑุงุชุง ฺุฑ, ูุณฺฉุฑุงูน, ูู, ฺุฑ
๐	ุขูฺฉฺพ, ูุณฺฉุฑุงูน, ูู, ฺุฑ, ฺฉฺพู ูู ุงูุฑ ูุณฺฉุฑุงุช ุขูฺฉฺพูฺบ ูุงูุง ูุณฺฉุฑุงุชุง ฺุฑ
๐	ูุณฺฉุฑุงูน, ูนฺพูฺ, ูพุณู, ฺุฑ, ฺฉฺพู ูู ุงูุฑ ูนฺพูฺ ูพุณู ูุงูุง ูุณฺฉุฑุงุชุง ฺุฑ
๐	ูุณฺฉุฑุงูน, ูุทูุฆู, ูู, ฺุฑ, ฺฉฺพู ูู ุงูุฑ ุณุฎุช ุณ ุจูุฏ ุขูฺฉฺพูฺบ ูุงูุง ูุณฺฉุฑุงุชุง ฺุฑ, ูุณ
๐	ุขูฺฉฺพ ุฌฺพูพฺฉูุง, ุขูฺฉฺพ ูุงุฑุชุง ฺุฑ, ฺุฑ
๐	ุขูฺฉฺพ, ูุณฺฉุฑุงุช ุขูฺฉฺพูฺบ ูุงูุง ูุณฺฉุฑุงุชุง ฺุฑ, ูุณฺฉุฑุงูน, ฺุฑ
๐	ูุฒุฏุงุฑ, ูุฒุฏุงุฑ ฺฉฺพุงู ฺฉุง ุฐุงุฆู ุฏู ูุงูุง ฺุฑ, ูุณฺฉุฑุงูน, ฺุฑ
๐	ุขูฺฉฺพ, ุฏฺพููพ, ุฏฺพููพ ฺฉุง ฺุดู ูฺฏุงุฆ ูุณฺฉุฑุงุชุง ฺุฑ, ุณูุฑุฌ, ูุณฺฉุฑุงูน, ฺุดู, ฺูฺฉูุง
๐	ุขูฺฉฺพ, ุฏู, ุฏู ฺฉ ุดฺฉู ฺฉ ุขูฺฉฺพูฺบ ูุงูุง ูุณฺฉุฑุงุชุง ฺุฑ, ูพุงุฑ, ฺุฑ
๐	ุจูุณ, ุจูุณ ุงฺฺพุงูุชุง ฺุฑ, ุฏู, ฺุฑ
๐ฅฐ	ุชู ุฏููฺบ ฺฉ ุณุงุชฺพ ูุณฺฉุฑุงุชุง ฺุฑ, ุนูุฏุช, ูุฑูุชฺฏ, ูุญุจุช ูฺบ ูุจุชูุง
๐	ุจูุณ, ุจูุณ ูุชุง ฺุฑ, ฺุฑ
๐	ุขูฺฉฺพ, ุจูุณ, ูุณฺฉุฑุงุช ุขูฺฉฺพูฺบ ฺฉ ุณุงุชฺพ ุจูุณ ูุชุง ฺุฑ, ูุณฺฉุฑุงูน, ฺุฑ
๐	ุขูฺฉฺพ, ุจูุฏ, ุจูุฏ ุขูฺฉฺพูฺบ ฺฉ ุณุงุชฺพ ุจูุณ ูุชุง ฺุฑ, ุจูุณ, ฺุฑ
๐	ูุฏฺพู ูุณฺฉุฑุงูน ูุงูุง ฺุฑ, ูุณฺฉุฑุงูน, ฺุฑ
๐ค	ฺุฑ, ฺฏู ููุชุง ฺุฑ, ฺฏู ูููุง
๐คฉ	ุขูฺฉฺพฺบ, ุชุงุฑ, ุณุชุงุฑ ุฒุฏ, ูุณฺฉุฑุงุชุง, ฺุฑ
๐ค	ุณูฺุชุง ฺุฑ, ุณูฺูุง, ฺุฑ
๐คจ	ุงูนฺพ ูุฆ ุจฺพูฺบ ูุงูุง ฺุฑ, ุจุฏ ุงุนุชูุงุฏ, ุดฺฉ
๐	ุงุธุงุฑ ุณ ุนุงุฑ ฺุฑ, ุจุบุฑ ุชุงุซุฑ, ฺุฑ
๐ถ	ุจุบุฑ ูู ูุงูุง ฺุฑ, ุฎุงููุด, ูู, ฺุฑ
๐	ุขูฺฉฺพฺบ, ฺุฑ, ฺฏฺพููุช ุขูฺฉฺพูฺบ ูุงูุง ฺุฑ, ฺฏฺพูููุง
๐	ุทูุฒ, ุทูุฒ ูุณฺฉุฑุงูน ูุงูุง ฺุฑ, ฺุฑ
๐ฃ	ูพูุฑุนุฒู ฺุฑ, ูพูุฑุนุธู, ฺุฑ
๐ฅ	ูุงูุณ, ูุงูุณ ูฺฉู ูพุฑ ุณฺฉูู ฺุฑ, ูพุฑ ุณฺฉูู, ฺุฑ
๐ฎ	ูู, ฺุฑ, ฺฉฺพูุง ูุง, ฺฉฺพู ูู ูุงูุง ฺุฑ
๐ค	ุณูุง ูุง, ูู, ูู ุณ ูุฆ ฺุฑ, ฺุฑ
๐ฏ	ุญุฑุช, ุดุฏุฏ ุญุฑุช ุฒุฏ ฺุฑ, ฺุฑ
๐ช	ุฎูุงุจุฏ ฺุฑ, ุบููุฏฺฏ, ฺุฑ
๐ซ	ุชฺพฺฉุง ูุง ฺุฑ, ุชฺพฺฉุงู, ฺุฑ
๐ด	ุณูุชุง ูุง ฺุฑ, ุณููุง, ฺุฑ
๐	ูพูุฑ ุณฺฉูู, ูพูุฑ ุณฺฉูู ฺุฑ, ฺุฑ
๐	ุฒุจุงู, ุฒุจุงู ูฺฉุงู ฺุฑ, ฺุฑ
๐	ุขูฺฉฺพ, ุฒุจุงู, ุฒุจุงู ูฺฉุงู ุงูุฑ ุขูฺฉฺพ ูุงุฑุชุง ฺุฑ, ูุฒุงู, ฺุฑ
๐	ุขูฺฉฺพ, ุฎูููุงฺฉ, ุฒุจุงู, ุฒุจุงู ูฺฉุงู ุงูุฑ ุณุฎุช ุณ ุจูุฏ ุขูฺฉฺพูฺบ ูุงูุง ฺุฑ, ฺุฑ
๐คค	ุฑุงู ูนูพฺฉุงุชุง ฺุฑ, ุฑุงู ูนูพฺฉูุง, ฺุฑ
๐	ุงุฏุงุณ ฺุฑ, ูุง ุฎูุด, ฺุฑ
๐	ูนฺพูฺ, ูนฺพูฺ ูพุณู ูุงูุง ฺุฑ, ูพุณู, ฺุฑ
๐	ุณูฺ ูฺบ ฺูุจุง ฺุฑ, ุบูุฒุฏ, ฺุฑ
๐	ุงูุฌฺพู ุฒุฏ ฺุฑ, ฺุฑ, ฺฉูููุฒ
๐	ุงููนุข, ุงููนุง ฺุฑ, ฺุฑ
๐ค	ูู, ฺุฑ, ฺุงูุฑ, ฺุงูุฑ ฺฉ ุฒุจุงู ูุงูุง ฺุฑ
๐ฒ	ุชฺฉูู, ุญุฑุช, ุญุฑุช ุฒุฏ ฺุฑ, ฺุฑ
๐	ุชูุฑ, ฺุฑ, ูฺฉุง ุณุง ุชูุฑ ุฒุฏ ฺุฑ
๐	ุงูุชุงุฆ ฺฉูููุฒ, ุจ ุชุฑุชุจ ฺุฑ, ฺุฑ
๐	ูุงูุณ, ูุงูุณ ฺุฑ, ฺุฑ
๐	ูพุฑุดุงู, ูพุฑุดุงู ฺุฑ, ฺุฑ
๐ค	ูุชุฎ, ูุงฺฉ ุณ ุฏฺพูุงฺบ ูฺฉุงูุชุง ฺุฑ, ฺุฑ
๐ข	ุขูุณู, ุฑูุชุง ูุง ฺุฑ, ุฑููุง, ฺุฑ
๐ญ	ุขูุณู, ุฑููุง, ุฒุงุฑ ู ูุทุงุฑ ุฑูุชุง ฺุฑ, ฺุฑ
๐ฆ	ุชูุฑ, ูู, ูู ฺฉฺพูู ุชูุฑ ฺฺฺพุงุชุง ฺุฑ, ฺุฑ, ฺฉฺพูุง ูุง
๐ง	ุชฺฉูู, ุชฺฉูู ุฒุฏ ฺุฑ, ฺุฑ
๐จ	ุฎูู, ุฎููุฒุฏ ฺุฑ, ฺุฑ
๐ฉ	ุงฺฉุชุงุง ูุง ฺุฑ, ุชฺพฺฉุงููน, ฺุฑ
๐คฏ	ุญุฑุงู, ุณุฑ ูพฺพูนูุง
๐ฌ	ูุถุญฺฉ ุฎุฒ ฺุฑ, ูุงฺฏูุงุฑุช, ฺุฑ
๐ฐ	ูู, ููุง, ูนฺพูฺุง, ูพุณู, ฺฉฺพู ูู ุงูุฑ ูนฺพูฺ ูพุณู ูุงูุง ฺุฑ
๐ฑ	ุฎูู, ุฎูู ุณ ฺูุงุชุง ฺุฑ, ฺุฑ, ฺุฎ
๐ฅต	ุจูุฎุงุฑ ุฒูุฏ, ุญุฑุงุฑุช ุฒุฏฺฏ, ุณุฑุฎ ฺุฑ, ูพุณู ุณ ุดุฑุงุจูุฑ, ฺฏุฑู
๐ฅถ	ุจุฑู ฺฉ ูููฺบ, ุจุช ุฒุงุฏ ุณุฑุฏ, ุณุฑุฏ ฺุฑ, ุณุฑุฏ ุณ ูุงุคู, ููฺฏูฺบ ฺุฑ, ูนฺพูฺุง
๐ณ	ุณุฑุฎ, ุดุฑููุฏฺฏ, ุดุฑููุฏฺฏ ุณ ุณุฑุฎ ฺุฑ, ฺุฑ
๐คช	ุขูฺฉฺพ, ุจฺ, ูพุงฺฏู ูพู ูุงูุง ฺุฑ, ฺฺพููน
๐ต	ฺฺฉุฑ, ฺฺฉุฑุงุชุง ฺุฑ, ฺุฑ
๐ก	ูุง ุฎูุด, ูุง ุดุงุฏ ฺุฑ, ฺุฑ
๐	ุบุต, ุบุต ูุงูุง ฺุฑ, ฺุฑ
๐คฌ	ูู ูพุฑ ุนูุงูุงุช ูุงูุง ฺุฑ, ฺฏุงูุงฺบ ุฏูุง
๐ท	ุทุจ ูุงุณฺฉ ูุงูุง ฺุฑ, ูุงุณฺฉ, ูนฺพูฺ, ฺุฑ, ฺุงฺฉูนุฑ
๐ค	ุจูุงุฑ, ุชฺพุฑูุงููนุฑ, ุชฺพุฑูุงููนุฑ ู ฺุฑ, ฺุฑ
๐ค	ุฒุฎู, ุณุฑ ูพุฑ ูพูน ุจุงูุฏฺพ ฺุฑ, ูพูน, ฺุฑ
๐คข	ูุชู, ูุชู ฺฉ ฺฉูุช ูุงูุง ฺุฑ, ฺุฑ
๐คฎ	ุจูุงุฑ, ู, ู ฺฉุฑุชุง ฺุฑ
๐คง	ุจูุงุฑ, ฺฺพูฺฉ, ฺฺพูฺฉฺบ ูุงุฑุชุง ฺุฑ, ฺุฑ
๐	ุงูุณุงูู, ูุฑุดุช, ูุณฺฉุฑุงูน, ูุนุตูู, ฺุฑ, ุงู ู ูุณฺฉุฑุงุชุง ฺุฑ
๐ค	ฺุฑ, ฺฉุงุค ุจูุงุฆ, ฺฉุงุค ุจูุงุฆ ูน ฺฉ ุณุงุชฺพ ฺุฑ, ูน
๐ฅณ	ุจุงุฌุง, ุฌุดู, ูนููพ, ูพุงุฑูน, ูพุงุฑูน ุณ ูุทู ุงูุฏูุฒ ูุชุง ฺุฑ
๐ฅด	ุงููุฌฺพู ฺฉุง ุดฺฉุงุฑ ุดุฑ, ูุฎูููุฑ, ูุฏูุด, ูุงููุงุฑ ูู, ูนฺฺพ ูฺฺพ ุขูฺฉฺพฺบ, ฺฺฉุฑุงุง ููุง
๐ฅบ	ุงูุชุฌุง ฺฉุฑูุง, ุฑุญู, ุทููุงู ุขูฺฉฺพฺบ, ููุชุฌ ฺุฑ
๐คฅ	ุฌฺพููน, ุฌฺพููน ุจููุชุง ฺุฑ, ฺุฑ
๐คซ	ุฎุงููุด, ุฎุงููุด ุฑู ฺฉุง ุงุดุงุฑ ฺฉุฑู ูุงู ฺุฑ, ฺูพ
๐คญ	ุงูู, ูู ูพุฑ ุงุชฺพ ุฑฺฉฺพุง ูุง ฺุฑ
๐ง	ุงฺฉ ฺุดู ูพูุง ูุง ฺุฑ, ุจูุฏ ูุงฺฉ ูุงูุง ฺุฑ
๐ค	ุจููููุงู, ุจููููุงู ฺุฑ, ฺุฑ
๐	ุดุทุงู ูุณฺฉุฑุงูน, ุดุทุงู ูุณฺฉุฑุงูน ูุงูุง ฺุฑ, ฺุฑ
๐ฟ	ุดุฑุงุฑุช, ุดุฑุฑ ุดุทุงู, ุดุทุงู, ฺุฑ
๐คก	ุฌูฺฉุฑ, ุฌูฺฉุฑ ฺุฑ, ฺุฑ
๐น	ุงูุณุงูู, ุฌุงูพุงู, ุฌู, ุดุทุงู ุฌู, ฺุฑ
๐บ	ุงูุณุงูู, ุฌุงูพุงู, ุฌู, ููุจ ูุงฺฉ ุงูุฑ ูููฺฺพูฺบ ูุงูุง ุฏู, ฺุฑ
๐	ุงูุณุงูู, ุฌู, ููุช, ฺุฑ, ฺฉฺพููพฺ
๐ป	ุงูุณุงูู, ุจฺพูุช, ุฌู, ฺุฑ
๐พ	ุฎูุง, ุฎูุงุฆ ุฏู, ุฏู, ฺุฑ
๐ค	ุฑูุจููน, ุฑูุจููน ฺุฑ, ฺุฑ
๐ฉ	ฺุฑ, ฺฺพุฑ, ฺฏูุฏฺฏ, ฺฏูุฏฺฏ ฺฉุง ฺฺพุฑ
๐บ	ุจู, ูุณฺฉุฑุงูน, ูู, ฺุฑ, ฺฉฺพู ูู ฺฉ ุณุงุชฺพ ูุณฺฉุฑุงุช ุจู ฺฉุง ฺุฑ
๐ธ	ุจู, ูุณฺฉุฑุงุช ุขูฺฉฺพูฺบ ูุงู ฺฉฺพู ฺฉ ูุณุช ุจู ฺฉุง ฺุฑ, ูุณฺฉุฑุงูน, ฺุฑ
๐น	ุขูุณู, ุจู, ุฎูุด, ุฎูุด ฺฉ ุขูุณู ู ุจู ฺฉุง ฺุฑ, ฺุฑ
๐ป	ุจู, ุฏู, ุฏู ฺฉ ุดฺฉู ูุงู ุขูฺฉฺพูฺบ ฺฉ ุณุงุชฺพ ูุณฺฉุฑุงุช ุจู ฺฉุง ฺุฑ, ูพุงุฑ, ฺุฑ
๐ผ	ุจู, ุจู ฺฉุง ุทูุฒ ูุณฺฉุฑุงูน ูุงูุง ฺุฑ, ุทูุฒ, ูุณฺฉุฑุงูน, ฺุฑ
๐ฝ	ุขูฺฉฺพ, ุจู, ุจูุฏ ุขูฺฉฺพูฺบ ฺฉ ุณุงุชฺพ ุจูุณ ูุชุง ุจู ฺฉุง ฺุฑ, ุจฺพูุณ, ฺุฑ
๐	ุจู, ุชฺพฺฉุง ูุง ุจู ฺฉุง ฺุฑ, ุชฺพฺฉุง ูุง ููุง, ฺุฑ
๐ฟ	ุขูุณู, ุจู, ุฑูุชุง ูุง ุจู ฺฉุง ฺุฑ, ุฑููุง, ฺุฑ
๐พ	ุจู, ุจู ฺฉุง ูุง ุดุงุฏ ฺุฑ, ูุง ุดุงุฏ ููุง, ฺุฑ
๐	ุจูุฏุฑ, ุฏฺฉฺพู, ูฺบ, ฺุฑ, ุงุชฺพ ุณ ุขูฺฉฺพฺบ ฺฺพูพุงุฆ ุจูุฏุฑ
๐	ุจูุฏุฑ, ุณูู, ูฺบ, ฺุฑ, ฺฉุงููฺบ ฺฉู ุงุชฺพ ุณ ฺฺพูพุงุฆ ุจูุฏุฑ
๐	ุจูุฏุฑ, ุจููู, ูู ฺฉู ุงุชฺพูฺบ ุณ ุจูุฏ ฺฉ ุจูุฏุฑ, ูฺบ, ฺุฑ
๐ถ	ุงูุณุงู, ุจฺ, ุทูู
๐ง	ุจฺ, ุตูู ุบุฑ ุฌุงูุจุฏุงุฑ, ููุฌูุงู
๐ฆ	ุงูุณุงู, ูฺฺฉุง
๐ง	ุงูุณุงู, ูฺฺฉ
๐ง	ุจุงูุบ, ุดุฎุต, ุตูู ุบุฑ ุฌุงูุจุฏุงุฑ
๐ฑ	ุจุงู, ุจูุฏ, ุณูุฑ, ุณูุฑ ุจุงููฺบ ูุงูุง ุดุฎุต
๐จ	ุงูุณุงู, ูุฑุฏ
๐ฑโโ	ุจฺพูุฑ ุจุงู, ุณูุฑ ุจุงู, ุณูุฑ ุจุงููฺบ ูุงูุง ูุฑุฏ, ูุฑุฏ
๐ง	ุฏุงฺฺพ, ุฏุงฺฺพ ูุงูุง ุดุฎุต
๐ฉ	ุงูุณุงู, ุนูุฑุช
๐ฑโโ	ุจฺพูุฑ ุจุงู, ุณูุฑ ุจุงู, ุณูุฑ ุจุงููฺบ ูุงู ุนูุฑุช, ุนูุฑุช
๐ง	ุจูฺฺพุง, ุจูฺฺพุง ุจุงูุบ, ุตูู ุบุฑ ุฌุงูุจุฏุงุฑ
๐ด	ุงูุณุงู, ุจูฺฺพุง, ุจูฺฺพุง ุขุฏู, ูุฑุฏ
๐ต	ุงูุณุงู, ุจูฺฺพ, ุจูฺฺพ ุนูุฑุช, ุนูุฑุช
๐จโโ	ุตุญุช, ูุฑุฏ, ูุฑุฏ ูุชฺพ ูุฑฺฉุฑ, ฺุงฺฉูนุฑ, ฺฉุงุฑฺฉู
๐ฉโโ	ุตุญุช, ุนูุฑุช, ุนูุฑุช ูุชฺพ ูุฑฺฉุฑ, ฺุงฺฉูนุฑ, ฺฉุงุฑฺฉู
๐จโ๐	ุงุณฺฉูู, ุทุงูุจ ุนูู, ูุฑุฏ, ูุฑุฏ ุทุงูุจ ุนูู, ฺฏุฑุฌูุฆุดู
๐ฉโ๐	ุงุณฺฉูู, ุทุงูุจ ุนูู, ุนูุฑุช, ุนูุฑุช ุทุงูุจ ุนูู, ฺฏุฑุฌูุฆุดู
๐จโ๐ซ	ุงุณุชุงุฏ, ุงุณฺฉูู, ูพุฑููุณุฑ
๐ฉโ๐ซ	ุงุณุชุงู, ุงุณฺฉูู, ูพุฑููุณุฑ
๐จโโ	ุงูุตุงู, ุนุฏุงูุช, ูุฑุฏ, ูุฑุฏ ุฌุฌ, ฺฉูุฑูน
๐ฉโโ	ุงูุตุงู, ุนุฏุงูุช, ุนูุฑุช, ุนูุฑุช ุฌุฌ, ฺฉูุฑูน
๐จโ๐พ	ุจุงุบุจุงู, ูุฑุฏ, ูุฑุฏ ฺฉุงุดุช ฺฉุงุฑ, ฺฉุงุดุช ฺฉุงุฑ, ฺฉุณุงู
๐ฉโ๐พ	ุจุงุบุจุงู, ุนูุฑุช, ุนูุฑุช ฺฉุงุดุช ฺฉุงุฑ, ฺฉุงุดุช ฺฉุงุฑ, ฺฉุณุงู
๐จโ๐ณ	ุจุงูุฑฺ, ุดู, ูุฑุฏ, ูุฑุฏ ุจุงูุฑฺ
๐ฉโ๐ณ	ุจุงูุฑฺ, ุดู, ุนูุฑุช, ุนูุฑุช ุจุงูุฑฺ
๐จโ๐ง	ุงูฺฉูนุฑุดู, ูุฑุฏ, ูุฑุฏ ูฺฉูฺฉ, ูฺฉูฺฉ, ฺฉุงุฑฺฏุฑ
๐ฉโ๐ง	ุงูฺฉูนุฑุดู, ุนูุฑุช ูฺฉูฺฉ, ูุฑุฏ, ูฺฉูฺฉ, ฺฉุงุฑฺฏุฑ
๐จโ๐ญ	ูฺฉูนุฑ, ูุฑุฏ, ูุฑุฏ ูฺฉูนุฑ ฺฉุงุฑฺฉู, ฺฉุงุฑฺฉู, ฺฉุงุฑฺฏุฑ
๐ฉโ๐ญ	ุนูุฑุช, ุนูุฑุช ูฺฉูนุฑ ฺฉุงุฑฺฉู, ูฺฉูนุฑ, ฺฉุงุฑฺฉู, ฺฉุงุฑฺฏุฑ
๐จโ๐ผ	ุฏูุชุฑ, ูุฑุฏ, ูุฑุฏ ุฏูุชุฑ ฺฉุงุฑฺฉู, ููุงุฒู, ฺฉุงุฑฺฉู
๐ฉโ๐ผ	ุฏูุชุฑ, ุนูุฑุช, ุนูุฑุช ุฏูุชุฑ ฺฉุงุฑฺฉู, ููุงุฒู, ฺฉุงุฑฺฉู
๐จโ๐ฌ	ุจุงููุฌุณูน, ุณุงุฆูุณุฏุงู, ูุฑุฏ, ูุฑุฏ ุณุงุฆูุณุฏุงู, ฺฉูุณูน
๐ฉโ๐ฌ	ุจุงููุฌุณูน, ุณุงุฆูุณุฏุงู, ุนูุฑุช, ุนูุฑุช ุณุงุฆูุณุฏุงู, ฺฉูุณูน
๐จโ๐ป	ููพ ูนุงูพ, ูุฑุฏ, ูุฑุฏ ูนฺฉูููุงุฌุณูน, ฺฉููพููนุฑ, ฺฉูฺุฑ
๐ฉโ๐ป	ุนูุฑุช, ุนูุฑุช ูนฺฉูููุงุฌุณูน, ููพ ูนุงูพ, ฺฉููพููนุฑ, ฺฉูฺุฑ
๐จโ๐ค	ุณูฺฏุฑ, ููฺฉุงุฑ, ฺฏููฺฉุงุฑ
๐ฉโ๐ค	ุณูฺฏุฑ, ููฺฉุงุฑ, ฺฏููฺฉุงุฑ
๐จโ๐จ	ุขุฑูนุณูน, ุณูฺฏุฑ, ููฺฉุงุฑ
๐ฉโ๐จ	ุขุฑูนุณูน, ุณูฺฏุฑ, ููฺฉุงุฑ
๐จโโ	ุขุณูุงู, ูุฑุฏ, ูุฑุฏ ูพุงุฆููน, ูพุงุฆููน, ูุงุฆ ุฌุงุฒ
๐ฉโโ	ุขุณูุงู, ุนูุฑุช, ุนูุฑุช ูพุงุฆููน, ูพุงุฆููน, ูุงุฆ ุฌุงุฒ
๐จโ๐	ุฎูุง, ุฎูุงุจุงุฒ, ุฑุงฺฉูน, ูุฑุฏ, ูุฑุฏ ุฎูุงุจุงุฒ
๐ฉโ๐	ุฎูุง, ุฎูุงุจุงุฒ, ุฑุงฺฉูน, ุนูุฑุช ุฎูุงุจุงุฒ, ูุฑุฏ
๐จโ๐	ุขฺฏ, ุขฺฏ ุจุฌฺพุงู ูุงูุง, ูุงุฆุฑ ูุงุฆูนุฑ, ูุฑุฏ, ูุฑุฏ ูุงุฆุฑ ูุงุฆูนุฑ
๐ฉโ๐	ุขฺฏ, ุขฺฏ ุจุฌฺพุงู ูุงู, ุนูุฑุช ูุงุฆุฑ ูุงุฆูนุฑ, ูุงุฆุฑ ูุงุฆูนุฑ, ูุฑุฏ
๐ฎ	ุขูุณุฑ, ูพููุณ, ูพููุณ ุขูุณุฑ
๐ฎโโ	ุขูุณุฑ, ูุฑุฏ, ูุฑุฏ ูพููุณ ุขูุณุฑ, ูพููุณ, ูพููุณ ุงุณูนุดู
๐ฎโโ	ุขูุณุฑ, ุนูุฑุช, ุนูุฑุช ูพููุณ ุขูุณุฑ, ูพููุณ, ูพููุณ ุงุณูนุดู
๐ตโโ	ุฌุงุณูุณ, ุณุฑุงุบ ฺฉุง ูพุชุง ูฺฏุงู ูุงูุง, ูุฑุฏ, ูุฑุฏ ุฌุงุณูุณ
๐ตโโ	ุฌุงุณูุณ ุนูุฑุช, ุณุฑุงุบ ฺฉุง ูพุชุง ูฺฏุงู ูุงู, ุนูุฑุช ุฌุงุณูุณ
๐	ุญูุงุธุช, ุณฺฉูุฑูน, ฺฏุงุฑฺ
๐โโ	ุญูุงุธุช, ุณฺฉูุฑูน ูุฑุฏ, ูุฑุฏ ฺฏุงุฑฺ, ฺฏุงุฑฺ
๐โโ	ุญูุงุธุช, ุณฺฉูุฑูน, ุนูุฑุช, ุนูุฑุช ฺฏุงุฑฺ, ฺฏุงุฑฺ
๐ท	ุจูุฏ ุขูฺฉฺพูฺบ ูุงูุง ูุณุชุฑ, ูุฒุฏูุฑ, ูนููพ
๐ทโโ	ุชุนูุฑ, ุนูุงุฑุช, ูุฑุฏ, ูุฑุฏ ูุฒุฏูุฑ, ูุฒุฏูุฑ
๐ทโโ	ุชุนูุฑ, ุนูุงุฑุช, ุนูุฑุช, ุนูุฑุช ูุฒุฏูุฑ, ูุฒุฏูุฑ
๐คด	ุดุฒุงุฏ
๐ธ	ุงูุณุงูู, ุดุฒุงุฏ, ฺฉุงู
๐ณ	ุขุฏู, ูพฺฏฺ, ูพฺฏฺ ูุงูุง ุดุฎุต
๐ณโโ	ุณุฑุฏุงุฑ, ูุฑุฏ, ูพฺฏฺ, ูพฺฏฺ ูุงูุง ูุฑุฏ
๐ณโโ	ุณุฑุฏุงุฑู, ุนูุฑุช, ูพฺฏฺ, ูพฺฏฺ ูุงู ุนูุฑุช
๐ฒ	ุขุฏู, ูนููพ, ฺู ูนููพ ูุงูุง ุดุฎุต
๐ง	ุญุฌุงุจ, ุณุฑ ูพุฑ ุงุณฺฉุงุฑู ูพู ุนูุฑุช, ุณุฑ ฺฉุง ุงุณฺฉุงุฑู
๐คต	ุชูุฑุจ, ุฏูุง, ุณููน, ุณููนฺ ุจููนฺ ุขุฏู
๐ฐ	ุฏูู, ุฑูุงุช ุณูุฏ ูุจุงุณ ูฺบ ุฏูู, ุดุงุฏ
๐คฐ	ุญุงูู, ุญุงูู ุนูุฑุช, ุนูุฑุช
๐คฑ	ุจฺ, ุฏูุฏฺพ ูพูุงูุง, ูพุฑูุฑุด, ูพุณุชุงู
๐ผ	ุงูุณุงูู, ุจฺ, ุจ ุจ ูุฑุดุช, ูุฑุดุช, ฺุฑ
๐	ุจุงูพ, ุฌุดู, ุณุงูุชุง, ุณุงูุชุง ฺฉูุงุฒ, ฺฉุฑุณูุณ
๐คถ	ูุฏุฑ, ูุฏุฑ ฺฉุฑุณูุณ, ฺฉุฑุณูุณ
๐ฆธ	ุงฺฺพุง, ุณูพุฑ ูพุงูุฑ, ุณูพุฑ ุฑู, ุฑู, ุฑูุฆู
๐ฆธโโ	ุงฺฺพุง, ุฎุงุชูู ุณูพุฑ ุฑู, ุณูพุฑ ูพุงูุฑ, ุนูุฑุช, ุฑู, ุฑูุฆู
๐ฆธโโ	ุงฺฺพุง, ุณูพุฑ ูพุงูุฑ, ูุฑุฏ, ูุฑุฏ ุณูพุฑ ุฑู, ุฑู
๐ฆน	ุจุฑุงุฆ, ุณูพุฑ ููู, ุณูพุฑ ูพุงูุฑ, ูุฌุฑู, ููู
๐ฆนโโ	ุจุฑุงุฆ, ุฎุงุชูู ุณูพุฑ ููู, ุณูพุฑ ูพุงูุฑ, ุนูุฑุช, ูุฌุฑู, ููู
๐ฆนโโ	ุจุฑุงุฆ, ุณูพุฑ ูพุงูุฑ, ูุฌุฑู, ูุฑุฏ, ูุฑุฏ ุณูพุฑ ููู, ููู
๐ง	ุฌุงุฏูฺฏุฑ, ฺุงุฏูฺฏุฑู
๐งโโ	ุฌุงุฏูฺฏุฑ ุนูุฑุช, ุฌุงุฏูฺฏุฑู, ฺฺู
๐งโโ	ุฌุงุฏูฺฏุฑ, ุฌุงุฏูฺฏุฑ ุขุฏู
๐ง	ุงูุจุฑุงู, ูนุงุฆูนูุง, ูพุฑ, ูพฺฉ
๐งโโ	ูนุงุฆูนูุง, ูพุฑ ุนูุฑุช
๐งโโ	ุงูุจุฑุงู, ูุฑุฏ ูพุฑ, ูพฺฉ
๐ง	ุฎูู ุฎูุงุฑ, ุฒูุฏ, ฺุฑฺฉูุง
๐งโโ	ุฎูู ุฎูุงุฑ ุนูุฑุช, ุฒูุฏ
๐งโโ	ุฎูู ุฎูุงุฑ ุขุฏู, ุฒูุฏ, ฺุฑฺฉูุง
๐ง	ุฌู ูพุฑ, ูพุงู ฺฉ ุฌุงูุฏุงุฑ
๐งโโ	ุฌู ูพุฑ, ุณููุฏุฑ ุนูุฑุช
๐งโโ	ุฌู ูุงูุณ, ุณููุฏุฑ ุฏูุชุง
๐ง	ุฌุงุฏูุฆ, ูพุฑุช
๐งโโ	ุฌุงุฏูุฆ, ูพุฑุช ุนูุฑุช
๐งโโ	ุฌุงุฏูุฆ, ูพุฑุช ุขุฏู
๐ง	ุฌู
๐งโโ	ุฌู, ุนูุฑุช ุฌู
๐งโโ	ุฌู, ูุฑุฏ ุฌู
๐ง	ุฒูุฏ, ุฒูุฏ ูุฑุฏ, ฺูุชุง ูพฺพุฑุชุง ูุฑุฏ
๐งโโ	ุฒูุฏ, ุฒูุฏ ูุฑุฏ ุนูุฑุช, ฺูุชุง ูพฺพุฑุชุง ูุฑุฏ
๐งโโ	ุฒูุฏ, ุฒูุฏ ูุฑุฏ ูุฑุฏ, ฺูุชุง ูพฺพุฑุชุง ูุฑุฏ
๐	ุงุดุงุฑ, ุชูุฑ, ุชูุฑ ฺฺฺพุงุฆ ุดุฎุต
๐โโ	ูุฑุฏ, ูุงุฑุงุถฺฏ ุธุงุฑ ฺฉุฑุชุง ูุง ูุฑุฏ, ฺฏฺพูุฑุชุง ูุง ูุฑุฏ, ฺฏฺพูุฑูุง
๐โโ	ุนูุฑุช, ูุงุฑุงุถฺฏ ุธุงุฑ ฺฉุฑุช ูุฆ ุนูุฑุช, ฺฏฺพูุฑุช ูุฆ ุนูุฑุช, ฺฏฺพูุฑูุง
๐	ุงุดุงุฑ, ูุง ุดุงุฏ, ูุง ุดุงุฏ ุดุฎุต
๐โโ	ุงุฏุงุณ ุธุงุฑ ฺฉุฑูุง, ูุฑุฏ, ููฺพ ุจุณูุฑูุง, ูู ุจุณูุฑุชุง ูุง ูุฑุฏ, ูููน ุฏุจุงูุง
๐โโ	ุงุฏุงุณ ุธุงุฑ ฺฉุฑูุง, ุนูุฑุช, ููฺพ ุจุณูุฑูุง, ูู ุจุณูุฑุช ูุง ุนูุฑุช, ูููน ุฏุจุงูุง
๐	ููุน ฺฉุฑูุง, ูฺบ, ูฺบ ฺฉุง ุงุดุงุฑ, ุงุชฺพ
๐โโ	ุงุดุงุฑ, ุฑูฺฉูุง, ูุฑุฏ, ููุน ฺฉุฑูุง, ูนฺพฺฉ ูฺบ ูู ฺฉุง ุงุดุงุฑ ฺฉุฑุชุง ูุง ูุฑุฏ
๐โโ	ุงุดุงุฑ, ุฑูฺฉูุง, ุนูุฑุช, ููุน ฺฉุฑูุง, ูนฺพฺฉ ูฺบ ูู ฺฉุง ุงุดุงุฑ ฺฉุฑุช ูุฆ ุนูุฑุช
๐	ูนฺพฺฉ , ุงุชฺพ, ุงฺบ ฺฉุง ุงุดุงุฑ
๐โโ	ุงุฌุงุฒุช ุฏูุง, ุงุดุงุฑ, ุงูฺฉ, ูุฑุฏ, ูนฺพฺฉ  ฺฉุง ุงุดุงุฑ ฺฉุฑุชุง ูุง ูุฑุฏ
๐โโ	ุงุฌุงุฒุช ุฏูุง, ุงุดุงุฑ, ุงูฺฉ, ุนูุฑุช, ูนฺพฺฉ  ฺฉุง ุงุดุงุฑ ฺฉุฑุช ูุฆ ุนูุฑุช
๐	ูุฏุฏ, ูุนูููุงุช, ูุนูููุงุช ฺุณฺฉ ูุงูุง ุจูุฏ
๐โโ	ุชุฌูุฑ, ุชุฌูุฒ ุฏุชุง ูุง ูุฑุฏ, ุฑุงุฆ, ูุฑุฏ, ูุนูููุงุช
๐โโ	ุชุฌูุฑ, ุชุฌูุฒ ุฏุช ูุฆ ุนูุฑุช, ุฑุงุฆ, ุนูุฑุช, ูุนูููุงุช
๐	ุงูนฺพุงูุง, ุฎูุด, ุงุชฺพ, ุงุชฺพ ุจููุฏ ฺฉ ุฎูุด ุดุฎุต
๐โโ	ุงุดุงุฑ, ูุฑุฏ, ุงุชฺพ ุงูนฺพุงุชุง ูุง ูุฑุฏ, ุงุชฺพ ุงูนฺพุงูุง
๐โโ	ุงุดุงุฑ, ุนูุฑุช, ุงุชฺพ ุงูนฺพุงุช ูุฆ ุนูุฑุช, ุงุชฺพ ุงูนฺพุงูุง
๐	ุงุดุงุฑ, ุฌฺพฺฉูุง, ุฌฺพฺฉ ูุฆ ุดุฎุต, ูุนุงู
๐โโ	ุงูุณูุณ, ุจุช ุฒุงุฏ ุฌฺพฺฉุง ูุง ูุฑุฏ, ูุฑุฏ, ูุนุงู, ูุนุฐุฑุช
๐โโ	ุงูุณูุณ, ุจุช ุฒุงุฏ ุฌฺพฺฉ ูุฆ ุนูุฑุช, ุนูุฑุช, ูุนุงู, ูุนุฐุฑุช
๐คฆ	ุจ ูู, ุบุต, ูพุดุงู, ูพุดุงู ูพุฑ ุงุชฺพ, ฺุฑ, ุงุชฺพ
๐คฆโโ	ุจ ูู, ุดุฑููุฏฺฏ, ุดุฑููุฏฺฏ ุธุงุฑ ฺฉุฑุชุง ูุง ูุฑุฏ, ูุฑุฏ, ูพุดุงู
๐คฆโโ	ุจ ูู, ุดุฑููุฏฺฏ, ุดุฑููุฏฺฏ ุธุงุฑ ฺฉุฑุช ูุฆ ุนูุฑุช, ุนูุฑุช, ูพุดุงู
๐คท	ุจ ูพุฑูุง, ูุง ุนูู, ฺฉูุฏฺพ ุงฺฺฉุงูุง
๐คทโโ	ุจ ูพุฑูุง, ุดฺฉ, ูุง ุนูู, ฺฉูุฏฺพ ุงฺฺฉุงุชุง ูุง ูุฑุฏ, ฺฉูุฏฺพ ุงฺฺฉุงูุง
๐คทโโ	ุจ ูพุฑูุง, ุดฺฉ, ูุง ุนูู, ฺฉูุฏฺพ ุงฺฺฉุงุช ูุฆ ุนูุฑุช, ฺฉูุฏฺพ ุงฺฺฉุงูุง
๐	ูุณุงุฌ, ฺุฑ ฺฉุง ูุณุงุฌ
๐โโ	ูุงูุด, ูุฑุฏ, ูุณุงุฌ, ฺุฑุง, ฺุฑ ฺฉ ูุงูุด ฺฉุฑุงุชุง ูุง ูุฑุฏ
๐โโ	ุนูุฑุช, ูุงูุด, ูุณุงุฌ, ฺุฑุง, ฺุฑ ฺฉ ูุงูุด ฺฉุฑุงุช ูุฆ ุนูุฑุช
๐	ุญุฌุงู, ุญุฌุงูุช
๐โโ	ุจุงู ฺฉูนูุงุชุง ูุง ูุฑุฏ, ุจุงู ฺฉูนูุงูุง, ุญุฌุงู, ูุฑุฏ
๐โโ	ุจุงู ฺฉูนูุงุช ูุฆ ุนูุฑุช, ุจุงู ฺฉูนูุงูุง, ุญุฌุงู, ุนูุฑุช
๐ถ	ุดุฎุต, ูพุฏู, ูพุฏู ฺูุชุง ุดุฎุต
๐ถโโ	ูุฑุฏ, ูนููุง, ูพุฏู ฺูุชุง ูุง ูุฑุฏ, ูพุฏู ฺููุง, ฺู ูุฏู ฺฉุฑูุง
๐ถโโ	ุนูุฑุช, ูนููุง, ูพุฏู ฺูุช ูุฆ ุนูุฑุช, ูพุฏู ฺููุง, ฺู ูุฏู ฺฉุฑูุง
๐	ุฏูฺุชุง ูุง ุดุฎุต, ุฏูฺูุง, ุดุฎุต
๐โโ	ุจฺพุงฺฏูุง, ุชุฒ ฺููุง, ุฏูฺุชุง ูุง ูุฑุฏ, ุฏูฺูุง, ูุฑุฏ
๐โโ	ุจฺพุงฺฏูุง, ุชุฒ ฺููุง, ุฏูฺุช ูุฆ ุนูุฑุช, ุฏูฺูุง, ุนูุฑุช
๐	ูฺฺฉ, ฺุงูุณ, ฺุงูุณุฑ
๐บ	ุขุฏู, ูุงฺ, ูุงฺุชุง ูุง ุดุฎุต
๐ฏ	ุนูุฑุช, ูฺฺฉ, ูพุงุฑูน ฺฉุฑุช ุนูุฑุชฺบ, ฺุงูุณ
๐ฏโโ	ุชูุฑุญ, ูุฑุฏ, ูพุงุฑูน, ฺุงูุณ, ฺุงูุณ ฺฉุฑุช ูุฆ ูุฑุฏ
๐ฏโโ	ุชูุฑุญ, ุนูุฑุช, ูพุงุฑูน, ฺุงูุณ, ฺุงูุณ ฺฉุฑุช ูุฆ ุนูุฑุชฺบ
๐ง	ุงฺฉ ุดุฎุต ุจฺพุงูพ ุณ ุจฺพุฑ ฺฉูุฑ ูฺบ, ุจฺพุงูพ ุณ ุจฺพุฑุง, ุบุณู ุฎุงู
๐งโโ	ุงฺฉ ุฎุงุชูู ุจฺพุงูพ ุณ ุจฺพุฑ ฺฉูุฑ ูฺบ, ุจฺพุงูพ ุณ ุจฺพุฑุง, ุบุณู ุฎุงู
๐งโโ	ุงฺฉ ูุฑุฏ ุจฺพุงูพ ุณ ุจฺพุฑ ฺฉูุฑ ูฺบ, ุจฺพุงูพ ุณ ุจฺพุฑุง, ุบุณู ุฎุงู
๐ง	ฺฺฺพุชุง ูุง ุดุฎุต, ฺฺฺพู ูุงูุง
๐งโโ	ฺุฑฺพู ูุงู, ฺฺฺพุช ูุฆ ุนูุฑุช
๐งโโ	ฺฺฺพุชุง ูุง ุขุฏู, ฺฺฺพู ูุงูุง
๐ง	ูุฑุงูุจ, ูพุงูุช ูุงุฑ ฺฉุฑ ุจูนฺพุง ุดุฎุต, ูฺฏุง
๐งโโ	ูุฑุงูุจ, ูพุงูุช ูุงุฑ ฺฉุฑ ุจูนฺพ ุนูุฑุช, ูฺฏุง
๐งโโ	ูุฑุงูุจ, ูพุงูุช ูุงุฑ ฺฉุฑ ุจูนฺพุง ุขุฏู, ูฺฏุง
๐	ุจุงุชฺพ ูนุจ, ูุงุชุง ูุง ุดุฎุต
๐	ุจุณุชุฑ ูฺบ ููนุง ุดุฎุต, ููุฏ, ููนู
๐ค	ุขุฏู ฺฉุง ุฎุงฺฉ, ุฎุงฺฉ
๐ฅ	ุขุฏููฺบ ฺฉ ุฎุงฺฉ, ุฎุงฺฉ
๐คบ	ุจูุฏ, ุชููุงุฑ, ุชููุงุฑ ุจุงุฒ, ฺฉฺพู
๐	ุฏูฺ, ฺฉฺพู, ฺฏฺพูฺุง, ฺฏฺพฺ ุฏูฺ
๐โโ	ูุฑุฏ, ฺฉฺพูุงฺ, ฺฉฺพููุง, ฺฏุงูู, ฺฏุงูู ฺฉฺพูุชุง ูุง ูุฑุฏ
๐โโ	ุนูุฑุช, ฺฉฺพูุงฺ, ฺฉฺพููุง, ฺฏุงูู, ฺฏุงูู ฺฉฺพูุช ูุฆ ุนูุฑุช
๐โโ	ุชุฎุช, ุณุฑููฺฏ ฺฉุฑุชุง ูุง ูุฑุฏ, ูุฑุฏ, ูพุงู, ฺฉฺพููุง
๐โโ	ุชุฎุช, ุณุฑููฺฏ ฺฉุฑุช ูุฆ ุนูุฑุช, ุนูุฑุช, ูพุงู, ฺฉฺพููุง
๐ฃ	ุณูุงุฑ, ฺูพูุคฺบ ูุงู ฺฉุดุช, ฺฉุดุช
๐ฃโโ	ุณูุงุฑ, ูุฑุฏ, ูพุงู, ฺฉุดุช, ฺฉุดุช ฺูุงุชุง ูุง ูุฑุฏ
๐ฃโโ	ุณูุงุฑ, ุนูุฑุช, ูพุงู, ฺฉุดุช, ฺฉุดุช ฺูุงุช ูุฆ ุนูุฑุช
๐โโ	ุชุฑุงฺฉ, ุชุฑุงฺฉ ฺฉุฑุชุง ูุง ูุฑุฏ, ูุฑุฏ, ูพุงู
๐โโ	ุชุฑุงฺฉ, ุชุฑุงฺฉ ฺฉุฑุช ูุฆ ุนูุฑุช, ุนูุฑุช, ูพุงู
โนโโ	ุจุงู, ุจุงู ุณ ฺฉฺพูุชุง ูุง ูุฑุฏ, ูุฑุฏ, ูุฏุงู, ฺฉฺพููุง
โนโโ	ุจุงู, ุจุงู ุณ ฺฉฺพูุช ูุฆ ุนูุฑุช, ุนูุฑุช, ูุฏุงู, ฺฉฺพููุง
๐โโ	ุงูนฺพุงูุง, ุฌู, ูุฑุฏ, ูุฒู, ูุฒู ุงูนฺพุงุชุง ูุง ูุฑุฏ
๐โโ	ุงูนฺพุงูุง, ุฌู, ุนูุฑุช, ูุฒู, ูุฒู ุงูนฺพุงุช ูุฆ ุนูุฑุช
๐ด	ุณุงุฆฺฉู, ุณุงุฆฺฉู ุณูุงุฑ, ุณูุงุฑ
๐ดโโ	ุณุงุฆฺฉู, ุณุงุฆฺฉู ุณูุงุฑ ูุฑุฏ, ุณฺฺฉ, ูุฑุฏ, ฺูุงูุง
๐ดโโ	ุณุงุฆฺฉู, ุณุงุฆฺฉู ุณูุงุฑ ุนูุฑุช, ุณฺฺฉ, ุนูุฑุช, ฺูุงูุง
๐ต	ุจุงุฆฺฉ, ุณุงุฆฺฉู, ุณูุงุฑ, ูุงุคููนู, ูุงุคููนู ุจุงุฆฺฉ
๐ตโโ	ุณุงุฆฺฉู, ูุงุคููนู, ูุงุคููนู ุจุงุฆฺฉ ูพุฑ ุณูุงุฑ ูุฑุฏ, ูุฑุฏ, ฺูุงูุง
๐ตโโ	ุณุงุฆฺฉู, ุนูุฑุช, ูุงุคููนู, ูุงุคููนู ุจุงุฆฺฉ ูพุฑ ุณูุงุฑ ุนูุฑุช, ฺูุงูุง
๐คธ	ุจูุฏ, ุฌููุงุณูนฺฉุณ, ููุงุจุงุฒ, ููุงุจุงุฒ ูฺฏุงุชุง ุดุฎุต, ฺฉฺพู
๐คธโโ	ุฌููุงุณูนฺฉุณ, ููุงุจุงุฒ, ููุงุจุงุฒ ฺฉฺพุงุชุง ูุง ูุฑุฏ, ูุฑุฏ, ฺฉฺพู
๐คธโโ	ุฌููุงุณูนฺฉุณ, ุนูุฑุช, ููุงุจุงุฒ, ููุงุจุงุฒ ฺฉฺพุงุช ูุฆ ุนูุฑุช, ฺฉฺพู
๐คผ	ุจูุฏ, ูพููุงู, ฺฉุดุช, ฺฉฺพู
๐คผโโ	ูุฑุฏ, ูุฑุฏูฺบ ฺฉ ฺฉุดุช, ูพููุงู, ฺฉุดุช, ฺฉฺพู
๐คผโโ	ุนูุฑุช, ุนูุฑุชูฺบ ฺฉ ฺฉุดุช, ูพููุงู, ฺฉุดุช, ฺฉฺพู
๐คฝ	ุจูุฏ, ูุงูนุฑ ูพููู, ูพุงู, ูพููู, ฺฉฺพู
๐คฝโโ	ูุฑุฏ, ูุงูนุฑ ูพููู ฺฉฺพูุชุง ูุง ูุฑุฏ, ูพุงู, ูพููู, ฺฉฺพู
๐คฝโโ	ุนูุฑุช, ูุงูนุฑ ูพููู ฺฉฺพูุช ูุฆ ุนูุฑุช, ูพุงู, ูพููู, ฺฉฺพู
๐คพ	ุจุงู, ุจูุฏ, ฺฉฺพู, ูฺ ุจุงู
๐คพโโ	ูุฑุฏ, ูุฏุงู, ฺฉฺพู, ูฺ ุจุงู, ูฺ ุจุงู ฺฉฺพูุชุง ูุง ูุฑุฏ
๐คพโโ	ุนูุฑุช, ูุฏุงู, ฺฉฺพู, ูฺ ุจุงู, ูฺ ุจุงู ฺฉฺพูุช ูุฆ ุนูุฑุช
๐คน	ุชูุงุฒู, ุดุนุจุฏ ุจุงุฒ, ูุฏุงุฑ, ูุงุฑุช
๐คนโโ	ุดุนุจุฏ ุจุงุฒ ูุฑุฏ, ุดุนุจุฏ ุจุงุฒ, ูุฏุงุฑ, ูุฑุฏ, ฺฉฺพู
๐คนโโ	ุดุนุจุฏ ุจุงุฒ ุนูุฑุช, ุดุนุจุฏ ุจุงุฒ, ุนูุฑุช, ูุฏุงุฑ, ฺฉฺพู
๐ซ	ุชฺพุงููุง, ุฌูฺุง, ุงุชฺพ, ุงุชฺพ ุชฺพุงู ูุฑุฏ ุงูุฑ ุนูุฑุช
๐ฌ	ุชฺพุงููุง, ุฌูฺุง, ูุฑุฏ, ุงุชฺพ, ุงุชฺพ ุชฺพุงู ุฏู ูุฑุฏ
๐ญ	ุชฺพุงููุง, ุฌูฺุง, ุนูุฑุชฺบ, ุงุชฺพ, ุงุชฺพ ุชฺพุงู ุฏู ุนูุฑุชฺบ
๐	ุจูุณ, ุฌูฺุง, ุฑููุงูุณ
๐	ุฌูฺุง, ุฏู, ุฏู ุงูุฑ ุฌูฺุง, ุฑููุงูุณ
๐คณ	ุชุตูุฑ, ุณูู, ููู, ฺฉูุฑ
๐ช	ุจุงุฒูุคฺบ ฺฉ ฺูู, ุฌุณู, ฺูู
๐ฆต	ุนุถู, ูนุงูฺฏ, ูนฺพูฺฉุฑ
๐ฆถ	ูนฺพูฺฉุฑ, ูพุงุคฺบ, ูพุงุคฺบ ูุงุฑูุง
๐	ุฌุณู, ุฏุฑูุงู ุงูฺฏู, ุงุชฺพ
๐ค	ุงูุฏ, ุงูฺฏู, ูุณูุช, ฺฉุฑุงุณ, ฺฉุฑุงุณ ุจูุงุช ุงูฺฏูุงฺบ
๐	ุงูฺฏู, ุงูุชุด ูุดุงฺบ, ุฌุณู, ูููฺฉู ุณูููน, ุงุชฺพ
๐ค	ุงูฺฏู, ุฌุณู, ุณูฺฏ, ุงุชฺพ, ุงุชฺพ ุณ ุณูฺฏูฺบ ฺฉุง ูุดุงู
๐ค	ุงุดุงุฑ, ฺฉุงู, ฺฉุงู ฺฉุฑู ฺฉุง ุงุดุงุฑ, ุงุชฺพ
โ	ุจููุฏ ุงุชฺพ, ุฌุณู, ุงุชฺพ
๐	ุงูฺฉ, ุงูฺฉ ฺฉุง ูุดุงู ุจูุงุชุง ุงุชฺพ, ุฌุณู, ูุดุงู, ุงุชฺพ
โ	ุจููุฏ ูููนฺพ, ุฌุณู, ููนฺพ, ุงุชฺพ
๐	ุขุชุง ูุง ููฺฉุง, ุฌุณู, ูฺฉุง, ุงุชฺพ
๐ค	ุจุงุฆฺบ ุณูุช, ุจุงุฆฺบ ุณูุช ูฺบ ูฺฉุง, ูฺฉุง
๐ค	ุฏุงุฆฺบ ุณูุช, ุฏุงุฆฺบ ุณูุช ูฺบ ูฺฉุง, ูฺฉุง
๐ค	ูพุดุช, ฺฉฺพฺุง, ฺฉฺพฺ ุงุชฺพ ฺฉ ูพุดุช, ุงุชฺพ
๐	ุฌุณู, ูุฑุงูุง, ุงุชฺพ, ุงุชฺพ ูุฑุงูุง
๐ค	ุขูพ ุณ ูุญุจุช, ุขูพ ุณ ูุญุจุช ฺฉุง ุงุดุงุฑ, ุงุชฺพ
๐	ุชุงู, ุชุงูุงฺบ ุจุฌุงุช ุงุชฺพ, ุฌุณู, ุงุชฺพ
๐	ุฌุณู, ฺฉฺพู ุงุชฺพ, ฺฉฺพูู, ุงุชฺพ
๐	ุฌุณู, ุฌุดู, ุงุชฺพ, ุงุชฺพ ุจููุฏ ฺฉ ูุฆ ุดุฎุต
๐คฒ	ุงฺฉ ุณุงุชฺพ ุชฺพูุงฺบ ุงูนฺพุงูุง, ููุงุฒ
๐	ุงุดุงุฑ, ุจูุฏฺพ ุงุชฺพ, ุฏุนุง, ุดฺฉุฑ
๐ค	ููุงูุง, ุงุชฺพ, ุงุชฺพ ููุงูุง
๐	ุฌุณู, ุฎุงู, ูุงุฎู, ูู ูพุงูุด, ูพุงูุด
๐	ุฌุณู, ูุงฺฉ
๐ฃ	ุฌุณู, ูุฏู, ูุฏููฺบ ฺฉ ูุดุงูุงุช, ูุดุงู
๐	ุขูฺฉฺพฺบ, ุฌุณู
๐โ๐จ	ุขูฺฉฺพ, ุฏฺพูฺฉ, ุฏฺพูฺฉ ุฑูฺฉู ฺฉ ูู, ูู
๐ง	ุฏูุงุบ, ุฐู
๐ฆด	ฺฺพุงูฺุง, ฺ
๐ฆท	ุฏุงูุช, ูุนุงูุฌ ุฏูุฏุงู
๐	ุฌุณู, ุฒุจุงู
๐	ุฌุณู, ูู
๐ฆฐ	ุงุฏุฑฺฉ, ุณุฑุฎ ุจุงู, ุณุฑุฎ ุณุฑ
๐ฆฑ	ุงูุฑู, ฺฏฺพูฺฏฺพุฑุงู, ฺฏฺพูฺฏฺพุฑุงู ุจุงู, ฺฏุณู
๐ฆณ	ุจุงู, ุจูฺฺพุง, ุฎุงฺฉุณุชุฑ, ุณูุฏ, ุณูุฏ ุจุงู
๐ฆฒ	ุดู ฺฉุง ูุง, ฺฉูุฆ ุจุงู ูฺบ, ฺฉูุงุฆ ุนูุงุฌ, ฺฏูุฌุง
๐	ุจูุณ, ุจูุณ ฺฉุง ูุดุงู, ูููน
๐	ุชุฑ, ุชุฑ ูพูุณุช ูุง ุฏู, ุฏู, ุฒุฎู
๐	ุฏู, ุฑุจู, ุฑุจู ุจุงูุฏฺพ ุฏู
๐	ุฏู, ูพุฑ ุฌูุด, ฺูฺฉุชุง ุฏู
๐	ุจฺฺพุชุง ูุง ุฏู, ุฏู, ูุฑูุณ, ูพุฑ ุฌูุด
๐	ุฏู, ุฏฺพฺฺฉุชุง ุฏู, ุฏฺพฺฺฉู
๐	ุฏู, ฺฏฺพููุช ุฏู, ฺฏฺพูููุง
๐	ุฏู, ุฏู ุฏู, ูพุงุฑ
๐	ุฎุท, ุฑููุงูุณ, ูุญุจุช ุจฺพุฑุง ุฎุท, ูพุงุฑ
๐	ุฏู, ูนููนุง ูุง, ูนููนุง ูุง ุฏู
๐งก	ูุงุฑูุฌ, ูุงุฑูุฌ ุฏู
๐	ุฏู, ูพูุง, ูพูุง ุฏู
๐	ุฏู, ุณุจุฒ, ุณุจุฒ ุฏู
๐	ุฏู, ููุง, ููุง ุฏู
๐	ุงุฑุบูุงู, ุงุฑุบูุงู ุฏู, ุฏู
๐ค	ุจุฑุง, ุฏู, ุดุทุงู, ฺฉุงูุง, ฺฉุงูุง ุฏู
๐	ุฏู, ุฏู ฺฉ ฺฺฉูุฑุดู, ฺฺฉูุฑุดู
๐ค	ุฒุฒุฒุฒุฒุฒ, ููุธ ุนูุงูุช, ููุฏ
๐ข	ุนูุงูุช, ุบุต, ุบุต ฺฉ ุนูุงูุช
๐ฅ	ุชุตุงุฏู, ูนฺฉุฑ
๐ฆ	ูุทุฑ, ูพุณู, ูพุณู ฺฉ ูุทุฑ
๐จ	ุชุฒ, ุชุฒ ุณ ุฏูฺูุง, ุฏูฺูุง
๐ซ	ุณุฑ ฺฺฉุฑุงูุง, ุนูุงูุช
๐ฌ	ุนูุงูุช, ุบุจุงุฑ, ฺฏูุชฺฏู, ฺฏูุชฺฏู ุบุจุงุฑ
๐ญ	ุณูฺ, ุณูฺ ุบุจุงุฑ, ุนูุงูุช, ุบุจุงุฑ
๐ฅฝ	ุขูฺฉฺพูฺบ ฺฉุง ุชุญูุธ, ุชุฑุงฺฉ, ููฺูฺฏ, ฺฏุงฺฏู
๐ฅผ	ุชุฌุฑุจ, ุณุงุฆูุณุฏุงู, ูุจ ูฺบ ูพูู ูุงูุง ฺฉููน, ฺุงฺฉูนุฑ
๐	ูุจุงุณ, ูฺฉ ูนุงุฆ, ูฺฉูนุงุฆ
๐	ูุจุงุณ, ูน ุดุฑูน
๐	ุฌูุฒ, ูุจุงุณ
๐งฃ	ุงุณฺฉุงุฑู, ฺฏุฑุฏู
๐งค	ุฏุณุชุงู
๐งฅ	ุฌฺฉูน, ฺฉููน
๐งฆ	ุฌุฑุงุจ, ุฌุฑุงุจฺบ
๐	ูุจุงุณ, ฺุฑุณ, ฺฉูพฺ
๐	ุฎูุงุชู ฺฉุง ุฑูุงุช ุฌุงูพุงู ูุจุงุณ, ูุจุงุณ
๐	ุจฺฉู, ูุจุงุณ
๐	ุนูุฑุช, ุนูุฑุชูฺบ ฺฉ ฺฉูพฺ, ูุจุงุณ
๐	ูุจุงุณ, ูพุฑุณ, ูพุณ
๐	ุจฺฏ, ูุจุงุณ, ูฺ ุจฺฏ
๐	ุจฺฏ, ูุจุงุณ
๐	ุงุณฺฉูู, ุงุณฺฉูู ฺฉุง ุจุณุช, ุจฺฏ
๐	ุขุฏู, ุฌูุชุง, ูุจุงุณ, ูุฑุฏ ฺฉุง ุฌูุชุง
๐	ุฌูุช, ุฏูฺู ูุงูุง ุฌูุชุง, ูุจุงุณ
๐ฅพ	ุจููน, ุจฺฉ ูพฺฉูฺฏ, ฺฉููพูฺฏ, ุงุฆฺฉูฺฏ, ุงุฆฺฉูฺฏ ุจููน
๐ฅฟ	ุขุณุงู ุณ ูพูุง ุฌุง ุณฺฉู ูุงูุง, ุจู ูููน, ุณููพุฑ, ููุงุฑ ุฌูุชุง
๐	ุงููฺ ุงฺ, ุงููฺ ุงฺ ูุงูุง ุฌูุชุง, ุฌูุชุง, ุนูุฑุช, ูุจุงุณ
๐ก	ุฌูุชุง, ุณูฺู, ุนูุฑุช, ุนูุฑุช ฺฉ ุณูฺู, ูุจุงุณ
๐ข	ุจููน, ุฌูุชุง, ุนูุฑุช, ุนูุฑุช ฺฉุง ุจููน, ูุจุงุณ
๐	ุจุงุฏุดุง, ุชุงุฌ, ูุจุงุณ, ููฺฉ
๐	ุนูุฑุช, ุนูุฑุช ฺฉุง ูน, ูุจุงุณ, ูน
๐ฉ	ุงููพุฑ ูนููพ, ูุจุงุณ, ูนุงูพ ูน
๐งข	ุจูฺ ฺฉูพ, ุจุณ ุจุงู ูนููพ
๐ฟ	ุชุณุจุญ ฺฉ ุฏุงู, ูุจุงุณ, ูุฐุจ
๐	ููพ ุงุณูนฺฉ, ูฺฉ ุงูพ
๐	ุงูฺฏููนฺพ, ุฑููุงูุณ, ุฑุง
๐	ุฑููุงูุณ, ููุช ูพุชฺพุฑ, ุฑุง
๐ต	ุจูุฏุฑ, ุจูุฏุฑ ฺฉุง ฺุฑ, ุฌุงููุฑ
๐	ุจูุฏุฑ, ุฌุงููุฑ
๐ฆ	ุฌุงููุฑ, ฺฏูุฑูุง
๐ถ	ุฌุงููุฑ, ฺุฑ, ฺฉุชุง, ฺฉุช ฺฉุง ฺุฑ
๐ฉ	ุฌุงููุฑ, ูพูฺู
๐บ	ุจฺพฺุง, ุจฺพฺ ฺฉุง ฺุฑ, ุฌุงููุฑ
๐ฆ	ุฌุงููุฑ, ูููฺ, ูููฺ ฺฉุง ฺุฑ, ฺุฑ
๐ฆ	ุฑุงฺฉูู, ูุชุฌุณุณ, ูฺฉุงุฑ
๐ฑ	ุจู, ุจู ฺฉุง ฺุฑ, ุฌุงููุฑ, ูพุงูุชู
๐ฆ	ุงุณุฏ, ุจุจุฑ ุดุฑ ฺฉุง ฺุฑ, ุจุจุฑุดุฑ, ุฌุงููุฑ, ุดุฑ ฺฉุง ฺุฑ
๐ฏ	ุฌุงููุฑ, ูนุงุฆฺฏุฑ, ูนุงุฆฺฏุฑ ฺฉุง ฺุฑ
๐	ุฌุงููุฑ, ูนุงุฆฺฏุฑ
๐	ุชูุฏูุง, ุฌุงููุฑ
๐ด	ุฌุงููุฑ, ฺฏฺพูฺุง, ฺฏฺพูฺ ฺฉุง ฺุฑ
๐	ุฌุงููุฑ, ฺฏฺพูฺุง
๐ฆ	ุฌุงููุฑ, ฺุฑ, ููฺฉุงุฑู, ููฺฉุงุฑู ฺฉุง ฺุฑ
๐ฆ	ุฏฺพุงุฑ, ุฒุจุฑุง
๐ฆ	ุฌุงููุฑ, ุฑู
๐ฎ	ุฌุงููุฑ, ฺฏุงุฆ, ฺฏุงุฆ ฺฉุง ฺุฑ
๐	ุจู, ุฌุงููุฑ
๐	ุจฺพูุณ, ุฌุงููุฑ, ูพุงู ฺฉ ุจฺพูุณ
๐	ุฌุงููุฑ, ฺฏุงุฆ
๐ท	ุฌุงููุฑ, ุณูุฑ, ุณูุฑ ฺฉุง ฺุฑ
๐	ุฌุงููุฑ, ุณูุฑ
๐	ุฌุงููุฑ, ุฌูฺฏู ุณูุฑ, ุณูุคุฑ
๐ฝ	ุณูุฑ, ุณูุฑ ฺฉ ูุงฺฉ, ูุงฺฉ, ฺุฑ
๐	ุจฺพฺ, ุฌุงููุฑ, ูุฑ ุจฺพฺ
๐	ุฌุงููุฑ, ูุงุฏ ุจฺพฺ
๐	ุจุฑุฌ, ุจฺฉุฑ, ุฌุงููุฑ, ุฌุฏ
๐ช	ุงูููน, ุฌุงููุฑ, ฺฉูุงู
๐ซ	ุงูููน, ุฌุงููุฑ, ุฏู ฺฉูุงููฺบ ูุงูุง ุงูููน, ฺฉูุงู
๐ฆ	ุงููพุงฺฉุง, ุงูู, ูุงูุง, ูฺฉููุง, ฺฏูุขูุงฺฉู
๐ฆ	ุฏฺพุจ, ุฒุฑุงู
๐	ุฌุงููุฑ, ุงุชฺพ
๐ฆ	ุฌุงููุฑ, ฺฏูฺุง
๐ฆ	ุฏุฑุงุฆ ฺฏฺพูฺุง
๐ญ	ุฌุงููุฑ, ฺูุง, ฺู ฺฉุง ฺุฑ, ฺุฑ
๐	ุฌุงููุฑ, ุณูุฏ ฺูุง, ฺูุง
๐	ุฌุงููุฑ, ฺูุง
๐น	ุฌุงููุฑ, ฺุฑ, ูุณูนุฑ, ูุณูนุฑ ฺฉุง ฺุฑ
๐ฐ	ุฌุงููุฑ, ุฎุฑฺฏูุด, ุฎุฑฺฏูุด ฺฉุง ฺุฑ, ฺุฑ
๐	ุฌุงููุฑ, ุฎุฑฺฏูุด
๐ฆ	ุฎุงุฑ ูพุดุช, ุฎุงุฑุฏุงุฑ
๐ฆ	ุฌุงููุฑ, ฺูฺฏุงุฏฺ
๐ป	ุฌุงููุฑ, ุฑฺฺพ, ุฑฺฺพ ฺฉุง ฺุฑ
๐จ	ุฌุงููุฑ, ุฑฺฺพ, ฺฉูุขูุง
๐ผ	ุฌุงููุฑ, ูพุงูฺุง, ูพุงูฺุง ฺฉุง ฺุฑ
๐ฆ	ุขุณูนุฑูุง, ูุงุฑุณููพุฆู, ููฺพุง ฺฉูฺฏุฑู, ฺฺพูุงูฺฏ, ฺฉูฺฏุฑู
๐ฆก	ุงูุฑู ุจุฌู, ุจุฌู, ูพุฑุดุงู ฺฉุฑูุง
๐พ	ุฌุงููุฑ, ูุดุงู, ูพูุฌูฺบ ฺฉ ูุดุงูุงุช, ูพูุฌ
๐ฆ	ุฌุงููุฑ, ูนุฑฺฉ
๐	ุฌุงููุฑ, ฺฺฉู
๐	ุฌุงููุฑ, ูุฑุบ, ูุฑุบ
๐ฃ	ุงูฺ ุณ ูฺฉูุชุง ฺูุฒ, ุจฺ, ุฌุงููุฑ, ฺูุฒ
๐ค	ุจุจุจ ฺูุฒ, ุจฺ, ุฌุงููุฑ, ฺูุฒ
๐ฅ	ุจฺ, ุฌุงููุฑ, ุณุงูู ุฏฺฉฺพุชุง ุจุจ ฺูุฒ, ฺูุฒ
๐ง	ูพูฺฏูุฆู
๐ฆ	ุนูุงุจ, ูพุฑูุฏ
๐ฆ	ุจุทุฎ, ูพุฑูุฏ
๐ฆข	ุจุฏุตูุฑุช ุจุท ุจฺ, ุฌูุงู ูุณ, ุฑุงุฌ ูุณ, ูพุฑูุฏ
๐ฆ	ุงูู, ุนููููุฏ, ูพุฑูุฏ
๐ฆ	ูุบุฑูุฑ, ููุฑ, ููุฑู, ููุงุฆุด, ูพุฑูุฏ
๐ฆ	ุทูุทุง, ูุฒุงู, ูพุฑูุฏ, ฺฏูุชฺฏู
๐ธ	ููฺฺฉ, ููฺฺฉ ฺฉุง ฺุฑ, ฺุฑ
๐	ุฌุงููุฑ, ูฺฏุฑูฺฺพ
๐ข	ุฌุงููุฑ, ฺฉฺฺพูุง
๐ฆ	ุฌุงููุฑ, ุฑูฺฏูุง, ฺฺพูพฺฉู
๐	ุฌุงููุฑ, ุณุงููพ
๐ฒ	ุฌุงููุฑ, ฺุฑ, ฺุฑฺฏู, ฺุฑฺฏู ฺฉุง ฺุฑ
๐	ุฌุงููุฑ, ฺุฑฺฏู
๐ฆ	ุฌุณู ุณุจุฒ ุฎูุฑ ฺุงุฆููุณุงุฑูฺบ ฺฉุง ุงฺฉ ุทุจู, ุณุงุฑูพุง
๐ฆ	ูนุงุฆุฑุงููุณุฑุณ ุฑฺฉุณ, ูน ุฑฺฉุณ
๐ณ	ุฌุงููุฑ, ูู, ูพุงู ฺฉุง ููุงุฑ ูฺฉุงูุช ูู
๐	ุฌุงููุฑ, ูู
๐ฌ	ุฌุงููุฑ, ฺูููู
๐	ูฺฺพู, ูนุฑุงูพฺฉู, ูนุฑุงูพฺฉู ูฺฺพู
๐ก	ุจูู ูฺฺพู, ูฺฺพู
๐ฆ	ุดุงุฑฺฉ, ูฺฺพู
๐	ุขฺฉูนููพุณ, ุฌุงููุฑ
๐	ุฌุงููุฑ, ุดู, ูุฑุบูู ุฏุงุฑ ุดู
๐ฆ	ุฌุงููุฑ, ฺฉฺฉฺุง
๐ฆ	ุณููุฏุฑ ุบุฐุง, ููุจุณูนุฑ, ูพูุฌ, ฺฏุงฺฺพุง ุณููพ
๐ฆ	ุฌฺพูฺฏุง, ุฎูุฑุงฺฉ
๐ฆ	ุฎูุฑุงฺฉ, ูุฑ ูุง
๐	ุฌุงููุฑ, ฺฏฺพููฺฏฺพุง
๐ฆ	ุชุชู, ุฎูุจุตูุฑุช, ฺฉฺ
๐	ฺฉู ฺฉฺพุฌูุฑุง, ฺฉฺุง
๐	ฺูููน
๐	ุดุฏ, ุดุฏ ฺฉ ูฺฉฺพ, ูฺฉฺพ
๐	ฺฉฺพูนูู, ฺฉฺุง
๐ฆ	ูนฺุง, ฺฏุฑฺฏูน
๐ฆ	ุจฺฺพู, ุฌุงููุฑ
๐ฆ	ุจุฎุงุฑ, ุจูุงุฑ, ููุฑุง, ูฺฺพุฑ, ูุงุฆุฑุณ, ฺฉฺุง
๐ฆ	ุงูุจุง, ุจฺฉูนุฑุง, ุฌุฑุซูู, ูุงุฆุฑุณ
๐	ูพูุฏ, ูพฺพูู, ฺฏูุฏุณุช
๐ธ	ุจูุงุณู, ูพูุฏ, ูพฺพูู, ฺุฑ, ฺุฑ ุจูุงุณู
๐ฎ	ุณูุฏ ูพฺพูู, ูพฺพูู
๐น	ูพูุฏุง, ูพฺพูู, ฺฏูุงุจ
๐ฅ	ูุฑุฌฺพุงุง, ูุฑุฌฺพุงุง ูุง ูพฺพูู, ูพฺพูู
๐บ	ูพูุฏุง, ูพฺพูู, ฺฏู ุฎุทู
๐ป	ุณูุฑุฌ, ุณูุฑุฌ ูฺฉฺพ ฺฉุง ูพฺพูู, ูพูุฏุง, ูพฺพูู
๐ผ	ุดฺฏูู, ูพูุฏุง, ูพฺพูู
๐ท	ูุฑฺฏุณ ฺฉุง ูพฺพูู, ูพูุฏุง, ูพฺพูู
๐ฑ	ููฺพุง, ููฺพุง ูพูุฏุง, ูพูุฏุง
๐ฒ	ุฏุฑุฎุช, ุณุฏุง ุจุงุฑ, ูพูุฏุง
๐ณ	ุฏุฑุฎุช, ูพุช ุฌฺพฺ, ูพุช ุฌฺพฺ ุฏุฑุฎุช, ูพูุฏุง
๐ด	ุฏุฑุฎุช, ูพุงู, ูพุงู ฺฉุง ุฏุฑุฎุช, ูพูุฏุง
๐ต	ูพูุฏุง, ฺฉฺฉูนุณ
๐พ	ูพูุฏุง, ฺุงูู, ฺุงูููฺบ ฺฉุง ฺฏูนฺพุง
๐ฟ	ุฌฺ ุจููน, ูพุชุง, ูพูุฏุง
๐	ูพุชุง, ูพูุฏุง, ฺุงุฑ, ฺุงุฑ ูพุชูฺบ ูุงู ฺฏฺพุงุณ
๐	ููพู, ููพู ฺฉ ูพุช, ูพูุฏุง, ฺฏุฑูุง
๐	ูพุชุง, ูพูุฏุง, ฺฏุฑูุง, ฺฏุฑ ูุฆ ูพุช
๐	ูพุชุง, ูพูุฏุง, ูุง, ูุง ูฺบ ูพฺพฺูพฺพฺุงุช ูพุช
๐	ุงูฺฏูุฑ, ูพฺพู
๐	ุฎุฑุจูุฒ, ูพฺพู
๐	ุชุฑุจูุฒ, ูพฺพู
๐	ุณูุชุฑ, ูพฺพู, ฺฺพููนุง ุณูฺฏุชุฑ
๐	ูููฺบ, ูพฺพู
๐	ูพฺพู, ฺฉูุง
๐	ุงููุงุณ, ูพฺพู
๐ฅญ	ุขู, ูนุฑููพฺฉู, ูพฺพู
๐	ุณุฑุฎ, ุณุฑุฎ ุณุจ, ุณุจ, ูพฺพู
๐	ุณุจุฒ, ุณุจุฒ ุณุจ, ุณุจ, ูพฺพู
๐	ูุงุดูพุงุช, ูพฺพู
๐	ุขฺู, ูพฺพู
๐	ูพฺพู, ฺุฑุงฺบ
๐	ุงุณูนุงุจุฑ, ูพฺพู
๐ฅ	ุฎูุฑุงฺฉ, ูพฺพู, ฺฉู, ฺฉู ูุฑููน
๐	ูนูุงูนุฑ, ูพฺพู
๐ฅฅ	ูุงุฑู, ูพูุง ฺฉููุงฺุง, ฺฉฺพุฌูุฑ
๐ฅ	ุงูู ฺฉฺู, ุฎูุฑุงฺฉ, ูพฺพู
๐	ุจูฺฏู, ุณุจุฒ
๐ฅ	ุขูู, ุฎูุฑุงฺฉ, ุณุจุฒ
๐ฅ	ุฎูุฑุงฺฉ, ุณุจุฒ, ฺฏุงุฌุฑ
๐ฝ	ูพูุฏุง, ฺฺพู
๐ฅ	ุฎูุฑุงฺฉ, ุณุจุฒ, ุณูุงุฏ, ฺฉฺพุฑุง
๐ฅฌ	ุจูุฏ ฺฏูุจฺพ, ุณูุงุฏ ูพุช, ฺู ุจูุฏ ฺฏูุจฺพ, ุฑ ูพุชูฺบ ูุงู ุณุจุฒ
๐ฅฆ	ุฌูฺฏู ฺฏูุจฺพ, ุดุงุฎ ฺฏูุจฺพ
๐	ูพูุฏุง, ฺฉฺพูุจ
๐ฅ	ุฎูุฑุงฺฉ, ุณุจุฒ, ูููฺฏ ูพฺพู
๐ฐ	ุดุง ุจููุท, ุดุง ุจููุท ฺฉุง ูพฺพู, ูพูุฏุง
๐	ุจุฑฺ, ุฑููน, ูุงู, ฺุจู ุฑููน
๐ฅ	ุฎูุฑุงฺฉ, ุฑููน, ูุฑูฺ, ูุงู ููุง, ูุงู ููุง ุฑููน
๐ฅ	ุจุฑฺ, ุจฺฏูน, ุจฺฏูน ฺุจู ุฑููน, ุฎูุฑุงฺฉ, ูุฑูฺ, ฺุจู ุฑููน
๐ฅจ	ููฺ ูุฆ, ฺฏุงููนฺพ ฺฉ ุดฺฉู ฺฉ ุจุณฺฉูน
๐ฅฏ	ุจฺฉุฑ, ุจฺฏู, ุดูุฆุฑ
๐ฅ	ุฎูุฑุงฺฉ, ูพู ฺฉฺฉ, ูพู ฺฉฺฉุณ
๐ง	ูนฺฉฺุง, ูพูุฑ, ูพูุฑ ฺฉุง ูนฺฉฺุง
๐	ุงุณูฺฉ, ฺฏูุดุช, ฺ, ฺ ูพุฑ ฺฏูุดุช
๐	ุงุณูฺฉ, ูนุงูฺฏ, ฺฺฉู, ฺฺฉู ฺฉ ูนุงูฺฏ
๐ฅฉ	ุณููุฑ ฺฉุง ฺฏูุดุช, ฺุงูพ, ฺฏูุดุช ฺฉุง ูนฺฉฺุง
๐ฅ	ุฎูุฑุงฺฉ, ุณูุฑ, ุณูุฑ ฺฉุง ููฺฉู ฺฏูุดุช, ููฺฉู, ฺฏูุดุช
๐	ุงุณูฺฉ, ุจุฑฺฏุฑ, ู ุจุฑฺฏุฑ
๐	ุงุณูฺฉ, ูุฑุงุฆุฒ, ูุฑูฺ, ูุฑูฺ ูุฑุงุฆุฒ
๐	ุงุณูฺฉ, ูนฺฉฺุง, ูพุฒุง, ูพูุฑ
๐ญ	ุงุณูฺฉ, ุจุฑฺ, ุงูน ฺุงฺฏ
๐ฅช	ุณูฺูฺ, ฺุจู ุฑููน
๐ฎ	ุงุณูฺฉ, ูุณุงู, ูุณุงู ุจฺพุฑุง ูพุฑุงูนฺพุง, ูฺฉุณฺฉู, ูพุฑุงูนฺพุง
๐ฏ	ุงุณูฺฉ, ุจุฑูนู, ูุณุงู, ูฺฉุณฺฉู
๐ฅ	ุจฺพุฑ ูุฆ, ุจฺพุฑ ูุฆ ฺูพุงุช, ุฎูุฑุงฺฉ, ฺูพุงุช, ฺฉุจุงุจ
๐ฅ	ุงูฺุง, ุฎูุฑุงฺฉ
๐ณ	ุงูฺุง, ูพฺฉุชุง ูุง ุงูฺ, ูพู
๐ฅ	ุฎูุฑุงฺฉ, ูพู, ฺฉู ฺฏุฑุง, ฺฉู ฺฏุฑ ูพู ูฺบ ุฎูุฑุงฺฉ
๐ฒ	ุจุฑุชู, ุฎูุฑุงฺฉ, ุฎูุฑุงฺฉ ฺฉุง ุจุฑุชู
๐ฅฃ	ุงูุงุฌ, ุฏู, ูุงุดุช, ฺูฺ ุงูุฑ ฺฉูนูุฑุง
๐ฅ	ุฎูุฑุงฺฉ, ุณุจุฒ, ุณุจุฒ ุณูุงุฏ, ุณูุงุฏ
๐ฟ	ุงุณูฺฉ, ูพุงูพ ฺฉุงุฑู
๐ง	ูุตุงูุญ, ููฺฉ, ููฺฉ ุฏุงู
๐ฅซ	ฺุจ, ฺุจ ุจูุฏ ฺฉฺพุงูุง
๐ฑ	ุจููนู, ุจููนู ุจุงฺฉุณ, ฺุจ
๐	ูพุงูพฺ, ฺุงูู, ฺุงูููฺบ ฺฉ ูพุงูพฺ
๐	ุฌุงูพุงู, ฺุงูู, ฺุงูููฺบ ฺฉ ุจุงูุฒ, ฺฏูุฏ
๐	ูพฺฉ ูุฆ, ูพฺฉ ูุฆ ฺุงูู, ฺุงูู
๐	ุดูุฑุจ, ุดูุฑุจ ูุงู ฺุงูู, ฺุงูู
๐	ุจฺพุงูพ ูฺฉุงูุชุง ูพุงู, ููฺู, ูพุงู
๐	ุงุณูพฺฏูน, ฺฉฺพุงูุง
๐	ุขูู, ุจูฺพูุง ูุง, ุจูฺพูุง ูุง ููนฺพุง ุขูู, ููนฺพุง
๐ข	ุงูฺู, ุณููุฏุฑ ฺฉฺพุงูุง, ุณูนฺฉ, ฺฉุจุงุจ
๐ฃ	ุฌุงูพุงู, ุณูุด, ฺฉฺพุงูุง
๐ค	ุชูุง ูุง, ุชูุง ูุง ุดุฑููพ, ุดุฑููพ
๐ฅ	ุจฺฏููุง ุจูุง ูฺฺพู ฺฉุง ฺฉฺฉ, ูฺฺพู, ูพุณูนุฑ, ฺฉฺฉ
๐ฅฎ	ุชูุงุฑ, ุฎุฒุงฺบ, ฺุงูุฏ ููุง ฺฉฺฉ
๐ก	ุฌุงูพุงู, ุณูนฺฉ, ููนฺพุง, ฺูฺฏู
๐ฅ	ูพุงูน ุณูนฺฉุฑ, ูพฺฉูฺ
๐ฅ	ูุณูุช ูุงูุง ุจุณฺฉูน, ูพุฑููุณ
๐ฅก	ุตุฏู ฺฉ ุจุงููน, ูพุงุฑุณู ฺฉุง ฺุจ
๐ฆ	ุจุฑู, ุณุงููน ุขุฆุณ ฺฉุฑู, ููนฺพ, ูุฑู, ฺฉุฑู
๐ง	ุจุฑู, ุชุฑุงุด ูุฆ, ุชุฑุงุดุฏ ุจุฑู, ููนฺพ
๐จ	ุขุฆุณ ฺฉุฑู, ุจุฑู, ููนฺพ, ฺฉุฑู
๐ฉ	ููนฺพุง, ฺูููน
๐ช	ููนฺพุง, ฺฉูฺฉ
๐	ุฌุดู, ุณุงูฺฏุฑ ฺฉุง ฺฉฺฉ, ููนฺพุง, ูพุณูนุฑ, ฺฉฺฉ
๐ฐ	ููนฺพุง, ูนฺฉฺุง, ูพุณูนุฑ, ฺฉฺฉ, ฺฉฺฉ ฺฉุง ูนฺฉฺุง
๐ง	ุจฺฉุฑ, ููนฺพุง, ฺฉูพ ฺฉฺฉ
๐ฅง	ุจฺพุฑูุง, ูพุงุฆู, ูพุณุฑ
๐ซ	ุจุงุฑ, ููนฺพ, ฺุงฺฉููน, ฺุงฺฉููน ุจุงุฑ
๐ฌ	ููนฺพ, ฺฉูฺ
๐ญ	ูุงู ูพุงูพ, ููนฺพ, ฺฉูฺ
๐ฎ	ููนฺพุง, ฺฉุณูนุฑฺ
๐ฏ	ุจุฑุชู, ุดุฏ, ุดุฏ ฺฉุง ุจุฑุชู, ููนฺพุง
๐ผ	ุจูุชู, ุจฺ, ุฏูุฏฺพ, ูฺุฑ
๐ฅ	ุฏูุฏฺพ, ุฏูุฏฺพ ฺฉุง ฺฏูุงุณ, ูุดุฑูุจ, ฺฏูุงุณ
๐ต	ูน ฺฉูพ, ฺุงุฆ, ฺฉูพ, ูฺู ฺฉ ุจุบุฑ ฺุงุฆ ฺฉุง ฺฉูพ
๐ถ	ุจุงุฑ, ุจูุชู, ุฌุงูพุงู ุดุฑุงุจ, ุดุฑุงุจ, ูพูุง
๐พ	ุจุงุฑ, ุจูุชู, ูพูุง, ฺฉุงุฑฺฉ, ฺฉุงุฑฺฉ ูฺฏ ุจูุชู
๐ท	ุจุงุฑ, ุดุฑุงุจ, ุดุฑุงุจ ฺฉุง ฺฏูุงุณ, ูพูุง, ฺฏูุงุณ
๐น	ุจุงุฑ, ูนุฑุงูพฺฉู, ูนุฑุงูพฺฉู ูุดุฑูุจ, ูพูุง
๐บ	ุจุงุฑ, ุจุฆุฑ ฺฉุง ูฺฏ, ุดุฑุงุจ, ูฺฏ
๐ป	ุจุงุฑ, ุดุฑุงุจ, ูฺฏ, ูนฺฉุฑุงุช ุจุฆุฑ ฺฉ ูฺฏ
๐ฅ	ุขูพุณ ูฺบ ูนฺฉุฑุงุช ฺฏูุงุณ, ุฎูุด ููุงูุง, ูุดุฑูุจ, ูนฺฉุฑุงูุง, ฺฏูุงุณ
๐ฅ	ุดุฑุงุจ, ูุณฺฉ, ูุณฺฉ ูุงูุง ฺฏูุงุณ, ฺฏูุงุณ
๐ฅค	ุฌูุณ, ุณูฺุง, ฺฉูพ ุงูุฑ ุงุณูนุฑุง
๐ฅข	ฺู ฺฉุงููนุง
๐ด	ฺฺพุฑ, ฺฉุงููนุง, ฺฉุงููนุง ุงูุฑ ฺฺพุฑ
๐ฅ	ฺูฺ, ฺฉฺพุงู ฺฉ ูุฒ
๐ช	ุขู, ฺฺพุฑ, ฺฉูฺฉูฺฏ, ฺฉฺู ฺฉ ฺฺพุฑ
๐บ	ุงูุฒุงุฑ, ุงูููุฑุง, ุจูุฑุฌ ุฏููู, ุฌฺฏ, ูพุงู, ุชฺพุงุฑ
๐	ุงูุฑู, ุฏูุง, ุฒูู, ฺฏููุจ, ูุฑูพ ุงูุฑ ุงูุฑู ฺฉู ุฏฺฉฺพุงุชุง ฺฏููุจ
๐	ุขุณูนุฑูุง, ุงุดุง, ุงุดุง ุงูุฑ ุขุณูนุฑูุง ฺฉู ุฏฺฉฺพุงุชุง ฺฏููุจ, ุฒูู, ฺฏููุจ
๐	ุฏูุง, ุฒูู, ุทูู ุงูุจูุฏ, ุทูู ุงูุจูุฏ ฺฉู ุฏฺฉฺพุงุชุง ฺฏููุจ, ฺฏููุจ
๐พ	ุฌุงูพุงู, ุฌุงูพุงู ฺฉุง ููุด, ููุด
๐งญ	ููุทุจ ูููุง, ูููุงุทุณ, ููุด ฺฉ ูุฏุฏ ุณ ุฑุงุณุช ุชูุงุด ฺฉุฑูุง, ููฺฏุดู
๐	ุขุชุด ูุดุงฺบ, ุขฺฏ, ููุณู, ูพฺพูนูุง, ูพุงฺ
๐ป	ููุฌ, ูุงุคููน ููุฌ, ูพุงฺ
๐งฑ	ุงููน, ุงููนฺบ, ุชุนูุฑุงุช ูุงุฏ, ุฏูุงุฑ, ฺฏุงุฑุง
๐ก	ุจุงุบ, ุจุงุบ ูุงูุง ฺฏฺพุฑ, ุนูุงุฑุช, ฺฏฺพุฑ
๐ข	ุขูุณ ฺฉ ุนูุงุฑุช, ุนูุงุฑุช
๐ฃ	ุฌุงูพุงู, ุฌุงูพุงู ูพูุณูน ุขูุณ, ุนูุงุฑุช, ูพูุณูน
๐ค	ุนูุงุฑุช, ูพูุณูน, ูพูุณูน ุขูุณ
๐ฅ	ุงุณูพุชุงู, ุฏูุงุฆ, ุนูุงุฑุช, ฺุงฺฉูนุฑ
๐ฆ	ุจูฺฉ, ุนูุงุฑุช
๐จ	ุนูุงุฑุช, ููนู
๐ฉ	ุนูุงุฑุช, ูุญุจุช, ูุญุจุช ฺฉุง ููนู, ููนู
๐ช	ุงุณูนูุฑ, ุณููุช ุจุฎุด ุงุณูนูุฑ, ุนูุงุฑุช
๐ซ	ุงุณฺฉูู, ุนูุงุฑุช
๐ฌ	ุงุณูนูุฑ, ุนูุงุฑุช, ฺูพุงุฑูนูููน, ฺูพุงุฑูนูููน ุงุณูนูุฑ
๐ฏ	ุฌุงูพุงู, ุฌุงูพุงู ููุน, ุนูุงุฑุช, ููุน
๐ฐ	ุนูุงุฑุช, ููุน
๐	ุดุงุฏ, ุนูุงุฑุช, ฺฏุฑุฌ
๐ผ	ูนุงูุฑ, ูนูฺฉู, ูนูฺฉู ูนุงูุฑ
๐ฝ	ุขุฒุงุฏ, ูุฌุณู, ูุฌุณู ุขุฒุงุฏ
๐	ุนุจุงุฏุช, ุนูุงุฑุช, ูุณุฌุฏ, ูุณููุงู
๐	ุนุจุงุฏุช ฺฏุง, ูุฏ, ูุฏูฺบ ฺฉ ุนุจุงุฏุช ฺฏุง
๐	ุนุจุงุฏุช, ุนูุงุฑุช, ูุณููุงู, ูฺฉ, ฺฉุนุจ
๐	ุฏฺพูุฏ, ููุณู, ฺฉูุฑ ุขููุฏ
๐	ุฑุงุช, ุณุชุงุฑูฺบ ุจฺพุฑ ุฑุงุช, ุณุชุงุฑ, ููุณู
๐	ุณูุฑุฌ, ุทููุน, ููุณู, ูพุงฺ, ูพุงฺูฺบ ูพุฑ ุทููุน ุขูุชุงุจ
๐	ุณูุฑุฌ, ุตุจุญ, ุทููุน ุขูุชุงุจ, ููุณู
๐	ุณูุฑุฌ, ุดุงู, ุดุงู ฺฉ ููุช ุงููฺ ุนูุงุฑุชฺบ, ุนูุงุฑุช, ููุณู
๐	ุณูุฑุฌ, ุนูุงุฑุช, ุบุฑูุจ, ุบุฑูุจู ุขูุชุงุจ, ููุณู
๐	ุฑุงุช, ุฑุงุช ฺฉ ููุช ูพูู, ููุณู, ูพู
๐	ุฎูุง, ฺฉฺฉุดุงฺบ
๐	ุฌฺพููุง, ฺฏฺพููุช ุฌฺพูู ฺฉุง ฺฏฺพูฺุง, ฺฏฺพูููุง, ฺฏฺพูฺุง
๐ก	ุขุณูุงู ุฌฺพููุง, ุฌฺพููุง, ูพุงุฑฺฉ, ูพ
๐ข	ุฑููุฑ, ุฑููุฑ ฺฉูุณูนุฑ, ูพุงุฑฺฉ, ฺฉูุณูนุฑ
๐	ุญุฌุงู, ุญุฌุงู ฺฉุง ูพูู, ูพูู
๐ช	ุณุฑฺฉุณ, ุณุฑฺฉุณ ฺฉุง ูนููน, ูนููน
๐	ุงูุฌู, ุจฺพุงูพ, ุฑู, ุฑู ฺฉุง ุงูุฌู
๐	ุจุฌู, ุฑู ฺฏุงฺ, ูพูนุฑ, ฺฏุงฺ
๐	ุชุฒ ุฑูุชุงุฑ ูนุฑู, ุฑูุชุงุฑ, ุฑู, ูพูนุฑ
๐	ุจููน, ุจููน ฺฉ ูุงฺฉ ูุงู ุชุฒ ุฑูุชุงุฑ ูนุฑู, ุฑูุชุงุฑ, ูนุฑู
๐	ุณูุงุฑ, ูนุฑู
๐	ุฑูู, ุณูุงุฑ, ูุงุฆูน ุฑู
๐	ุงุณูนุดู, ุฑูู, ูนุฑู
๐	ุณูุงุฑ, ูนุฑุงู
๐	ุฑู, ุณูุงุฑ, ูููู ุฑู
๐	ุฑูู, ูุงุคููนู ุฑูู, ูพุงฺ, ฺฏุงฺ
๐	ูนุฑุงู ุจุณ, ูนุฑุงู, ูนุฑุงู ฺฉุงุฑ, ฺฏุงฺ
๐	ุจุณ, ุณูุงุฑ
๐	ุจุณ, ูนุฑุงู, ูนุฑุงู ุจุณ, ูนุฑุงู
๐	ุจุณ, ุณูุงุฑ, ูู ุจุณ
๐	ุงูุฌู, ูุงุฆุฑ, ูุงุฆุฑ ุงูุฌู, ูนุฑฺฉ
๐	ูพููุณ, ูพููุณ ฺฉุงุฑ, ฺฏุงฺ
๐	ุณูุงุฑ, ูนฺฉุณ
๐	ุขุช ูุฆ, ุขุช ูุฆ ูนฺฉุณ, ูนฺฉุณ
๐	ุณูุงุฑ, ฺฉุงุฑ
๐	ุชูุฑุญ, ุชูุฑุญ ฺฏุงฺ, ฺฏุงฺ
๐	ูนุฑฺฉ, ฺููุฑ, ฺููุฑ ูนุฑฺฉ
๐	ุฌูฺ ูุงู ฺฏุงฺ, ุณูุงุฑ, ูุงุฑ, ูนุฑฺฉ
๐	ุณูุงุฑ, ูนุฑฺฉูนุฑ
๐ด	ุณฺฉููนุฑ, ฺฉฺฉ, ฺฉฺฉ ุณฺฉููนุฑ
๐น	ุงุณฺฉูนูฺฏ ุชุฎุช, ุชุฎุช
๐ต	ุณฺฉููนุฑ, ูููนุฑ, ูููนุฑ ูุงูุง ุณฺฉููนุฑ
๐	ุจุณ, ุจุณ ุงุณูนุงูพ
๐จ	ูุงุฆูน, ูพููุณ, ูพููุณ ฺฉุงุฑ ฺฉ ูุงุฆูน, ฺฉุงุฑ
๐ฅ	ุงุดุงุฑ, ุงูู ูนุฑูฺฉ ูุงุฆูน, ูุงุฆูน, ูนุฑูฺฉ
๐ฆ	ุงุดุงุฑ, ุนููุฏ ูนุฑูฺฉ ูุงุฆูน, ูุงุฆูน, ูนุฑูฺฉ
๐	ุขูนฺพ ุฒุงู, ุฑฺฉูุง, ุฑฺฉู ฺฉุง ูุดุงู, ูุดุงู
๐ง	ุชุนูุฑ, ุฑฺฉุงููน
๐ถ	ฺฺพููน, ฺฺพููน ฺฉุดุช, ฺููฺฏ, ฺฉุดุช
๐ค	ุงูุฌู ูุงู ฺฉุดุช, ุณูุงุฑ, ฺฉุดุช
๐ข	ุจุญุฑ ุฌุงุฒ, ุณูุงุฑ
๐ซ	ุฑูุงูฺฏ, ูุงุฆ ุฌุงุฒ, ูุงุฆ ุฌุงุฒ ฺฉ ุฑูุงูฺฏ
๐ฌ	ุขูุฏ, ูุงุฆ ุฌุงุฒ, ูุงุฆ ุฌุงุฒ ฺฉ ุขูุฏ
๐บ	ุณูน, ูุฑูฺุฑ, ฺฉุฑุณ
๐	ุณูุงุฑ, ู ฺฉุงูพูนุฑ
๐	ุฑูู, ูุนูู, ูุนูู ุฑูู
๐	ูพุงฺ, ูพุงฺ ฺฉุจู ู, ฺฉุจู
๐ก	ูนุฑุงู ู, ฺฉุจู, ฺฏุงฺ, ูุงุฆ, ูุงุฆ ูนุฑุงู ู
๐	ุขุณูุงู, ุฎูุง, ุฎูุงุฆ ุฌุงุฒ, ุฑุงฺฉูน
๐ธ	ุงฺู ุชุดุชุฑ, ูุงูุนููู ุงฺู ุชุดุชุฑ
๐งณ	ุณุงูุงู, ุณูุฑ, ูพฺฉูฺฏ
โฐ	ุงูุงุฑู, ุงูุงุฑู ฺฉูุงฺฉ, ฺฉูุงฺฉ
๐ง	12:30, ุจุงุฑ, ุจุงุฑ ุจุฌ ฺฉุฑ ุชุณ ูููน, ุชุณ, ฺฏฺพฺ
๐	1:30, ุงฺฉ, ุงฺฉ ุจุฌ ฺฉุฑ ุชุณ ูููน, ุชุณ, ฺฏฺพฺ
๐	2:30, ุชุณ, ุฏู, ุฏู ุจุฌ ฺฉุฑ ุชุณ ูููน, ฺฏฺพฺ
๐	3:30, ุชุณ, ุชู, ุชู ุจุฌ ฺฉุฑ ุชุณ ูููน, ฺฏฺพฺ
๐	4:30, ุชุณ, ฺุงุฑ, ฺุงุฑ ุจุฌ ฺฉุฑ ุชุณ ูููน, ฺฏฺพฺ
๐	5:30, ุชุณ, ูพุงูฺ, ูพุงูฺ ุจุฌ ฺฉุฑ ุชุณ ูููน, ฺฏฺพฺ
๐ก	6:30, ุชุณ, ููุช, ฺฺพ, ฺฺพ ุจุฌ ฺฉุฑ ุชุณ ูููน
๐ข	07:30, ุชุณ, ุณุงุช, ุณุงุช ุจุฌ ฺฉุฑ ุชุณ ูููน, ฺฏฺพฺ
๐ฃ	08:30, ุขูนฺพ, ุขูนฺพ ุจุฌ ฺฉุฑ ุชุณ ูููน, ุชุณ, ฺฏฺพฺ
๐ค	09:30, ุชุณ, ูู, ูู ุจุฌ ฺฉุฑ ุชุณ ูููน, ฺฏฺพฺ
๐ฅ	10:30, ุชุณ, ุฏุณ, ุฏุณ ุจุฌ ฺฉุฑ ุชุณ ูููน, ฺฏฺพฺ
๐ฆ	11:30, ุชุณ, ฺฏฺพฺ, ฺฏุงุฑ, ฺฏุงุฑ ุจุฌ ฺฉุฑ ุชุณ ูููน
๐	ุณุง, ููุณู, ูุง ฺุงูุฏ, ฺุงูุฏ
๐	ุจฺฺพุชุง ูุง ูุงู ฺุงูุฏ, ููุณู, ฺุงูุฏ, ูุงู
๐	ููุณู, ูพู ฺฉูุงุฑูนุฑ ฺฉุง ฺุงูุฏ, ฺุงูุฏ, ฺฉูุงุฑูนุฑ
๐	ุขุฏฺพ ุณ ุฒุงุฏ ุจฺฺพุชุง ูุง ฺุงูุฏ, ุจฺฺพุชุง ูุง, ููุณู, ฺุงูุฏ
๐	ููุณู, ฺุงูุฏ, ฺฏฺพูนุชุง ูุง, ฺฏฺพูนุชุง ูุง ุขุฏฺพ ุณ ุฒุงุฏ ฺุงูุฏ
๐	ุขุฎุฑ ฺฉูุงุฑูนุฑ ฺฉุง ฺุงูุฏ, ููุณู, ฺุงูุฏ, ฺฉูุงุฑูนุฑ
๐	ููุณู, ฺุงูุฏ, ฺฏฺพูนุชุง ูุง ูุงู ฺุงูุฏ, ูุงู
๐	ููุณู, ฺุงูุฏ, ูุงู, ูุงู ฺุงูุฏ
๐	ููุณู, ูุฆ ฺุงูุฏ ฺฉุง ฺุฑ, ฺุงูุฏ, ฺุฑ
๐	ููุณู, ูพู ฺฉูุงุฑูนุฑ ฺฉุง ฺุงูุฏ ูุน ฺุฑ, ฺุงูุฏ, ฺุฑ
๐	ุฎูุง, ุตุงู, ููุณู, ูฺฉูู, ฺุฑ, ฺุฑ ูุงูุง ูพูุฑุง ฺุงูุฏ
๐	ุฎูุง, ุณูุฑุฌ, ุตุงู, ููุณู, ฺุฑ, ฺุฑ ูุงูุง ุณูุฑุฌ
๐	ุณุชุงุฑ, ฺูฺฉุชุง, ฺูฺฉุชุง ุณุชุงุฑ
๐	ุณุชุงุฑ, ุดุงุจู ุซุงูุจ, ฺฏุฑุชุง
๐	ููุณู, ฺฏุฑุฏุงุจ
๐	ุจุงุฑุด, ููุณ ูุฒุงุญ, ููุณู
๐	ุจุงุฑุด, ุจูุฏ ฺฺพุชุฑ, ููุณู, ฺฺพุชฺ
๐ฅ	ุขฺฏ, ุงูุฒุงุฑ
๐ง	ูุทุฑ, ููุณู, ูนฺพูฺ
๐	ูุฑ, ููุณู, ูพุงู, ูพุงู ฺฉ ูุฑ
๐	ุฌุดู, ูุงููนู, ฺฉุฏู, ฺฉุฏู ฺฉ ูุงููนู
๐	ุฌุดู, ุฏุฑุฎุช, ฺฉุฑุณูุณ, ฺฉุฑุณูุณ ฺฉุง ุฏุฑุฎุช
๐	ุขุชุดุจุงุฒ, ุชูุฑุญ, ุฌุดู, ุฎูุด, ูุฒ
๐	ุขุชุด ุจุงุฒ, ุฌุดู, ูพฺพูุฌุฑ
๐งจ	ุขุชุด ุจุงุฒ, ุฏฺพูุงฺฉุง ุฎุฒ, ูพูนุงุฎ, ฺุงุฆูุงููน
โจ	ุณุชุงุฑ, ฺูฺฉ, ฺูฺฉุช ุณุชุงุฑ
๐	ุจููู, ุฌุดู, ุฎูุด, ุบุจุงุฑ, ูุฒ
๐	ุฌุดู, ูพุงุฑูน, ูพุงุฑูน ฺฉ ูพูนุงุฎ, ูพูนุงุฎ
๐	ุจุงูุฒ, ุฑูฺฏู ฺฉุงุบุฐ, ุฑูฺฏู ฺฉุงุบุฐ ฺฉ ุจุงูุฒ
๐	ุชูุงุจุชุง ุฏุฑุฎุช, ุฌุงูพุงู, ุฌุดู, ุฏุฑุฎุช
๐	ุฌุงูพุงู, ุฌุดู, ูพุงุฆู, ูพุงุฆู ุณ ุณุฌุงููน, ูพูุฏุง
๐	ุชูุงุฑ, ุฌุงูพุงู, ุฌุงูพุงู ฺฏฺุงฺบ, ุฌุดู, ฺฏฺุง
๐	ุฌุงูพุงู, ุฌุดู, ูุง, ูุงุฆ ุฌุฑุงุจฺบ
๐	ุฌฺพูฺฉุงุฑ, ฺฏฺพููน, ูุง, ูุงุฆ ุฌฺพูฺฉุงุฑ
๐	ุฌุดู, ุฑุณู, ฺุงูุฏ, ฺุงูุฏ ฺฉ ุฑุณู
๐งง	ุชุญู, ุฎูุด ูุณูุช, ุฑูู, ุณุฑุฎ ููุงู, ูุงุฆ ุณ, ููฺฏ ุจุงุค
๐	ุชุญู, ุฌุดู, ุฑุจู
๐	ุชุญู, ุฌุดู, ููพูนุง ูุง, ฺฉุงุบุฐ ูฺบ ููพูนุง ุชุญู, ฺฉุงุบุฐ ูฺบ ููนุง ุชุญู
๐ซ	ุชูุฑุจ, ุฏุงุฎู, ูนฺฉูน
๐	ุงุณูพูุฑูนุณ, ุงุณูพูุฑูนุณ ูฺู, ุงูุนุงู, ูฺู
๐ฅ	ุงูู, ูฺู, ููุจุฑ, ฺฏููฺ, ฺฏููฺ ูฺู
๐ฅ	ุฏูุณุฑุง, ุณููุฑ, ุณููุฑ ูฺู, ูฺู, ููุจุฑ
๐ฅ	ุจุฑููุฒ, ุจุฑููุฒ ูฺู, ุชุณุฑุง, ูฺู, ููุจุฑ
๐ฅ	ุจุงุฒู ฺฉ ูฺ, ุฏุณุชุงู, ูุฑู ฺฏูุฏ, ฺฏูุฏ
๐	ุจุงุณฺฉูน, ุจุงุณฺฉูน ุจุงู, ุจุงู, ฺฉฺพู
๐	ุจุงู, ูุงู ุจุงู, ฺฉฺพู
๐	ุงูุฑฺฉ, ุงูุฑฺฉ ููนุจุงู, ููนุจุงู, ฺฉฺพู
๐	ุงูุฑฺฉ, ุฑุบุจ, ุฑฺฏุจ ููนุจุงู, ููนุจุงู, ฺฉฺพู
๐พ	ุจุงู, ูนูุณ, ฺฉฺพู
๐ฅ	ุงูุชุงุฆ, ุงฺุช ูุฆ ฺุณฺฉ
๐ณ	ุจุงุคููฺฏ, ุจุงู, ุจูุชูฺบ, ฺฉฺพู
๐	ุจุงู, ุจูน, ฺฉุฑฺฉูน, ฺฉฺพู
๐	ุจุงู, ููฺ ุงฺฉ, ูุฏุงู, ฺฉฺพู, ุงฺฉ
๐	ุขุฆุณ ุงฺฉ ุงุณูนฺฉ ุงูุฑ ูพฺฉ, ุงุณูนฺฉ, ุจุฑู, ูพฺฉ, ฺฉฺพู, ุงฺฉ
๐ฅ	ูฺฉุฑุงุณ, ฺฺพฺ, ฺฏูู, ฺฏูุฏ
๐	ุจุงู, ุฑฺฉูน, ูนุจู, ูนุจู ูนูุณ, ฺฉฺพู
๐ธ	ุจฺูููนู, ุฑฺฉูน, ุดูนู, ููน, ฺฉฺพู
๐ฅ	ุจุงฺฉุณูฺฏ, ุจุงฺฉุณูฺฏ ฺฉ ุฏุณุชุงู, ุฏุณุชุงู, ฺฉฺพู
๐ฅ	ูุงุฑุดู ุขุฑูนุณ, ูุงุฑุดู ุขุฑูนุณ ฺฉุง ูููุงุฑู, ฺฉุฑุงูน, ฺฉฺพู, ูููุงุฑู
๐ฅ	ููน, ฺฉฺพู, ฺฏูู, ฺฏูู ููน
๐ฃ	ุดฺฉุงุฑ, ูุดูฺฏ ูพูู, ูฺฺพู, ูพุงู, ฺูฺุง
๐ฝ	ุฌุงฺฏูฺฏ, ุฏูฺู ฺฉ ุดุฑูน, ุดุฑูน, ูุงฺฉูฺฏ
๐ฟ	ุงุณฺฉุงุฆ, ุงุณฺฉุงุฆุฒ, ุจุฑู
๐ท	ุจุฑู ฺฏุงฺ, ุจ ูพูฺบ ฺฉ ฺฏุงฺ
๐ฅ	ูพุชฺพุฑ, ฺฉุฑููฺฏ ูพุชฺพุฑ, ฺฉฺพู
๐ฏ	ุจุฑุง ุฑุงุณุช ูุดุงู, ุชุฑ ุงูุฏุงุฒ, ูุดุงู, ฺฉฺพู, ุฏู
๐ฑ	ุขูนฺพ, ุจุงู, ุจูุฆุฑฺุฒ, ฺฉฺพู
๐ฎ	ุจุงู, ูููนุณ, ูุณูุช, ฺฉุฑุณูนู, ฺฉุฑุณูนู ุจุงู
๐งฟ	ุจุฑ ูุธุฑ, ุจุฑ ูุธุฑ ฺฉูุฆ ุชุนูุฒ, ุชุนูุฒ, ุทูุณูุงู, ููุช, ูุธุฑ
๐ฐ	ุณูุงูน ูุดู, ฺฏู
๐ฒ	ฺุงุฆุณ, ฺฉฺพู, ฺฏู ฺุงุฆ
๐งฉ	ุงุดุงุฑ, ุจุงู ูุฑุจูุท, ุฌูฺฏุณุง, ูนฺฉฺุง, ูพุฒู
๐งธ	ุฑูุฆ ุณ ุจฺพุฑุง, ูุฎูู, ฺฉฺพูููุง, ฺฉฺพูููุง ุจฺพุงูู, ฺฉฺพูู ฺฉ ฺุฒ
๐	ุชุงุด, ุฌูฺฉุฑ, ูพุช, ฺฉฺพู
๐ด	ุชุงุด, ุฌุงูพุงู, ุฌุงูพุงู ุชุงุด ฺฉุง ฺฉฺพู, ฺฉฺพู
๐จ	ุขุฑูนุณูน ูพููน, ุนุฌุงุฆุจ ฺฏฺพุฑ, ูู, ูพููนูฺฏ
๐งต	ุฏฺพุงฺฏ, ุณูุงุฆ, ุณูุฆ, ฺุฑุฎ, ฺูุฑ
๐งถ	ุงูู ุฏฺพุงฺฏ, ุจูููุง, ฺฉุฑูุดุง, ฺฏูู
๐	ุขูุงุฒ, ุงุณูพฺฉุฑ, ุงุณูพฺฉุฑ ุจูุฏ, ุฎุงููุด
๐	ุขูุงุฒ, ุงุณูพฺฉุฑ, ุงูุณุท ุขูุงุฒ ูฺฉุงูุช ุงุณูพฺฉุฑ
๐	ุขูุงุฒ, ุงุณูพฺฉุฑ, ุจููุฏ, ุจููุฏ ุขูุงุฒ ูฺฉุงูุช ุงุณูพฺฉุฑ
๐ข	ุงุฌุชูุงุน, ุจููุฏ ุขูุงุฒ, ุฎุทุงุจ, ูุงุคฺ ุงุณูพฺฉุฑ
๐ฃ	ุขู, ุชุฒ ุขูุงุฒ, ูฺฏุง ููู
๐ฏ	ุณุงุฒ, ูพูุณูนู, ูพูุณูนู ุงุฑู, ุงุฑู
๐	ุขูุงุฒ, ฺฏฺพููน
๐	ุฎุงููุด, ุณฺฉูุช, ููุงูุนุช, ฺฏฺพููน, ฺฏฺพููน ูพุฑ ุณูุด
๐ผ	ุงุณฺฉูุฑ, ููุณู, ููุฒฺฉู ุงุณฺฉูุฑ
๐ต	ููุณู, ููุฒฺฉู ูููน, ูููน
๐ถ	ููุณู, ููุฒฺฉู ูููนุณ, ูููนุณ
๐ค	ูุงุฆฺฉ, ูุงุฆฺฉุฑูููู, ููุณู
๐ท	ุขู, ุณฺฉุณู ููู, ููุณู
๐ธ	ุขู, ููุณู, ฺฏูนุงุฑ
๐น	ุขู, ููุณู, ููุฒฺฉู ฺฉ ุจูุฑฺ, ฺฉ ุจูุฑฺ
๐บ	ุขู, ููุณู, ูนุฑููพูน
๐ป	ุขู, ููุณู, ูุงุฆูู
๐ฅ	ุงุณูนฺฉุณ, ููุณู, ฺุฑู
๐ฑ	ุจุฑู ุขู, ููู, ููุจุงุฆู, ููุจุงุฆู ููู
๐ฒ	ุชุฑ, ุชุฑ ฺฉ ูุดุงู ฺฉ ุณุงุชฺพ ููุจุงุฆู ููู, ููู, ููุจุงุฆู, ูุดุงู
๐	ุจุฑู ุขู, ุฑุณูุฑ, ููู, ูนูููู ฺฉุง ุฑุณูุฑ
๐	ุจุฑู ุขู, ูฺฉุณ, ูฺฉุณ ูุดู
๐	ุจูนุฑ, ููุช, ูพุงูุฑ
๐	ุงูฺฉูนุฑฺฉ ูพูฺฏ, ุจุฑู, ูพูฺฏ
๐ฝ	ูู, ูู ฺุณฺฉ, ฺุณฺฉ, ฺฉููพููนุฑ
๐พ	ููุงูพ, ููุงูพ ฺุณฺฉ, ฺุณฺฉ, ฺฉููพููนุฑ
๐	ฺุณฺฉ, ฺ ู ฺ, ฺฉููพููนุฑ
๐งฎ	ุญุณุงุจ ฺฉุชุงุจ, ฺฏููุชุงุฑุง
๐ฅ	ุณููุง, ููู, ููู ฺฉูุฑุง, ฺฉูุฑุง
๐ธ	ููุด, ููุด ูุงูุง ฺฉูุฑุง, ูฺู, ฺฉูุฑุง
๐ผ	ูฺู, ูฺู ฺฉุณูน, ูนูพ
๐	ุขู, ุงุดุงุฑ, ุจุงุฆฺบ, ุจุงุฆฺบ ุงุดุงุฑ ฺฉุฑุชุง ูุญุฏุจ ุนุฏุณ, ุณูุช, ุนุฏุณ, ูุญุฏุจ
๐	ุขู, ุงุดุงุฑ, ุฏุงุฆฺบ, ุฏุงุฆฺบ ุงุดุงุฑ ฺฉุฑุชุง ูุญุฏุจ ุนุฏุณ, ุณูุช, ุนุฏุณ, ูุญุฏุจ
๐ก	ุจุฑู, ุจูุจ, ุฑูุดู, ูุงุฆูน ุจูุจ
๐ฆ	ุจุฑู, ุฑูุดู, ููุด, ููุด ูุงุฆูน, ูนุงุฑฺ
๐ฎ	ุจุงุฑ, ุฑูุดู, ุณุฑุฎ, ุณุฑุฎ ูุฑฺ, ุณุฑุฎ ฺฉุงุบุฐ ูุงููนู, ูุงููนู
๐	ุณุฌุงููน, ุณุฌุงููน ฺฉููุฑ ูุงู ูููน ุจฺฉ, ูููน ุจฺฉ, ฺฉุชุงุจ, ฺฉููุฑ
๐	ุจูุฏ, ุจูุฏ ฺฉุชุงุจ, ฺฉุชุงุจ
๐	ฺฉุชุงุจ, ฺฉฺพู, ฺฉฺพู ฺฉุชุงุจ
๐	ุฑูฺฏ, ุณุจุฒ, ุณุจุฒ ฺฉุชุงุจ, ฺฉุชุงุจ
๐	ุฑูฺฏ, ููุง, ูู ฺฉุชุงุจ, ฺฉุชุงุจ
๐	ุฑูฺฏ, ูุงุฑูุฌ, ูุงุฑูุฌ ฺฉุชุงุจ, ฺฉุชุงุจ
๐	ูููน ุจฺฉ, ฺฉุชุงุจ
๐	ูุฌุฑ, ูููน ุจฺฉ
๐	ุฏุณุชุงูุฒ, ุตูุญ, ูฺุง ูุง, ูฺุง ูุง ุตูุญ
๐	ุงุณฺฉุฑูู, ุตูุญ
๐	ุณุงูู, ุตูุญ, ุตูุญ ฺฉุง ุณุงูู ูุงูุง ุญุต
๐ฐ	ุงุฎุจุงุฑ, ุงุทูุงุน, ุฎุจุฑ, ูุนูููุงุช
๐	ุงุฎุจุงุฑ, ุฑูู, ุฑูู ฺฉุง ูุง ุงุฎุจุงุฑ, ฺฉุงุบุฐ
๐	ุจูฺฉ ูุงุฑฺฉ ูนุจุฒ, ุจฺฉ ูุงุฑฺฉ, ูนุจุฒ
๐	ุจูฺฉ ูุงุฑฺฉ, ุจฺฉ ูุงุฑฺฉ
๐ด	ุจูฺฉ, ุฑูู, ูููน, ู, ู ุจูฺฉ ูููน
๐ต	ุจูฺฉ, ุฑูู, ูููน, ฺุงูุฑ, ฺุงูุฑ ุจูฺฉ ูููน
๐ถ	ุจูฺฉ, ุฑูู, ูููน, ูุฑู, ูุฑู ุจูฺฉ ูููน
๐ท	ุจูฺฉ, ุฑูู, ูููน, ูพุงุคูฺ, ูพุงุคูฺ ุจูฺฉ ูููน
๐ธ	ุงฺูุง, ุจูฺฉ, ุฑูู, ูููน, ูพุฑ, ูพุฑูฺบ ูุงู ูููน, ฺุงูุฑ
๐งพ	ุงฺฉุงุคููนูฺฏ, ุซุจูุช, ุญุณุงุจ ููุณ, ุฑุณุฏ, ุดุงุฏุช
๐น	ุงุถุงู, ุจูฺฉ, ุฑูู, ฺุงุฑูน, ฺฏุฑุงู, ู, ู ฺฉ ุณุงุชฺพ ุตุนูุฏ ฺุงุฑูน
๐ฑ	ุจูฺฉ, ุชุจุงุฏู, ุฑูู, ฺฉุฑูุณ, ฺฉุฑูุณ ฺฉุง ุชุจุงุฏู
๐ฒ	ุจูฺฉ, ุจฺพุงุฑ ฺุงูุฑ ุณุงุฆู, ุฑูู, ฺุงูุฑ, ฺฉุฑูุณ
๐ง	ุง ูู, ุฎุท, ูพุบุงู
๐จ	ุขุชุง ูุง ููุงู, ุง ูู, ูุตูู, ูพุบุงู, ฺุงฺฉ
๐ฉ	ุง ูู, ุชุฑ, ุชุฑ ฺฉุง ูุดุงู ุงูุฑ ููุงู, ูุดุงู, ูพุบุงู, ฺุงฺฉ
๐ฎ	ุจุงฺฉุณ, ูู, ูพูุณูน ุจุงฺฉุณ
๐	ุงุณูนุดูุฑ, ููู, ูพูุณู
๐ผ	ุงุณูนุดูุฑ, ุจุฑู ฺฉุณ
๐	ุงุณูนุดูุฑ, ูุงุฆู, ูุงุฆู ูููฺุฑ, ูููฺุฑ
๐	ุงุณูนุดูุฑ, ูุงุฆู, ูููฺุฑ, ฺฉฺพูุง, ฺฉฺพูุง ูุงุฆู ูููฺุฑ
๐	ุงุณูนุดูุฑ, ุชุงุฑุฎ, ฺฉููฺุฑ
๐	ุงุณูนุดูุฑ, ูุณู, ูนุฆุฑ ุขู ฺฉููฺุฑ, ฺฉููฺุฑ
๐	ุงุณูนุดูุฑ, ุงูฺฺฉุณ, ฺฉุงุฑฺ, ฺฉุงุฑฺ ุงูฺฺฉุณ
๐	ุงุณูนุดูุฑ, ุจฺฺพูุชุฑ, ุตุนูุฏ ฺุงุฑูน, ฺุงุฑูน
๐	ุงุณูนุดูุฑ, ุชูุฒู, ุชูุฒู ฺุงุฑูน, ฺุงุฑูน
๐	ุงุณูนุดูุฑ, ุจุงุฑ, ุจุงุฑ ฺุงุฑูน, ฺุงุฑูน, ฺฏุฑุงู
๐	ุงุณูนุดูุฑ, ูพูุด ูพู, ูพูู
๐	ุงุณูนุดูุฑ, ูพูู, ฺฏูู, ฺฏูู ูพูุด ูพู
๐	ุงุณูนุดูุฑ, ูพูพุฑ, ูพูพุฑ ฺฉููพ, ฺฉููพ
๐	ุงุณูนุฑูน ุฑููุฑ, ุงุณูนุดูุฑ, ุฑููุฑ, ุณุฏฺพุง
๐	ุงุณูนุดูุฑ, ุชฺฉูู, ุชฺฉูู ุฑููุฑ, ุฑููุฑ
๐	ูุงฺฉ, ูพุฑุงุฆูุณ, ูพู, ูพู ฺฉ ุณุงุชฺพ ูุงฺฉ
๐	ุจูุฏ, ูุงฺฉ, ูุญููุธ, ฺุงุจ, ฺุงุจ ฺฉ ุณุงุชฺพ ุจูุฏ ูุงฺฉ
๐	ูุงฺฉ, ูพุงุณูุฑฺ, ฺุงุจ
๐จ	ุขู, ุชฺพูฺุง
๐ซ	ูพุณุชูู, ุชฺพุงุฑ
๐น	ุชุฑ, ุชุฑ ุงูุฑ ฺฉูุงู, ุฌูฺฏ, ฺฉูุงู, ุชฺพุงุฑ
๐ง	ุขู, ุฑูฺ
๐ฉ	ุขู, ุจูููน, ููน, ููน ุงูุฑ ุจูููน
๐	ุชุงูุง, ุฌูฺ, ุฑุงุจุท, ููฺฉ
๐งฐ	ุงูุฒุงุฑ, ุตูุฏูู, ูฺฉูฺฉ, ูนููู ุจฺฉุณ
๐งฒ	ูููุงุทุณ, ูููุงุทุณ, ฺฉุดุด, ฺฏฺพฺ ูุนู
๐งช	ุชุฌุฑุจ, ุณุงุฆูุณ, ูุจ, ูนุณูน ูนูุจ, ฺฉูุณูน, ฺฉูุณูนุฑ
๐งซ	ุจุงุฆุงููุฌุณูน, ุจุงุฆุงููุฌ, ุจฺฉูนุฑุง, ุซูุงูุช, ูุจ, ูพูนุฑ ฺุด
๐งฌ	ุงุฑุชูุงุก, ุจุงุฆุงููุฌุณูน, ุฌู, ุฌูุงุช, ุฒูุฏฺฏ, ฺ ุงู ุง
๐ฌ	ุขู, ุณฺฉููพ, ูุงุฆฺฉุฑู, ูุงุฆฺฉุฑูุณฺฉููพ
๐ญ	ุขู, ุณฺฉููพ, ูนู, ูนู ุณฺฉููพ
๐ก	ุขู, ุงููนูุง, ุณูนูุงุฆูน, ุณูนูุงุฆูน ุงููนูุง, ฺุด
๐	ุขู, ุฏูุงุฆ, ุณุฑูุฌ, ุณูุฆ, ฺุงฺฉูนุฑ
๐	ุจูุงุฑ, ุฏูุงุฆ, ฺุงฺฉูนุฑ, ฺฏูู
๐ช	ุฏุงุฎู ุฏุฑูุงุฒ, ุฏุฑูุงุฒ, ุฏูุฒ, ุฑุงุณุช, ฺูฺฉฺพูน
๐ฝ	ุจุช ุงูุฎูุง, ุบุณู ุฎุงู, ูนุงุฆููน
๐ฟ	ุดุงูุฑ, ูพุงู
๐	ูุงูุง, ูุงู ฺฉุง ูนุจ
๐งด	ุณูุฑุฌ ฺฉ ุชูุงุฒุช ุณ ุจฺู ฺฉ ู ุฌููุฏ ฺฉุฑู, ุดููพู, ููุดู, ููุดู ฺฉ ุจูุชู, ููุฆุณฺุฑุงุฆุฒุฑ
๐งท	ุญููุงุธุช ูพูู, ูพููฺฉ ุฑุงฺฉ, ฺุงุฆูพุฑ
๐งน	ุฌุงุฏูฺฏุฑู, ุฌฺพุงฺู, ุฌฺพุงฺู ูฺฏุงูุง, ุตูุงุฆ
๐งบ	ูุงุฑููฺฏ, ูุงูฺุฑ, ูนูฺฉุฑ, ูพฺฉูฺฉ
๐งป	ูนูุงุฆููน ูพูพุฑ, ฺฉุงุบุฐ ุชูู, ฺฉุงุบุฐ ุฑูู
๐งผ	ุฌฺพุงฺฏ, ุตุงุจู, ุตุงุจู ฺฉ ฺุด, ุตูุงุฆ, ุบุณู, ูนฺฉ
๐งฝ	ุงุณููุฌ, ุฌุฐุจ ฺฉุฑู ูุงูุง, ุตูุงุฆ, ูุณุงู ุฏุงุฑ
๐งฏ	ุขุชุด, ุขฺฏ ุจุฌฺพุงูุง, ุขฺฏ ุจูุฌฺพุงู ูุงูุง ุขู, ูนฺพูฺุง ฺฉุฑูุง
๐	ุดุงูพูฺฏ, ุดุงูพูฺฏ ูนุฑุงู, ูนุฑุงู
๐ฌ	ุฏฺพูุงฺบ, ุณฺฏุฑูน ููุด, ุณฺฏุฑูน ฺฉุด
๐ฟ	ูุฌุณู, ููุขุฆ, ฺุฑ
๐ง	ุขูนู ููนฺฉ, ุง ูน ุงู, ุง ูน ุงู ฺฉ ุนูุงูุช, ุจูฺฉ, ุฑูู
๐ฎ	ุฑุฏ, ูนูฺฉุฑ, ฺฉูฺุง ูนูฺฉุฑ ูฺบ ฺฉุง ุณุงุฆู
๐ฐ	ูพุงู, ูพูุง, ูพู ฺฉุง ูพุงู
๐ป	ุฑุณูน ุฑูู, ูนูุงุฆููน, ฺฉูุฑ
๐พ	ูุงุด ุฑูู, ูนูุงุฆููน, ฺฉูุฑ
๐	ูพุงุณูพูุฑูน, ูพุงุณูพูุฑูน ฺฉููนุฑูู, ฺฉููนุฑูู
๐	ุงุฏุงุฑ, ฺฉุณูนูุฒ
๐	ุณุงูุงู, ุณุงูุงู ฺฉุง ฺฉูู, ฺฉูู
๐	ุณุงูุงู, ูุงฺฉุฑ, ูุญููุธ, ฺูฺพููนุง ูุง ุณุงูุงู
๐ธ	ุจฺูฺบ ฺฉ ฺฏุฒุฑู ฺฉุง ุณุงุฆู, ุจฺ, ุณุงุฆู, ุณฺฺฉ, ูนุฑูฺฉ
๐ซ	ุฏุงุฎู, ุณุงุฆู, ููููุน, ููุน, ูนุฑูฺฉ
๐ณ	ุณุงุฆู, ุณุงุฆฺฉู, ุณุงุฆฺฉูฺบ ููููุน, ููุน, ูนุฑูฺฉ
๐ฏ	ุณุงุฆู, ููุน, ฺฉูฺุง, ฺฉูฺุง ูพฺพูฺฉูุง ููุน 
๐ฑ	ุณุงุฆู, ููุน, ูุง ูพู ูุงูุง ูพุงู, ูพุงู, ูพูุง
๐ท	ุณุงุฆู, ููุน, ูนุฑูฺฉ, ูพุฏู, ูพุฏู ฺูู ูุงู ููููุน
๐ต	ููู, ููุน, ููุจุงุฆู, ููุจุงุฆู ููู ููููุน
๐	ุงูนฺพุงุฑ, ุงูนฺพุงุฑ ุณ ฺฉู ุนูุฑ ฺฉ ุงุฌุงุฒุช ูฺบ, ุณุงุฆู, ุนูุฑ, ูพุงุจูุฏ
๐	ุชุฑ, ุณุงุฆู, ุณูุช, ฺฏฺพฺ ฺฉ ุณูุช, ฺฏฺพฺ ฺฉ ุณูุช ูฺบ ุนููุฏ ุชุฑ
๐	ุชุฑ, ุณุงุฆู, ุณูุช, ฺฏฺพฺ ฺฉ ูุฎุงูู ุณูุช, ฺฏฺพฺ ฺฉ ูุฎุงูู ุณูุช ูฺบ ุชุฑ ุจูนู
๐	ุชุฑ, ูุงูพุณ ุชุฑ, ูพฺฺพ
๐	ุงุฎุชุชุงู, ุงุฎุชุชุงู ุชุฑ, ุชุฑ
๐	ุขู, ุขู! ุชุฑ, ุชุฑ
๐	ุชุฑ, ุฌูุฏ, ุฌูุฏ ุชุฑ
๐	ุงููพุฑ, ุจุงูุง ุชุฑ, ุชุฑ
๐	ุฌฺฏ, ุนุจุงุฏุช, ุนุจุงุฏุช ฺฏุง, ูุฐุจ
๐	ูุฐุจ, ูููุฑ, ฺฉูฺู ุงุณูนฺฉ
๐ฏ	ุณุชุงุฑ, ูุณูุช, ูฺฉุช ุฏุงุฑ ฺฺพ ฺฉูููฺบ ูุงูุง ุณุชุงุฑ, ฺฺพ, ฺฉูู
โ	ุจุฑุฌ, ุจุฑุฌ ุญูุง, ุณุงููพ
๐	ุจูนู, ุดูู, ูนุฑฺฉุณ, ูนุฑฺฉุณ ฺฉู ุดูู ฺฉุฑู ฺฉุง ุจูนู
๐	ุจูนู, ุฏูุฑุงู, ุฏูุฑุงู ฺฉุง ุจูนู, ูนุฑฺฉุณ
๐	ุงฺฉ ุฏูุน, ุงฺฉ ุฏูุน ุฏูุฑุงู ฺฉุง ุจูนู, ุจูนู, ุฏูุฑุงู, ูนุฑฺฉุณ
โถ	ุจูนู, ูนุฑฺฉุณ, ฺูุงูุง, ฺูุงู ฺฉุง ุจูนู
โฉ	ุจูนู, ุชุฒ ูุงุฑูุฑฺ ุจูนู, ูุงุฑูุฑฺ, ูนุฑฺฉุณ
โญ	ุงฺฏูุง, ุงฺฏูุง ูนุฑฺฉ ุจูนู, ุจูนู, ูนุฑฺฉุณ
โฏ	ุจูนู, ุฑูฺฉูุง, ูนุฑฺฉุณ, ฺูุงูุง, ฺูุงู ุง ุฑูฺฉู ฺฉุง ุจูนู
โ	ุจูนู, ูนุฑฺฉุณ, ูพฺฺพ, ูพฺฺพ ุฌุงู ฺฉุง ุจูนู
โช	ุจูนู, ุชุฒ ุณ ูพฺฺพ ุฌุงู ฺฉุง ุจูนู, ูนุฑฺฉุณ, ูพฺฺพ
โฎ	ุขุฎุฑ, ุขุฎุฑ ูนุฑฺฉ ฺฉุง ุจูนู, ุจูนู, ูนุฑฺฉุณ
๐ผ	ุงููพุฑ, ุงููพุฑ ฺฉุง ุจูนู, ุจูนู, ูนุฑฺฉุณ
โซ	ุงููพุฑ, ุจูนู, ุชุฒ, ุชุฒ ุณ ุงููพุฑ ฺฉุง ุจูนู, ูนุฑฺฉุณ
๐ฝ	ุจูนู, ูฺ, ูฺ ฺฉุง ุจูนู, ูนุฑฺฉุณ
โฌ	ุจูนู, ุชุฒ, ุชุฒ ุณ ูฺ ฺฉุง ุจูนู, ูฺ, ูนุฑฺฉุณ
๐ฆ	ุณููุง, ููู
๐	ุจูนู, ุฏฺพูุง, ุฏฺพูุง ฺฉุง ุจูนู, ูนุฑฺฉุณ
๐	ุจูนู, ุฑูุดู, ุฑูุดู ฺฉุง ุจูนู, ูนุฑฺฉุณ
๐ถ	ุงููนูุง, ุงููนูุง ุจุงุฑุฒ, ุจุงุฑ, ุณฺฏููุฒ, ููู, ููุจุงุฆู
๐ณ	ููู, ููุจุงุฆู, ูุงุฆุจุฑุดู, ูุงุฆุจุฑุดู ููฺ
๐ด	ุจูุฏ, ุจูุฏ ููุจุงุฆู ููู, ููู, ููุจุงุฆู
โ	ุขุณูนุฑูุง, ุชู, ุชู ูพุชูฺบ ูุงูุง ูู, ูพุชุงฺบ, ูพฺพูู
๐ฑ	ุขู, ุงูฺฉุฑ, ุจุญุฑ ุฌุงุฒ, ุณ ุดุงุฎ ุขู, ุนูุงูุช
๐	ุจุฌ, ูุงู, ูุงู ฺฉุง ุจุฌ
๐ฐ	ุฌุงูพุงู, ุดุฑูุนุงุช, ุดุฑูุนุงุช ฺฉุฑู ูุงู ฺฉุง ุฌุงูพุงู ูุดุงู, ูุดุงู
โ	ุณูุฏ, ุณูุฏ ุจฺพุงุฑ ฺฺฉ ฺฉุง ูุดุงู, ุนูุงูุช, ฺฺฉ
โ	ุนูุงูุช, ฺฉุฑุงุณ, ฺฉุฑุงุณ ฺฉุง ูุดุงู
โ	ุจูนู, ุนูุงูุช, ฺฉุฑุงุณ, ฺฉุฑุงุณ ฺฉ ูุดุงู ฺฉุง ุจูนู
โ	ุจฺพุงุฑ ุฌูุน ฺฉุง ูุดุงู, ุฌูุน, ุนูุงูุช
โ	ุจฺพุงุฑ ููู ฺฉุง ูุดุงู, ุนูุงูุช, ูู
โ	ุจฺพุงุฑ ุชูุณู ฺฉุง ูุดุงู, ุชูุณู, ุนูุงูุช
โฐ	ุฑุณ, ฺฉุฑู ูุฆ, ฺฉุฑู ูุฆ ุฑุณ
โฟ	ุฏูุฑ, ุฏูุฑ ฺฉุฑู ูุฆ ุฑุณ, ุฑุณ, ฺฉุฑู ูุฆ
โ	ุฑููุฒู ุงููุงู, ุณูุฏ, ุณูุฏ ุณูุงู ูุดุงู, ุณูุงู
โ	ุฑููุฒู ุงููุงู, ุณูุฏ, ุณูุฏ ูุฏุงุฆ ูุดุงู, ูุฏุงุฆ
๐ฏ	ุงุณฺฉูุฑ, ุณู, ุณู ูพูุงุฆููนุณ, ูพูุฑ
๐	ุงู ูพูน, ุงู ูพูน ูุงุทู ุจฺ ุญุฑูู, ุจฺ, ุญุฑูู, ูุงุทู
๐ก	ุงู ูพูน, ุงู ูพูน ูุงุทู ฺฺพููน ุญุฑูู, ุญุฑูู, ูุงุทู, ฺฺพููน
๐ข	ุงุนุฏุงุฏ, ุงู ูพูน, ุงู ูพูน ุงุนุฏุงุฏ
๐ฃ	ุงู ูพูน, ุงู ูพูน ุนูุงูุงุช, ุนูุงูุงุช
๐ค	ุงู ูพูน, ุงู ูพูน ูุงุทู ุญุฑูู, ุญุฑูู, ูุงุทู
๐	AB ุจูนู (ุฎูู ฺฉ ูุณู), ุง ุจ, ุฎูู
๐	CL ุจูนู, cl, ฺูฺฉูุฑ
๐	ฺูฺฉูุฑ, ฺฉูู, ฺฉูู ุจูนู
๐	ูุฑุงุบุช, ููุช ุจูนู, ฺูฺฉูุฑ
๐	ID ุจูนู, id, ฺูฺฉูุฑ
๐	ูุง, ูุง ุจูนู, ฺูฺฉูุฑ
๐	NG ุจูนู, ng, ฺูฺฉูุฑ
๐	ok, ุงูฺฉ ุจูนู, ฺูฺฉูุฑ
๐	SOS ุจูนู, sos, ฺูฺฉูุฑ
๐	ุงููพุฑ, ุงููพุฑ! ุจูนู, ุจูนู
๐	VS ุจูนู, vs, ฺูฺฉูุฑ
๐	ุฌุงูพุงู "ุงฺบ" ุจูนู, ฺุงูพุงู, ฺูฺฉูุฑ
๐ท	ุชุตูุฑ ุนูุงูุช, ุฌุงูพุงู, ุฌุงูพุงู "ูุงุงู ุฑูู" ุจูนู, ฺุงูุฏ, ฺูฺฉูุฑ
๐ถ	ุชุตูุฑ ุนูุงูุช, ุฌุงูพุงู, ุฌุงูพุงู "ููุช ูฺบ" ุจูนู, ููุฌูุฏฺฏ, ฺูฺฉูุฑ
๐ฏ	ุงูฺฏู, ุชุตูุฑ ุนูุงูุช, ุฌุงูพุงู, ุฌุงูพุงู "ูุญููุธ" ุจูนู, ฺูฺฉูุฑ
๐	ุชุตูุฑ ุนูุงูุช, ุฌุงูพุงู, ุฌุงูพุงู "ุณูุฏุง ุจุงุฒ " ุจูนู, ุฏุงุฆุฑ, ูุงุฆุฏ
๐น	ุชุตูุฑ ุนูุงูุช, ุชูุณู, ุฌุงูพุงู, ุฌุงูพุงู "ุฑุนุงุช" ุจูนู, ฺูฺฉูุฑ
๐	ุชุตูุฑ ุนูุงูุช, ุฌุงูพุงู, ุฌุงูพุงู "ููุช" ุจูนู, ูู, ฺูฺฉูุฑ
๐ฒ	ุชุตูุฑ ุนูุงูุช, ุฌุงูพุงู, ุฌุงูพุงู "ููููุน" ุจูนู, ููุงูุนุช, ฺูฺฉูุฑ
๐	ุชุตูุฑ ุนูุงูุช, ุฌุงูพุงู "ูุงุจู ูุจูู" ุจูนู, ููุธูุฑ, ฺู, ฺฏูู
๐ธ	ุงูพูุงุฆ, ุชุตูุฑ ุนูุงูุช, ุฌุงูพุงู "ุงูพูฺฉุดู" ุจูนู, ฺูฺฉูุฑ, ฺู
๐ด	ุงฺฉูนฺพ, ุชุตูุฑ ุนูุงูุช, ุฌุงูพุงู "ูพุงุณ ฺฉุฑู ฺฉุง ฺฏุฑฺ" ุจูนู, ฺูฺฉูุฑ, ฺู
๐ณ	ุชุตูุฑ ุนูุงูุช, ุฌุงูพุงู "ุฎุงู ุงุณุงู" ุนูุงูุช, ุฎุงู, ฺูฺฉูุฑ, ฺู
๐บ	ุขูพุฑุดู, ุชุตูุฑ ุนูุงูุช, ุฌุงูพุงู "ฺฉุงุฑูุจุงุฑ ฺฉ ู ฺฉฺพูุง" ุจูนู, ฺูฺฉูุฑ, ฺู
๐ต	ุชุตูุฑ ุนูุงูุช, ุฌุงูพุงู "ฺฉูุฆ ุงุณุงู ูฺบ" ุนูุงูุช, ฺูฺฉูุฑ, ฺู, ฺฉุงููุช
๐ด	ุฌูููนุฑ, ุฏุงุฆุฑ, ุณุฑุฎ, ุณุฑุฎ ุฏุงุฆุฑ
๐ต	ุฌูููนุฑ, ุฏุงุฆุฑ, ููุง, ููุง ุฏุงุฆุฑ
๐ถ	ุจฺุง ูุงุฑูุฌ ุฑุง, ุฌูููนุฑ, ูุงุฑูุฌ, ุฑุง
๐ท	ุจฺุง ููุง ุฑุง, ุฌูููนุฑ, ููุง, ุฑุง
๐ธ	ุฌูููนุฑ, ูุงุฑูุฌ, ฺฺพููนุง ูุงุฑูุฌ ุฑุง, ุฑุง
๐น	ุฌูููนุฑ, ููุง, ฺฺพููนุง ููุง ุฑุง, ุฑุง
๐บ	ุงููพุฑ ุงุดุงุฑ ฺฉุฑุช ุณุฑุฎ ูุซูุซ, ุฌูููนุฑ, ูุซูุซ, ูุงุฑูุฌ
๐ป	ุฌูููนุฑ, ูุซูุซ, ูุงุฑูุฌ, ูฺ ุงุดุงุฑ ฺฉุฑุช ุณุฑุฎ ูุซูุซ
๐	ุฌูููนุฑ, ูฺฉุช, ูฺฉุช ูุงูุง ุฑุง, ุฑุง
๐	ุจูนู, ุฌูููนุฑ, ุฑฺู, ุฑฺู ุจูนู
๐ฒ	ุจูนู, ุฌูููนุฑ, ุณุง ฺูฺฉูุฑ ุจูนู, ฺูฺฉูุฑ, ฺฉุงูุง
๐ณ	ุจูนู, ุฌูููนุฑ, ุณูุฏ, ุณูุฏ ฺูฺฉูุฑ ุจูนู, ฺูฺฉูุฑ
๐	ุฌฺพูฺุง, ุฎุงููฺบ ูุงูุง ุฌฺพูฺุง, ุฑุณูฺฏ
๐ฉ	ุชฺฉูู, ุชฺฉูู ุฌฺพูฺุง, ุฌฺพูฺุง
๐	ุฌุงูพุงู, ุฌุดู, ฺฉุฑุงุณ, ฺฉุฑุงุณ ฺฉ ุดฺฉู ูฺบ ุฌฺพูฺ
๐ด	ุฌฺพูฺุง, ูุฑุงุชุง, ูุฑุงุชุง ฺฉุงูุง ุฌฺพูฺุง, ฺฉุงูุง
๐ณโ๐	ุฑูุจู, ููุณ ูุฒุญ, ููุณ ูุฒุญ ูพุฑฺู, ูพุฑฺู
๐ดโโ	ุฌูู ุฑุงุฌุฑ, ุฎุฒุงู, ุบุงุฑุช ฺฏุฑ, ูุฒุงู, ูุฒุงููฺบ ฺฉุง ุฌฺพูฺุง
ยฉ๏ธ	ุนูุงูุช, ฺฉุงูพ ุฑุงุฆูน
ยฎ๏ธ	ุฑุฌุณูนุฑฺ, ุนูุงูุช
โผ๏ธ	ุฌุฐุจุงุช, ุฏูุฑ ุนูุงูุชู ูุฏุงุฆ, ุฑููุฒู ุงููุงู, ูุฏุงุฆ
โ๏ธ	ุฑููุฒู ุงููุงู, ุณูุงู, ูุฏุงุฆ, ูุฏุงุฆ ุณูุงู ูุดุงู
โข๏ธ	ุชุฌุงุฑุช, ุชุฌุงุฑุช ูุดุงู, ูุดุงู
โน๏ธ	ูุงุฎุฐ, ูุนูููุงุช
โ๏ธ	ุชุฑ, ุฏุงุฆฺบ ุจุงุฆฺบ ุชุฑ, ุณุงุฆู, ุณูุช
โ๏ธ	ุงููพุฑ ูฺ ุชุฑ, ุชุฑ, ุณุงุฆู, ุณูุช
โ๏ธ	ุงููพุฑ ุจุงุฆฺบ ุชุฑ, ุชุฑ, ุณุงุฆู, ุณูุช, ุดูุงู ูุบุฑุจ
โ๏ธ	ุงููพุฑ ุฏุงุฆฺบ ุชุฑ, ุชุฑ, ุณุงุฆู, ุณูุช, ุดูุงู ูุดุฑู
โ๏ธ	ุชุฑ, ุฌููุจ ูุดุฑู, ุณุงุฆู, ุณูุช, ูฺ ุฏุงุฆฺบ ุชุฑ
โ๏ธ	ุชุฑ, ุฌููุจ ูุบุฑุจ, ุณุงุฆู, ุณูุช, ูฺ ุจุงุฆฺบ ุชุฑ
โฉ๏ธ	ุจุงุฆฺบ ูฺุชุง ูุง ุฏุงุฆฺบ ุชุฑ, ุชุฑ, ุณุงุฆู, ุณูุช
โช๏ธ	ุชุฑ, ุฏุงุฆฺบ ูฺุชุง ูุง ุจุงุฆฺบ ุชุฑ, ุณุงุฆู, ุณูุช
โ๏ธ	ููุช, ูนุงุฆู, ฺฉูุงฺฉ, ฺฏฺพฺ
โ๏ธ	ุฑุช, ุฑุช ฺฏฺพฺ, ฺฏฺพฺ
โจ๏ธ	ูนุงุฆูพูฺฏ, ฺฉููพููนุฑ, ฺฉ ุจูุฑฺ
โ๏ธ	ุจูนู, ูฺฉุงููุง, ูฺฉุงูู ฺฉุง ุจูนู, ูนุฑฺฉุณ
โฑ๏ธ	ุงุณูนุงูพ ูุงฺ, ฺฏฺพฺ
โฒ๏ธ	ูนุงุฆูุฑ, ูนุงุฆูุฑ ฺฉูุงฺฉ, ฺฏฺพฺ
โณ๏ธ	ุฑุช, ุฑุช ฺฏฺพฺ ูฺบ ฺฏุฑุช ูุฆ ุฑุช, ฺฏุฑุช ูุฆ ุฑุช ฺฉ ุณุงุชฺพ ุฑุช ฺฏฺพฺ, ฺฏฺพฺ
โธ๏ธ	ุจูนู, ููู, ููู ฺุงูู ฺฉุง ุจูนู, ูนุฑฺฉุณ
โน๏ธ	ุจูนู, ุฑูฺฉูุง, ุฑูฺฉู ฺฉุง ุจูนู, ูนุฑฺฉุณ
โบ๏ธ	ุจูนู, ุฑฺฉุงุฑฺ, ุฑฺฉุงุฑฺ ฺฉุง ุจูนู, ูนุฑฺฉุณ
โ๏ธ	m, ุญุฑู, ฺฏูู, ฺฏูู M
โช๏ธ	ุฌูููนุฑ, ฺูฺฉูุฑ, ฺฉุงูุง, ฺฉุงูุง ฺฺพููนุง ฺูฺฉูุฑ
โซ๏ธ	ุฌูููนุฑ, ุณูุฏ, ุณูุฏ ฺฺพููนุง ฺูฺฉูุฑ, ฺูฺฉูุฑ, ฺฺพููนุง
โป๏ธ	ุฌูููนุฑ, ุณูุฏ, ุณูุฏ ูฺู ฺูฺฉูุฑ, ูฺูู, ฺูฺฉูุฑ
โผ๏ธ	ุฌูููนุฑ, ูฺู, ฺูฺฉูุฑ, ฺฉุงูุง, ฺฉุงูุง ูฺู ฺูฺฉูุฑ
โฝ๏ธ	ุฌูููนุฑ, ุณูุฏ, ุณูุฏ ูฺูู ฺฺพููนุง ฺูฺฉูุฑ, ูฺูู, ฺูฺฉูุฑ, ฺฺพููนุง
โพ๏ธ	ุฌูููนุฑ, ูฺู, ฺูฺฉูุฑ, ฺฺพููนุง, ฺฉุงูุง, ฺฉุงูุง ูฺู ฺฺพููนุง ฺูฺฉูุฑ
โ๏ธ	ุณูุฑุฌ, ุตุงู, ููุณู, ฺฉุฑูฺบ
โ๏ธ	ุจุงุฏู, ููุณู
โ๏ธ	ุจุงุฑุด, ูุจุงุณ, ููุณู, ฺฺพุชุฑ
โ๏ธ	ุจุฑู, ุจุฑู ฺฉุง ุขุฏู, ููุณู, ูนฺพูฺ
โ๏ธ	ุฎูุง, ูุทุจ ุณุชุงุฑ
โ๏ธ	ุจุฑู ุขู, ููู, ูนูููู
โ๏ธ	ุจููน ุจุงฺฉุณ, ุนูุงูุช, ฺฺฉ, ฺฺฉ ฺฉ ูุดุงู ูุงูุง ุจููน ุจุงฺฉุณ
โ๏ธ	ุจุงุฑุด, ุจุงุฑุด ฺฉ ูุทุฑูฺบ ูุงู ฺฺพุชุฑ, ูุจุงุณ, ููุณู, ฺฺพุชฺ
โ๏ธ	ฺุงุฆ, ฺฉุงู, ฺฏุฑู, ฺฏุฑู ฺฉุงู
โ๏ธ	ุชู ูพุช ูพฺพูู, ูพูุฏุง
โ๏ธ	ุงูฺฏู, ุงููพุฑ, ุงููพุฑ ุงุดุงุฑ ฺฉุฑุช ุดุงุฏุช ฺฉ ุงูฺฏู, ุฌุณู, ุงุชฺพ
โ๏ธ	ููุช, ฺฉุฑุงุณ, ฺฉุฑุงุณ ุดุฏ ฺูฺบ ฺฉ ุณุงุชฺพ ฺฉฺพููพฺ, ฺฉฺพููพฺ, ฺุงฺบ
โข๏ธ	ุชุงุจฺฉุงุฑ, ุชุงุจฺฉุงุฑ, ุดุนุงุนฺบ
โฃ๏ธ	ุฌุงูุฏุงุฑ, ุญุงุช, ุฒูุฏฺฏ ฺฉ ู ูุถุฑ, ููุตุงู ุฏ
โฆ๏ธ	ุฑูุงุช ูุฐุจ ฺฉุฑุงุณ, ุนุณุงุฆุช, ูุฐุจ, ฺฉุฑุงุณ
โช๏ธ	ุงุณูุงู, ุณุชุงุฑ ุงูุฑ ูุงู, ุณุชุงุฑ ู ูุงู, ูุฐุจ, ูุณููุงู
โฎ๏ธ	ุงูู, ุงูู ฺฉุง ูุดุงู, ูุดุงู
โฏ๏ธ	ุชุงุค, ูุฐุจ, ู, ู ูฺฏ
โธ๏ธ	ุจุฏฺพ ูุช, ุฏฺพุฑู, ุฏฺพุฑู ฺฺฉุฑ, ูุฐุจ, ูพ
โน๏ธ	ุชูุฑ, ุชูุฑ ุฒุฏ ฺุฑ, ฺุฑ
โบ๏ธ	ูุณฺฉุฑุงุชุง ฺุฑ, ูุณฺฉุฑุงูน, ูพุฑ ุณฺฉูู, ฺุฑ
โ๏ธ	ุนูุงูุช, ุนูุฑุช, ุนูุฑุชูฺบ ฺฉูุฆ, ูฺฺฉ
โ๏ธ	ุนูุงูุช, ูฺฺฉุง, ูุฑุฏ, ูุฑุฏูฺบ ฺฉูุฆ
โ๏ธ	ุจุฑุฌ, ุจุฑุฌ ุญูู, ุญูู
โ๏ธ	ุจุฑุฌ, ุจุฑุฌ ุซูุฑ, ุจู
โ๏ธ	ุจุฑุฌ, ุจุฑุฌ ุฌูุฒุง, ุฌูฺูุงฺบ
โ๏ธ	ุจุฑุฌ, ุจุฑุฌ ุณุฑุทุงู, ฺฉูฺฉฺุง
โ๏ธ	ุจุฑุฌ, ุจุฑุฌ ุงุณุฏ, ุดุฑ
โ๏ธ	ุจุฑุฌ, ุจุฑุฌ ุณูุจู, ุนูุฑุช
โ๏ธ	ุจุฑุฌ, ุจุฑุฌ ูุฒุงู, ูุฒุงู
โ๏ธ	ุจุฑุฌ, ุจุฑุฌ ุนูุฑุจ, ุจฺฺพู
โ๏ธ	ุจุฑุฌ, ุจุฑุฌ ููุณ, ุชุฑ ุงูุฏุงุฒ
โ๏ธ	ุจุฑุฌ, ุจุฑุฌ ุฌุฏ, ุจฺฉุฑุง
โ๏ธ	ุจุฑุฌ, ุจุฑุฌ ุฏูู, ูพุงู
โ๏ธ	ุจุฑุฌ, ุจุฑุฌ ุญูุช, ูฺฺพู
โ๏ธ	ุดุทุฑูุฌ, ุดุทุฑูุฌ ฺฉุง ูพุงุฏ, ูุงุจู ูุตุฑู, ูุฑ
โ๏ธ	ุชุงุด, ุญฺฉู, ุญฺฉู ฺฉุง ูพุช, ูพุช, ฺฉฺพู
โฃ๏ธ	ุชุงุด, ูพุช, ฺฺุง, ฺฺุง ฺฉุง ูพุช, ฺฉฺพู
โฅ๏ธ	ุชุงุด, ูพุงู, ูพุงู ฺฉุง ูพุช, ูพุช, ฺฉฺพู
โฆ๏ธ	ุงููน, ุงููน ฺฉุง ูพุช, ุชุงุด, ูพุช, ฺฉฺพู
โจ๏ธ	ุจฺพุงูพ, ูุฏ, ฺฏุฑู, ฺฏุฑู ูุฏ
โป๏ธ	ุฑ ุณุงุฆฺฉููฺฏ, ุฑ ุณุงุฆฺฉููฺฏ ฺฉุง ูุดุงู, ูุดุงู
โพ๏ธ	ุนุงููฺฏุฑ, ุบุฑ ูุญุฏูุฏ, ูุงูุญุฏูุฏ, ูุด
โฟ๏ธ	ุฑุณุงุฆ, ูู ฺุฆุฑ, ูพ, ฺฉุฑุณ
โ๏ธ	ุขู, ฺฉุฏุงู, ุชฺพูฺุง, ุชฺพูฺุง ุงูุฑ ฺฉุฏุงู
โ๏ธ	ุขู, ุงูฺฉุฑ, ุจุญุฑ ุฌุงุฒ
โ๏ธ	ุชููุงุฑฺบ, ฺฉุฑุงุณ, ฺฉุฑุงุณ ฺฉ ุดฺฉู ุจูุงุช ุชููุงุฑฺบ, ุชฺพุงุฑ
โ๏ธ	ุตุญุช, ุทุจ, ุทุจ ุนูุงูุช, ุนูุงูุช, ูุดุงู
โ๏ธ	ุขู, ุจุฑุงุจุฑ, ุจุฑุงุจุฑ ูพูฺูฺบ ูุงูุง ุชุฑุงุฒู, ุชุฑุงุฒู, ูพูฺ
โ๏ธ	ุขู, ุงููุจฺฉ
โ๏ธ	ุขู, ฺฏุฑุงุฑ, ฺฏุฆุฑ
โ๏ธ	ุงูนู, ุงูนู ฺฉ ุนูุงูุช, ูุงุฏู
โ๏ธ	ุงูุชุจุง, ุณุงุฆู, ูนุฑูฺฉ
โก๏ธ	ุจุฌู, ุฎุทุฑ, ููููนุฌ, ุงุฆ ููููนุฌ
โช๏ธ	ุฌูููนุฑ, ุฏุงุฆุฑ, ุณูุฏ, ุณูุฏ ุฏุงุฆุฑ
โซ๏ธ	ุฌูููนุฑ, ุฏุงุฆุฑ, ฺฉุงูุง, ฺฉุงูุง ุฏุงุฆุฑ
โฐ๏ธ	ุชุงุจูุช, ุฌูุงุฒ, ููุช, ฺฉูู
โฑ๏ธ	ุจุฑุชู, ุฑุงฺฉฺพ, ูุฑุฏ ฺฉ ุฑุงฺฉฺพ ูุงูุง ูุฑุชุจุงู, ููุช
โฝ๏ธ	ููนุจุงู, ูุฏุงู, ฺฉฺพู, ฺฏูุฏ
โพ๏ธ	ุงูุฑฺฉ, ุจุงู, ุจุณ ุจุงู, ฺฉฺพู
โ๏ธ	ุจุฑู, ุจุฑู ฺฉ ุจุบุฑ ุจุฑู ฺฉุง ุขุฏู, ููุณู, ูนฺพูฺ
โ๏ธ	ุจุงุฏู, ุจุงุฏููฺบ ฺฉ ูพฺฺพ ฺฺพูพุง ุณูุฑุฌ, ุณูุฑุฌ, ููุณู
โ๏ธ	ุจุงุฏู, ุจุงุฑุด, ููุณู, ฺฏุฑุฌ ฺูฺฉ ุงูุฑ ุจุงุฑุด ูุงู ุจุงุฏู
โ๏ธ	ุขู, ฺฉุฏุงู
โ๏ธ	ุณูุฏ ฺฉุฑุงุณ ูุงูุง ูููน, ูนููพ, ฺุฑ, ูููน
โ๏ธ	ุขู, ุฒูุฌุฑ, ุฒูุฌุฑฺบ
โ๏ธ	ุฏุงุฎู, ุฏุงุฎู ููููุน, ุณุงุฆู, ููุน, ูนุฑูฺฉ
โฉ๏ธ	ุดููนู ูุฒุงุฑ, ูุฐุจ, ูุฒุงุฑ
โช๏ธ	ุนูุงุฑุช, ุนุณุงุฆุช, ฺฉุฑุงุณ, ฺฏุฑุฌุง ฺฏฺพุฑ
โฐ๏ธ	ูพุงฺ, ฺูนุงู
โฑ๏ธ	ุจุงุฑุด, ุฒูู ูฺบ ฺฏฺ ฺฺพุชุฑ, ุณูุฑุฌ, ููุณู, ฺฺพุชฺ
โฒ๏ธ	ูุงุคููนูู, ููุงุฑู, ูพุงู ฺฉุง ฺุดู, ฺุดู
โณ๏ธ	ูุฏุงู ูฺบ ุณูุฑุงุฎ, ฺฉฺพู, ฺฏุงูู, ฺฏฺฺพ ูฺบ ุฌฺพูฺุง, ฺฏูุฏ
โด๏ธ	ุณูุงุฑ, ูุฑ, ฺฉุดุช
โต๏ธ	ุจุงุฏุจุงู ฺฉุดุช, ุณููุฏุฑ, ฺฉุดุช
โท๏ธ	ุงุณฺฉุงุฆุฑ, ุงุณฺฉุงุฆ, ุจุฑู
โธ๏ธ	ุขุฆุณ ุงุณูนฺฉ, ุงุณูนฺฉ, ุจุฑู
โน๏ธ	ุจุงู, ุจุงู ุณ ฺฉฺพูุชุง ุดุฎุต, ุจูุฏ
โบ๏ธ	ุฎู, ุดุงูุงู, ฺุฑุง, ฺฉููพูฺฏ
โฝ๏ธ	ููู, ููู ูพููพ, ฺฏุณ
โ๏ธ	ุขู, ุงุณูนุดูุฑ, ููฺ
โ๏ธ	ุณูุฑ, ูุงุฆ ุฌุงุฒ
โ๏ธ	ููุงู, ูพุบุงู, ฺุงฺฉ
โ๏ธ	ุฌุณู, ูุชุญ, ูุชุญ ฺฉุง ูุดุงู ุจูุงุชุง ุงุชฺพ, ูุดุงู, ุงุชฺพ
โ๏ธ	ุฌุณู, ูฺฉฺพุชุง ูุง ุงุชฺพ, ูฺฉฺพูุง, ุงุชฺพ
โ๏ธ	ุงุณูนุดูุฑ, ูพูุณู
โ๏ธ	ุงุณูนุดูุฑ, ุณุง, ุณุง ูุจ, ูุจ, ูพู
โ๏ธ	ุจฺพุงุฑ ฺฺฉ ฺฉุง ูุดุงู, ุนูุงูุช, ฺฺฉ
โ๏ธ	ุจฺพุงุฑ ุถุฑุจ ฺฉุง ูุดุงู, ุถุฑุจ, ุนูุงูุช
โ๏ธ	ุนุณุงุฆุช, ูุงุทู ฺฉุฑุงุณ, ูุฐุจ, ฺฉุฑุงุณ
โก๏ธ	ุฏุงุคุฏ, ุฏุงุคุฏ ฺฉุง ุณุชุงุฑ, ุณุชุงุฑ, ูุฐุจ, ูพุบูุจุฑ, ูุฏ
โณ๏ธ	ุขูนฺพ, ุขูนฺพ ฺฉุงููนูฺบ ูุงูุง ุงุณูนุฑุณฺฉ, ุงุณูนุฑุณฺฉ, ุนูุงูุช, ฺฉุงููน
โด๏ธ	ุขูนฺพ, ุขูนฺพ ฺฉูููฺบ ูุงูุง ุณุชุงุฑ, ุณุชุงุฑ, ุนูุงูุช, ฺฉูู
โ๏ธ	ุจุฑู, ุจุฑู ฺฉ ฺฏูู, ููุณู, ูนฺพูฺ
โ๏ธ	ุนูุงูุช, ฺูฺฉ
โ๏ธ	ุฑููุฒู ุงููุงู, ุณูุงู, ุณูุงู ูุดุงู
โ๏ธ	ุฑููุฒู ุงููุงู, ูุฏุงุฆ, ูุฏุงุฆ ูุดุงู
โฃ๏ธ	ุฏู, ุนูุงูุชู ูุฏุงุฆ, ุนูุงูุชู ูุฏุงุฆ ูุงูุง ุจฺพุงุฑ ุฏู
โค๏ธ	ุฏู, ุณุฑุฎ, ุณุฑุฎ ุฏู
โก๏ธ	ุชุฑ, ุฏุงุฆฺบ ุชุฑ, ุณุงุฆู, ุณูุช, ูุดุฑู
โคด๏ธ	ุงููพุฑ ูฺุชุง ูุง ุฏุงุฆฺบ ุชุฑ, ุชุฑ, ุณุงุฆู, ุณูุช
โคต๏ธ	ุชุฑ, ุณุงุฆู, ุณูุช, ูฺ ูฺุชุง ูุง ุฏุงุฆฺบ ุชุฑ
โฌ๏ธ	ุจุงุฆฺบ ุชุฑ, ุชุฑ, ุณุงุฆู, ุณูุช, ูุบุฑุจ
โฌ๏ธ	ุงููพุฑ ฺฉุง ุชุฑ, ุชุฑ, ุณุงุฆู, ุณูุช, ุดูุงู
โฌ๏ธ	ุชุฑ, ุฌููุจ, ุณุงุฆู, ุณูุช, ูฺ ฺฉุง ุชุฑ
โฌ๏ธ	ุจฺุง, ุฌูููนุฑ, ฺูฺฉูุฑ, ฺฉุงูุง, ฺฉุงูุง ุจฺุง ฺูฺฉูุฑ
โฌ๏ธ	ุจฺุง, ุฌูููนุฑ, ุณูุฏ, ุณูุฏ ุจฺุง ฺูฺฉูุฑ, ฺูฺฉูุฑ
โญ๏ธ	ุณุชุงุฑ, ุณูุฏ ูฺู ุณุชุงุฑ
โญ๏ธ	ุจฺพุงุฑ ุจฺุง ุฏุงุฆุฑ, ุฏุงุฆุฑ, ุนูุงูุช
ใฐ๏ธ	ุฑููุฒู ุงููุงู, ูุฑุฏุงุฑ, ูุฑุฏุงุฑ ฺุด, ฺุด
ใฝ๏ธ	ุจุงุฑ, ุจุงุฑ ฺฉ ุชุจุฏู ฺฉุง ูุดุงู, ุนูุงูุช, ููุณูุงุฑ
ใ๏ธ	ุชุตูุฑ ุนูุงูุช, ุฌุงูพุงู "ูุจุงุฑฺฉุจุงุฏ" ุจูนู, ูุจุงุฑฺฉุจุงุฏ, ฺู, ฺฏูู
ใ๏ธ	ุชุตูุฑ ุนูุงูุช, ุฌุงูพุงู "ุฎู" ุจูนู, ุฎู, ฺู, ฺฏูู
๐๏ธ	ุณุฑุฎ, ูุงุฌููฺฏ, ูุงุฌููฺฏ ุฑฺ ฺุฑฺฏู, ฺฉฺพู
๐ฐ๏ธ	A ุจูนู (ุฎูู ฺฉ ูุณู), ุง, ุฎูู
๐ฑ๏ธ	B ุจูนู (ุฎูู ฺฉ ูุณู), ุจ, ุฎูู
๐พ๏ธ	O ุจูนู (ุฎูู ฺฉ ูุณู), o, ุจูนู
๐ฟ๏ธ	P ุจูนู, p, ุจูนู
๐๏ธ	ุฌุงูพุงู, ุฌุงูพุงู "ุณุฑูุณ ฺุงุฑุฌ" ุจูนู, ฺูฺฉูุฑ
๐๏ธ	ุงูุฑฺฉ, ุงูุฑฺฉ ฺฉู ุฏฺฉฺพุงุชุง ฺฏููุจ, ุฏูุง, ุฒูู, ฺฏููุจ
๐๏ธ	ููุณู, ูฺฉูู, ูฺฉูู ฺุงูุฏ, ฺุงูุฏ
๐๏ธ	ุขุฎุฑ ฺฉูุงุฑูนุฑ ฺฉุง ฺุงูุฏ ูุน ฺุฑ, ููุณู, ฺุงูุฏ, ฺุฑ
๐ก๏ธ	ุชฺพุฑูุงููนุฑ, ููุณู
๐ค๏ธ	ุจุงุฏู, ุณูุฑุฌ, ููุณู, ฺฺพููน ุจุงุฏู ฺฉ ูพฺฺพ ฺฺพูพุง ุณูุฑุฌ
๐ฅ๏ธ	ุจุงุฏู, ุจฺ ุจุงุฏู ฺฉ ูพฺฺพ ฺฺพูพุง ุณูุฑุฌ, ุณูุฑุฌ, ููุณู
๐ฆ๏ธ	ุจุงุฏู, ุจุงุฏููฺบ ฺฉ ูพฺฺพ ฺฺพูพุง ุณูุฑุฌ ุงูุฑ ุจุงุฑุด, ุจุงุฑุด, ุณูุฑุฌ, ููุณู
๐ง๏ธ	ุจุงุฏู, ุจุงุฏู ุงูุฑ ุจุงุฑุด, ุจุงุฑุด, ููุณู
๐จ๏ธ	ุจุงุฏู, ุจุงุฏู ุงูุฑ ุจุฑูุจุงุฑ, ุจุฑู, ููุณู
๐ฉ๏ธ	ุจุงุฏู, ุจุงุฏู ุงูุฑ ฺฏุฑุฌ ฺูฺฉ, ุจุฌู ฺฉ ฺูฺฉ, ููุณู
๐ช๏ธ	ุจุงุฏู, ุชุฒ ูุง, ุฌฺพฺฉฺ, ููุณู
๐ซ๏ธ	ุจุงุฏู, ููุณู, ฺฉูุฑ
๐ฌ๏ธ	ุจุงุฏู, ูู ุณ ูุง ูฺฉุงูุชุง ฺุฑ, ููุณู, ฺุฑ, ูุง
๐ถ๏ธ	ุชุฒ, ุชุฒ ูุฑฺ, ูุฑฺ, ูพูุฏุง
๐ธ๏ธ	ุจุงุฑ, ูพูุง, ฺฉุงฺฉ ูนู, ฺฉุงฺฉ ูนู ฺฏูุงุณ, ฺฏูุงุณ
๐ฝ๏ธ	ูพููน, ฺฺพุฑ, ฺฺพุฑ ฺฉุงููน ฺฉ ุณุงุชฺพ ูพููน, ฺฉุงููนุง
๐๏ธ	ูุจุงุณ, ูนููพ, ฺฏุฑุฌูุฆุดู, ฺฏุฑุฌูุฆุดู ฺฉูพ
๐๏ธ	ุงูุนุงู, ููุฌ, ููุฌ ูฺู, ูฺู
๐๏ธ	ุฌุดู, ุฑุจู, ุงุฏุฏุงู, ุงุฏุฏุงู ฺฉุง ุฑุจู
๐๏ธ	ุงุณูนูฺู, ุงุณูนูฺู ูุงุฆฺฉุฑูููู, ูุงุฆฺฉ, ูุงุฆฺฉุฑูููู, ููุณู
๐๏ธ	ุณูุงุฆฺุฑ, ููู, ููู ุณูุงุฆฺุฑ, ููุณู
๐๏ธ	ููุณู, ูุงุจุฒ, ฺฉููนุฑูู, ฺฉููนุฑูู ฺฉุฑู ูุงู ูุงุจุฒ
๐๏ธ	ุณููุง, ูุฑู, ููู, ููู ฺฉ ูุฑู
๐๏ธ	ุฏุงุฎู, ุฏุงุฎู ูนฺฉูน, ูนฺฉูน
๐ง๏ธ	ููุณู, ฺ ููู
๐ฌ๏ธ	ููู, ฺฉููพุฑ, ฺฉููพุฑ ุจูุฑฺ
๐ญ๏ธ	ุชฺพูนุฑ, ูู, ููููู ูุทู, ูุงุณฺฉ
๐ฎ๏ธ	ูฺู, ูฺู ฺฏู, ฺฉฺพู
๐๏ธ	ุงุณฺฉุงุฆ, ุจุฑู, ุณูู ุจูุฑฺ, ุณูู ุจูุฑฺุฑ
๐๏ธ	ุชุฎุช, ุณุฑู, ุณุฑูุฑ, ูพุงู
๐๏ธ	ุงูุนุงู, ูนุฑุงู
๐๏ธ	ุชุฑุงฺฉ, ุชุฑุงฺฉ, ูพุงู
๐๏ธ	ุงูนฺพุงูุง, ูุฒู, ูุฒู ุงูนฺพุงุฆ ุดุฎุต
๐๏ธ	ฺฉฺพูุงฺ, ฺฏุงูู, ฺฏุงูู ฺฉุง ฺฉฺพูุงฺ
๐๏ธ	ุฑุณ, ุณุงุฆฺฉู, ูููนุฑ, ูููนุฑ ุณุงุฆฺฉู
๐๏ธ	ุฑุณ, ุฑุณ ฺฉ ฺฉุงุฑ, ฺฉุงุฑ, ฺฉฺพู
๐๏ธ	ุจุฑู, ุจุฑู ุณ ฺฺพฺฉุง ูพุงฺ, ูนฺพูฺ, ูพุงฺ
๐๏ธ	ุณูุฑ, ูพฺุงุค, ฺุฑุง, ฺฉููพูฺฏ
๐๏ธ	ุณุงุญู, ุณุงุญู ุงูุฑ ฺฺพุชุฑ, ฺฺพุชุฑ
๐๏ธ	ุชุนูุฑ, ุนูุงุฑุช, ุนูุงุฑุช ฺฉ ุชุนูุฑ
๐๏ธ	ุนูุงุฑุช, ฺฏฺพุฑ, ฺฏฺพุฑ ฺฉ ุนูุงุฑุชฺบ
๐๏ธ	ุงููฺ ุนูุงุฑุชฺบ, ุดุฑ, ุนูุงุฑุช
๐๏ธ	ุนูุงุฑุช, ูุฑุงู, ูุฑุงู ฺฏฺพุฑ ฺฉ ุนูุงุฑุช, ฺฏฺพุฑ
๐๏ธ	ุนูุงุฑุช, ฺฉูุงุณฺฉ, ฺฉูุงุณฺฉ ุนูุงุฑุช
๐๏ธ	ุจุงุจุงู, ุฑฺฏุณุชุงู, ุตุญุฑุง
๐๏ธ	ุฌุฒุฑ, ุตุญุฑุง, ุตุญุฑุงุฆ ุฌุฒุฑ
๐๏ธ	ูุดูู ูพุงุฑฺฉ, ูพุงุฑฺฉ
๐๏ธ	ุงุณูนฺู, ูุฏุงู, ฺฏุฑุงุคูฺ
๐๏ธ	ุนูุงุฑุช, ฺฏฺพุฑ, ฺฏฺพุฑ ฺฉ ุนูุงุฑุช
๐ญ๏ธ	ุนูุงุฑุช, ูฺฉูนุฑ
๐ณ๏ธ	ุฌฺพูฺุง, ุณูุฏ, ูุฑุงุชุง, ูุฑุงุชุง ุณูุฏ ุฌฺพูฺุง
๐ต๏ธ	ูพูุฏุง, ูพฺพูู, ฺฏูุงุจ ฺฉุง ููุด
๐ท๏ธ	ูุจู, ูนฺฏ
๐๏ธ	ุจู, ุฌุงููุฑ, ูพุงูุชู
๐๏ธ	ุฌุงููุฑ, ฺฉุชุง
๐๏ธ	ุฌุงููุฑ, ูฺฺพู
๐ฆ๏ธ	ุขุณูุงู, ูพุฑูุฏู, ูพุฑูุฏ, ฺฺุง
๐ฟ๏ธ	ุฌุงููุฑ, ฺฏูุฑ
๐๏ธ	ุขูฺฉฺพ, ุฌุณู
๐๏ธ	ุฌุณู, ฺฉุงู
๐๏ธ	ุงููพุฑ, ุงููพุฑ ุงุดุงุฑ ฺฉุฑุช ุจฺฉ ูฺ ุดุงุฏุช ฺฉ ุงูฺฏู, ุฌุณู, ุดุงุฏุช ฺฉ ุงูฺฏู, ุงุชฺพ
๐๏ธ	ุฌุณู, ุดุงุฏุช ฺฉ ุงูฺฏู, ูฺ, ูฺ ุงุดุงุฑ ฺฉุฑุช ุจฺฉ ูฺ ุดุงุฏุช ฺฉ ุงูฺฏู, ุงุชฺพ
๐๏ธ	ุงูฺฏู, ุจุงุฆฺบ, ุจุงุฆฺบ ุงุดุงุฑ ฺฉุฑุช ุจฺฉ ูฺ ุดุงุฏุช ฺฉ ุงูฺฏู, ุฌุณู, ุงุชฺพ
๐๏ธ	ุงูฺฏู, ุฌุณู, ุฏุงุฆฺบ, ุฏุงุฆฺบ ุงุดุงุฑ ฺฉุฑุช ุจฺฉ ูฺ ุดุงุฏุช ฺฉ ุงูฺฏู, ุงุชฺพ
๐๏ธ	ุงูฺฏููนฺพุง, ุงููพุฑ, ุฌุณู, ุณุจ ุงฺฺพุง ฺฉุง ูุดุงู ุจูุงุชุง ุงูฺฏููนฺพุง, ุงุชฺพ
๐๏ธ	ุงูฺฏููนฺพุง, ุงฺฺพุง ู ูู ฺฉุง ูุดุงู ุจูุงุชุง ุงูฺฏููนฺพุง, ุฌุณู, ูฺ, ุงุชฺพ
๐๏ธ	ุขูฺฉฺพ, ุฌุดู, ูุจุงุณ, ฺุดู
๐ช๏ธ	ุจุงูพ, ุจฺ, ุฎุงูุฏุงู, ูุงฺบ
๐ฝ๏ธ	ุฎูุง, ุฎูุงุฆ ูุฎููู, ูุฎููู, ฺุฑ
๐ฃ๏ธ	ุขฺฏ, ุจู, ุจูุจุงุฑ
๐ฐ๏ธ	ุจฺฏ, ุฑูู, ูพุณูฺบ ฺฉุง ุจฺฏ, ฺุงูุฑ
๐ณ๏ธ	ุจูฺฉ, ุฑูู, ฺฉุงุฑฺ, ฺฉุฑฺูน, ฺฉุฑฺูน ฺฉุงุฑฺ
๐ป๏ธ	ููพ ูนุงูพ, ููพ ูนุงูพ ฺฉููพููนุฑ, ฺฉููพููนุฑ
๐ฟ๏ธ	ุขูพูนฺฉู, ุขูพูนฺฉู ฺุณฺฉ, ฺุณฺฉ, ฺฉููพููนุฑ
๐๏ธ	ุงุณูนุดูุฑ, ฺฉููพ ุจูุฑฺ
๐๏ธ	ฺฉุชุงุจ, ฺฉุชุงุจฺบ
๐๏ธ	ุจุฑู ุขู, ูพุฌุฑ
๐ค๏ธ	ุขุคูน ุจุงฺฉุณ ูนุฑ, ุจฺพุฌุง ูุง, ุฎุท, ูนุฑ
๐ฅ๏ธ	ุงู ุจุงฺฉุณ ูนุฑ, ุฎุท, ููุตูู, ูนุฑ
๐ฆ๏ธ	ุจุงฺฉุณ, ูพุงุฑุณู, ูพฺฉุฌ
๐ช๏ธ	ุจุงฺฉุณ, ุจูุฏ, ุฌฺพฺฉุง ุฌฺพูฺุง, ุฌฺพฺฉ ูุฆ ุฌฺพูฺ ูุงูุง ุจูุฏ ูู ุจุงฺฉุณ, ูู
๐ซ๏ธ	ุจุงฺฉุณ, ุจููุฏ ุฌฺพูฺุง, ุจููุฏ ุฌฺพูฺ ูุงูุง ุจูุฏ ูู ุจุงฺฉุณ, ุจูุฏ, ูู
๐ฌ๏ธ	ุจุงฺฉุณ, ุจููุฏ ุฌฺพูฺุง, ุจููุฏ ุฌฺพูฺ ูุงูุง ฺฉฺพูุง ูู ุจุงฺฉุณ, ูู, ฺฉฺพูุง
๐ญ๏ธ	ุจุงฺฉุณ, ุฌฺพฺฉุง ุฌฺพูฺุง, ุฌฺพฺฉ ูุฆ ุฌฺพูฺ ูุงูุง ฺฉฺพูุง ูู ุจุงฺฉุณ, ูู, ฺฉฺพูุง
๐ท๏ธ	ูฺู, ฺฉูุฑุง
๐น๏ธ	ูฺู, ูฺู ฺฉูุฑุง, ฺฉูุฑุง
๐บ๏ธ	ูฺู, ูน ู, ูนู ูฺู
๐ป๏ธ	ุจุฑู ุขู, ุฑฺู
๐ฝ๏ธ	ุณููุง, ููู, ููู ูพุฑูุฌฺฉูนุฑ, ูพุฑูุฌฺฉูนุฑ
๐๏ธ	ุขูุงุฒ, ุงุณูพฺฉุฑ, ุฏฺพู ุขูุงุฒ ูฺฉุงูุช ุงุณูพฺฉุฑ
๐๏ธ	ุจูุฏ, ูุงฺฉ
๐๏ธ	ูุงฺฉ, ฺฉฺพูุง, ฺฉฺพูุง ูุงฺฉ
๐๏ธ	ุงูู, ูุฐุจ, ูุฏู
๐๏ธ	ุงูู, ูุงุฎุช, ูพุฑูุฏ
๐๏ธ	1:00, ุงฺฉ, ุงฺฉ ุจุฌ ฺฉุง ููุช, ฺฏฺพฺ
๐๏ธ	2:00, ุฏู, ุฏู ุจุฌ ฺฉุง ููุช, ฺฏฺพฺ
๐๏ธ	3:00, ุชู, ุชู ุจุฌ ฺฉุง ููุช, ฺฏฺพฺ
๐๏ธ	4:00, ฺุงุฑ, ฺุงุฑ ุจุฌ ฺฉุง ููุช, ฺฏฺพฺ
๐๏ธ	5:00, ูพุงูฺ, ูพุงูฺ ุจุฌ ฺฉุง ููุช, ฺฏฺพฺ
๐๏ธ	6:00, ฺฺพ, ฺฺพ ุจุฌ ฺฉุง ููุช, ฺฏฺพฺ
๐๏ธ	7:00, ุณุงุช, ุณุงุช ุจุฌ ฺฉุง ููุช, ฺฏฺพฺ
๐๏ธ	08:00, ุขูนฺพ, ุขูนฺพ ุจุฌ ฺฉุง ููุช, ฺฏฺพฺ
๐๏ธ	09:00, ูู, ูู ุจุฌ ฺฉุง ููุช, ฺฏฺพฺ
๐๏ธ	10:00, ุฏุณ, ุฏุณ ุจุฌ ฺฉุง ููุช, ฺฏฺพฺ
๐๏ธ	11:00, ฺฏฺพฺ, ฺฏุงุฑ, ฺฏุงุฑ ุจุฌ ฺฉุง ููุช
๐๏ธ	12:00, ุจุงุฑ, ุจุงุฑ ฺฉุง ููุช, ฺฏฺพฺ
๐ฏ๏ธ	ุจุช, ุฑูุดู, ููู, ููู ุจุช
๐ฐ๏ธ	ูููนู ูพุณ ฺฉูุงฺฉ, ฺฏฺพฺ
๐ณ๏ธ	ุฎุงู ุฌฺฏ, ุณูุฑุงุฎ, ฺฺพุฏ
๐ด๏ธ	ุจุฒูุณ, ุจุฒูุณ ุณููน ูพู ูุง ูฺบ ูุนูู ุดุฎุต, ุณููน, ุดุฎุต, ูุนูู, ูุง
๐ต๏ธ	ุฌุงุณูุณ, ุณุฑุงุบ ฺฉุง ูพุชุง ูฺฏุงู ูุงูุง
๐ถ๏ธ	ุขูฺฉฺพ, ุฌุดู, ุฏฺพููพ ฺุดู, ูุจุงุณ
๐ท๏ธ	ูฺฉฺ, ฺฉฺุง
๐ธ๏ธ	ูฺฉฺ, ูฺฉฺ ฺฉุง ุฌุงูุง, ฺฉฺุง
๐น๏ธ	ุฌูุงุฆ ุงุณูนฺฉ, ูฺู, ฺฉููนุฑูู, ฺฉฺพู
๐๏ธ	ุงุณูนุดูุฑ, ุฌฺ ูุฆ, ุฌฺ ูุฆ ูพูพุฑ ฺฉููพุณ, ูพูพุฑ, ฺฉููพ
๐๏ธ	ุงุณูนุดูุฑ, ุจุงู ูพู, ูพู
๐๏ธ	ุงุณูนุดูุฑ, ูุงุคููนู ูพู, ูพู
๐๏ธ	ุงุณูนุดูุฑ, ุจุฑุด, ูพููน ุจุฑุด, ูพููนูฺฏ
๐๏ธ	ุงุณูนุดูุฑ, ุฑูฺฏ, ฺฉุฑ ุขู
๐๏ธ	ุงูฺฏู, ุฌุณู, ูพฺพูุงูุง, ูพฺพู ูุฆ ุงูฺฏููฺบ ฺฉ ุณุงุชฺพ ุจููุฏ ุงุชฺพ, ุงุชฺพ
๐ฅ๏ธ	ฺุณฺฉ ูนุงูพ, ฺุณฺฉ ูนุงูพ ฺฉููพููนุฑ, ฺฉููพููนุฑ
๐จ๏ธ	ูพุฑููน, ูพุฑููนุฑ, ฺฉููพููนุฑ
๐ฑ๏ธ	ฺฉุฑุณุฑ, ฺฉููพููนุฑ, ฺฉููพููนุฑ ูุงุคุณ
๐ฒ๏ธ	ุจุงู, ูนุฑฺฉ, ูนุฑฺฉ ุจุงู, ฺฉููพููนุฑ
๐ผ๏ธ	ุชุตูุฑ, ูุฑู, ูุฑู ูฺบ ุฌฺ ุชุตูุฑ, ูู
๐๏ธ	ุงุณูนุดูุฑ, ุงูฺฺฉุณ, ุชูุณู ฺฉุงุฑ, ฺฉุงุฑฺ, ฺฉุงุฑฺ ุงูฺฺฉุณ ฺฉ ุชูุณู ฺฉุงุฑ
๐๏ธ	ุงุณูนุดูุฑ, ุจุงฺฉุณ, ูุงุฆู, ฺฉุงุฑฺ, ฺฉุงุฑฺ ูุงุฆู ุจุงฺฉุณ
๐๏ธ	ุงุณูนุดูุฑ, ูุงุฆู, ูุงุฆู ฺฉุจููน, ฺฉุจููน
๐๏ธ	ุฑุฏ, ุฑุฏ ฺฉ ูนูฺฉุฑ, ูนูฺฉุฑ
๐๏ธ	ุงุณูนุดูุฑ, ุณูพุงุฆุฑู, ุณูพุงุฆุฑู ูููน ุจฺฉ, ูููน ุจฺฉ
๐๏ธ	ุงุณูนุดูุฑ, ุณูพุงุฆุฑู, ุณูพุงุฆุฑู ฺฉููฺุฑ, ฺฉููฺุฑ
๐๏ธ	ุขู, ฺฉููพุฑุดู
๐๏ธ	ูุงฺฉ, ูพุงุณูุฑฺ, ูพุฑุงูุง, ูพุฑุงู ฺุงุจ
๐ก๏ธ	ุขู, ุฎูุฌุฑ, ุชฺพุงุฑ
๐ฃ๏ธ	ุจููุชุง ุณุฑ, ุจูููุง, ุณุฑ, ฺุฑ
๐จ๏ธ	ุจุงุงฺบ, ุนูุงูุช, ุบุจุงุฑ, ฺฏูุชฺฏู ุบุจุงุฑ ุจุงุฆฺบ
๐ฏ๏ธ	ุฏุงุงฺบ, ุนูุงูุช, ุบุจุงุฑ, ุบุต ุบุจุงุฑ ุฏุงุฆฺบ
๐ณ๏ธ	ุจุงฺฉุณ, ุจููน, ุจููน ฺฉ ุณุงุชฺพ ุจููน ุจุงฺฉุณ
๐บ๏ธ	ุฏูุง, ุฏูุง ฺฉุง ููุด, ููุด
๐๏ธ	ุบุฑ ุฌุงูุจุฏุงุฑ, ุบุฑ ุฌุงูุจุฏุงุฑ ฺุฑ, ฺุฑ
๐๏ธ	ุฑูู, ุฒุฑ ุฒูู, ููนุฑู
๐๏ธ	ุขุช ูุฆ, ุขุช ูุฆ ุจุณ, ุจุณ
๐๏ธ	ุงูุจูููุณ, ุณูุงุฑ
๐๏ธ	ุขุช ูุฆ, ุขุช ูุฆ ูพููุณ ฺฉุงุฑ, ูพููุณ, ฺฉุงุฑ
๐๏ธ	ุขุช ูุฆ, ุขุช ูุฆ ฺฉุงุฑ, ฺฉุงุฑ
๐ญ๏ธ	ุณุงุฆู, ุณฺฏุฑูน ฺฉุด, ุณฺฏุฑูน ฺฉุด ููุน , ููุน, ูนุฑูฺฉ
๐ฒ๏ธ	ุณุงุฆฺฉู, ุณูุงุฑ
๐น๏ธ	ูุฑุฏ, ูุฑุฏูฺบ ฺฉุง ูนูุงุฆููน, ูนูุงุฆููน
๐บ๏ธ	ุนูุฑุชูฺบ ฺฉุง ูนูุงุฆููน, ุนูุฑุชฺบ, ูนูุงุฆููน
๐ผ๏ธ	ุจ ุจ, ุจ ุจ ฺฉ ุนูุงูุช, ุณุงุฆู
๐๏ธ	ูููพ, ฺฉุงุคฺ, ฺฉุงุคฺ ุงูุฑ ูููพ, ููนู
๐๏ธ	ุจฺฏ, ุดุงูพูฺฏ, ุดุงูพูฺฏ ุจฺฏุฒ, ููนู
๐๏ธ	ุจู, ุจู ุงูพ, ุจู ุงูพ ุจู
๐๏ธ	ุจุณุชุฑ, ููุฏ, ููนู
๐๏ธ	ุขู, ุฑูฺ, ุชฺพูฺุง, ุชฺพูฺุง ุงูุฑ ุฑูฺ
๐ก๏ธ	ุญูุงุธุช, ุดูฺ, ุชฺพุงุฑ
๐ข๏ธ	ุชู, ุชู ฺฉุง ฺุฑู, ฺุฑู
๐ฃ๏ธ	ุณฺฺฉ, ูููนุฑ ู
๐ค๏ธ	ุฑูู, ุฑูู ูนุฑฺฉ, ูนุฑู
๐ฅ๏ธ	ุณูุงุฑ, ูููนุฑ ุจููน
๐ฉ๏ธ	ุณูุงุฑ, ฺฺพููนุง, ฺฺพููนุง ูุงุฆ ุฌุงุฒ, ูุงุฆ ุฌุงุฒ
๐ฐ๏ธ	ุขุณูุงู, ุฎูุง, ุฎูุงุฆ ุฌุงุฒ, ุณุงุฑ, ุณูนูุงุฆูน
๐ณ๏ธ	ุณูุงุฑ, ูุณุงูุฑ, ูุณุงูุฑ ุจุญุฑ ุฌุงุฒ, ฺฉุดุช
