ğŸ»	loáº¡i 1â€“2, mÃ u da, mÃ u da sÃ¡ng
ğŸ¼	loáº¡i 3, mÃ u da, mÃ u da sÃ¡ng trung bÃ¬nh
ğŸ½	loáº¡i 4, mÃ u da, mÃ u da trung bÃ¬nh
ğŸ¾	loáº¡i 5, mÃ u da, mÃ u da tá»‘i trung bÃ¬nh
ğŸ¿	loáº¡i 6, mÃ u da, mÃ u da tá»‘i
ğŸ˜€	máº·t, máº·t cÆ°á»i toÃ©t, toe toÃ©t
ğŸ˜	cÆ°á»i, máº¯t, máº·t, máº·t cÆ°á»i toÃ©t máº¯t cÆ°á»i, toe toÃ©t
ğŸ˜‚	cÆ°á»i, máº·t, máº·t cÆ°á»i vá»›i nÆ°á»›c máº¯t vui sÆ°á»›ng, nÆ°á»›c máº¯t, vui sÆ°á»›ng
ğŸ¤£	cÆ°á»i, lÄƒn, máº·t, máº·t cÆ°á»i lÄƒn cÆ°á»i bÃ², sÃ n
ğŸ˜ƒ	cÆ°á»i, miá»‡ng, máº·t, máº·t cÆ°á»i miá»‡ng hÃ¡ vá»›i máº¯t to, máº·t cÆ°á»i tÆ°Æ¡i vá»›i hai máº¯t má»Ÿ to, má»Ÿ
ğŸ˜„	cÆ°á»i, miá»‡ng, máº¯t, máº·t, máº·t cÆ°á»i miá»‡ng hÃ¡ máº¯t cÆ°á»i, má»Ÿ
ğŸ˜…	cÆ°á»i, láº¡nh, máº·t, máº·t cÆ°á»i miá»‡ng hÃ¡ má»“ hÃ´i, má»“ hÃ´i, má»Ÿ
ğŸ˜†	cÆ°á»i, cÆ°á»i to, hÃ i lÃ²ng, miá»‡ng, máº·t, máº·t cÆ°á»i miá»‡ng hÃ¡ máº¯t nháº¯m cháº·t
ğŸ˜‰	máº·t, máº·t nhÃ¡y máº¯t, nhÃ¡y máº¯t
ğŸ˜Š	cÆ°á»i, máº¯t, máº·t, máº·t má»‰m cÆ°á»i vá»›i hai máº¯t hÃ­p láº¡i, Ä‘á» máº·t
ğŸ˜‹	cÆ°á»i, máº·t, máº·t thÆ°á»Ÿng thá»©c mÃ³n ngon, ngon, ngon tuyá»‡t, thÆ°á»Ÿng thá»©c
ğŸ˜	kÃ­nh, máº·t, máº·t cÆ°á»i Ä‘eo kÃ­nh, máº·t trá»i, phong cÃ¡ch, sÃ¡ng
ğŸ˜	cÆ°á»i, máº¯t, máº·t, máº·t cÆ°á»i máº¯t hÃ¬nh trÃ¡i tim, yÃªu
ğŸ˜˜	hÃ´n, máº·t, máº·t Ä‘ang hÃ´n giÃ³
ğŸ¥°	máº·t cÆ°á»i vá»›i 3 trÃ¡i tim, pháº£i lÃ²ng, yÃªu, yÃªu quÃ½
ğŸ˜—	hÃ´n, máº·t, máº·t hÃ´n
ğŸ˜™	cÆ°á»i, hÃ´n, máº¯t, máº·t, máº·t hÃ´n máº¯t cÆ°á»i
ğŸ˜š	hÃ´n, máº¯t, máº·t, máº·t hÃ´n máº¯t nháº¯m, nháº¯m
ğŸ™‚	cÆ°á»i, máº·t, máº·t cÆ°á»i má»‰m
ğŸ¤—	máº·t, máº·t Ã´m, Ã´m
ğŸ¤©	cÆ°á»i toÃ©t, máº¯t, máº·t, ngÃ´i sao, ngÆ°á»¡ng má»™
ğŸ¤”	máº·t, máº·t suy nghÄ©, Ä‘ang suy nghÄ©
ğŸ¤¨	hoÃ i nghi, máº·t vá»›i lÃ´ng mÃ y rÆ°á»›n lÃªn, ngá» vá»±c
ğŸ˜‘	khÃ´ng diá»…n cáº£m, máº·t, máº·t vÃ´ cáº£m, tháº£n nhiÃªn, vÃ´ cáº£m
ğŸ˜¶	miá»‡ng, máº·t, máº·t khÃ´ng cÃ³ miá»‡ng, yÃªn láº·ng, Ã­t nÃ³i
ğŸ™„	máº¯t, máº·t, máº·t cÃ³ máº¯t Ä‘u Ä‘Æ°a, Ä‘u Ä‘Æ°a
ğŸ˜	cÆ°á»i kháº©y, máº·t, máº·t cÆ°á»i kháº©y
ğŸ˜£	kiÃªn nháº«n, máº·t, máº·t kiÃªn nháº«n
ğŸ˜¥	máº·t, máº·t tháº¥t vá»ng nhÆ°ng nháº¹ nhÃµm, ngáº¡c nhiÃªn, nháº¹ nhÃµm, tháº¥t vá»ng
ğŸ˜®	miá»‡ng, máº·t, máº·t cÃ³ miá»‡ng hÃ¡, má»Ÿ, thÃ´ng cáº£m
ğŸ¤	khÃ³a kÃ©o, miá»‡ng, máº·t, máº·t cÃ³ miá»‡ng bá»‹ kÃ©o khÃ³a
ğŸ˜¯	choÃ¡ng vÃ¡ng, lÃ m thinh, máº·t, máº·t lÃ m thinh, ngáº¡c nhiÃªn
ğŸ˜ª	buá»“n ngá»§, máº·t, máº·t buá»“n ngá»§
ğŸ˜«	máº·t, máº·t má»‡t má»i, má»‡t má»i
ğŸ˜´	máº·t, máº·t Ä‘ang ngá»§, ngá»§, zzz
ğŸ˜Œ	máº·t, máº·t nháº¹ nhÃµm, nháº¹ nhÃµm
ğŸ˜›	lÆ°á»¡i, máº·t, máº·t lÃ¨ lÆ°á»¡i
ğŸ˜œ	lÆ°á»¡i, máº¯t, máº·t, máº·t lÃ¨ lÆ°á»¡i nhÃ¡y máº¯t, nhÃ¡y máº¯t, nÃ³i Ä‘Ã¹a
ğŸ˜	hÆ°Æ¡ng vá»‹, kinh khá»§ng, lÆ°á»¡i, máº¯t, máº·t, máº·t thÃ¨ lÆ°á»¡i máº¯t nháº¯m cháº·t
ğŸ¤¤	cháº£y dÃ£i, máº·t, máº·t cháº£y dÃ£i
ğŸ˜’	buá»“n, khÃ´ng vui, máº·t, máº·t buá»“n
ğŸ˜“	láº¡nh, máº·t, máº·t chÃ¡n náº£n vá»›i má»“ hÃ´i, má»“ hÃ´i
ğŸ˜”	máº·t, máº·t tráº§m ngÃ¢m, tháº¥t vá»ng, tráº§m ngÃ¢m
ğŸ˜•	bá»‘i rá»‘i, máº·t, máº·t bá»‘i rá»‘i
ğŸ™ƒ	lá»™n ngÆ°á»£c, máº·t, máº·t lá»™n ngÆ°á»£c
ğŸ¤‘	miá»‡ng, máº·t, máº·t cÃ³ tiá»n á»Ÿ miá»‡ng, tiá»n
ğŸ˜²	hoÃ n toÃ n, kinh ngáº¡c, máº·t, máº·t kinh ngáº¡c, sá»‘c
ğŸ™	cau mÃ y, máº·t, máº·t hÆ¡i cau mÃ y
ğŸ˜–	máº·t, máº·t xáº¥u há»•, xáº¥u há»•
ğŸ˜	máº·t, máº·t tháº¥t vá»ng, tháº¥t vá»ng
ğŸ˜Ÿ	lo láº¯ng, máº·t, máº·t lo láº¯ng
ğŸ˜¤	chiáº¿n tháº¯ng, hÃ¢n hoan, máº·t, máº·t cÃ³ mÅ©i Ä‘ang phÃ¬ hÆ¡i
ğŸ˜¢	buá»“n, khÃ³c, máº·t, máº·t khÃ³c, nÆ°á»›c máº¯t
ğŸ˜­	buá»“n, khÃ³c, máº·t, máº·t khÃ³c to, nÆ°á»›c máº¯t, thá»•n thá»©c
ğŸ˜¦	miá»‡ng, máº·t, máº·t cau miá»‡ng hÃ¡, má»Ÿ, nhÄƒn máº·t
ğŸ˜§	máº·t, máº·t Ä‘au khá»•, Ä‘au khá»•
ğŸ˜¨	kinh hÃ£i, máº·t, máº·t sá»£ hÃ£i, sá»£, sá»£ hÃ£i
ğŸ˜©	kiá»‡t sá»©c, máº·t, máº·t kiá»‡t sá»©c, má»‡t má»i
ğŸ¤¯	bá»‹ sá»‘c, Ä‘áº§u ná»• tung
ğŸ˜¬	máº·t, máº·t nhÄƒn nhÃ³, nhÄƒn nhÃ³
ğŸ˜°	láº¡nh, máº·t, máº·t lo láº¯ng vÃ  toÃ¡t má»“ hÃ´i, máº·t lo láº¯ng vÃ  toÃ¡t má»“ hÃ´i má»“ hÃ´i, vá»™i vÃ£, xanh da trá»i
ğŸ˜±	kinh sá»£, la hÃ©t, máº·t, máº·t la hÃ©t kinh hÃ£i, sá»£, sá»£ hÃ£i
ğŸ¥µ	máº·t nÃ³ng, nÃ³ng, sá»‘c nhiá»‡t, sá»‘t, Ä‘á» máº·t, Ä‘á»• má»“ hÃ´i
ğŸ¥¶	láº¡nh, láº¡nh cá»©ng, máº·t láº¡nh, máº·t xanh, tÃª cÃ³ng, Ä‘Ã³ng bÄƒng
ğŸ˜³	choÃ¡ng vÃ¡ng, máº·t, máº·t Ä‘á» á»­ng, Ä‘á» máº·t
ğŸ¤ª	lá»›n, máº¯t, máº·t lÃ m trÃ² há», ngá»‘c, nhá»
ğŸ˜µ	chÃ³ng máº·t, máº·t, máº·t chÃ³ng máº·t
ğŸ˜¡	cÆ¡n thá»‹nh ná»™, há»n dá»—i, máº·t, máº·t há»n dá»—i, tá»©c giáº­n, Ä‘iÃªn, Ä‘á»
ğŸ˜ 	máº·t, máº·t giáº­n giá»¯, tá»©c giáº­n, Ä‘iÃªn
ğŸ¤¬	chá»­i rá»§a, máº·t cÃ³ cÃ¡c kÃ½ hiá»‡u trÃªn miá»‡ng
ğŸ˜·	bÃ¡c sÄ©, láº¡nh, máº·t, máº·t náº¡, máº·t Ä‘eo kháº©u trang y táº¿, á»‘m
ğŸ¤’	máº·t, máº·t cÃ³ miá»‡ng ngáº­m nhiá»‡t káº¿, má»‡t, nhiá»‡t káº¿, á»‘m
ğŸ¤•	bÄƒng, máº·t, máº·t Ä‘eo bÄƒng Ä‘áº§u, váº¿t thÆ°Æ¡ng, Ä‘au
ğŸ¤¢	buá»“n nÃ´n, máº·t, máº·t buá»“n nÃ´n, nÃ´n má»­a
ğŸ¤®	máº·t nÃ´n má»­a, nÃ´n má»­a, á»‘m
ğŸ¤§	háº¯t hÆ¡i, máº·t, máº·t háº¯t hÆ¡i, sá»©c khá»e
ğŸ˜‡	giáº£ tÆ°á»Ÿng, hÃ o quang, máº·t, máº·t cÆ°á»i cÃ³ hÃ o quang, ngÃ¢y thÆ¡, thiÃªn tháº§n
ğŸ¤ 	cao bá»“i, mÅ©, máº·t, máº·t Ä‘á»™i mÅ© cao bá»“i, ná»¯ cao bá»“i
ğŸ¥³	buá»•i tiá»‡c, lá»… ká»· niá»‡m, mÅ©, máº·t tiá»‡c tÃ¹ng, sá»«ng
ğŸ¥´	chÃ³ng máº·t, cháº¿nh choÃ¡ng, miá»‡ng uá»‘n lÆ°á»£n, máº¯t Ä‘áº£o Ä‘iÃªn, máº·t choÃ¡ng vÃ¡ng, say xá»‰n
ğŸ¥º	lÃ²ng thÆ°Æ¡ng, máº¯t cÃºn con, máº·t cáº§u xin, xin xá»
ğŸ¤¥	máº·t, máº·t nÃ³i dá»‘i, nÃ³i dá»‘i, pinocchio
ğŸ¤«	im láº·ng, máº·t ra dáº¥u suá»µt, suá»µt
ğŸ¤­	máº·t vá»›i tay che miá»‡ng, xin lá»—i
ğŸ§	máº·t vá»›i kÃ­nh má»™t máº¯t, ngá»™t ngáº¡t
ğŸ¤“	máº·t, máº·t má»t sÃ¡ch, má»t sÃ¡ch, Ä‘am mÃª
ğŸ˜ˆ	cÆ°á»i, máº·t, máº·t cÆ°á»i cÃ³ sá»«ng, sá»«ng, truyá»‡n cá»• tÃ­ch, tÆ°á»Ÿng tÆ°á»£ng
ğŸ‘¿	ma quá»·, máº·t, máº·t giáº­n dá»¯ cÃ³ sá»«ng, máº·t giáº­n giá»¯ cÃ³ sá»«ng, quá»·, tiá»ƒu yÃªu, tÆ°á»Ÿng tÆ°á»£ng
ğŸ¤¡	há», máº·t, máº·t há»
ğŸ‘¹	máº·t, máº·t quá»·, quÃ¡i váº­t, quá»· Äƒn thá»‹t ngÆ°á»i, sinh váº­t, truyá»‡n cá»• tÃ­ch, tÆ°á»Ÿng tÆ°á»£ng
ğŸ‘º	máº·t, quÃ¡i váº­t, sinh váº­t, truyá»‡n cá»• tÃ­ch, tÆ°á»Ÿng tÆ°á»£ng, yÃªu tinh
ğŸ’€	cÃ¡i cháº¿t, máº·t, quÃ¡i váº­t, truyá»‡n cá»• tÃ­ch, Ä‘áº§u lÃ¢u
ğŸ‘»	ma, máº·t, quÃ¡i váº­t, sinh váº­t, truyá»‡n cá»• tÃ­ch, tÆ°á»Ÿng tÆ°á»£ng
ğŸ‘¾	khuÃ´n máº·t, ngoÃ i trÃ¡i Ä‘áº¥t, ngÆ°á»i ngoÃ i hÃ nh tinh, quÃ¡i váº­t, quÃ¡i váº­t ngoÃ i hÃ nh tinh, sinh váº­t, Ä‘Ä©a bay
ğŸ¤–	máº·t, máº·t rÃ´-bá»‘t, quá»·, rÃ´-bá»‘t
ğŸ’©	cháº¥t tháº£i, hÃ i hÆ°á»›c, khuÃ´n máº·t, phÃ¢n, quÃ¡i váº­t, Ä‘á»‘ng phÃ¢n
ğŸ˜º	con mÃ¨o, khuÃ´n máº·t, miá»‡ng, máº·t mÃ¨o cÆ°á»i miá»‡ng hÃ¡, má»Ÿ ra, ná»¥ cÆ°á»i
ğŸ˜¸	cÆ°á»i, cÆ°á»i toÃ©t, mÃ¨o, máº¯t, máº·t, máº·t mÃ¨o cÆ°á»i toÃ©t máº¯t cÆ°á»i
ğŸ˜¹	mÃ¨o, máº·t, máº·t mÃ¨o cÃ³ nÆ°á»›c máº¯t vui sÆ°á»›ng, niá»m vui, nÆ°á»›c máº¯t
ğŸ˜»	con mÃ¨o, hÃ¬nh trÃ¡i tim, khuÃ´n máº·t, máº¯t, máº·t mÃ¨o cÆ°á»i máº¯t hÃ¬nh trÃ¡i tim, ná»¥ cÆ°á»i, thÃ¢n Ã¡i
ğŸ˜¼	chÃ¢m biáº¿m, con mÃ¨o, khuÃ´n máº·t, máº·t mÃ¨o cÆ°á»i gÆ°á»£ng, má»‰a mai, ná»¥ cÆ°á»i
ğŸ˜½	con mÃ¨o, hÃ´n, khuÃ´n máº·t, máº¯t, máº·t mÃ¨o hÃ´n máº¯t nháº¯m
ğŸ™€	mÃ¨o, máº·t, máº·t mÃ¨o má»‡t lá»­, má»‡t má»i, ngáº¡c nhiÃªn, Ã´i
ğŸ˜¿	buá»“n, khÃ³c, mÃ¨o, máº·t, máº·t mÃ¨o Ä‘ang khÃ³c, nÆ°á»›c máº¯t
ğŸ˜¾	há»n dá»—i, mÃ¨o, máº·t, máº·t mÃ¨o há»n dá»—i
ğŸ™ˆ	cáº¥m, khá»‰, khá»‰ khÃ´ng nhÃ¬n Ä‘iá»u xáº¥u, máº·t, nhÃ¬n, Ä‘iá»u xáº¥u
ğŸ™‰	cáº¥m, khá»‰, khá»‰ khÃ´ng nghe Ä‘iá»u xáº¥u, máº·t, nghe, Ä‘iá»u xáº¥u
ğŸ™Š	cáº¥m, khá»‰, khá»‰ khÃ´ng nÃ³i Ä‘iá»u xáº¥u, máº·t, nÃ³i, Ä‘iá»u xáº¥u
ğŸ‘¶	tráº» con, tráº» em
ğŸ§’	giá»›i tÃ­nh chung, giá»›i tÃ­nh khÃ´ng xÃ¡c Ä‘á»‹nh, tráº», tráº» em
ğŸ‘¦	con trai, cáº­u bÃ©
ğŸ‘§	Xá»­ Ná»¯, con gÃ¡i, cung hoÃ ng Ä‘áº¡o, cÃ´ gÃ¡i, tráº»
ğŸ§‘	giá»›i tÃ­nh chung, giá»›i tÃ­nh khÃ´ng xÃ¡c Ä‘á»‹nh, ngÆ°á»i, ngÆ°á»i lá»›n
ğŸ‘±	ngÆ°á»i tÃ³c vÃ ng hoe, ngÆ°á»i: tÃ³c vÃ ng hoe, tÃ³c vÃ ng hoe
ğŸ‘¨	ngÆ°á»i lá»›n, Ä‘Ã n Ã´ng
ğŸ‘±â€â™‚	ngÆ°á»i Ä‘Ã n Ã´ng tÃ³c vÃ ng hoe, tÃ³c vÃ ng hoe, Ä‘Ã n Ã´ng, Ä‘Ã n Ã´ng: tÃ³c vÃ ng hoe
ğŸ§”	ngÆ°á»i, ngÆ°á»i Ä‘Ã n Ã´ng cÃ³ rÃ¢u, rÃ¢u
ğŸ‘©	ngÆ°á»i lá»›n, phá»¥ ná»¯
ğŸ‘±â€â™€	ngÆ°á»i phá»¥ ná»¯ tÃ³c vÃ ng hoe, ná»¯, phá»¥ ná»¯, tÃ³c vÃ ng hoe
ğŸ§“	giÃ , giá»›i tÃ­nh khÃ´ng xÃ¡c Ä‘á»‹nh, giá»›i tÃ­nh trung láº­p, ngÆ°á»i lá»›n tuá»•i
ğŸ‘´	cá»¥ Ã´ng, giÃ , ngÆ°á»i lá»›n, Ä‘Ã n Ã´ng
ğŸ‘µ	cá»¥ bÃ , giÃ , ngÆ°á»i lá»›n, phá»¥ ná»¯
ğŸ‘¨â€âš•	bÃ¡c sÄ©, chÄƒm sÃ³c sá»©c khá»e, nam, nhÃ¢n viÃªn y táº¿ nam, trá»‹ liá»‡u, y tÃ¡
ğŸ‘©â€âš•	bÃ¡c sÄ©, chÄƒm sÃ³c sá»©c khá»e, nhÃ¢n viÃªn y táº¿ ná»¯, ná»¯, trá»‹ liá»‡u, y tÃ¡
ğŸ‘¨â€ğŸ“	nam, sinh viÃªn, sinh viÃªn nam, tá»‘t nghiá»‡p
ğŸ‘©â€ğŸ“	ná»¯, sinh viÃªn, sinh viÃªn ná»¯, tá»‘t nghiá»‡p
ğŸ‘¨â€ğŸ«	giÃ¡o sÆ°, giÃ¡o viÃªn, giÃ¡o viÃªn nam, nam, ngÆ°á»i hÆ°á»›ng dáº«n
ğŸ‘©â€ğŸ«	giÃ¡o sÆ°, giÃ¡o viÃªn, giÃ¡o viÃªn ná»¯, ngÆ°á»i hÆ°á»›ng dáº«n, phá»¥ ná»¯
ğŸ‘¨â€âš–	cÃ´ng lÃ½, cáº§m cÃ¢n náº£y má»±c, nam, tháº©m phÃ¡n nam
ğŸ‘©â€âš–	cáº§m cÃ¢n náº£y má»±c, ná»¯, tháº©m phÃ¡n, tháº©m phÃ¡n ná»¯
ğŸ‘¨â€ğŸŒ¾	nam, ngÆ°á»i lÃ m vÆ°á»n, ngÆ°á»i nuÃ´i sÃºc váº­t, nÃ´ng dÃ¢n, nÃ´ng dÃ¢n nam
ğŸ‘©â€ğŸŒ¾	ngÆ°á»i lÃ m vÆ°á»n, ngÆ°á»i nuÃ´i sÃºc váº­t, nÃ´ng dÃ¢n, nÃ´ng dÃ¢n ná»¯, ná»¯
ğŸ‘¨â€ğŸ³	nam, náº¥u Äƒn, Ä‘áº§u báº¿p, Ä‘áº§u báº¿p nam
ğŸ‘©â€ğŸ³	náº¥u Äƒn, ná»¯, Ä‘áº§u báº¿p, Ä‘áº§u báº¿p ná»¯
ğŸ‘¨â€ğŸ”§	cÆ¡ khÃ­, nam, ngÆ°á»i Ä‘Ã n Ã´ng, thá»£, thá»£ mÃ¡y nam, thá»£ sá»­a á»‘ng nÆ°á»›c, thá»£ Ä‘iá»‡n
ğŸ‘©â€ğŸ”§	cÆ¡ khÃ­, ná»¯, phá»¥ ná»¯, thá»£, thá»£ mÃ¡y ná»¯, thá»£ sá»­a á»‘ng nÆ°á»›c, thá»£ Ä‘iá»‡n
ğŸ‘¨â€ğŸ­	cÃ´ng nghiá»‡p, cÃ´ng nhÃ¢n, cÃ´ng nhÃ¢n nhÃ  mÃ¡y nam, láº¯p rÃ¡p, nam, nhÃ  mÃ¡y
ğŸ‘©â€ğŸ­	cÃ´ng nghiá»‡p, cÃ´ng nhÃ¢n, cÃ´ng nhÃ¢n nhÃ  mÃ¡y ná»¯, láº¯p rÃ¡p, nhÃ  mÃ¡y, ná»¯
ğŸ‘¨â€ğŸ’¼	cÃ´ng viá»‡c vÄƒn phÃ²ng, kinh doanh, kiáº¿n trÃºc sÆ°, ngÆ°á»i quáº£n lÃ½, ngÆ°á»i Ä‘Ã n Ã´ng, nhÃ¢n viÃªn vÄƒn phÃ²ng nam
ğŸ‘©â€ğŸ’¼	cÃ´ng viá»‡c vÄƒn phÃ²ng, kinh doanh, kiáº¿n trÃºc sÆ°, ngÆ°á»i phá»¥ ná»¯, ngÆ°á»i quáº£n lÃ½, nhÃ¢n viÃªn vÄƒn phÃ²ng ná»¯
ğŸ‘¨â€ğŸ”¬	ká»¹ sÆ°, ngÆ°á»i Ä‘Ã n Ã´ng, nhÃ  hÃ³a há»c, nhÃ  khoa há»c, nhÃ  khoa há»c nam, nhÃ  sinh váº­t há»c, nhÃ  váº­t lÃ½
ğŸ‘©â€ğŸ”¬	ká»¹ sÆ°, ngÆ°á»i phá»¥ ná»¯, nhÃ  hÃ³a há»c, nhÃ  khoa há»c, nhÃ  khoa há»c ná»¯, nhÃ  sinh váº­t há»c, nhÃ  váº­t lÃ½
ğŸ‘¨â€ğŸ’»	ká»¹ sÆ° cÃ´ng nghá»‡, ká»¹ sÆ° cÃ´ng nghá»‡ nam, láº­p trÃ¬nh viÃªn, ngÆ°á»i phÃ¡t minh, ngÆ°á»i Ä‘Ã n Ã´ng, nhÃ  phÃ¡t triá»ƒn, pháº§n má»m
ğŸ‘©â€ğŸ’»	ká»¹ sÆ° cÃ´ng nghá»‡, ká»¹ sÆ° cÃ´ng nghá»‡ ná»¯, láº­p trÃ¬nh viÃªn, ngÆ°á»i phÃ¡t minh, ngÆ°á»i phá»¥ ná»¯, nhÃ  phÃ¡t triá»ƒn, pháº§n má»m
ğŸ‘¨â€ğŸ¤	ca sÄ©, nam ca sÄ©, nam diá»…n viÃªn, nghá»‡ sÄ©, ngÃ´i sao, ngÆ°á»i Ä‘Ã n Ã´ng, nháº¡c rock
ğŸ‘©â€ğŸ¤	ca sÄ©, diá»…n viÃªn, nghá»‡ sÄ©, ngÃ´i sao, ngÆ°á»i phá»¥ ná»¯, nháº¡c rock, ná»¯ ca sÄ©
ğŸ‘¨â€ğŸ¨	báº£ng mÃ u, há»a sÄ© nam, nam, nghá»‡ sÄ©
ğŸ‘©â€ğŸ¨	báº£ng mÃ u, há»a sÄ© ná»¯, nghá»‡ sÄ©, ná»¯
ğŸ‘¨â€âœˆ	mÃ¡y bay, nam, phi cÃ´ng, phi cÃ´ng nam
ğŸ‘©â€âœˆ	mÃ¡y bay, ná»¯, phi cÃ´ng, phi cÃ´ng ná»¯
ğŸ‘¨â€ğŸš€	nam, phi hÃ nh gia, phi hÃ nh gia nam, tÃªn lá»­a
ğŸ‘©â€ğŸš€	ná»¯, phi hÃ nh gia, phi hÃ nh gia ná»¯, tÃªn lá»­a
ğŸ‘¨â€ğŸš’	lÃ­nh cá»©u há»a, lÃ­nh cá»©u há»a nam, nam, xe cá»©u há»a
ğŸ‘©â€ğŸš’	lÃ­nh cá»©u há»a, lÃ­nh cá»©u há»a ná»¯, ná»¯, xe cá»©u há»a
ğŸ‘®	cÃ´ng an, cáº£nh sÃ¡t, sÄ© quan
ğŸ‘®â€â™‚	cáº£nh sÃ¡t, cáº£nh sÃ¡t nam, nam, ngÆ°á»i Ä‘Ã n Ã´ng, sÄ© quan
ğŸ‘®â€â™€	cÃ´ng an, cáº£nh sÃ¡t, cáº£nh sÃ¡t ná»¯, ná»¯, sÄ© quan
ğŸ•µâ€â™‚	giÃ¡n Ä‘iá»‡p, nam, thÃ¡m tá»­, thÃ¡m tá»­ nam, trinh thÃ¡m
ğŸ•µâ€â™€	giÃ¡n Ä‘iá»‡p, ná»¯, thÃ¡m tá»­, thÃ¡m tá»­ ná»¯, trinh thÃ¡m
ğŸ’‚	báº£o vá»‡
ğŸ’‚â€â™‚	báº£o vá»‡, báº£o vá»‡ nam, nam
ğŸ’‚â€â™€	báº£o vá»‡, báº£o vá»‡ ná»¯, ná»¯
ğŸ‘·	cÃ´ng nhÃ¢n, cÃ´ng nhÃ¢n xÃ¢y dá»±ng, mÅ©, xÃ¢y dá»±ng
ğŸ‘·â€â™‚	cÃ´ng nhÃ¢n, cÃ´ng nhÃ¢n xÃ¢y dá»±ng nam, nam, xÃ¢y dá»±ng
ğŸ‘·â€â™€	cÃ´ng nhÃ¢n, cÃ´ng nhÃ¢n xÃ¢y dá»±ng ná»¯, ná»¯, xÃ¢y dá»±ng
ğŸ¤´	hoÃ ng tá»­
ğŸ‘¸	cÃ´ng chÃºa, truyá»‡n cá»• tÃ­ch, tÆ°á»Ÿng tÆ°á»£ng
ğŸ‘³	khÄƒn xáº¿p, ngÆ°á»i Ä‘á»™i khÄƒn xáº¿p
ğŸ‘³â€â™‚	khÄƒn xáº¿p, nam, ngÆ°á»i Ä‘Ã n Ã´ng Ä‘á»™i khÄƒn xáº¿p
ğŸ‘³â€â™€	khÄƒn xáº¿p, ngÆ°á»i phá»¥ ná»¯ Ä‘á»™i khÄƒn xáº¿p, ná»¯, phá»¥ ná»¯
ğŸ‘²	mÅ©, mÅ© Khang Hy, ngÆ°á»i Ä‘Ã n Ã´ng Ä‘á»™i mÅ© Trung Quá»‘c, Ä‘Ã n Ã´ng
ğŸ§•	hijab, khÄƒn trÃ¹m Ä‘áº§u, khÄƒn vuÃ´ng, ngÆ°á»i phá»¥ ná»¯ quÃ ng khÄƒn trÃ¹m Ä‘áº§u, tichel
ğŸ¤µ	bá»™ vest, chÃº rá»ƒ, ngÆ°á»i Ä‘Ã n Ã´ng, ngÆ°á»i Ä‘Ã n Ã´ng máº·c bá»™ vest
ğŸ‘°	cÃ´ dÃ¢u, cÃ´ dÃ¢u vá»›i khÄƒn voan, cÆ°á»›i, máº¡ng che máº·t
ğŸ¤°	mang thai, ngÆ°á»i phá»¥ ná»¯ cÃ³ thai, phá»¥ ná»¯
ğŸ¤±	cho bÃº, cho con bÃº, em bÃ©, vÃº
ğŸ‘¼	bÃ© con, máº·t, thiÃªn tháº§n, thiÃªn tháº§n nhá», truyá»‡n cá»• tÃ­ch, tÆ°á»Ÿng tÆ°á»£ng
ğŸ…	GiÃ¡ng sinh, cha, claus, lá»… ká»· niá»‡m, santa, Ã”ng giÃ  Noel, Ã”ng giÃ  Noen
ğŸ¤¶	bÃ  giÃ  Noel, giÃ¡ng sinh, máº¹, máº¹ giÃ¡ng sinh
ğŸ¦¸	anh hÃ¹ng, ná»¯ anh hÃ¹ng, siÃªu anh hÃ¹ng, siÃªu nÄƒng lá»±c, tá»‘t
ğŸ¦¸â€â™€	anh hÃ¹ng, ná»¯ anh hÃ¹ng, ná»¯ siÃªu anh hÃ¹ng, phá»¥ ná»¯, siÃªu nÄƒng lá»±c, tá»‘t
ğŸ¦¸â€â™‚	anh hÃ¹ng, nam giá»›i, nam siÃªu anh hÃ¹ng, siÃªu nÄƒng lá»±c, tá»‘t
ğŸ¦¹	nhÃ¢n váº­t pháº£n diá»‡n, nhÃ¢n váº­t siÃªu pháº£n diá»‡n, siÃªu nÄƒng lá»±c, tá»™i pháº¡m, Ã¡c
ğŸ¦¹â€â™€	nhÃ¢n váº­t pháº£n diá»‡n, ná»¯ siÃªu pháº£n diá»‡n, phá»¥ ná»¯, siÃªu nÄƒng lá»±c, tá»™i pháº¡m, Ã¡c
ğŸ¦¹â€â™‚	nam giá»›i, nam siÃªu pháº£n diá»‡n, nhÃ¢n váº­t pháº£n diá»‡n, siÃªu nÄƒng lá»±c, tá»™i pháº¡m, Ã¡c
ğŸ§™	bÃ  cá»‘t, phÃ¡p sÆ°, phÃ¹ thá»§y, tháº§y phÃ¹ thuá»·, Ä‘áº¡o sÄ©
ğŸ§™â€â™€	bÃ  cá»‘t, phÃ¡p sÆ° ná»¯, phÃ¹ thá»§y
ğŸ§™â€â™‚	phÃ¡p sÆ°, phÃ¡p sÆ° nam, phÃ¹ thá»§y
ğŸ§š	Oberon, Puck, Titania, tiÃªn
ğŸ§šâ€â™€	Titania, bÃ  tiÃªn
ğŸ§šâ€â™‚	Oberon, Puck, Ã´ng tiÃªn
ğŸ§›	Dracula, ma cÃ  rá»“ng, xÃ¡c sá»‘ng
ğŸ§›â€â™€	ma cÃ  rá»“ng ná»¯, xÃ¡c sá»‘ng
ğŸ§›â€â™‚	Dracula, ma cÃ  rá»“ng nam, xÃ¡c sá»‘ng
ğŸ§œ	chÃ ng tiÃªn cÃ¡, cÃ´ng chÃºa cÃ¡, ngÆ°á»i cÃ¡, nÃ ng tiÃªn cÃ¡
ğŸ§œâ€â™€	cÃ´ng chÃºa cÃ¡, nÃ ng tiÃªn cÃ¡
ğŸ§œâ€â™‚	chÃ ng tiÃªn cÃ¡, tháº§n ná»­a ngÆ°á»i ná»­a cÃ¡
ğŸ§	phÃ©p thuáº­t, yÃªu ma
ğŸ§â€â™€	ná»¯ quá»·, phÃ©p thuáº­t
ğŸ§â€â™‚	nam quá»·, phÃ©p thuáº­t
ğŸ§	ma tháº§n, tháº§n
ğŸ§â€â™€	ma tháº§n, ná»¯ tháº§n
ğŸ§â€â™‚	ma tháº§n, nam tháº§n
ğŸ§Ÿ	xÃ¡c cháº¿t sá»‘ng láº¡i, xÃ¡c sá»‘ng
ğŸ§Ÿâ€â™€	xÃ¡c cháº¿t ná»¯ sá»‘ng láº¡i, xÃ¡c cháº¿t sá»‘ng láº¡i, xÃ¡c sá»‘ng
ğŸ§Ÿâ€â™‚	xÃ¡c cháº¿t nam sá»‘ng láº¡i, xÃ¡c cháº¿t sá»‘ng láº¡i, xÃ¡c sá»‘ng
ğŸ™	cau mÃ y, cá»­ chá»‰, ngÆ°á»i Ä‘ang cau mÃ y
ğŸ™â€â™‚	cau mÃ y, cá»­ chá»‰, nam, ngÆ°á»i Ä‘Ã n Ã´ng cau mÃ y
ğŸ™â€â™€	cau mÃ y, cá»­ chá»‰, ngÆ°á»i phá»¥ ná»¯ cau mÃ y, phá»¥ ná»¯
ğŸ™	bÄ©u mÃ´i, cá»­ chá»‰, ngÆ°á»i Ä‘ang bÄ©u mÃ´i
ğŸ™â€â™‚	bÄ©u mÃ´i, cá»­ chá»‰, nam, ngÆ°á»i Ä‘Ã n Ã´ng bÄ©u mÃ´i
ğŸ™â€â™€	bÄ©u mÃ´i, cá»­ chá»‰, ngÆ°á»i phá»¥ ná»¯ bÄ©u mÃ´i, ná»¯
ğŸ™…	cáº¥m, cá»­ chá»‰, khÃ´ng cho phÃ©p, ngÆ°á»i ra hiá»‡u pháº£n Ä‘á»‘i, tay
ğŸ™…â€â™‚	bá»‹ cáº¥m, cáº¥m, cá»­ chá»‰, ngÆ°á»i Ä‘Ã n Ã´ng, ngÆ°á»i Ä‘Ã n Ã´ng ra hiá»‡u pháº£n Ä‘á»‘i, tay
ğŸ™…â€â™€	bá»‹ cáº¥m, cáº¥m, cá»­ chá»‰, ngÆ°á»i phá»¥ ná»¯, ngÆ°á»i phá»¥ ná»¯ ra hiá»‡u pháº£n Ä‘á»‘i, tay
ğŸ™†	cá»­ chá»‰, ngÆ°á»i ra hiá»‡u Ä‘á»“ng Ã½, ok, tay
ğŸ™†â€â™‚	cá»­ chá»‰, nam, ngÆ°á»i Ä‘Ã n Ã´ng ra hiá»‡u Ä‘á»“ng Ã½, ok, tay
ğŸ™†â€â™€	cá»­ chá»‰, ngÆ°á»i phá»¥ ná»¯ ra hiá»‡u Ä‘á»“ng Ã½, ngÆ°á»i Ä‘Ã n Ã´ng ra hiá»‡u Ä‘á»“ng Ã½, ná»¯, ok, tay
ğŸ’	giÃºp, mÃ¡ch nÆ°á»›c, ngÆ°á»i ra hiá»‡u trá»£ giÃºp, tay, thÃ´ng tin, tÆ°Æ¡i táº¯n
ğŸ’â€â™‚	nam, ngÆ°á»i Ä‘Ã n Ã´ng ra hiá»‡u trá»£ giÃºp, tay ra hiá»‡u, tÆ°Æ¡i táº¯n
ğŸ’â€â™€	ngÆ°á»i phá»¥ ná»¯ ra hiá»‡u trá»£ giÃºp, ná»¯, tay ra hiá»‡u, tÆ°Æ¡i táº¯n
ğŸ™‹	cá»­ chá»‰, ngÆ°á»i giÆ¡ cao tay, ngÆ°á»i vui váº» giÆ¡ cao tay, nÃ¢ng lÃªn, tay, vui váº»
ğŸ™‹â€â™‚	cá»­ chá»‰, giÆ¡ tay, nam, ngÆ°á»i Ä‘Ã n Ã´ng, ngÆ°á»i Ä‘Ã n Ã´ng giÆ¡ cao tay
ğŸ™‹â€â™€	cá»­ chá»‰, giÆ¡ tay, ngÆ°á»i phá»¥ ná»¯ giÆ¡ cao tay, ná»¯
ğŸ™‡	cÃºi ngÆ°á»i, cá»­ chá»‰, láº¥y lÃ m tiáº¿c, lá»i xin lá»—i, ngÆ°á»i Ä‘ang cÃºi Ä‘áº§u
ğŸ™‡â€â™‚	cÃºi Ä‘áº§u, cá»­ chá»‰, ngÆ°á»i Ä‘Ã n Ã´ng, ngÆ°á»i Ä‘Ã n Ã´ng cÃºi Ä‘áº§u, xin lá»—i, á»§ng há»™
ğŸ™‡â€â™€	cÃºi Ä‘áº§u, cá»­ chá»‰, ngÆ°á»i phá»¥ ná»¯, ngÆ°á»i phá»¥ ná»¯ cÃºi Ä‘áº§u, xin lá»—i, á»§ng há»™
ğŸ¤¦	hoÃ i nghi, lÃ²ng bÃ n tay, máº·t, ngÆ°á»i láº¥y tay che máº·t, tá»©c giáº­n
ğŸ¤¦â€â™‚	hoÃ i nghi, nam, ngÆ°á»i láº¥y tay che máº·t, ngÆ°á»i Ä‘Ã n Ã´ng láº¥y tay che máº·t, tay che máº·t, tá»©c giáº­n
ğŸ¤¦â€â™€	hoÃ i nghi, ngÆ°á»i láº¥y tay che máº·t, ngÆ°á»i phá»¥ ná»¯ láº¥y tay che máº·t, ná»¯, tay che máº·t, tá»©c giáº­n
ğŸ¤·	há»¯ng há», nghi ngá», ngÆ°á»i nhÃºn vai, nhÃºn vai, thá» Æ¡
ğŸ¤·â€â™‚	nam, nghi ngá», ngÆ°á»i Ä‘Ã n Ã´ng, ngÆ°á»i Ä‘Ã n Ã´ng nhÃºn vai, nhÃºn vai, sá»± thá» Æ¡, vÃ´ minh
ğŸ¤·â€â™€	nghi ngá», ngÆ°á»i phá»¥ ná»¯ nhÃºn vai, nhÃºn vai, ná»¯, phá»¥ ná»¯, sá»± thá» Æ¡, vÃ´ minh
ğŸ’†	máº·t, ngÆ°á»i Ä‘Æ°á»£c xoa bÃ³p máº·t, tháº©m mÄ© viá»‡n, xoa bÃ³p
ğŸ’†â€â™‚	máº·t, nam, ngÆ°á»i Ä‘Ã n Ã´ng, ngÆ°á»i Ä‘Ã n Ã´ng Ä‘Æ°á»£c xoa bÃ³p máº·t, xoa bÃ³p
ğŸ’†â€â™€	máº·t, ngÆ°á»i phá»¥ ná»¯ Ä‘Æ°á»£c xoa bÃ³p máº·t, ná»¯, phá»¥ ná»¯, xoa bÃ³p
ğŸ’‡	cáº¯t tÃ³c, ngÆ°á»i Ä‘Æ°á»£c cáº¯t tÃ³c, thá»£ cáº¯t tÃ³c, tiá»‡m, váº» Ä‘áº¹p
ğŸ’‡â€â™‚	cáº¯t tÃ³c, nam, ngÆ°á»i Ä‘Ã n Ã´ng Ä‘Æ°á»£c cáº¯t tÃ³c
ğŸ’‡â€â™€	cáº¯t tÃ³c, ngÆ°á»i phá»¥ ná»¯ Ä‘Æ°á»£c cáº¯t tÃ³c, ná»¯
ğŸš¶	ngÆ°á»i Ä‘i bá»™, Ä‘ang Ä‘i bá»™, Ä‘i bá»™, Ä‘i lang thang
ğŸš¶â€â™‚	ngÆ°á»i Ä‘Ã n Ã´ng, ngÆ°á»i Ä‘Ã n Ã´ng Ä‘i bá»™, Ä‘i bá»™, Ä‘i bá»™ Ä‘Æ°á»ng dÃ i
ğŸš¶â€â™€	ngÆ°á»i phá»¥ ná»¯ Ä‘i bá»™, ná»¯, Ä‘i bá»™, Ä‘i bá»™ Ä‘Æ°á»ng dÃ i
ğŸƒ	cháº¡y bá»™, cháº¡y Ä‘ua maratÃ´ng, ngÆ°á»i cháº¡y
ğŸƒâ€â™‚	cháº¡y, cháº¡y Ä‘ua, cháº¡y Ä‘ua maratÃ´ng, nam, ngÆ°á»i Ä‘Ã n Ã´ng Ä‘ang cháº¡y
ğŸƒâ€â™€	cháº¡y, cháº¡y Ä‘ua, cháº¡y Ä‘ua maratÃ´ng, ngÆ°á»i phá»¥ ná»¯ Ä‘ang cháº¡y, ná»¯
ğŸ’ƒ	khiÃªu vÅ©, ngÆ°á»i phá»¥ ná»¯ Ä‘ang khiÃªu vÅ©, phá»¥ ná»¯
ğŸ•º	khiÃªu vÅ©, ngÆ°á»i Ä‘Ã n Ã´ng, ngÆ°á»i Ä‘Ã n Ã´ng Ä‘ang khiÃªu vÅ©
ğŸ‘¯	nhá»¯ng ngÆ°á»i Ä‘eo tai thá», tai thá», tiá»‡c tÃ¹ng, vÅ© cÃ´ng
ğŸ‘¯â€â™‚	nhá»¯ng ngÆ°á»i Ä‘Ã n Ã´ng Ä‘eo tai thá», tai thá», tiá»‡c tÃ¹ng, vÅ© cÃ´ng, Ä‘Ã n Ã´ng
ğŸ‘¯â€â™€	nhá»¯ng ngÆ°á»i phá»¥ ná»¯ Ä‘eo tai thá», phá»¥ ná»¯, tai thá», tiá»‡c tÃ¹ng, vÅ© cÃ´ng
ğŸ§–	ngÆ°á»i á»Ÿ trong phÃ²ng xÃ´ng hÆ¡i, nhÃ  táº¯m hÆ¡i, phÃ²ng xÃ´ng hÆ¡i
ğŸ§–â€â™€	ngÆ°á»i phá»¥ ná»¯ á»Ÿ trong phÃ²ng xÃ´ng hÆ¡i, nhÃ  táº¯m hÆ¡i, phÃ²ng xÃ´ng hÆ¡i
ğŸ§–â€â™‚	ngÆ°á»i Ä‘Ã n Ã´ng á»Ÿ trong phÃ²ng xÃ´ng hÆ¡i, nhÃ  táº¯m hÆ¡i, phÃ²ng xÃ´ng hÆ¡i
ğŸ§—	ngÆ°á»i leo trÃ¨o, ngÆ°á»i Ä‘ang leo nÃºi
ğŸ§—â€â™€	ngÆ°á»i leo trÃ¨o, ngÆ°á»i phá»¥ ná»¯ Ä‘ang leo nÃºi
ğŸ§—â€â™‚	ngÆ°á»i leo trÃ¨o, ngÆ°á»i Ä‘Ã n Ã´ng Ä‘ang leo nÃºi
ğŸ§˜	ngÆ°á»i ngá»“i kiáº¿t giÃ , thiá»n, yoga
ğŸ§˜â€â™€	ngÆ°á»i phá»¥ ná»¯ ngá»“i kiáº¿t giÃ , thiá»n, yoga
ğŸ§˜â€â™‚	ngÆ°á»i Ä‘Ã n Ã´ng ngá»“i kiáº¿t giÃ , thiá»n, yoga
ğŸ›€	bá»“n táº¯m, ngÆ°á»i Ä‘ang táº¯m bá»“n, táº¯m
ğŸ›Œ	khÃ¡ch sáº¡n, ngÆ°á»i trÃªn giÆ°á»ng, ngá»§
ğŸ‘¤	bÃ³ng, bÃ³ng tÆ°á»£ng bÃ¡n thÃ¢n, tÆ°á»£ng bÃ¡n thÃ¢n
ğŸ‘¥	bÃ³ng, cÃ¡c bÃ³ng tÆ°á»£ng bÃ¡n thÃ¢n, tÆ°á»£ng bÃ¡n thÃ¢n
ğŸ¤º	kiáº¿m, ngÆ°á»i Ä‘Ã¡nh kiáº¿m, ngÆ°á»i Ä‘áº¥u kiáº¿m, Ä‘áº¥u kiáº¿m
ğŸ‡	cuá»™c Ä‘ua, ngÆ°á»i cÆ°á»¡i ngá»±a Ä‘ua, ngá»±a, ngá»±a Ä‘ua, Ä‘ua ngá»±a
ğŸŒâ€â™‚	gÃ´n, ngÆ°á»i Ä‘Ã n Ã´ng chÆ¡i gÃ´n, Ä‘Ã n Ã´ng
ğŸŒâ€â™€	gÃ´n, ngÆ°á»i phá»¥ ná»¯ chÆ¡i gÃ´n, phá»¥ ná»¯
ğŸ„â€â™‚	lÆ°á»›t sÃ³ng, ngÆ°á»i Ä‘Ã n Ã´ng, ngÆ°á»i Ä‘Ã n Ã´ng lÆ°á»›t sÃ³ng
ğŸ„â€â™€	lÆ°á»›t sÃ³ng, ngÆ°á»i phá»¥ ná»¯ lÆ°á»›t sÃ³ng, phá»¥ ná»¯
ğŸš£	ngÆ°á»i chÃ¨o thuyá»n, thuyá»n, thuyá»n cÃ³ mÃ¡i chÃ¨o
ğŸš£â€â™‚	ngÆ°á»i Ä‘Ã n Ã´ng, ngÆ°á»i Ä‘Ã n Ã´ng chÃ¨o thuyá»n, thuyá»n, thuyá»n cÃ³ mÃ¡i chÃ¨o
ğŸš£â€â™€	ngÆ°á»i phá»¥ ná»¯ chÃ¨o thuyá»n, phá»¥ ná»¯, thuyá»n, thuyá»n cÃ³ mÃ¡i chÃ¨o
ğŸŠâ€â™‚	bÆ¡i, ngÆ°á»i Ä‘Ã n Ã´ng, ngÆ°á»i Ä‘Ã n Ã´ng Ä‘ang bÆ¡i
ğŸŠâ€â™€	bÆ¡i, ngÆ°á»i phá»¥ ná»¯ Ä‘ang bÆ¡i, phá»¥ ná»¯
â›¹â€â™‚	bÃ³ng, ngÆ°á»i Ä‘Ã n Ã´ng chÆ¡i bÃ³ng, Ä‘Ã n Ã´ng
â›¹â€â™€	bÃ³ng, ngÆ°á»i phá»¥ ná»¯ chÆ¡i bÃ³ng, phá»¥ ná»¯
ğŸ‹â€â™‚	ngÆ°á»i cá»­ táº¡, ngÆ°á»i Ä‘Ã n Ã´ng, ngÆ°á»i Ä‘Ã n Ã´ng cá»­ táº¡
ğŸ‹â€â™€	ngÆ°á»i cá»­ táº¡, ngÆ°á»i phá»¥ ná»¯ cá»­ táº¡, phá»¥ ná»¯
ğŸš´	ngÆ°á»i Ä‘i xe Ä‘áº¡p, ngÆ°á»i Ä‘áº¡p xe, xe Ä‘áº¡p, Ä‘áº¡p xe
ğŸš´â€â™‚	ngÆ°á»i Ä‘Ã n Ã´ng, ngÆ°á»i Ä‘Ã n Ã´ng Ä‘i xe Ä‘áº¡p, ngÆ°á»i Ä‘áº¡p xe, xe Ä‘áº¡p, Ä‘áº¡p xe
ğŸš´â€â™€	ngÆ°á»i phá»¥ ná»¯ Ä‘i xe Ä‘áº¡p, ngÆ°á»i Ä‘áº¡p xe, phá»¥ ná»¯, xe Ä‘áº¡p, Ä‘áº¡p xe
ğŸšµ	ngÆ°á»i Ä‘i xe Ä‘áº¡p, ngÆ°á»i Ä‘i xe Ä‘áº¡p leo nÃºi, ngÆ°á»i Ä‘áº¡p xe, nÃºi, xe Ä‘áº¡p
ğŸšµâ€â™‚	ngÆ°á»i Ä‘i xe Ä‘áº¡p, ngÆ°á»i Ä‘i xe Ä‘áº¡p leo nÃºi, ngÆ°á»i Ä‘Ã n Ã´ng Ä‘i xe Ä‘áº¡p leo nÃºi, nÃºi, xe Ä‘áº¡p, Ä‘Ã n Ã´ng
ğŸšµâ€â™€	ngÆ°á»i phá»¥ ná»¯ Ä‘i xe Ä‘áº¡p leo nÃºi, ngÆ°á»i Ä‘i xe Ä‘áº¡p, nÃºi, phá»¥ ná»¯, xe Ä‘áº¡p, Ä‘áº¡p xe
ğŸ¤¸	ngÆ°á»i nhÃ o lá»™n, nhÃ o lá»™n, thá»ƒ dá»¥c
ğŸ¤¸â€â™‚	ngÆ°á»i Ä‘Ã n Ã´ng, ngÆ°á»i Ä‘Ã n Ã´ng nhÃ o lá»™n, nhÃ o lá»™n, thá»ƒ dá»¥c
ğŸ¤¸â€â™€	ngÆ°á»i phá»¥ ná»¯ nhÃ o lá»™n, nhÃ o lá»™n, phá»¥ ná»¯, thá»ƒ dá»¥c
ğŸ¤¼	ngÆ°á»i chÆ¡i váº­t, váº­t, Ä‘Ã´ váº­t
ğŸ¤¼â€â™‚	nhá»¯ng ngÆ°á»i Ä‘Ã n Ã´ng chÆ¡i váº­t, váº­t, Ä‘Ã n Ã´ng
ğŸ¤¼â€â™€	nhá»¯ng ngÆ°á»i phá»¥ ná»¯ chÆ¡i váº­t, phá»¥ ná»¯, váº­t
ğŸ¤½	bÃ³ng, ngÆ°á»i chÆ¡i bÃ³ng nÆ°á»›c, nÆ°á»›c
ğŸ¤½â€â™‚	ngÆ°á»i Ä‘Ã n Ã´ng chÆ¡i bÃ³ng nÆ°á»›c, thá»§y cáº§u, Ä‘Ã n Ã´ng
ğŸ¤½â€â™€	ngÆ°á»i phá»¥ ná»¯ chÆ¡i bÃ³ng nÆ°á»›c, phá»¥ ná»¯, thá»§y cáº§u
ğŸ¤¾	bÃ³ng, bÃ³ng nÃ©m, ngÆ°á»i chÆ¡i bÃ³ng nÃ©m
ğŸ¤¾â€â™‚	bÃ³ng nÃ©m, ngÆ°á»i Ä‘Ã n Ã´ng chÆ¡i bÃ³ng nÃ©m, Ä‘Ã n Ã´ng
ğŸ¤¾â€â™€	bÃ³ng nÃ©m, ngÆ°á»i phá»¥ ná»¯ chÆ¡i bÃ³ng nÃ©m, phá»¥ ná»¯
ğŸ¤¹	cÃ¢n báº±ng, ká»¹ nÄƒng, ngÆ°á»i tung há»©ng, tung há»©ng, Ä‘a nhiá»‡m
ğŸ¤¹â€â™‚	ngÆ°á»i Ä‘Ã n Ã´ng tung há»©ng, tung há»©ng, Ä‘a nhiá»‡m, Ä‘Ã n Ã´ng
ğŸ¤¹â€â™€	ngÆ°á»i phá»¥ ná»¯ tung há»©ng, phá»¥ ná»¯, tung há»©ng, Ä‘a nhiá»‡m
ğŸ‘«	cáº§m, cáº·p Ä‘Ã´i, ngÆ°á»i Ä‘Ã n Ã´ng vÃ  phá»¥ ná»¯ náº¯m tay, phá»¥ ná»¯, tay, Ä‘Ã n Ã´ng
ğŸ‘¬	cáº·p song sinh, cáº·p Ä‘Ã´i, hai ngÆ°á»i Ä‘Ã n Ã´ng náº¯m tay, hai ngÆ°á»i Ä‘Ã n Ã´ng náº¯m tay nhau, hoÃ ng Ä‘áº¡o, ngÆ°á»i Ä‘Ã n Ã´ng, song tá»­
ğŸ‘­	cáº·p Ä‘Ã´i, hai ngÆ°á»i phá»¥ ná»¯ náº¯m tay, phá»¥ ná»¯, tay
ğŸ’	cáº·p Ä‘Ã´i, ná»¥ hÃ´n
ğŸ’‘	cáº·p Ä‘Ã´i, cáº·p Ä‘Ã´i vá»›i trÃ¡i tim, yÃªu
ğŸ¤³	mÃ¡y áº£nh, tá»± sÆ°á»›ng, Ä‘iá»‡n thoáº¡i
ğŸ’ª	báº¯p tay, báº¯p tay gáº­p láº¡i, cÆ¡ báº¯p, gáº­p láº¡i, hÃ i hÆ°á»›c
ğŸ¦µ	ChÃ¢n, chÃ¢n, chÃ¢n tay, Ä‘Ã¡
ğŸ¦¶	bÃ n chÃ¢n, dáº­m máº¡nh, Ä‘Ã¡
ğŸ–•	ngÃ³n giá»¯a, ngÃ³n tay, tay
ğŸ¤	bÃ n tay, chÃ©o, hai ngÃ³n tay báº¯t chÃ©o, may máº¯n, ngÃ³n tay
ğŸ––	ngÃ³n tay, spock, tay, tay tháº§n lá»­a, tháº§n lá»­a
ğŸ¤˜	kÃ½ hiá»‡u cáº·p sá»«ng, ngÃ³n tay, sá»«ng, tay, tuyá»‡t vá»i
ğŸ¤™	bÃ n tay, bÃ n tay gá»i cho tÃ´i, gá»i Ä‘iá»‡n
âœ‹	bÃ n tay giÆ¡ lÃªn, tay
ğŸ‘Œ	bÃ n tay lÃ m dáº¥u OK, ok, tay
âœŠ	cÃº Ä‘áº¥m, náº¯m tay, náº¯m Ä‘áº¥m giÆ¡ lÃªn, siáº¿t cháº·t, tay
ğŸ‘Š	cÃº Ä‘áº¥m, náº¯m tay, náº¯m Ä‘áº¥m, siáº¿t cháº·t, tay
ğŸ¤›	hÆ°á»›ng trÃ¡i, náº¯m Ä‘áº¥m, náº¯m Ä‘áº¥m hÆ°á»›ng phÃ­a trÃ¡i
ğŸ¤œ	hÆ°á»›ng pháº£i, náº¯m Ä‘áº¥m, náº¯m Ä‘áº¥m hÆ°á»›ng sang pháº£i
ğŸ¤š	giÆ¡ lÃªn, mu bÃ n tay, mu bÃ n tay giÆ¡ lÃªn
ğŸ‘‹	tay, váº«y, váº«y tay, Ä‘ang váº«y
ğŸ¤Ÿ	anh yÃªu em, cá»­ chá»‰ yÃªu nhau, tay
ğŸ‘	hai bÃ n tay Ä‘ang vá»—, tay, vá»— tay
ğŸ‘	hai bÃ n tay Ä‘ang xÃ²e, má»Ÿ ra, tay
ğŸ™Œ	cá»­ chá»‰, hai bÃ n tay giÆ¡ lÃªn, hoan hÃ´, lá»… ká»· niá»‡m, nÃ¢ng lÃªn, tay
ğŸ¤²	hai bÃ n tay cháº¡m vÃ o nhau, lá»i cáº§u nguyá»‡n
ğŸ™	cháº¯p tay, cáº£m Æ¡n, cáº§u nguyá»‡n, há»i, lÃ m Æ¡n, tay
ğŸ¤	báº¯t tay, gáº·p máº·t, rung, tay, Ä‘á»“ng Ã½
ğŸ’…	chÄƒm sÃ³c, lÃ m mÃ³ng tay, mÃ³ng tay, má»¹ pháº©m, sÆ¡n mÃ³ng tay, Ä‘Ã¡nh bÃ³ng
ğŸ‘ƒ	cÆ¡ thá»ƒ, mÅ©i
ğŸ‘£	cÃ¡c dáº¥u chÃ¢n, dáº¥u chÃ¢n, in dáº¥u, quáº§n Ã¡o
ğŸ‘€	máº¯t, máº·t, Ä‘Ã´i máº¯t
ğŸ‘â€ğŸ—¨	bong bÃ³ng lá»i nÃ³i, máº¯t, máº¯t trong bong bÃ³ng lá»i nÃ³i, nhÃ¢n chá»©ng
ğŸ§ 	nÃ£o, thÃ´ng minh
ğŸ¦´	bá»™ xÆ°Æ¡ng, xÆ°Æ¡ng
ğŸ¦·	nha sÄ©, rÄƒng
ğŸ‘…	cÆ¡ thá»ƒ, lÆ°á»¡i
ğŸ‘„	miá»‡ng, mÃ´i
ğŸ¦°	tÃ³c mÃ u cam Ä‘á», tÃ³c mÃ u Ä‘á», tÃ³c Ä‘á»
ğŸ¦±	quÄƒn, tÃ³c xoÄƒn, xoÄƒn, xÃ¹
ğŸ¦³	báº¡c, tráº¯ng, tÃ³c, tÃ³c tráº¯ng, xÃ¡m
ğŸ¦²	cáº¡o nháºµn, hÃ³a trá»‹, hÃ³i, khÃ´ng cÃ³ tÃ³c, trá»¥i tÃ³c
ğŸ’‹	dáº¥u ná»¥ hÃ´n, hÃ´n, mÃ´i
ğŸ’˜	mÅ©i tÃªn, tháº§n tÃ¬nh yÃªu, trÃ¡i tim vá»›i mÅ©i tÃªn
ğŸ’	lá»… tÃ¬nh yÃªu, ruy bÄƒng, trÃ¡i tim, trÃ¡i tim vá»›i ruy bÄƒng
ğŸ’–	bá»‹ kÃ­ch thÃ­ch, láº¥p lÃ¡nh, trÃ¡i tim láº¥p lÃ¡nh
ğŸ’—	bá»‹ kÃ­ch thÃ­ch, lo láº¯ng, nhá»‹p tim, phÃ¡t triá»ƒn, trÃ¡i tim lá»›n dáº§n
ğŸ’“	dao Ä‘á»™ng, nhá»‹p tim, trÃ¡i tim Ä‘ang Ä‘áº­p, Ä‘áº­p
ğŸ’	trÃ¡i tim xoay vÃ²ng, Ä‘ang quay
ğŸ’•	hai trÃ¡i tim, yÃªu
ğŸ’Œ	lÃ¡ thÆ°, thÆ°, thÆ° tÃ¬nh, trÃ¡i tim, yÃªu
ğŸ’”	bá»‹ vá»¡, trÃ¡i tim tan vá»¡, vá»¡
ğŸ§¡	mÃ u cam, trÃ¡i tim mÃ u cam
ğŸ’›	mÃ u vÃ ng, trÃ¡i tim mÃ u vÃ ng
ğŸ’š	mÃ u lá»¥c, trÃ¡i tim mÃ u lá»¥c
ğŸ’™	mÃ u lam, trÃ¡i tim mÃ u lam
ğŸ’œ	trÃ¡i tim tÃ­m, tÃ­m
ğŸ–¤	tim Ä‘en, xáº¥u, Ä‘en, Ä‘iá»u Ã¡c
ğŸ’Ÿ	hÃ¬nh trang trÃ­ trÃ¡i tim, trÃ¡i tim
ğŸ’¤	buá»“n ngá»§, hÃ i hÆ°á»›c, ngá»§
ğŸ’¢	biá»ƒu tÆ°á»£ng giáº­n giá»¯, hÃ i hÆ°á»›c, tá»©c giáº­n, Ä‘iÃªn
ğŸ’¥	bÃ¹ng ná»•, hÃ i hÆ°á»›c, va cháº¡m
ğŸ’¦	báº¯n tung tÃ³e, giá»t má»“ hÃ´i, hÃ i hÆ°á»›c, má»“ hÃ´i
ğŸ’¨	cháº¡y, chá»›p nhoÃ¡ng, hÃ i hÆ°á»›c, lao, lao Ä‘i
ğŸ’«	choÃ¡ng vÃ¡ng, hÃ i hÆ°á»›c, ngÃ´i sao
ğŸ’¬	bong bÃ³ng, bong bÃ³ng lá»i nÃ³i, bÃ i diá»…n vÄƒn, bÃ³ng, hÃ i hÆ°á»›c, thoáº¡i
ğŸ’­	bong bÃ³ng, bong bÃ³ng suy nghÄ©, hÃ i hÆ°á»›c, khÃ­ cáº§u, nghÄ©
ğŸ¥½	bÆ¡i, báº£o vá»‡ máº¯t, hÃ n, kÃ­nh báº£o há»™
ğŸ¥¼	bÃ¡c sÄ©, nhÃ  khoa há»c, thÃ­ nghiá»‡m, Ã¡o phÃ²ng thÃ­ nghiá»‡m
ğŸ‘”	cÃ  váº¡t, quáº§n Ã¡o
ğŸ‘•	quáº§n Ã¡o, Ã¡o phÃ´ng, Ã¡o sÆ¡ mi, Ã¡o thun
ğŸ‘–	quáº§n, quáº§n bÃ², quáº§n dÃ i, quáº§n Ã¡o
ğŸ§£	cá»•, khÄƒn quÃ ng
ğŸ§¤	gÄƒng tay, tay
ğŸ§¥	Ã¡o choÃ ng, Ã¡o khoÃ¡c
ğŸ§¦	bÃ­t táº¥t, táº¥t, vá»›
ğŸ‘—	quáº§n Ã¡o, vÃ¡y
ğŸ‘˜	kimono, quáº§n Ã¡o
ğŸ‘™	bÆ¡i, quáº§n Ã¡o, Ã¡o táº¯m hai máº£nh
ğŸ‘š	ná»¯, quáº§n Ã¡o, quáº§n Ã¡o ná»¯
ğŸ‘›	quáº§n Ã¡o, vÃ­, Ä‘á»“ng tiá»n
ğŸ‘œ	quáº§n Ã¡o, tÃºi, tÃºi xÃ¡ch, vÃ­
ğŸ‘	quáº§n Ã¡o, tÃºi, tÃºi cáº¯p nÃ¡ch, tÃºi nhá»
ğŸ’	ba lÃ´ Ä‘i há»c, cáº·p, trÆ°á»ng, tÃºi
ğŸ‘	giÃ y, giÃ y nam, quáº§n Ã¡o, Ä‘Ã n Ã´ng
ğŸ‘Ÿ	giÃ y, giÃ y cháº¡y, giÃ y cháº¡y bá»™, giÃ y Ä‘áº¿ má»m, quáº§n Ã¡o, thá»ƒ thao
ğŸ¥¾	cáº¯m tráº¡i, du lá»‹ch bá»¥i, giÃ y leo nÃºi, giÃ y á»‘ng, Ä‘i bá»™ Ä‘Æ°á»ng dÃ i
ğŸ¥¿	giÃ y bÃºp bÃª, giÃ y bá»‡t, giÃ y lÆ°á»i, giÃ y Ä‘i trong nhÃ 
ğŸ‘ 	giÃ y, giÃ y cao gÃ³t, gÃ³t chÃ¢n, phá»¥ ná»¯, quáº§n Ã¡o
ğŸ‘¡	giÃ y, phá»¥ ná»¯, quáº§n Ã¡o, xÄƒng Ä‘an, xÄƒng Ä‘an ná»¯
ğŸ‘¢	bá»‘t, giÃ y, giÃ y bá»‘t ná»¯, phá»¥ ná»¯, quáº§n Ã¡o
ğŸ‘‘	ná»¯ hoÃ ng, quáº§n Ã¡o, vua, vÆ°Æ¡ng miá»‡n
ğŸ‘’	cÃ¡i mÅ©, mÅ© phá»¥ ná»¯, phá»¥ ná»¯, quáº§n Ã¡o
ğŸ©	cÃ¡i mÅ©, mÅ© chÃ³p cao, quáº§n Ã¡o, Ä‘áº§u
ğŸ§¢	mÅ© bÃ³ng chÃ y, mÅ© lÆ°á»¡i trai
ğŸ“¿	háº¡t, lá»i cáº§u nguyá»‡n, quáº§n Ã¡o, trÃ ng háº¡t, tÃ´n giÃ¡o, vÃ²ng cá»•
ğŸ’„	má»¹ pháº©m, son mÃ´i, trang Ä‘iá»ƒm
ğŸ’	kim cÆ°Æ¡ng, nháº«n
ğŸ’	kim cÆ°Æ¡ng, viÃªn ngá»c, Ä‘Ã¡ quÃ½, Ä‘á»“ ná»¯ trang
ğŸµ	khá»‰, máº·t, máº·t khá»‰
ğŸ’	con khá»‰, khá»‰
ğŸ¦	khá»‰ Ä‘á»™t
ğŸ¶	cÃºn, máº·t, máº·t cÃºn, thÃº cÆ°ng
ğŸ©	chÃ³ xÃ¹, cÃºn
ğŸº	chÃ³ sÃ³i, máº·t, máº·t chÃ³ sÃ³i
ğŸ¦Š	cÃ¡o, máº·t, máº·t cÃ¡o
ğŸ¦	gáº¥u trÃºc, tinh nghá»‹ch, tÃ² mÃ²
ğŸ±	mÃ¨o, máº·t, máº·t mÃ¨o, thÃº cÆ°ng
ğŸ¦	cung hoÃ ng Ä‘áº¡o, cung sÆ° tá»­, máº·t, máº·t sÆ° tá»­, sÆ° tá»­
ğŸ¯	há»•, máº·t, máº·t há»•
ğŸ…	há»•
ğŸ†	bÃ¡o hoa mai, con bÃ¡o
ğŸ´	máº·t, máº·t ngá»±a, ngá»±a
ğŸ	cÆ°á»¡i ngá»±a, ngá»±a, Ä‘ua
ğŸ¦„	ká»³ lÃ¢n, máº·t, máº·t ká»³ lÃ¢n
ğŸ¦“	ngá»±a váº±n, sá»c
ğŸ¦Œ	hÆ°Æ¡u
ğŸ®	bÃ² cÃ¡i, máº·t, máº·t bÃ²
ğŸ‚	bÃ² Ä‘á»±c, cung hoÃ ng Ä‘áº¡o, cung kim ngÆ°u
ğŸƒ	nÆ°á»›c, trÃ¢u nÆ°á»›c
ğŸ„	bÃ² cÃ¡i
ğŸ·	lá»£n, máº·t lá»£n
ğŸ–	heo nÃ¡i, lá»£n
ğŸ—	con heo, lá»£n rá»«ng
ğŸ½	con heo, khuÃ´n máº·t, mÅ©i, mÅ©i lá»£n
ğŸ	cung báº¡ch dÆ°Æ¡ng, cung hoÃ ng Ä‘áº¡o, cá»«u, cá»«u Ä‘á»±c
ğŸ‘	cÃ¡i, cá»«u, cá»«u cÃ¡i
ğŸ	cung hoÃ ng Ä‘áº¡o, cung ma káº¿t, dÃª
ğŸª	con láº¡c Ä‘Ã , cÃ¡i bÆ°á»›u, láº¡c Ä‘Ã 
ğŸ«	con láº¡c Ä‘Ã , cÃ¡i bÆ°á»›u, láº¡c Ä‘Ã  bactrian, láº¡c Ä‘Ã  hai bÆ°á»›u
ğŸ¦™	len, láº¡c Ä‘Ã  alpaca, láº¡c Ä‘Ã  guanaco, láº¡c Ä‘Ã  khÃ´ng bÆ°á»›u, láº¡c Ä‘Ã  vicuÃ±a
ğŸ¦’	hÆ°Æ¡u cao cá»•, Ä‘á»‘m
ğŸ˜	voi
ğŸ¦	tÃª giÃ¡c
ğŸ¦›	hÃ  mÃ£
ğŸ­	chuá»™t, máº·t, máº·t chuá»™t
ğŸ	chuá»™t
ğŸ€	chuá»™t cá»‘ng
ğŸ¹	chuá»™t hamster, máº·t, máº·t hamster, thÃº cÆ°ng
ğŸ°	con thá», máº·t, máº·t thá», thÃº cÆ°ng, thá»
ğŸ‡	con thá», thÃº cÆ°ng, thá»
ğŸ¦”	cÃ³ gai, nhÃ­m
ğŸ¦‡	dÆ¡i, ma cÃ  rá»“ng
ğŸ»	gáº¥u, máº·t, máº·t gáº¥u
ğŸ¨	con gáº¥u, gáº¥u tÃºi
ğŸ¼	gáº¥u trÃºc, máº·t, máº·t gáº¥u trÃºc
ğŸ¦˜	Australia, chuá»™t tÃºi, chuá»™t tÃºi con, nháº£y, thÃº cÃ³ tÃºi
ğŸ¦¡	con lá»­ng, lá»­ng máº­t, quáº¥y ráº§y
ğŸ¾	bÃ n chÃ¢n, chÃ¢n, dáº¥u, dáº¥u chÃ¢n mÃ³ng vuá»‘t
ğŸ¦ƒ	chim, gÃ  tÃ¢y
ğŸ”	chim, gÃ 
ğŸ“	chim, gÃ  trá»‘ng
ğŸ£	gÃ , gÃ  con, gÃ  má»›i ná»Ÿ, áº¥p
ğŸ¤	chim, gÃ , gÃ  con
ğŸ¥	chim, gÃ , gÃ  con, máº·t trÆ°á»›c gÃ  con
ğŸ§	chim, chim cÃ¡nh cá»¥t
ğŸ¦…	chim, Ä‘áº¡i bÃ ng
ğŸ¦†	chim, vá»‹t
ğŸ¦¢	chim, thiÃªn nga, thiÃªn nga non, vá»‹t con xáº¥u xÃ­
ğŸ¦‰	chim, cÃº, khÃ´n ngoan
ğŸ¦š	chim, con cÃ´ng, cÃ´ng mÃ¡i, phÃ´ trÆ°Æ¡ng, tá»± hÃ o
ğŸ¦œ	chim, con váº¹t, cÆ°á»›p biá»ƒn, nÃ³i chuyá»‡n, váº¹t
ğŸ¸	máº·t, máº·t áº¿ch, áº¿ch
ğŸŠ	cÃ¡ sáº¥u
ğŸ¢	con rÃ¹a, rÃ¹a, rÃ¹a nÆ°á»›c ngá»t
ğŸ¦	bÃ² sÃ¡t, tháº±n láº±n
ğŸ	chÃ²m sao xÃ  phu, cung hoÃ ng Ä‘áº¡o, ráº¯n, váº­t mang
ğŸ²	khuÃ´n máº·t, máº·t rá»“ng, rá»“ng, truyá»‡n cá»• tÃ­ch
ğŸ‰	rá»“ng, truyá»‡n cá»• tÃ­ch
ğŸ¦•	khá»§ng long chÃ¢n tháº±n láº±n, khá»§ng long to Äƒn cÃ¢y cá»‘i, tháº±n láº±n hai Ã³c, uyá»ƒn long
ğŸ¦–	Khá»§ng long báº¡o chÃºa, khá»§ng long báº¡o chÃºa
ğŸ³	cÃ¡ voi, cÃ¡ voi Ä‘ang phun nÆ°á»›c, máº·t, phun nÆ°á»›c
ğŸ‹	cÃ¡ voi
ğŸ¬	chÃ¢n chÃ¨o, cÃ¡ heo
ğŸ 	cÃ¡, cÃ¡ nhiá»‡t Ä‘á»›i, nhiá»‡t Ä‘á»›i
ğŸ¡	cÃ¡, cÃ¡ nÃ³c
ğŸ¦ˆ	cÃ¡, cÃ¡ máº­p
ğŸ™	báº¡ch tuá»™c
ğŸš	vá», vá» xoáº¯n á»‘c, xoáº¯n á»‘c
ğŸ¦€	cua, cung cá»± giáº£i, cung hoÃ ng Ä‘áº¡o
ğŸ¦	cÃ ng, háº£i sáº£n, tÃ´m hÃ¹m, xÃºp tÃ´m cua
ğŸ¦	nhá», thá»©c Äƒn, tÃ´m, tÃ´m cua
ğŸ¦‘	má»±c á»‘ng, thÃ¢n má»m, thá»©c Äƒn
ğŸŒ	á»‘c sÃªn
ğŸ¦‹	bÆ°á»›m, cÃ´n trÃ¹ng, Ä‘áº¹p
ğŸ›	con bá», cÃ´n trÃ¹ng
ğŸœ	cÃ´n trÃ¹ng, kiáº¿n
ğŸ	con ong, cÃ´n trÃ¹ng, ong máº­t
ğŸ	bá» cÃ¡nh cá»©ng, bá» rÃ¹a, con bá» rÃ¹a, cÃ´n trÃ¹ng, rÃ¹a
ğŸ¦—	chÃ¢u cháº¥u, dáº¿
ğŸ¦‚	bá» cáº¡p, cung bá» cáº¡p, cung hoÃ ng Ä‘áº¡o
ğŸ¦Ÿ	bá»‡nh, con muá»—i, cÃ´n trÃ¹ng, muá»—i, sá»‘t, sá»‘t rÃ©t, vi rÃºt
ğŸ¦ 	Amip, vi khuáº©n, vi rÃºt, vi trÃ¹ng
ğŸ’	bÃ³, bÃ³ hoa, hoa
ğŸŒ¸	hoa, hoa anh Ä‘Ã o, thá»±c váº­t
ğŸ’®	hoa, hoa tráº¯ng
ğŸŒ¹	hoa, hoa há»“ng
ğŸ¥€	hoa, hoa hÃ©o, hÃ©o
ğŸŒº	hoa, hoa dÃ¢m bá»¥t
ğŸŒ»	hoa, hoa hÆ°á»›ng dÆ°Æ¡ng, máº·t trá»i
ğŸŒ¼	hoa, thá»±c váº­t
ğŸŒ·	hoa, hoa tulip
ğŸŒ±	cÃ¢y non, non
ğŸŒ²	cÃ¢y, cÃ¢y thÆ°á»ng xanh, thá»±c váº­t
ğŸŒ³	cÃ¢y, cÃ¢y rá»¥ng lÃ¡, rÆ¡i, rá»¥ng lÃ¡
ğŸŒ´	cÃ¢y, cÃ¢y cá»
ğŸŒµ	cÃ¢y xÆ°Æ¡ng rá»“ng, thá»±c váº­t
ğŸŒ¾	bÃ³ lÃºa, bÃ´ng lÃºa, gáº¡o, thá»±c váº­t
ğŸŒ¿	lÃ¡ cÃ¢y, tháº£o má»™c
ğŸ€	4, bá»‘n, cá» bá»‘n lÃ¡, lÃ¡ cÃ¢y, thá»±c váº­t
ğŸ	lÃ¡ cÃ¢y, lÃ¡ phong, rá»¥ng
ğŸ‚	lÃ¡, lÃ¡ rá»¥ng, rá»¥ng, thá»±c váº­t
ğŸƒ	giÃ³, lÃ¡ cÃ¢y, lÃ¡ rung rinh trong giÃ³, rung, thá»•i
ğŸ‡	chÃ¹m nho, hoa quáº£, nho
ğŸˆ	dÆ°a, hoa quáº£
ğŸ‰	dÆ°a háº¥u, hoa quáº£
ğŸŠ	hoa quáº£, quÃ½t, quáº£ cam
ğŸ‹	chanh, hoa quáº£, thá»±c váº­t
ğŸŒ	chuá»‘i, hoa quáº£
ğŸ	dá»©a, hoa quáº£
ğŸ¥­	nhiá»‡t Ä‘á»›i, trÃ¡i cÃ¢y, xoÃ i
ğŸ	hoa quáº£, tÃ¡o, tÃ¡o Ä‘á», Ä‘á»
ğŸ	hoa quáº£, tÃ¡o, tÃ¡o xanh, xanh
ğŸ	hoa quáº£, lÃª
ğŸ‘	hoa quáº£, Ä‘Ã o
ğŸ’	anh Ä‘Ã o, hoa quáº£, thá»±c váº­t
ğŸ“	dÃ¢u tÃ¢y, quáº£ má»ng, trÃ¡i cÃ¢y
ğŸ¥	hoa quáº£, kiwi, quáº£ kiwi, thá»©c Äƒn
ğŸ…	cÃ  chua, rau, thá»±c váº­t
ğŸ¥¥	cÃ¢y dá»«a, dá»«a, pina colada
ğŸ¥‘	hoa quáº£, quáº£ bÆ¡, thá»©c Äƒn
ğŸ†	cÃ  tÃ­m, rau, thá»±c váº­t
ğŸ¥”	khoai tÃ¢y, thá»©c Äƒn, thá»±c váº­t
ğŸ¥•	cÃ  rá»‘t, thá»©c Äƒn, thá»±c váº­t
ğŸŒ½	báº¯p, báº¯p ngÃ´, ngÃ´
ğŸ¥’	dÆ°a chua, dÆ°a chuá»™t, thá»©c Äƒn, thá»±c váº­t
ğŸ¥¬	cáº£i báº¯p, cáº£i thÃ¬a, cáº£i xoÄƒn, rau diáº¿p, xanh lÃ¡
ğŸ¥¦	cáº£i báº¯p dáº¡i, xÃºp lÆ¡ xanh
ğŸ„	náº¥m, thá»±c váº­t
ğŸ¥œ	quáº£ háº¡ch, rau cá»§, thá»©c Äƒn, Ä‘áº­u phá»™ng
ğŸŒ°	háº¡t dáº», thá»±c váº­t
ğŸ	bÃ¡nh mÃ¬, á»• bÃ¡nh mÃ¬
ğŸ¥	bÃ¡nh mÃ³ng ngá»±a, bÃ¡nh má»³, bÃ¡nh sá»«ng bÃ², phÃ¡p, thá»©c Äƒn
ğŸ¥–	bÃ¡nh mÃ¬ que, bÃ¡nh má»³, phÃ¡p, thá»©c Äƒn
ğŸ¥¨	bÃ¡nh quy xoáº¯n, xoáº¯n
ğŸ¥¯	bÃ¡nh má»³ vÃ²ng, bÃ¡nh vÃ²ng, pháº¿t, tiá»‡m bÃ¡nh
ğŸ¥	bÃ¡nh káº¿p, thá»©c Äƒn
ğŸ§€	miáº¿ng pho mÃ¡t, phÃ´ mai
ğŸ–	thá»‹t, thá»‹t bÃ¡m xÆ°Æ¡ng, xÆ°Æ¡ng
ğŸ—	chÃ¢n, gia cáº§m, gÃ , xÆ°Æ¡ng, Ä‘Ã¹i gia cáº§m
ğŸ¥©	bÃ­t táº¿t, sÆ°á»n, sÆ°á»n cá»«u, sÆ°á»n lá»£n, táº£ng thá»‹t
ğŸ¥“	thá»‹t, thá»‹t xÃ´ng khÃ³i, thá»©c Äƒn
ğŸ”	bÃ¡nh hamburger, bÃ¡nh káº¹p
ğŸŸ	khoai tÃ¢y chiÃªn, kiá»ƒu phÃ¡p
ğŸ•	bÃ¡nh pizza, lÃ¡t, phÃ´ mai
ğŸŒ­	bÃ¡nh mÃ¬ xÃºc xÃ­ch, xÃºc xÃ­ch
ğŸ¥ª	bÃ¡nh má»³, bÃ¡nh má»³ káº¹p
ğŸŒ®	bÃ¡nh mexico, bÃ¡nh taco
ğŸŒ¯	bÃ¡nh burrito, bÃ¡nh mexico
ğŸ¥™	bÃ¡nh mÃ¬ káº¹p thá»‹t, bÃ¡nh má»³ gyro, bÃ¡nh quy bá»™t khÃ´, nhá»“i, thá»‹t nÆ°á»›ng, viÃªn bá»™t Ä‘áº­u rÃ¡n
ğŸ¥š	thá»©c Äƒn, trá»©ng
ğŸ³	chiÃªn, cÃ¡i cháº£o, náº¥u Äƒn, trá»©ng
ğŸ¥˜	cháº£o, cháº£o thá»©c Äƒn nÃ´ng, nÃ´ng, ná»“i Ä‘áº¥t, paella, thá»©c Äƒn
ğŸ²	háº§m, ná»“i, ná»“i thá»©c Äƒn
ğŸ¥£	bÃ¡t vÃ  thÃ¬a, bá»¯a sÃ¡ng, ngÅ© cá»‘c
ğŸ¥—	salad, salad rau xanh, thá»©c Äƒn, xanh
ğŸ¿	bá»ng ngÃ´
ğŸ§‚	bÃ¬nh láº¯c, gia vá»‹, muá»‘i
ğŸ¥«	há»™p, thá»±c pháº©m Ä‘Ã³ng há»™p
ğŸ±	cÆ¡m bento, há»™p, há»™p cÆ¡m bento
ğŸ˜	bÃ¡nh gáº¡o, bÃ¡nh quy giÃ²n, gáº¡o
ğŸ™	cÆ¡m, cÆ¡m náº¯m, nháº­t báº£n
ğŸš	cÆ¡m, gáº¡o, náº¥u chÃ­n
ğŸ›	cÃ  ri, cÆ¡m, cÆ¡m cÃ  ri
ğŸœ	bÃ¡t, bÃ¡t mÃ¬, háº¥p, mÃ¬ dáº¹t, mÃ¬ ramen
ğŸ	mÃ¬ á»‘ng, spaghetti
ğŸ 	khoai, khoai lang nÆ°á»›ng, ngá»t, nÆ°á»›ng
ğŸ¢	háº£i sáº£n, káº¹p, mÃ³n oden, que, xiÃªn
ğŸ£	sushi
ğŸ¤	chiÃªn, mÃ³n sá»‘t cÃ¡ cua tÃ´m, tÃ´m, tÃ´m chiÃªn, tÃ´m hÃ¹m
ğŸ¥	bÃ¡nh, bÃ¡nh cÃ¡ cÃ³ hÃ¬nh xoáº¯n, bÃ¡nh ngá»t, cÃ¡, xoÃ¡y
ğŸ¥®	bÃ¡nh trung thu, lá»… há»™i, mÃ¹a thu
ğŸ¡	bÃ¡nh trÃ´i Nháº­t Báº£n, mÃ³n kiá»ƒu nháº­t báº£n, mÃ³n trÃ¡ng miá»‡ng, ngá»t, que
ğŸ¥Ÿ	bÃ¡nh bao, sá»§i cáº£o
ğŸ¥ 	bÃ¡nh quy may máº¯n, tiÃªn tri
ğŸ¥¡	há»™p Ä‘á»±ng Ä‘á»“ Äƒn Trung Quá»‘c, há»™p Ä‘á»±ng Ä‘á»“ Äƒn mang Ä‘i
ğŸ¦	cÃ¡i kem, kem, kem má»m, mÃ³n trÃ¡ng miá»‡ng, má»m, ngá»t
ğŸ§	bÃ o, kem, mÃ³n trÃ¡ng miá»‡ng, ngá»t, Ä‘Ã¡ bÃ o
ğŸ¨	kem, mÃ³n trÃ¡ng miá»‡ng, ngá»t
ğŸ©	bÃ¡nh rÃ¡n vÃ²ng, mÃ³n trÃ¡ng miá»‡ng, ngá»t
ğŸª	bÃ¡nh quy, mÃ³n trÃ¡ng miá»‡ng, ngá»t
ğŸ‚	bÃ¡nh, bÃ¡nh sinh nháº­t, lá»… ká»· niá»‡m, mÃ³n trÃ¡ng miá»‡ng, ngá»t, sinh nháº­t
ğŸ°	bÃ¡nh, bÃ¡nh ngá»t, miáº¿ng, mÃ³n trÃ¡ng miá»‡ng, ngá»t
ğŸ§	bÃ¡nh nÆ°á»›ng nhá», ngá»t, tiá»‡m bÃ¡nh
ğŸ¥§	bÃ¡nh ngá»t, bÃ¡nh nÆ°á»›ng, bá»™t nhá»“i
ğŸ«	mÃ³n trÃ¡ng miá»‡ng, ngá»t, sÃ´ cÃ´ la, thanh, thanh sÃ´ cÃ´ la
ğŸ¬	káº¹o, mÃ³n trÃ¡ng miá»‡ng, ngá»t
ğŸ­	káº¹o, káº¹o mÃºt, mÃ³n trÃ¡ng miá»‡ng, ngá»t
ğŸ®	bÃ¡nh, bÃ¡nh trá»©ng, mÃ³n trÃ¡ng miá»‡ng, ngá»t
ğŸ¯	hÅ©, hÅ© máº­t ong, máº­t ong, ngá»t
ğŸ¼	bÃ¬nh, bÃ¬nh sá»¯a tráº» em, em bÃ©, sá»¯a, uá»‘ng
ğŸ¥›	cá»‘c, cá»‘c sá»¯a, sá»¯a, Ä‘á»“ uá»‘ng
ğŸµ	cá»‘c, trÃ , tÃ¡ch trÃ , tÃ¡ch trÃ  khÃ´ng cÃ³ quai, uá»‘ng, Ä‘á»“ uá»‘ng
ğŸ¶	chai, cá»‘c, quÃ¡n ba, rÆ°á»£u sake, uá»‘ng, Ä‘á»“ uá»‘ng
ğŸ¾	báº­t ra, chai, chai rÆ°á»£u vá»›i nÃºt gá»— báº­t ra, nÃºt gá»—, quÃ¡n bar, Ä‘á»“ uá»‘ng
ğŸ·	ly, ly rÆ°á»£u vang, quÃ¡n ba, rÆ°á»£u, uá»‘ng, Ä‘á»“ uá»‘ng
ğŸ¹	nhiá»‡t Ä‘á»›i, quÃ¡n bar, Ä‘á»“ uá»‘ng, Ä‘á»“ uá»‘ng nhiá»‡t Ä‘á»›i
ğŸº	bia, cá»‘c, cá»‘c bia, quÃ¡n bar, Ä‘á»“ uá»‘ng
ğŸ»	bia, cháº¡m cá»‘c, cháº¡m cá»‘c bia, nÆ°á»›c giáº£i khÃ¡t, quÃ¡n ba, Ä‘á»“ uá»‘ng
ğŸ¥‚	chÃºc má»«ng, cháº¡m cá»‘c, cá»‘c, tiáº¿ng keng, Ä‘á»“ uá»‘ng
ğŸ¥ƒ	cá»‘c, cá»‘c váº¡i, ly Ä‘Ã¡y pháº³ng, ngá»¥m, rÆ°á»£u, rÆ°á»£u whisky
ğŸ¥¤	cá»‘c vÃ  á»‘ng hÃºt, nÆ°á»›c Ã©p, soda
ğŸ¥¢	Ä‘Å©a, Ä‘Å©a Nháº­t
ğŸ´	dao, dÄ©a, dÄ©a vÃ  dao, náº¥u nÆ°á»›ng
ğŸ¥„	bá»™ Ä‘á»“ Äƒn, thÃ¬a
ğŸ”ª	dao, dao lÃ m báº¿p, dá»¥ng cá»¥, hocho, náº¥u nÆ°á»›ng, vÅ© khÃ­
ğŸº	Báº£o BÃ¬nh, bÃ¬nh, hoÃ ng Ä‘áº¡o, náº¥u Äƒn, uá»‘ng, vÃ² hai quai
ğŸŒ	ChÃ¢u Phi, ChÃ¢u Ã‚u, tháº¿ giá»›i, trÃ¡i Ä‘áº¥t, Ä‘á»‹a cáº§u, Ä‘á»‹a cáº§u hiá»ƒn thá»‹ ChÃ¢u Ã‚u-ChÃ¢u Phi
ğŸŒ	ChÃ¢u Ã, ChÃ¢u Ãšc, tháº¿ giá»›i, trÃ¡i Ä‘áº¥t, Ä‘á»‹a cáº§u, Ä‘á»‹a cáº§u hiá»ƒn thá»‹ ChÃ¢u Ã-ChÃ¢u Ãšc
ğŸŒ	kinh tuyáº¿n, quáº£ Ä‘á»‹a cáº§u, tháº¿ giá»›i, trÃ¡i Ä‘áº¥t, Ä‘á»‹a cáº§u vá»›i kinh tuyáº¿n
ğŸ—¾	báº£n Ä‘á»“, báº£n Ä‘á»“ Nháº­t Báº£n, nháº­t báº£n
ğŸ§­	la bÃ n, tá»« tÃ­nh, Ä‘iá»u hÆ°á»›ng, Ä‘á»‹nh hÆ°á»›ng
ğŸŒ‹	nÃºi, nÃºi lá»­a, phun trÃ o
ğŸ—»	PhÃº SÄ©, nÃºi, nÃºi PhÃº SÄ©
ğŸ§±	gáº¡ch, tÆ°á»ng, vá»¯a, Ä‘áº¥t sÃ©t
ğŸ¡	ngÃ´i nhÃ , nhÃ , nhÃ  cÃ³ vÆ°á»n, vÆ°á»n
ğŸ¢	tÃ²a nhÃ , tÃ²a nhÃ  vÄƒn phÃ²ng
ğŸ£	bÆ°u Ä‘iá»‡n, bÆ°u Ä‘iá»‡n Nháº­t Báº£n, kiá»ƒu Nháº­t
ğŸ¤	bÆ°u Ä‘iá»‡n, kiá»ƒu ChÃ¢u Ã‚u
ğŸ¥	bÃ¡c sÄ©, bá»‡nh viá»‡n, thuá»‘c
ğŸ¦	ngÃ¢n hÃ ng, tÃ²a nhÃ 
ğŸ¨	khÃ¡ch sáº¡n, tÃ²a nhÃ 
ğŸ©	khÃ¡ch sáº¡n, khÃ¡ch sáº¡n tÃ¬nh yÃªu, tÃ¬nh yÃªu
ğŸª	cá»­a hÃ ng, cá»­a hÃ ng tiá»‡n dá»¥ng, tiá»‡n lá»£i
ğŸ«	trÆ°á»ng há»c, tÃ²a nhÃ 
ğŸ¬	cá»­a hÃ ng, cá»­a hÃ ng bÃ¡ch hÃ³a
ğŸ¯	kiá»ƒu Nháº­t, lÃ¢u Ä‘Ã i, lÃ¢u Ä‘Ã i Nháº­t Báº£n
ğŸ°	kiá»ƒu ChÃ¢u Ã‚u, lÃ¢u Ä‘Ã i
ğŸ’’	lÃ£ng máº¡n, nhÃ  thá» nhá», Ä‘Ã¡m cÆ°á»›i
ğŸ—¼	Tokyo, thÃ¡p, thÃ¡p Tokyo
ğŸ—½	TÆ°á»£ng ná»¯ tháº§n Tá»± do, bá»©c tÆ°á»£ng, tá»± do
ğŸ•Œ	há»“i giÃ¡o, nhÃ  thá» há»“i giÃ¡o, thuá»™c há»“i giÃ¡o, tÃ´n giÃ¡o
ğŸ•	chÃ¹a, do thÃ¡i, giÃ¡o Ä‘Æ°á»ng Do thÃ¡i, ngÆ°á»i do thÃ¡i, tÃ´n giÃ¡o
ğŸ•‹	há»“i giÃ¡o, kaaba, thuá»™c há»“i giÃ¡o, tÃ´n giÃ¡o
ğŸŒ	cÃ³ sÆ°Æ¡ng, thá»i tiáº¿t
ğŸŒƒ	sao, Ä‘Ãªm, Ä‘Ãªm cÃ³ sao
ğŸŒ„	buá»•i sÃ¡ng, bÃ¬nh minh, bÃ¬nh minh trÃªn nÃºi, máº·t trá»i, nÃºi
ğŸŒ…	buá»•i sÃ¡ng, bÃ¬nh minh, máº·t trá»i
ğŸŒ†	buá»•i tá»‘i, hoÃ ng hÃ´n, khung cáº£nh thÃ nh phá»‘ lÃºc cháº¡ng váº¡ng, máº·t trá»i láº·n, phong cáº£nh, thÃ nh phá»‘
ğŸŒ‡	cháº¡ng váº¡ng, hoÃ ng hÃ´n, máº·t trá»i
ğŸŒ‰	cÃ¢y cáº§u vá» Ä‘Ãªm, cáº§u, Ä‘Ãªm
ğŸŒŒ	dáº£i ngÃ¢n hÃ , vÅ© trá»¥
ğŸ 	ngá»±a, ngá»±a Ä‘u quay, Ä‘u quay ngá»±a
ğŸ¡	bÃ¡nh xe, cÃ´ng viÃªn giáº£i trÃ­, vÃ²ng Ä‘u quay, Ä‘u quay
ğŸ¢	con lÄƒn, cÃ´ng viÃªn giáº£i trÃ­, tÃ u lao dá»‘c, tÃ u lÆ°á»£n siÃªu tá»‘c
ğŸ’ˆ	biá»ƒn hiá»‡u cá»§a thá»£ cáº¯t tÃ³c, cáº¯t tÃ³c, cá»™t, thá»£ cáº¯t tÃ³c
ğŸª	lá»u, lá»u ráº¡p xiáº¿c, ráº¡p xiáº¿c
ğŸš‚	hÆ¡i nÆ°á»›c, tÃ u há»a, Ä‘Æ°á»ng sáº¯t, Ä‘áº§u mÃ¡y xe lá»­a, Ä‘á»™ng cÆ¡
ğŸšƒ	toa tÃ u, tÃ u há»a, tÃ u Ä‘iá»‡n, xe hÆ¡i, Ä‘iá»‡n, Ä‘Æ°á»ng sáº¯t
ğŸš„	tÃ u cao tá»‘c, tÃ u cao tá»‘c Nháº­t Báº£n, tÃ u há»a, tá»‘c Ä‘á»™, Ä‘Æ°á»ng sáº¯t
ğŸš…	tÃ u cao tá»‘c Nháº­t Báº£n, tÃ u há»a, tÃ u viÃªn Ä‘áº¡n, tá»‘c Ä‘á»™, viÃªn Ä‘áº¡n, Ä‘Æ°á»ng sáº¯t
ğŸš†	tÃ u há»a, Ä‘Æ°á»ng sáº¯t
ğŸšˆ	tÃ u Ä‘iá»‡n nháº¹, xe cá»™, Ä‘Æ°á»ng sáº¯t
ğŸš‰	ga tÃ u, tÃ u há»a, Ä‘Æ°á»ng sáº¯t
ğŸšŠ	xe Ä‘iá»‡n, Ã´ tÃ´ Ä‘iá»‡n
ğŸš	xe cá»™, Ä‘Æ°á»ng má»™t ray
ğŸš	nÃºi, toa xe, Ä‘Æ°á»ng ray leo nÃºi, Ä‘Æ°á»ng sáº¯t
ğŸš‹	toa xe, tÃ u Ä‘iá»‡n, xe Ä‘iá»‡n, Ã´ tÃ´ Ä‘iá»‡n
ğŸšŒ	xe buÃ½t, xe cá»™
ğŸš	xe buÃ½t, xe goÃ²ng, xe Ä‘iá»‡n, Ã´ tÃ´ Ä‘iá»‡n
ğŸš	xe buÃ½t, xe buÃ½t nhá»
ğŸš’	lá»­a, xe cá»©u há»a, xe táº£i, Ä‘á»™ng cÆ¡
ğŸš“	cáº£nh sÃ¡t, tuáº§n tra, xe cáº£nh sÃ¡t, xe hÆ¡i
ğŸš•	taxi, xe cá»™
ğŸš–	taxi Ä‘ang tá»›i, xe cá»™
ğŸš—	xe cá»™, Ã´ tÃ´
ğŸš™	giáº£i trÃ­, tiá»‡n Ã­ch thá»ƒ thao, xe thá»ƒ thao Ä‘a dá»¥ng
ğŸšš	giao hÃ ng, xe táº£i, xe táº£i giao hÃ ng
ğŸš›	bÃ¡n, xe táº£i, Ä‘áº§u kÃ©o rÆ¡-moÃ³c
ğŸšœ	mÃ¡y kÃ©o, xe cá»™
ğŸ›´	xe háº©y, Ä‘áº©y
ğŸ›¹	vÃ¡n, vÃ¡n trÆ°á»£t
ğŸ›µ	mÃ´ tÆ¡, xe tay ga
ğŸš	dá»«ng láº¡i, xe buÃ½t, Ä‘iá»ƒm dá»«ng xe buÃ½t
ğŸš¨	cáº£nh sÃ¡t, quay vÃ²ng, xe hÆ¡i, Ã¡nh sÃ¡ng, Ä‘Ã¨n hiá»‡u, Ä‘Ã¨n xe cáº£nh sÃ¡t
ğŸš¥	biá»ƒn bÃ¡o, giao thÃ´ng, Ä‘Ã¨n, Ä‘Ã¨n giao thÃ´ng ngang
ğŸš¦	biá»ƒn bÃ¡o, giao thÃ´ng, Ä‘Ã¨n, Ä‘Ã¨n giao thÃ´ng dá»c
ğŸ›‘	bÃ¡t giÃ¡c, dá»«ng, kÃ½ hiá»‡u, kÃ½ hiá»‡u dá»«ng
ğŸš§	cÃ´ng trÆ°á»ng, rÃ o cháº¯n
ğŸ›¶	thuyá»n, xuá»“ng
ğŸš¤	thuyá»n, xuá»“ng cao tá»‘c
ğŸš¢	hÃ nh khÃ¡ch, thuyá»n, tÃ u thá»§y
ğŸ›«	khá»Ÿi hÃ nh, mÃ¡y bay, mÃ¡y bay khá»Ÿi hÃ nh, tÃ u bay, Ä‘iá»ƒm khá»Ÿi hÃ nh, Ä‘Äƒng kÃ½
ğŸ›¬	háº¡ cÃ¡nh, mÃ¡y bay, mÃ¡y bay Ä‘áº¿n nÆ¡i, Ä‘iá»ƒm Ä‘áº¿n, Ä‘áº¿n
ğŸ’º	cÃ¡i gháº¿
ğŸš	mÃ¡y bay trá»±c thÄƒng, xe cá»™
ğŸšŸ	treo, Ä‘Æ°á»ng sáº¯t, Ä‘Æ°á»ng sáº¯t trÃªn cao
ğŸš 	cÃ¡p, cÃ¡p treo trÃªn nÃºi, nÃºi, toa tráº§n
ğŸš¡	cÃ¡p, cÃ¡p treo, toa tráº§n, trÃªn khÃ´ng, Ä‘Æ°á»ng xe Ä‘iá»‡n
ğŸš€	tÃªn lá»­a, vÅ© trá»¥
ğŸ›¸	UFO, Ä‘Ä©a bay
ğŸ§³	du lá»‹ch, hÃ nh lÃ½, Ä‘Ã³ng gÃ³i
â°	bÃ¡o thá»©c, Ä‘á»“ng há»“, Ä‘á»“ng há»“ bÃ¡o thá»©c
ğŸ•§	12, 12:30, ba mÆ°Æ¡i, mÆ°á»i hai, mÆ°á»i hai giá» ba mÆ°Æ¡i, mÆ°á»i hai giá» ba mÆ°Æ¡i phÃºt, Ä‘á»“ng há»“
ğŸ•œ	1, 1:30, ba mÆ°Æ¡i, má»™t, má»™t giá» ba mÆ°Æ¡i phÃºt, Ä‘á»“ng há»“
ğŸ•	2, 2:30, ba mÆ°Æ¡i, hai, hai giá» ba mÆ°Æ¡i phÃºt, Ä‘á»“ng há»“
ğŸ•	3, 3:30, ba, ba giá» ba mÆ°Æ¡i phÃºt, ba mÆ°Æ¡i, Ä‘á»“ng há»“
ğŸ•Ÿ	4, 4:30, ba mÆ°Æ¡i, bá»‘n, bá»‘n giá» ba mÆ°Æ¡i phÃºt, Ä‘á»“ng há»“
ğŸ• 	5, 5:30, ba mÆ°Æ¡i, nÄƒm, nÄƒm giá» ba mÆ°Æ¡i phÃºt, Ä‘á»“ng há»“
ğŸ•¡	6, 6:30, ba mÆ°Æ¡i, sÃ¡u, sÃ¡u giá» ba mÆ°Æ¡i phÃºt, Ä‘á»“ng há»“
ğŸ•¢	7, 7:30, ba mÆ°Æ¡i, báº£y, báº£y giá» ba mÆ°Æ¡i phÃºt, Ä‘á»“ng há»“
ğŸ•£	8, 8:30, ba mÆ°Æ¡i, tÃ¡m, tÃ¡m giá» ba mÆ°Æ¡i phÃºt, Ä‘á»“ng há»“
ğŸ•¤	9, 9:30, ba mÆ°Æ¡i, chÃ­n, chÃ­nh giá» ba mÆ°Æ¡i phÃºt, Ä‘á»“ng há»“
ğŸ•¥	10, 10:30, ba mÆ°Æ¡i, mÆ°á»i, mÆ°á»i giá» ba mÆ°Æ¡i phÃºt, Ä‘á»“ng há»“
ğŸ•¦	11, 11:30, ba mÆ°Æ¡i, mÆ°á»i má»™t, mÆ°á»i má»™t giá» ba mÆ°Æ¡i phÃºt, Ä‘á»“ng há»“
ğŸŒ‘	bÃ³ng tá»‘i, máº·t trÄƒng, trÄƒng non
ğŸŒ’	lÆ°á»¡i liá»m, máº·t trÄƒng, trÃ²n dáº§n, trÄƒng lÆ°á»¡i liá»m Ä‘áº§u thÃ¡ng
ğŸŒ“	máº·t trÄƒng, pháº§n tÆ°, trÄƒng thÆ°á»£ng huyá»n
ğŸŒ”	máº·t trÄƒng, trÃ²n dáº§n, trÄƒng khuyáº¿t
ğŸŒ–	cuá»‘i thÃ¡ng, máº·t trÄƒng, trÄƒng khuyáº¿t, trÄƒng khuyáº¿t cuá»‘i thÃ¡ng
ğŸŒ—	máº·t trÄƒng, pháº§n tÆ°, trÄƒng háº¡ huyá»n
ğŸŒ˜	cuá»‘i thÃ¡ng, lÆ°á»¡i liá»m, máº·t trÄƒng, trÄƒng lÆ°á»¡i liá»m cuá»‘i thÃ¡ng
ğŸŒ™	lÆ°á»¡i liá»m, máº·t trÄƒng, trÄƒng lÆ°á»¡i liá»m
ğŸŒš	máº·t, máº·t trÄƒng, máº·t trÄƒng non
ğŸŒ›	khuÃ´n máº·t, máº·t trÄƒng, pháº§n tÆ°, trÄƒng thÆ°á»£ng huyá»n hÃ¬nh máº·t ngÆ°á», trÄƒng thÆ°á»£ng huyá»n hÃ¬nh máº·t ngÆ°á»i
ğŸŒ	khuÃ´n máº·t trÄƒng trÃ²n, máº·t, máº·t trÄƒng, sÃ¡ng, trÃ²n
ğŸŒ	máº·t, máº·t trá»i, máº·t trá»i cÃ³ hÃ¬nh máº·t ngÆ°á»i, sÃ¡ng
ğŸŒŸ	chiáº¿u sÃ¡ng, láº¥p lÃ¡nh, ngÃ´i sao, ngÃ´i sao láº¥p lÃ¡nh, phÃ¡t sÃ¡ng
ğŸŒ 	ngÃ´i sao, phÃ³ng, rÆ¡i, sao bÄƒng
ğŸŒ€	bÃ£o, choÃ¡ng vÃ¡ng, hÃ¬nh lá»‘c xoÃ¡y, xoÃ¡y
ğŸŒˆ	cáº§u vá»“ng, mÆ°a
ğŸŒ‚	chiáº¿c Ã´, mÆ°a, quáº§n Ã¡o, Ã´ Ä‘Ã£ Ä‘Ã³ng
ğŸ”¥	dá»¥ng cá»¥, lá»­a, ngá»n lá»­a
ğŸ’§	giá»t nÆ°á»›c, hÃ i hÆ°á»›c, láº¡nh, má»“ hÃ´i, rÆ¡i
ğŸŒŠ	nÆ°á»›c, sÃ³ng, sÃ³ng nÆ°á»›c, Ä‘áº¡i dÆ°Æ¡ng
ğŸƒ	halloween, lá»… ká»· niá»‡m, lá»“ng, lá»“ng Ä‘Ã¨n bÃ­ ngÃ´, Ä‘Ã¨n lá»“ng, Ä‘Ã¨n lá»“ng bÃ­ ngÃ´
ğŸ„	cÃ¢y, cÃ¢y thÃ´ng noel, giÃ¡ng sinh, lá»… ká»· niá»‡m
ğŸ†	lá»… ká»· niá»‡m, phÃ¡o hoa
ğŸ‡	chÃ³i sÃ¡ng, lá»… ká»· niá»‡m, phÃ¡o bÃ´ng, phÃ¡o hoa
ğŸ§¨	ná»•, phÃ¡o, phÃ¡o hoa, thuá»‘c ná»•
âœ¨	láº¥p lÃ¡nh, ngÃ´i sao, Ã¡nh láº¥p lÃ¡nh
ğŸˆ	bÃ³ng bay, lá»… ká»· niá»‡m
ğŸ‰	buá»•i tiá»‡c, lá»… ká»· niá»‡m, phÃ¡o bÃ´ng sinh nháº­t, phÃ¡o giáº¥y buá»•i tiá»‡c
ğŸŠ	bÃ³ng hoa giáº¥y, lá»… ká»· niá»‡m, quáº£ bÃ³ng
ğŸ‹	biá»ƒu ngá»¯, cÃ¢y, cÃ¢y tanabata, kiá»ƒu nháº­t báº£n, lá»… ká»· niá»‡m
ğŸ	cÃ¢y thÃ´ng, cÃ¢y tre, kiá»ƒu nháº­t báº£n, lá»… ká»· niá»‡m, trang trÃ­ cÃ¢y thÃ´ng
ğŸ	bÃºp bÃª, bÃºp bÃª Nháº­t Báº£n, kiá»ƒu nháº­t báº£n, lá»… há»™i, lá»… ká»· niá»‡m
ğŸ	cÃ¡ chÃ©p, cá» cÃ¡ chÃ©p, cá» dáº£i, lá»… ká»· niá»‡m
ğŸ	chuÃ´ng, chuÃ´ng giÃ³, giÃ³, kÃªu vang, lá»… ká»· niá»‡m
ğŸ‘	ká»· niá»‡m, lá»… ká»· niá»‡m, lá»… ngáº¯m trÄƒng, máº·t trÄƒng
ğŸ§§	bao lÃ¬ xÃ¬, chÃºc may máº¯n, há»“ng bao, lÃ¬ xÃ¬, quÃ  táº·ng, tiá»n
ğŸ€	lá»… ká»· niá»‡m, ruy bÄƒng
ğŸ	gÃ³i quÃ , há»™p, lá»… ká»· niá»‡m, quÃ , quÃ  táº·ng
ğŸ«	vÃ o cá»­a, vÃ©
ğŸ…	huy chÆ°Æ¡ng, huy chÆ°Æ¡ng thá»ƒ thao
ğŸ¥‡	huy chÆ°Æ¡ng, huy chÆ°Æ¡ng vÃ ng, nháº¥t, vÃ ng
ğŸ¥ˆ	báº¡c, hai, huy chÆ°Æ¡ng, huy chÆ°Æ¡ng báº¡c
ğŸ¥‰	ba, huy chÆ°Æ¡ng, huy chÆ°Æ¡ng Ä‘á»“ng, Ä‘á»“ng
ğŸ¥	bao tay, bÃ³ng, bÃ³ng má»m, nÃ©m bÃ³ng dÆ°á»›i vai
ğŸ€	bÃ³ng rá»•, quáº£ bÃ³ng, vÃ²ng
ğŸ	bÃ³ng chuyá»n, quáº£ bÃ³ng, trÃ² chÆ¡i
ğŸˆ	bÃ³ng báº§u dá»¥c, bÃ³ng báº§u dá»¥c Má»¹, ngÆ°á»i Má»¹, quáº£ bÃ³ng
ğŸ‰	bÃ³ng báº§u dá»¥c, bÃ³ng Ä‘Ã¡, quáº£ bÃ³ng
ğŸ¾	cÃ¡i vá»£t, quáº£ bÃ³ng, quáº§n vá»£t
ğŸ¥	nÃ©m Ä‘Ä©a, Ä‘Ä©a bay trÃ² chÆ¡i
ğŸ³	bowling, quáº£ bÃ³ng, trÃ² chÆ¡i
ğŸ	gáº­y Ä‘Ã¡nh bÃ³ng, quáº£ bÃ³ng, trÃ² chÆ¡i, trÃ² chÆ¡i cricket
ğŸ‘	cÃ¢y gáº­y, khÃºc cÃ´n cáº§u trÃªn cá», quáº£ bÃ³ng, sÃ¢n, trÃ² chÆ¡i
ğŸ’	bÄƒng, gáº­y, khÃºc cÃ´n cáº§u, khÃºc cÃ´n cáº§u trÃªn bÄƒng, tráº­n Ä‘áº¥u
ğŸ¥	bÃ³ng, bÃ³ng vá»£t, gÃ´n, gáº­y
ğŸ“	bÃ³ng bÃ n, gáº­y, quáº£ bÃ³ng, trÃ² chÆ¡i, vá»£t Ä‘Ã¡nh bÃ³ng
ğŸ¸	cáº§u lÃ´ng, ká»¹ thuáº­t ghi, trÃ¡i cáº§u lÃ´ng, trÃ² chÆ¡i, vá»£t
ğŸ¥Š	gÄƒng tay, gÄƒng tay quyá»n anh, quyá»n anh
ğŸ¥‹	judo, karate, taekwondo, thá»ƒ thao, vÃµ thuáº­t, Ä‘á»“ng phá»¥c, Ä‘á»“ng phá»¥c vÃµ thuáº­t
ğŸ¥…	khung thÃ nh, lÆ°á»›i
ğŸ£	cÃ¡, cáº§n cÃ¢u, cáº§n cÃ¢u cÃ¡
ğŸ½	cháº¡y bá»™, khÄƒn quÃ ng vai, Ã¡o cháº¡y bá»™, Ã¡o sÆ¡ mi
ğŸ¿	trÆ°á»£t tuyáº¿t, tuyáº¿t, vÃ¡n trÆ°á»£t tuyáº¿t
ğŸ›·	xe trÆ°á»£t tuyáº¿t, Ä‘i xe trÆ°á»£t tuyáº¿t
ğŸ¥Œ	bi Ä‘Ã¡ trÃªn bÄƒng, trÃ² chÆ¡i, Ä‘Ã¡
ğŸ¯	há»“ng tÃ¢m, má»¥c tiÃªu, phi tiÃªu, trÃ² chÆ¡i, trÃºng Ä‘Ã­ch
ğŸ±	8, bi-a 8 bÃ³ng, bida, quáº£ bÃ³ng, trÃ² chÆ¡i, tÃ¡m
ğŸ”®	dá»¥ng cá»¥, giáº£ tÆ°á»Ÿng, pha lÃª, quáº£ bÃ³ng, quáº£ cáº§u pha lÃª, truyá»‡n cá»• tÃ­ch, váº­n may
ğŸ§¿	bÃ¹a, bÃ¹a may máº¯n nazar, háº¡t, mÃª hoáº·c, máº¯t Ã¡c, nhÃ¬n
ğŸ°	khe, mÃ¡y giáº­t xÃ¨ng, trÃ² chÆ¡i
ğŸ²	con xÃºc xáº¯c, trÃ² chÆ¡i, trÃ² xÃºc xáº¯c
ğŸ§©	ghÃ©p hÃ¬nh, ghÃ©p vÃ o nhau, máº£nh, trÃ² ghÃ©p hÃ¬nh, Ä‘áº§u má»‘i
ğŸ§¸	gáº¥u bÃ´ng, nhá»“i bÃ´ng, váº£i lÃ´ng, Ä‘á»“ chÆ¡i
ğŸƒ	lÃ¡ bÃ i, quÃ¢n phÄƒng teo, trÃ² chÆ¡i
ğŸ´	hoa, kiá»ƒu nháº­t báº£n, quÃ¢n bÃ i hÃ¬nh hoa, thiá»‡p, trÃ² chÆ¡i
ğŸ¨	báº£ng mÃ u, báº£o tÃ ng, nghá»‡ thuáº­t, váº½
ğŸ§µ	kim, may, sá»£i chá»‰, xÃ¢u, á»•ng chá»‰
ğŸ§¶	cuá»™n, sá»£i, Ä‘an, Ä‘an báº±ng kim mÃ³c
ğŸ”‡	cÃ¡i loa, im láº·ng, khÃ´ng á»“n Ã o, táº¯t loa, táº¯t tiáº¿ng
ğŸ”‰	trung bÃ¬nh, Ã¢m lÆ°á»£ng loa trung bÃ¬nh
ğŸ”Š	lá»›n, Ã¢m lÆ°á»£ng loa cao
ğŸ“¢	loa phÃ¡t thanh, loa phÃ³ng thanh, lá»›n, Ä‘á»‹a chá»‰ cÃ´ng cá»™ng
ğŸ“£	cá»• vÅ©, loa phÃ³ng thanh
ğŸ“¯	bÆ°u chÃ­nh, bÆ°u Ä‘iá»‡n, kÃ¨n, kÃ¨n bÆ°u chÃ­nh
ğŸ””	cÃ¡i chuÃ´ng
ğŸ”•	chuÃ´ng, chuÃ´ng vá»›i dáº¥u gáº¡ch chÃ©o, cáº¥m, im láº·ng, táº¯t tiáº¿ng
ğŸ¼	báº£n nháº¡c, khuÃ´ng nháº¡c, nháº¡c
ğŸµ	nháº¡c, ná»‘t nháº¡c
ğŸ¶	cÃ¡c ná»‘t nháº¡c, nháº¡c, ná»‘t nháº¡c
ğŸ¤	karaoke, micrÃ´
ğŸ·	kÃ¨n saxophone, nháº¡c, nháº¡c cá»¥
ğŸ¸	nháº¡c, nháº¡c cá»¥, Ä‘Ã n ghi-ta
ğŸ¹	bÃ n phÃ­m, nháº¡c, nháº¡c cá»¥, phÃ­m Ä‘Ã n, Ä‘Ã n piano
ğŸº	kÃ¨n trumpet, nháº¡c, nháº¡c cá»¥
ğŸ»	nháº¡c, nháº¡c cá»¥, Ä‘Ã n violin
ğŸ¥	dÃ¹i trá»‘ng, nháº¡c, trá»‘ng
ğŸ“±	di Ä‘á»™ng, Ä‘iá»‡n thoáº¡i, Ä‘iá»‡n thoáº¡i di Ä‘á»™ng
ğŸ“²	di Ä‘á»™ng, gá»i, mÅ©i tÃªn, nháº­n, Ä‘iá»‡n thoáº¡i, Ä‘iá»‡n thoáº¡i di Ä‘á»™ng cÃ³ mÅ©i tÃªn
ğŸ“	Ä‘iá»‡n thoáº¡i, á»‘ng nghe, á»‘ng nghe Ä‘iá»‡n thoáº¡i bÃ n
ğŸ“ 	mÃ¡y fax
ğŸ”‹	pin
ğŸ”Œ	phÃ­ch cáº¯m Ä‘iá»‡n, Ä‘iá»‡n
ğŸ’½	mÃ¡y tÃ­nh, quang há»c, Ä‘Ä©a, Ä‘Ä©a mini, Ä‘Ä©a mÃ¡y tÃ­nh
ğŸ’¾	mÃ¡y tÃ­nh, má»m, Ä‘Ä©a, Ä‘Ä©a má»m
ğŸ“€	chuáº©n Ä‘Ä©a quang, dvd, mÃ¡y tÃ­nh, quang, Ä‘Ä©a
ğŸ§®	bÃ n tÃ­nh, tÃ­nh toÃ¡n
ğŸ¥	mÃ¡y quay phim, phim, ráº¡p chiáº¿u phim
ğŸ“¸	mÃ¡y áº£nh, mÃ¡y áº£nh cÃ³ Ä‘Ã¨n flash, video, Ä‘Ã¨n flash
ğŸ“¼	bÄƒng, bÄƒng video, vhs, video
ğŸ”	dá»¥ng cá»¥, kÃ­nh, kÃ­nh phÃ³ng Ä‘áº¡i nghiÃªng sang trÃ¡i, phÃ³ng Ä‘áº¡i, tÃ¬m kiáº¿m
ğŸ”	dá»¥ng cá»¥, kÃ­nh, kÃ­nh lÃºp nghiÃªng sang pháº£i, kÃ­nh phÃ³ng Ä‘áº¡i nghiÃªng sang pháº£i, phÃ³ng Ä‘áº¡i, tÃ¬m kiáº¿m
ğŸ’¡	bÃ³ng Ä‘Ã¨n, hÃ i hÆ°á»›c, Ã¡nh sÃ¡ng, Ã½ tÆ°á»Ÿng, Ä‘iá»‡n
ğŸ”¦	dá»¥ng cá»¥, Ã¡nh sÃ¡ng, Ä‘iá»‡n, Ä‘Ã¨n pin
ğŸ®	quÃ¡n bar, Ä‘Ã¨n, Ä‘Ã¨n lá»“ng, Ä‘Ã¨n lá»“ng giáº¥y mÃ u Ä‘á», Ä‘á»
ğŸ“”	bÃ¬a, sÃ¡ch, sá»• ghi chÃ©p, sá»• ghi chÃ©p cÃ³ bÃ¬a trang trÃ­, trang trÃ­
ğŸ“•	sÃ¡ch, sÃ¡ch Ä‘Ã³ng, Ä‘Ã³ng
ğŸ“–	má»Ÿ, sÃ¡ch, sÃ¡ch Ä‘ang má»Ÿ
ğŸ“—	sÃ¡ch, sÃ¡ch mÃ u lá»¥c, xanh lá»¥c
ğŸ“˜	sÃ¡ch, sÃ¡ch mÃ u lam, xanh lam
ğŸ“™	mÃ u cam, sÃ¡ch, sÃ¡ch mÃ u cam
ğŸ““	sá»• ghi chÃ©p
ğŸ“’	sá»• cÃ¡i, sá»• ghi chÃ©p
ğŸ“ƒ	quÄƒn, trang, trang bá»‹ quÄƒn, tÃ i liá»‡u
ğŸ“œ	cuá»™n giáº¥y, cuá»™n sÃ¡ch, giáº¥y
ğŸ“„	trang, trang hÆ°á»›ng lÃªn trÃªn, tÃ i liá»‡u
ğŸ“°	bÃ¡o, táº¡p chÃ­
ğŸ—	bÃ¡o, cuá»™n, táº¡p chÃ­, tá» bÃ¡o Ä‘Æ°á»£c cuá»™n trÃ²n
ğŸ“‘	dáº¥u trang, tab, tab dáº¥u trang, Ä‘Ã¡nh dáº¥u
ğŸ”–	Ä‘Ã¡nh dáº¥u, Ä‘Ã¡nh dáº¥u trang
ğŸ’´	hoÃ¡ Ä‘Æ¡n, tiá»n, tiá»n giáº¥y, tiá»n giáº¥y yÃªn, tiá»n tá»‡, yÃªn
ğŸ’µ	hoÃ¡ Ä‘Æ¡n, tiá»n, tiá»n giáº¥y, tiá»n giáº¥y Ä‘Ã´ la, tiá»n tá»‡, Ä‘Ã´ la
ğŸ’¶	euro, hoÃ¡ Ä‘Æ¡n, tiá»n, tiá»n giáº¥y, tiá»n giáº¥y euro, tiá»n tá»‡
ğŸ’·	báº£ng, hoÃ¡ Ä‘Æ¡n, tiá»n, tiá»n giáº¥y, tiá»n giáº¥y báº£ng, tiá»n tá»‡
ğŸ’¸	bay, cÃ¡nh, tiá»n cÃ³ cÃ¡nh, tiá»n giáº¥y, Ä‘Ã´ la
ğŸ§¾	biÃªn nháº­n, chá»©ng tá»«, ghi sá»• sÃ¡ch, giáº¥y tá» chá»©ng thá»±c, káº¿ toÃ¡n
ğŸ’¹	biá»ƒu Ä‘á»“, biá»ƒu Ä‘á»“ Ä‘á»“ng yÃªn tÄƒng, tiá»n, tÄƒng, yÃªn
ğŸ’±	ngÃ¢n hÃ ng, tiá»n, tiá»n tá»‡, Ä‘á»•i tiá»n
ğŸ’²	kÃ½ hiá»‡u Ä‘Ã´ la Ä‘áº­m, tiá»n, tiá»n tá»‡, Ä‘Ã´ la
ğŸ“§	email, thÆ°
ğŸ“¨	email, nháº­n, phong bÃ¬, phong bÃ¬ thÆ° Ä‘áº¿n, thÆ°, thÆ° Ä‘áº¿n
ğŸ“©	email, mÅ©i tÃªn, phong bÃ¬, phong bÃ¬ vá»›i mÅ©i tÃªn, thÆ° Ä‘i
ğŸ“®	hÃ²m thÆ°, há»™p thÆ°, thÆ°
ğŸ“	bÃºt chÃ¬, sá»• ghi nhá»›
ğŸ’¼	cáº·p tÃ i liá»‡u
ğŸ“	thÆ° má»¥c, thÆ° má»¥c tá»‡p, tá»‡p
ğŸ“‚	má»Ÿ, thÆ° má»¥c, thÆ° má»¥c tá»‡p má»Ÿ, tá»‡p
ğŸ“…	lá»‹ch, ngÃ y
ğŸ“†	lá»‹ch, quyá»ƒn lá»‹ch bloc
ğŸ“‡	chá»‰ má»¥c, chá»‰ má»¥c tháº», há»™p danh thiáº¿p, tháº»
ğŸ“ˆ	biá»ƒu Ä‘á»“, biá»ƒu Ä‘á»“ tÄƒng, tÄƒng lÃªn, tÄƒng trÆ°á»Ÿng, xu hÆ°á»›ng, Ä‘á»“ thá»‹
ğŸ“‰	biá»ƒu Ä‘á»“, biá»ƒu Ä‘á»“ giáº£m, xu hÆ°á»›ng, xuá»‘ng, Ä‘á»“ thá»‹
ğŸ“Š	biá»ƒu Ä‘á»“, biá»ƒu Ä‘á»“ thanh, thanh, Ä‘á»“ thá»‹
ğŸ“Œ	cÃ¡i ghim, Ä‘inh ghim
ğŸ“	ghim, Ä‘inh ghim, Ä‘inh ghim hÃ¬nh trÃ²n
ğŸ“	káº¹p giáº¥y
ğŸ“	cáº¡nh tháº³ng, thÆ°á»›c káº», thÆ°á»›c tháº³ng
ğŸ“	bá»™, tam giÃ¡c, thÆ°á»›c káº», thÆ°á»›c tam giÃ¡c
ğŸ”	bÃºt, khÃ³a, khÃ³a vá»›i bÃºt, má»±c, ngÃ²i bÃºt, riÃªng tÆ°
ğŸ”	báº£o máº­t, chÃ¬a, khÃ³a, khÃ³a vá»›i chÃ¬a, Ä‘Ã³ng
ğŸ”‘	chÃ¬a khÃ³a, khÃ³a, máº­t kháº©u
ğŸ”¨	bÃºa, dá»¥ng cá»¥
ğŸ”«	dá»¥ng cá»¥, sÃºng, sÃºng gáº¯n, sÃºng lá»¥c, sÃºng lá»¥c á»• quay, vÅ© khÃ­
ğŸ¹	NhÃ¢n MÃ£, cung, cung hoÃ ng Ä‘áº¡o, cung thá»§, cung tÃªn, mÅ©i tÃªn
ğŸ”§	chÃ¬a váº·n, cá» lÃª, dá»¥ng cá»¥
ğŸ”©	bu lÃ´ng, dá»¥ng cá»¥, Ä‘ai á»‘c, Ä‘ai á»‘c vÃ  bu lÃ´ng
ğŸ”—	máº¯t xÃ­ch
ğŸ§°	dá»¥ng cá»¥, hÃ²m, há»™p dá»¥ng cá»¥, thá»£ mÃ¡y
ğŸ§²	mÃ³ng ngá»±a, nam chÃ¢m, sá»©c hÃºt, tá»« tÃ­nh
ğŸ§ª	hÃ³a há»c, khoa há»c, nhÃ  hÃ³a há»c, phÃ²ng thÃ­ nghiá»‡m, thÃ­ nghiá»‡m, á»‘ng nghiá»‡m
ğŸ§«	nhÃ  sinh váº­t há»c, nuÃ´i cáº¥y, phÃ²ng thÃ­ nghiá»‡m, sinh váº­t há»c, vi khuáº©n, Ä‘Ä©a petri
ğŸ§¬	adn, di truyá»n, gien, nhÃ  sinh váº­t há»c, sá»± sá»‘ng, tiáº¿n hÃ³a
ğŸ”¬	dá»¥ng cá»¥, khoa há»c, kÃ­nh hiá»ƒn vi, kÃ­nh hiá»ƒn vá»‹
ğŸ”­	dá»¥ng cá»¥, khoa há»c, kÃ­nh viá»…n vá»ng
ğŸ“¡	vá»‡ tinh, Äƒng-ten, Äƒng-ten vá»‡ tinh, Ä‘Ä©a
ğŸ’‰	bá»‡nh, kim, thuá»‘c, tiÃªm, á»‘ng tiÃªm
ğŸ’Š	bÃ¡c sÄ©, bá»‡nh, thuá»‘c, viÃªn thuá»‘c
ğŸšª	cá»­a
ğŸš½	bá»‡ xÃ­, bá»“n cáº§u
ğŸš¿	nÆ°á»›c, vÃ²i hoa sen
ğŸ›	bá»“n táº¯m, táº¯m
ğŸ§´	chai sá»¯a dÆ°á»¡ng da, dáº§u gá»™i, kem chá»‘ng náº¯ng, kem dÆ°á»¡ng áº©m, sá»¯a dÆ°á»¡ng da
ğŸ§·	cháº¥t tháº£i, ghim bÄƒng, tÃ£
ğŸ§¹	cÃ¢y chá»•i, lÃ m sáº¡ch, phÃ¹ thá»§y, quÃ©t
ğŸ§º	cÃ¡i giá», dÃ£ ngoáº¡i, giáº·t á»§i, trá»“ng trá»t
ğŸ§»	cuá»™n giáº¥y, giáº¥y toilet, giáº¥y vá»‡ sinh
ğŸ§¼	bÃ¡nh, táº¯m, vá»‡ sinh, xÃ  phÃ²ng, xÃ  phÃ²ng bÃ¡nh, xÃ¡t xÃ  phÃ²ng
ğŸ§½	bá»t biá»ƒn, hÃºt, háº¥p thá»¥, lÃ m sáº¡ch, vá»‡ sinh, xá»‘p
ğŸ§¯	bÃ¬nh chá»¯a chÃ¡y, chá»¯a chÃ¡y, cá»©u há»a, dáº­p, dáº­p táº¯t, lá»­a
ğŸ›’	mua hÃ ng, xe mua hÃ ng, xe Ä‘áº©y
ğŸš¬	hÃºt thuá»‘c, thuá»‘c lÃ¡
ğŸ—¿	bá»©c tÆ°á»£ng, khuÃ´n máº·t, tÆ°á»£ng moai, tÆ°á»£ng moyai
ğŸ§	atm, kÃ½ hiá»‡u ATM, mÃ¡y rÃºt tiá»n, ngÃ¢n hÃ ng, tá»± Ä‘á»™ng
ğŸš®	kÃ½ hiá»‡u bá» rÃ¡c vÃ o thÃ¹ng, thÃ¹ng rÃ¡c, xáº£ rÃ¡c
ğŸš°	nÆ°á»›c, nÆ°á»›c uá»‘ng, uá»‘ng, uá»‘ng Ä‘Æ°á»£c
ğŸš»	nhÃ  vá»‡ sinh, phÃ²ng vá»‡ sinh, wc
ğŸš¾	WC, nhÃ  vá»‡ sinh, nÆ°á»›c, phÃ²ng vá»‡ sinh, wc
ğŸ›‚	há»™ chiáº¿u, kiá»ƒm soÃ¡t, kiá»ƒm soÃ¡t há»™ chiáº¿u
ğŸ›ƒ	háº£i quan
ğŸ›„	hÃ nh lÃ½, nháº­n, nÆ¡i nháº­n hÃ nh lÃ½
ğŸ›…	hÃ nh lÃ½, hÃ nh lÃ½ bá» quÃªn, tá»§ khÃ³a
ğŸš¸	cho ngÆ°á»i Ä‘i bá»™, giao thÃ´ng, qua Ä‘Æ°á»ng cho tráº» em, tráº» em, Ä‘i qua
ğŸš«	bá»‹ cáº¥m, cáº¥m, khÃ´ng, khÃ´ng cÃ³, lá»‘i vÃ o
ğŸš³	bá»‹ cáº¥m, bá»‹ nghiÃªm cáº¥m, cáº¥m xe Ä‘áº¡p, khÃ´ng, xe Ä‘áº¡p
ğŸš¯	bá»‹ cáº¥m, bá»‹ nghiÃªm cáº¥m, cáº¥m xáº£ rÃ¡c, khÃ´ng, xáº£ rÃ¡c
ğŸš±	khÃ´ng dÃ¹ng Ä‘á»ƒ uá»‘ng, khÃ´ng uá»‘ng Ä‘Æ°á»£c, nÆ°á»›c, nÆ°á»›c khÃ´ng uá»‘ng Ä‘Æ°á»£c
ğŸš·	cáº¥m, cáº¥m ngÆ°á»i Ä‘i bá»™, khÃ´ng, khÃ´ng cho phÃ©p, khÃ´ng cÃ³, ngÆ°á»i Ä‘i bá»™
ğŸ“µ	cáº¥m, cáº¥m Ä‘iá»‡n thoáº¡i di Ä‘á»™ng, di Ä‘á»™ng, khÃ´ng, Ä‘iá»‡n thoáº¡i, Ä‘iá»‡n thoáº¡i di Ä‘á»™ng
ğŸ”	18, cáº¥m, cáº¥m ngÆ°á»i dÆ°á»›i 18 tuá»•i, giá»›i háº¡n Ä‘á»™ tuá»•i, mÆ°á»i tÃ¡m, vá»‹ thÃ nh niÃªn
ğŸ”ƒ	chiá»u kim Ä‘á»“ng há»“, mÅ©i tÃªn, mÅ©i tÃªn tháº³ng Ä‘á»©ng theo chiá»u kim Ä‘á»“ng há»“, táº£i láº¡i
ğŸ”„	mÅ©i tÃªn, ngÆ°á»£c chiá»u kim Ä‘á»“ng, nÃºt mÅ©i tÃªn ngÆ°á»£c chiá»u kim Ä‘á»“ng há»“
ğŸ”™	back, mÅ©i tÃªn, mÅ©i tÃªn BACK
ğŸ”š	end, mÅ©i tÃªn, mÅ©i tÃªn END
ğŸ”›	dáº¥u, mÅ©i tÃªn, mÅ©i tÃªn ON!, on
ğŸ”œ	mÅ©i tÃªn, mÅ©i tÃªn SOON, soon
ğŸ”	lÃªn, mÅ©i tÃªn, mÅ©i tÃªn TOP, top
ğŸ›	nÆ¡i thá» phá»¥ng, tÃ´n giÃ¡o, tÃ´n sÃ¹ng
ğŸ•	cÃ¢y Ä‘Ã¨n menorah, cÃ¢y Ä‘Ã¨n náº¿n, giÃ¡ Ä‘á»¡ náº¿n, tÃ´n giÃ¡o
ğŸ”¯	may máº¯n, ngÃ´i sao, ngÃ´i sao sÃ¡u cÃ¡nh cÃ³ dáº¥u cháº¥m
â›	XÃ  Phu, con ráº¯n, cung hoÃ ng Ä‘áº¡o, ngÆ°á»i mang, ráº¯n
ğŸ”€	báº¯t chÃ©o, mÅ©i tÃªn, nÃºt xÃ¡o trá»™n bÃ i
ğŸ”	chiá»u kim Ä‘á»“ng há»“, láº·p láº¡i, mÅ©i tÃªn, nÃºt láº·p láº¡i
ğŸ”‚	chiá»u kim Ä‘á»“ng há»“, mÅ©i tÃªn, má»™t láº§n, nÃºt láº·p láº¡i má»™t láº§n
â–¶	bÃªn pháº£i, mÅ©i tÃªn, nÃºt phÃ¡t, phÃ¡t, tam giÃ¡c
â©	kÃ©p, mÅ©i tÃªn, nhanh, nÃºt tua Ä‘i nhanh, phÃ­a trÆ°á»›c
â­	bÃ i tiáº¿p theo, cáº£nh tiáº¿p theo, mÅ©i tÃªn, nÃºt bÃ i tiáº¿p theo, tam giÃ¡c
â¯	bÃªn pháº£i, mÅ©i tÃªn, nÃºt phÃ¡t hoáº·c táº¡m dá»«ng, phÃ¡t, tam giÃ¡c, táº¡m dá»«ng
â—€	mÅ©i tÃªn, nÃºt tua láº¡i, tam giÃ¡c, trÃ¡i, tua láº¡i
âª	kÃ©p, mÅ©i tÃªn, nÃºt tua láº¡i nhanh, tua láº¡i
â®	bÃ i trÆ°á»›c, cáº£nh trÆ°á»›c, mÅ©i tÃªn, nÃºt bÃ i cuá»‘i cÃ¹ng, nÃºt bÃ i trÆ°á»›c, tam giÃ¡c
ğŸ”¼	mÅ©i tÃªn, nÃºt, nÃºt Ä‘i lÃªn, Ä‘á»
â«	kÃ©p, mÅ©i tÃªn, nÃºt lÃªn nhanh
ğŸ”½	mÅ©i tÃªn, nÃºt, nÃºt Ä‘i xuá»‘ng, xuá»‘ng, Ä‘á»
â¬	kÃ©p, mÅ©i tÃªn, nÃºt xuá»‘ng nhanh, xuá»‘ng
ğŸ¦	bá»™ phim, mÃ¡y áº£nh, phim áº£nh, ráº¡p chiáº¿u phim
ğŸ”…	má», nÃºt má», tháº¥p, Ä‘á»™ sÃ¡ng
ğŸ”†	nÃºt sÃ¡ng, sÃ¡ng, Ä‘á»™ sÃ¡ng
ğŸ“¶	di Ä‘á»™ng, váº¡ch, váº¡ch Äƒng-ten, Äƒng-ten, Ä‘iá»‡n thoáº¡i
ğŸ“³	cháº¿ Ä‘á»™, cháº¿ Ä‘á»™ rung, di Ä‘á»™ng, rung, Ä‘iá»‡n thoáº¡i, Ä‘iá»‡n thoáº¡i di Ä‘á»™ng
ğŸ“´	di Ä‘á»™ng, táº¯t, táº¯t Ä‘iá»‡n thoáº¡i di Ä‘á»™ng, Ä‘iá»‡n thoáº¡i
âšœ	hoa bÃ¡ch há»£p, hoa diÃªn vÄ©
ğŸ”±	biá»ƒu tÆ°á»£ng, biá»ƒu tÆ°á»£ng Ä‘inh ba, cÃ´ng cá»¥, neo, tÃ u, Ä‘inh ba
ğŸ“›	tháº», tháº» tÃªn, tÃªn
ğŸ”°	Nháº­t, hÃ¬nh V, kÃ½ hiá»‡u cá»§a Nháº­t cho ngÆ°á»i má»›i báº¯t Ä‘áº§u, lÃ¡, ngÆ°á»i má»›i báº¯t Ä‘áº§u
âœ…	chá»n, dáº¥u, dáº¥u chá»n Ä‘áº­m mÃ u tráº¯ng
âŒ	dáº¥u, dáº¥u gáº¡ch chÃ©o, há»§y, nhÃ¢n, x
â	dáº¥u, hÃ¬nh vuÃ´ng, nÃºt dáº¥u gáº¡ch chÃ©o
â•	dáº¥u cá»™ng, dáº¥u cá»™ng Ä‘áº­m, toÃ¡n
â–	dáº¥u trá»«, dáº¥u trá»« Ä‘áº­m, toÃ¡n
â—	dáº¥u chia, dáº¥u chia Ä‘áº­m, toÃ¡n
â°	cong, vÃ²ng láº·p
â¿	cong, kÃ©p, vÃ²ng láº·p, vÃ²ng láº·p Ä‘Ã´i
â”	cháº¥m, cháº¥m cÃ¢u, dáº¥u cháº¥m há»i mÃ u tráº¯ng, dáº¥u há»i, má»
â•	cháº¥m, cáº£m thÃ¡n, dáº¥u, dáº¥u cháº¥m than mÃ u tráº¯ng, má»
ğŸ’¯	100, 100 Ä‘iá»ƒm, má»™t trÄƒm, toÃ n bá»™, Ä‘iá»ƒm
ğŸ” 	ABCD, chá»¯, chá»¯ hoa, la tinh, nháº­p, nháº­p chá»¯ hoa la tinh
ğŸ”¡	abcd, chá»¯, chá»¯ thÆ°á»ng, la tinh, nháº­p, nháº­p chá»¯ thÆ°á»ng la tinh
ğŸ”¢	1234, nháº­p, nháº­p sá»‘, sá»‘
ğŸ”£	nháº­p, nháº­p biá»ƒu tÆ°á»£ng, ã€’â™ª&%
ğŸ”¤	abc, báº£ng chá»¯ cÃ¡i, chá»¯ cÃ¡i, la tinh, nháº­p, nháº­p chá»¯ cÃ¡i la tinh
ğŸ†	ab, nhÃ³m mÃ¡u, nÃºt AB (nhÃ³m mÃ¡u)
ğŸ†‘	cl, nÃºt CL
ğŸ†’	cool, nÃºt COOL
ğŸ†“	free, nÃºt FREE
ğŸ†”	danh tÃ­nh, id, nÃºt ID
ğŸ†•	new, nÃºt NEW
ğŸ†–	ng, nÃºt NG
ğŸ†—	nÃºt OK, ok
ğŸ†˜	nÃºt SOS, sos, trá»£ giÃºp
ğŸ†™	dáº¥u, nÃºt UP!, up
ğŸ†š	nÃºt VS, vs, Ä‘áº¥u vá»›i
ğŸˆ	Tiáº¿ng Nháº­t, katakana, nÃºt Tiáº¿ng Nháº­t â€œtáº¡i Ä‘Ã¢yâ€, â€œtáº¡i Ä‘Ã¢yâ€
ğŸˆ·	Tiáº¿ng Nháº­t, chá»¯ tÆ°á»£ng hÃ¬nh, nÃºt Tiáº¿ng Nháº­t â€œsá»‘ tiá»n hÃ ng thÃ¡ngâ€, â€œsá»‘ tiá»n hÃ ng thÃ¡ngâ€
ğŸˆ¶	Tiáº¿ng Nháº­t, chá»¯ tÆ°á»£ng hÃ¬nh, nÃºt Tiáº¿ng Nháº­t â€œkhÃ´ng miá»…n phÃ­â€, â€œkhÃ´ng miá»…n phÃ­â€
ğŸˆ¯	Tiáº¿ng Nháº­t, chá»¯ tÆ°á»£ng hÃ¬nh, nÃºt Tiáº¿ng Nháº­t â€œÄ‘áº·t trÆ°á»›câ€, â€œÄ‘áº·t trÆ°á»›câ€
ğŸ‰	Tiáº¿ng Nháº­t, chá»¯ tÆ°á»£ng hÃ¬nh, nÃºt Tiáº¿ng Nháº­t â€œmáº·c cáº£â€, â€œmáº·c cáº£â€
ğŸˆ¹	Tiáº¿ng Nháº­t, chá»¯ tÆ°á»£ng hÃ¬nh, nÃºt Tiáº¿ng Nháº­t â€œgiáº£m giÃ¡â€, â€œgiáº£m giÃ¡â€
ğŸˆš	Tiáº¿ng Nháº­t, chá»¯ tÆ°á»£ng hÃ¬nh, nÃºt Tiáº¿ng Nháº­t â€œmiá»…n phÃ­â€, â€œmiá»…n phÃ­â€
ğŸˆ²	Tiáº¿ng Nháº­t, chá»¯ tÆ°á»£ng hÃ¬nh, nÃºt Tiáº¿ng Nháº­t â€œbá»‹ cáº¥mâ€, â€œbá»‹ cáº¥mâ€
ğŸ‰‘	Tiáº¿ng Nháº­t, chá»¯ tÆ°á»£ng hÃ¬nh, nÃºt Tiáº¿ng Nháº­t â€œcÃ³ thá»ƒ cháº¥p nháº­nâ€, â€œcÃ³ thá»ƒ cháº¥p nháº­nâ€
ğŸˆ¸	Tiáº¿ng Nháº­t, chá»¯ tÆ°á»£ng hÃ¬nh, nÃºt Tiáº¿ng Nháº­t â€œÄ‘Æ¡n xinâ€, â€œÄ‘Æ¡n xinâ€
ğŸˆ´	Tiáº¿ng Nháº­t, chá»¯ tÆ°á»£ng hÃ¬nh, nÃºt Tiáº¿ng Nháº­t â€œvÆ°á»£t cáº¥pâ€, â€œvÆ°á»£t cáº¥pâ€
ğŸˆ³	Tiáº¿ng Nháº­t, chá»¯ tÆ°á»£ng hÃ¬nh, nÃºt Tiáº¿ng Nháº­t â€œcÃ²n trá»‘ngâ€, â€œcÃ²n trá»‘ngâ€
ğŸˆº	Tiáº¿ng Nháº­t, chá»¯ tÆ°á»£ng hÃ¬nh, nÃºt Tiáº¿ng Nháº­t â€œmá»Ÿ cá»­a kinh doanhâ€, â€œmá»Ÿ cá»­a kinh doanhâ€
ğŸˆµ	Tiáº¿ng Nháº­t, chá»¯ tÆ°á»£ng hÃ¬nh, nÃºt "háº¿t phÃ²ng" báº±ng tiáº¿ng Nháº­t, nÃºt Tiáº¿ng Nháº­t â€œháº¿t phÃ²ngâ€, â€œháº¿t phÃ²ngâ€
ğŸ”´	hÃ¬nh há»c, hÃ¬nh trÃ²n, hÃ¬nh trÃ²n mÃ u Ä‘á», Ä‘á»
ğŸ”µ	hÃ¬nh há»c, hÃ¬nh trÃ²n, hÃ¬nh trÃ²n mÃ u lam, mÃ u lam
ğŸ”¶	hÃ¬nh há»c, hÃ¬nh thoi, hÃ¬nh thoi lá»›n mÃ u cam, mÃ u cam
ğŸ”·	hÃ¬nh há»c, hÃ¬nh thoi, hÃ¬nh thoi lá»›n mÃ u lam, mÃ u lam
ğŸ”¸	hÃ¬nh há»c, hÃ¬nh thoi, hÃ¬nh thoi nhá» mÃ u cam, mÃ u cam
ğŸ”¹	hÃ¬nh há»c, hÃ¬nh thoi, hÃ¬nh thoi nhá» mÃ u lam, mÃ u lam
ğŸ”º	hÃ¬nh há»c, mÃ u Ä‘á», tam giÃ¡c mÃ u Ä‘á» trá» lÃªn trÃªn
ğŸ”»	hÃ¬nh há»c, tam giÃ¡c mÃ u Ä‘á» trá» xuá»‘ng dÆ°á»›i, xuá»‘ng, Ä‘á»
ğŸ’ 	bÃªn trong, hÃ i hÆ°á»›c, hÃ¬nh há»c, hÃ¬nh thoi, hÃ¬nh thoi cÃ³ cháº¥m, hÃ¬nh thoi cÃ³ dáº¥u cháº¥m
ğŸ”˜	hÃ¬nh há»c, nÃºt, nÃºt radio, radio
ğŸ”²	hÃ¬nh há»c, hÃ¬nh vuÃ´ng, nÃºt, nÃºt hÃ¬nh vuÃ´ng mÃ u Ä‘en
ğŸ”³	hÃ¬nh há»c, hÃ¬nh vuÃ´ng, má», nÃºt, nÃºt hÃ¬nh vuÃ´ng mÃ u tráº¯ng
ğŸ	ca rÃ´, cuá»™c Ä‘ua, cá» Ã´ vuÃ´ng
ğŸš©	cá» tam giÃ¡c, Ä‘Ã¡nh dáº¥u
ğŸŒ	báº¯t chÃ©o, cá» báº¯t chÃ©o, gáº¡ch chÃ©o, kiá»ƒu nháº­t báº£n, lá»… ká»· niá»‡m
ğŸ´	cá» Ä‘en, váº«y
ğŸ³â€ğŸŒˆ	cáº§u vá»“ng, cá» cáº§u vá»“ng
ğŸ´â€â˜ 	Jolly Roger, cÆ°á»›p biá»ƒn, cÆ°á»›p bÃ³c, cá» cÆ°á»›p biá»ƒn, háº£i táº·c, kho bÃ¡u
Â©ï¸	báº£n quyá»n
Â®ï¸	Ä‘Ã£ Ä‘Äƒng kÃ½
â€¼ï¸	cháº¥m cÃ¢u, cháº¥m than, dáº¥u, hai dáº¥u cháº¥m than
â‰ï¸	cháº¥m cÃ¢u, cháº¥m há»i, cháº¥m than, dáº¥u, dáº¥u cháº¥m than vÃ  dáº¥u cháº¥m há»i
â„¢ï¸	dáº¥u, nhÃ£n hiá»‡u, tm
â„¹ï¸	i, thÃ´ng tin
â†”ï¸	mÅ©i tÃªn, mÅ©i tÃªn trÃ¡i pháº£i
â†•ï¸	mÅ©i tÃªn, mÅ©i tÃªn lÃªn xuá»‘ng
â†–ï¸	hÆ°á»›ng, mÅ©i tÃªn, mÅ©i tÃªn lÃªn bÃªn trÃ¡i, nhiá»u hÆ°á»›ng, tÃ¢y báº¯c
â†—ï¸	hÆ°á»›ng, mÅ©i tÃªn, mÅ©i tÃªn lÃªn bÃªn pháº£i, nhiá»u hÆ°á»›ng, Ä‘Ã´ng báº¯c
â†˜ï¸	hÆ°á»›ng, mÅ©i tÃªn, mÅ©i tÃªn xuá»‘ng bÃªn pháº£i, nhiá»u hÆ°á»›ng, Ä‘Ã´ng nam
â†™ï¸	hÆ°á»›ng, mÅ©i tÃªn, mÅ©i tÃªn xuá»‘ng bÃªn trÃ¡i, nhiá»u hÆ°á»›ng, tÃ¢y nam
â†©ï¸	mÅ©i tÃªn, mÅ©i tÃªn pháº£i cong sang trÃ¡i
â†ªï¸	mÅ©i tÃªn, mÅ©i tÃªn trÃ¡i cong sang pháº£i
âŒšï¸	Ä‘á»“ng há»“, Ä‘á»“ng há»“ Ä‘eo tay
âŒ›ï¸	bá»™ Ä‘á»‹nh thá»i, cÃ¡t, Ä‘á»“ng há»“ cÃ¡t Ä‘Ã£ cháº£y háº¿t
âŒ¨ï¸	bÃ n phÃ­m, mÃ¡y tÃ­nh
âï¸	nÃºt thÃ¡o, thÃ¡o
â±ï¸	Ä‘á»“ng há»“, Ä‘á»“ng há»“ báº¥m giá»
â²ï¸	Ä‘á»“ng há»“, Ä‘á»“ng há»“ háº¹n giá»
â³ï¸	bá»™ Ä‘á»‹nh thá»i, cÃ¡t, Ä‘á»“ng há»“ cÃ¡t, Ä‘á»“ng há»“ cÃ¡t Ä‘ang cháº£y
â¸ï¸	dá»c, kÃ©p, nÃºt táº¡m dá»«ng, thanh, táº¡m dá»«ng
â¹ï¸	dá»«ng, hÃ¬nh vuÃ´ng, nÃºt dá»«ng
âºï¸	ghi láº¡i, hÃ¬nh trÃ²n, nÃºt ghi
â“‚ï¸	chá»¯ M trong vÃ²ng trÃ²n, m, vÃ²ng trÃ²n
â–ªï¸	hÃ¬nh há»c, hÃ¬nh vuÃ´ng, hÃ¬nh vuÃ´ng nhá» mÃ u Ä‘en
â–«ï¸	hÃ¬nh há»c, hÃ¬nh vuÃ´ng, hÃ¬nh vuÃ´ng nhá» mÃ u tráº¯ng
â—»ï¸	hÃ¬nh há»c, hÃ¬nh vuÃ´ng, hÃ¬nh vuÃ´ng trung bÃ¬nh mÃ u tráº¯ng
â—¼ï¸	hÃ¬nh há»c, hÃ¬nh vuÃ´ng, hÃ¬nh vuÃ´ng trung bÃ¬nh mÃ u Ä‘en
â—½ï¸	hÃ¬nh há»c, hÃ¬nh vuÃ´ng, hÃ¬nh vuÃ´ng nhá» vá»«a mÃ u tráº¯ng
â—¾ï¸	hÃ¬nh há»c, hÃ¬nh vuÃ´ng, hÃ¬nh vuÃ´ng nhá» vá»«a mÃ u Ä‘en
â˜€ï¸	máº·t trá»i, náº¯ng, sÃ¡ng, tia
â˜ï¸	thá»i tiáº¿t, Ä‘Ã¡m mÃ¢y
â˜‚ï¸	cÃ¡i Ã´, mÆ°a, quáº§n Ã¡o
â˜ƒï¸	láº¡nh, ngÆ°á»i tuyáº¿t, tuyáº¿t
â˜„ï¸	sao chá»•i, vÅ© trá»¥
â˜ï¸	Ä‘iá»‡n thoáº¡i, Ä‘iá»‡n thoáº¡i bÃ n
â˜‘ï¸	chá»n, hÃ²m, hÃ²m phiáº¿u cÃ³ dáº¥u chá»n, há»™p kiá»ƒm cÃ³ dáº¥u chá»n, phiáº¿u
â˜”ï¸	chiáº¿c Ã´, cÃ¡i Ã´ vá»›i nhá»¯ng giá»t nÆ°á»›c mÆ°a, mÆ°a, quáº§n Ã¡o, rÆ¡i
â˜•ï¸	chÆ°ng, cÃ  phÃª, nÃ³ng, trÃ , uá»‘ng, Ä‘á»“ uá»‘ng, Ä‘á»“ uá»‘ng nÃ³ng
â˜˜ï¸	cá» ba lÃ¡, thá»±c váº­t
â˜ï¸	chá»‰, lÃªn, ngÃ³n tay, ngÃ³n trá», ngÃ³n trá» chá»‰ lÃªn trÃªn, tay
â˜ ï¸	cÃ¡i cháº¿t, máº·t, quÃ¡i váº­t, xÆ°Æ¡ng chÃ©o, Ä‘áº§u lÃ¢u, Ä‘áº§u lÃ¢u xÆ°Æ¡ng chÃ©o
â˜¢ï¸	kÃ½ hiá»‡u, phÃ³ng xáº¡
â˜£ï¸	kÃ½ hiá»‡u, nguy hiá»ƒm sinh há»c
â˜¦ï¸	cÆ¡ Ä‘á»‘c, tháº­p giÃ¡, tháº­p giÃ¡ chÃ­nh thá»‘ng giÃ¡o, tÃ´n giÃ¡o
â˜ªï¸	há»“i giÃ¡o, ngÆ°á»i theo Ä‘áº¡o há»“i, sao vÃ  trÄƒng lÆ°á»¡i liá»m, tÃ´n giÃ¡o
â˜®ï¸	biá»ƒu tÆ°á»£ng hÃ²a bÃ¬nh, hÃ²a bÃ¬nh
â˜¯ï¸	dÆ°Æ¡ng, ngÆ°á»i theo Ä‘áº¡o, tÃ´n giÃ¡o, Ã¢m, Ã¢m dÆ°Æ¡ng, Ä‘áº¡o
â˜¸ï¸	bÃ¡nh xe, phÃ¡p, phÃ¡p luÃ¢n, pháº­t giÃ¡o, tÃ´n giÃ¡o
â˜¹ï¸	cau mÃ y, máº·t, máº·t cau mÃ y
â˜ºï¸	cÆ°á»i, máº·t, máº·t cÆ°á»i, thoáº£i mÃ¡i, thÆ° giÃ£n
â™€ï¸	kÃ½ hiá»‡u ná»¯, phá»¥ ná»¯
â™‚ï¸	kÃ½ hiá»‡u nam, Ä‘Ã n Ã´ng
â™ˆï¸	Báº¡ch DÆ°Æ¡ng, cung hoÃ ng Ä‘áº¡o, cá»«u Ä‘á»±c
â™‰ï¸	Kim NgÆ°u, bÃ² Ä‘á»±c, cung hoÃ ng Ä‘áº¡o
â™Šï¸	Song Tá»­, cung hoÃ ng Ä‘áº¡o, song sinh
â™‹ï¸	Cá»± Giáº£i, con cua, cung hoÃ ng Ä‘áº¡o
â™Œï¸	SÆ° Tá»­, cung hoÃ ng Ä‘áº¡o, sÆ° tá»­
â™ï¸	Xá»­ Ná»¯, cung hoÃ ng Ä‘áº¡o
â™ï¸	ThiÃªn BÃ¬nh, cung hoÃ ng Ä‘áº¡o, cÃ¢n, cÃ¢n Ä‘á»‘i, cÃ´ng báº±ng
â™ï¸	bá» cáº¡p, cung bá» cáº¡p, cung hoÃ ng Ä‘áº¡o
â™ï¸	NhÃ¢n MÃ£, cung hoÃ ng Ä‘áº¡o, ngÆ°á»i báº¯n cung
â™‘ï¸	Ma Káº¿t, con dÃª, cung hoÃ ng Ä‘áº¡o
â™’ï¸	Báº£o BÃ¬nh, cung hoÃ ng Ä‘áº¡o, ngÆ°á»i mang, nÆ°á»›c
â™“ï¸	con cÃ¡, cung hoÃ ng Ä‘áº¡o, song ngÆ°
â™Ÿï¸	bá»‹p, cÃ³ thá»ƒ má»Ÿ rá»™ng, cá», tá»‘t
â™ ï¸	bÃ i, bá»™ bÃ i bÃ­ch, bá»™ bÃ­ch, trÃ² chÆ¡i
â™£ï¸	bÃ i, bá»™ bÃ i nhÃ©p, bá»™ nhÃ©p, trÃ² chÆ¡i
â™¥ï¸	bÃ i, bá»™ bÃ i cÆ¡, bá»™ cÆ¡, trÃ² chÆ¡i
â™¦ï¸	bÃ i, bá»™ bÃ i rÃ´, bá»™ rÃ´, trÃ² chÆ¡i
â™¨ï¸	hÆ¡i nÆ°á»›c, nÃ³ng, suá»‘i, suá»‘i nÆ°á»›c nÃ³ng
â™»ï¸	biá»ƒu tÆ°á»£ng tÃ¡i cháº¿, tÃ¡i cháº¿
â™¾ï¸	mÃ£i mÃ£i, toÃ n cáº§u, vÃ´ cá»±c, vÃ´ táº­n
â™¿ï¸	biá»ƒu tÆ°á»£ng xe lÄƒn, lá»‘i vÃ o
âš’ï¸	bÃºa, bÃºa chim, bÃºa vÃ  bÃºa chim, dá»¥ng cá»¥
âš“ï¸	dá»¥ng cá»¥, má» neo, tÃ u
âš”ï¸	báº¯t chÃ©o, kiáº¿m, kiáº¿m báº¯t chÃ©o, vÅ© khÃ­
âš•ï¸	biá»ƒu tÆ°á»£ng y táº¿, cÃ¡n bá»™, ráº¯n tháº§n, y há»c
âš–ï¸	ThiÃªn BÃ¬nh, cung hoÃ ng Ä‘áº¡o, cÃ¢n, cÃ¢n thÄƒng báº±ng, cÃ´ng lÃ½, thÄƒng báº±ng
âš—ï¸	bÃ¬nh chÆ°ng cáº¥t, dá»¥ng cá»¥, hÃ³a há»c
âš™ï¸	bÃ¡nh rÄƒng, dá»¥ng cá»¥
âš›ï¸	biá»ƒu tÆ°á»£ng nguyÃªn tá»­, nguyÃªn tá»­, ngÆ°á»i vÃ´ tháº§n
âš ï¸	cáº£nh bÃ¡o
âš¡ï¸	cÃº Ä‘Ã¡nh, nguy hiá»ƒm, sÃ©t, Ä‘iá»‡n, Ä‘iá»‡n cao tháº¿
âšªï¸	hÃ¬nh há»c, hÃ¬nh trÃ²n, hÃ¬nh trÃ²n mÃ u tráº¯ng
âš«ï¸	hÃ¬nh há»c, hÃ¬nh trÃ²n, hÃ¬nh trÃ²n mÃ u Ä‘en
âš°ï¸	cÃ¡i cháº¿t, quan tÃ i
âš±ï¸	bÃ¬nh Ä‘á»±ng di cá»‘t, bÃ¬nh Ä‘á»±ng tro cá»‘t, cÃ¡i cháº¿t, tang lá»…
âš½ï¸	bÃ³ng Ä‘Ã¡, quáº£ bÃ³ng
âš¾ï¸	bÃ³ng chÃ y, quáº£ bÃ³ng
â›„ï¸	láº¡nh, ngÆ°á»i tuyáº¿t, ngÆ°á»i tuyáº¿t khÃ´ng cÃ³ tuyáº¿t, tuyáº¿t
â›…ï¸	mÃ¢y, máº·t trá»i, máº·t trá»i sau Ä‘Ã¡m mÃ¢y
â›ˆï¸	mÃ¢y, mÆ°a, sáº¥m, Ä‘Ã¡m mÃ¢y vá»›i tia chá»›p vÃ  mÆ°a
â›ï¸	bÃºa chim, dá»¥ng cá»¥, khai má»
â›‘ï¸	chá»¯ tháº­p, cÃ¡i mÅ©, cá»©u, khuÃ´n máº·t, mÅ© báº£o hiá»ƒm cá»§a lÃ­nh cá»©u há»™, nÃ³n báº£o há»™
â›“ï¸	dÃ¢y xÃ­ch
â›”ï¸	cáº¥m, cáº¥m vÃ o, giao thÃ´ng, khÃ´ng cho phÃ©p, lá»‘i vÃ o
â›©ï¸	tÃ´n giÃ¡o, Ä‘á»n thá», Ä‘á»n thá» Nháº­t Báº£n
â›ªï¸	chá»¯ tháº­p, nhÃ  thá», tÃ´n giÃ¡o, Ä‘áº¡o cÆ¡ Ä‘á»‘c
â›°ï¸	nÃºi
â›±ï¸	chiáº¿c Ã´, cÃ¡i Ã´ trÃªn máº·t Ä‘áº¥t, mÆ°a, máº·t trá»i
â›²ï¸	Ä‘Ã i phun nÆ°á»›c
â›³ï¸	cá» trong lá»—, gÃ´n, lá»—
â›´ï¸	hÃ nh khÃ¡ch, phÃ , thuyá»n
â›µï¸	biá»ƒn, du thuyá»n, khu nghá»‰ dÆ°á»¡ng, thuyá»n, thuyá»n buá»“m
â›·ï¸	ngÆ°á»i trÆ°á»£t tuyáº¿t, trÆ°á»£t tuyáº¿t, tuyáº¿t
â›¸ï¸	bÄƒng, giÃ y trÆ°á»£t bÄƒng
â›¹ï¸	ngÆ°á»i chÆ¡i bÃ³ng, quáº£ bÃ³ng
â›ºï¸	cáº¯m tráº¡i, lá»u
â›½ï¸	bÆ¡m, bÆ¡m nhiÃªn liá»‡u, khÃ­, nhiÃªn liá»‡u, tráº¡m
âœ‚ï¸	cáº¯t, dá»¥ng cá»¥, kÃ©o
âœˆï¸	mÃ¡y bay, xe cá»™
âœ‰ï¸	email, phong bÃ¬, thÆ°
âœŒï¸	chiáº¿n tháº¯ng, tay, tay chiáº¿n tháº¯ng, v
âœï¸	bÃ n tay Ä‘ang viáº¿t, tay, viáº¿t
âœï¸	bÃºt chÃ¬
âœ’ï¸	bÃºt, ngÃ²i, ngÃ²i bÃºt Ä‘en
âœ”ï¸	chá»n, dáº¥u, dáº¥u chá»n Ä‘áº­m
âœ–ï¸	dáº¥u nhÃ¢n, dáº¥u nhÃ¢n x Ä‘áº­m, há»§y, nhÃ¢n, x
âœï¸	chá»¯ tháº­p, cÆ¡ Ä‘á»‘c, thÃ¡nh giÃ¡ la-tinh, tÃ´n giÃ¡o
âœ¡ï¸	david, do thÃ¡i, ngÃ´i sao, ngÃ´i sao sÃ¡u cÃ¡nh, ngÆ°á»i do thÃ¡i, tÃ´n giÃ¡o
âœ³ï¸	dáº¥u hoa thá»‹, dáº¥u hoa thá»‹ tÃ¡m cÃ¡nh
âœ´ï¸	ngÃ´i sao tÃ¡m cÃ¡nh
â„ï¸	bÃ´ng tuyáº¿t, láº¡nh, tuyáº¿t
â‡ï¸	láº¥p lÃ¡nh
â“ï¸	cháº¥m cÃ¢u, dáº¥u, dáº¥u cháº¥m há»i, há»i
â—ï¸	cháº¥m, cáº£m thÃ¡n, dáº¥u, dáº¥u cháº¥m than
â£ï¸	cháº¥m cÃ¢u, cáº£m thÃ¡n, dáº¥u, dáº¥u cháº¥m than hÃ¬nh trÃ¡i tim Ä‘áº­m
â¤ï¸	trÃ¡i tim, trÃ¡i tim mÃ u Ä‘á»
â¡ï¸	chÃ­nh, hÆ°á»›ng, mÅ©i tÃªn, mÅ©i tÃªn pháº£i, Ä‘Ã´ng
â¤´ï¸	mÅ©i tÃªn, mÅ©i tÃªn pháº£i cong lÃªn
â¤µï¸	mÅ©i tÃªn, mÅ©i tÃªn pháº£i cong xuá»‘ng, xuá»‘ng
â¬…ï¸	chiá»u hÆ°á»›ng, chÃ­nh, mÅ©i tÃªn, mÅ©i tÃªn trÃ¡i, tÃ¢y
â¬†ï¸	báº¯c, chÃ­nh, hÆ°á»›ng, mÅ©i tÃªn, mÅ©i tÃªn lÃªn
â¬‡ï¸	chÃ­nh, hÆ°á»›ng, mÅ©i tÃªn, mÅ©i tÃªn xuá»‘ng, nam, xuá»‘ng
â¬›ï¸	hÃ¬nh há»c, hÃ¬nh vuÃ´ng, hÃ¬nh vuÃ´ng lá»›n mÃ u Ä‘en
â¬œï¸	hÃ¬nh há»c, hÃ¬nh vuÃ´ng, hÃ¬nh vuÃ´ng lá»›n mÃ u tráº¯ng
â­ï¸	ngÃ´i sao
â­•ï¸	o, vÃ²ng trÃ²n, vÃ²ng trÃ²n lá»›n Ä‘áº­m
ã€°ï¸	dáº¥u, dáº¥u gáº¡ch ngang, dáº¥u gáº¡ch ngang lÆ°á»£n sÃ³ng, lÆ°á»£n sÃ³ng
ã€½ï¸	kÃ½ hiá»‡u, kÃ½ hiá»‡u thay Ä‘á»•i luÃ¢n phiÃªn, thay Ä‘á»•i luÃ¢n phiÃªn
ãŠ—ï¸	Tiáº¿ng Nháº­t, chá»¯ tÆ°á»£ng hÃ¬nh, nÃºt Tiáº¿ng Nháº­t â€œchÃºc má»«ngâ€, â€œchÃºc má»«ngâ€
ãŠ™ï¸	Tiáº¿ng Nháº­t, chá»¯ tÆ°á»£ng hÃ¬nh, nÃºt Tiáº¿ng Nháº­t â€œbÃ­ máº­tâ€, â€œbÃ­ máº­tâ€
ğŸ€„ï¸	máº¡t chÆ°á»£c, máº¡t chÆ°á»£c rá»“ng Ä‘á», trÃ² chÆ¡i, Ä‘á»
ğŸ…°ï¸	a, nhÃ³m mÃ¡u, nÃºt A (nhÃ³m mÃ¡u)
ğŸ…±ï¸	b, nhÃ³m mÃ¡u, nÃºt B (nhÃ³m mÃ¡u)
ğŸ…¾ï¸	nhÃ³m mÃ¡u, nÃºt O (nhÃ³m mÃ¡u), o
ğŸ…¿ï¸	nÃºt P, Ä‘á»— xe
ğŸˆ‚ï¸	Tiáº¿ng Nháº­t, katakana, nÃºt Tiáº¿ng Nháº­t â€œphÃ­ dá»‹ch vá»¥â€, â€œphÃ­ dá»‹ch vá»¥â€
ğŸŒï¸	ChÃ¢u Má»¹, tháº¿ giá»›i, trÃ¡i Ä‘áº¥t, Ä‘á»‹a cáº§u, Ä‘á»‹a cáº§u hiá»ƒn thá»‹ ChÃ¢u Má»¹
ğŸŒ•ï¸	máº·t trÄƒng, trÃ²n, trÄƒng trÃ²n
ğŸŒœï¸	máº·t, máº·t trÄƒng, pháº§n tÆ°, trÄƒng háº¡ huyá»n hÃ¬nh máº·t ngÆ°á»i
ğŸŒ¡ï¸	nhiá»‡t káº¿, thá»i tiáº¿t
ğŸŒ¤ï¸	mÃ¢y, máº·t trá»i, máº·t trá»i sau Ä‘Ã¡m mÃ¢y nhá»
ğŸŒ¥ï¸	mÃ¢y, máº·t trá»i, máº·t trá»i sau Ä‘Ã¡m mÃ¢y lá»›n
ğŸŒ¦ï¸	mÃ¢y, mÆ°a, máº·t trá»i, máº·t trá»i sau Ä‘Ã¡m mÃ¢y mÆ°a
ğŸŒ§ï¸	mÃ¢y, mÃ¢y vÃ  mÆ°a, mÆ°a
ğŸŒ¨ï¸	láº¡nh, mÃ¢y, tuyáº¿t, Ä‘Ã¡m mÃ¢y vá»›i tuyáº¿t
ğŸŒ©ï¸	mÃ¢y, sÃ©t, Ä‘Ã¡m mÃ¢y vá»›i tia chá»›p
ğŸŒªï¸	cÆ¡n lá»‘c, lá»‘c xoÃ¡y, mÃ¢y
ğŸŒ«ï¸	mÃ¢y, sÆ°Æ¡ng mÃ¹
ğŸŒ¬ï¸	giÃ³, khuÃ´n máº·t giÃ³, máº·t, thá»•i, Ä‘Ã¡m mÃ¢y
ğŸŒ¶ï¸	nÃ³ng, quáº£ á»›t, á»›t
ğŸ¸ï¸	cocktail, ly, ly cocktail, quÃ¡n bar, Ä‘á»“ uá»‘ng
ğŸ½ï¸	dao, dÄ©a vÃ  dao vá»›i Ä‘Ä©a, nÄ©a, náº¥u nÆ°á»›ng, Ä‘Ä©a
ğŸ“ï¸	cÃ¡i mÅ©, lá»… ká»· niá»‡m, mÅ© tá»‘t nghiá»‡p, quáº§n Ã¡o, tá»‘t nghiá»‡p
ğŸ–ï¸	huy chÆ°Æ¡ng, huÃ¢n chÆ°Æ¡ng quÃ¢n Ä‘á»™i, lá»… ká»· niá»‡m, quÃ¢n sá»±
ğŸ—ï¸	lá»… ká»· niá»‡m, lá»i nháº¯c, ruy bÄƒng, ruy bÄƒng nháº¯c nhá»Ÿ
ğŸ™ï¸	micrÃ´, micrÃ´ phÃ²ng thu Ã¢m, nháº¡c, phÃ²ng thu
ğŸšï¸	má»©c, nháº¡c, thanh trÆ°á»£t, thanh trÆ°á»£t má»©c
ğŸ›ï¸	nháº¡c, nÃºm, nÃºm Ä‘iá»u khiá»ƒn, Ä‘iá»u khiá»ƒn
ğŸï¸	khung, khung hÃ¬nh phim, phim, ráº¡p chiáº¿u phim
ğŸŸï¸	vÃ o cá»­a, vÃ©, vÃ© vÃ o cá»­a
ğŸ§ï¸	tai nghe
ğŸ¬ï¸	báº£ng clapper, phim
ğŸ­ï¸	biá»ƒu diá»…n, máº·t náº¡, nghá»‡ thuáº­t, nghá»‡ thuáº­t biá»ƒu diá»…n, nhÃ  hÃ¡t
ğŸ®ï¸	thiáº¿t bá»‹ Ä‘iá»u khiá»ƒn, trÃ² chÆ¡i, trÃ² chÆ¡i Ä‘iá»‡n tá»­
ğŸ‚ï¸	ngÆ°á»i trÆ°á»£t vÃ¡n tuyáº¿t, trÆ°á»£t tuyáº¿t, tuyáº¿t, vÃ¡n trÆ°á»£t tuyáº¿t
ğŸ„ï¸	lÆ°á»›t sÃ³ng, ngÆ°á»i lÆ°á»›t sÃ³ng
ğŸ†ï¸	cÃºp, giáº£i thÆ°á»Ÿng
ğŸŠï¸	bÆ¡i, ngÆ°á»i bÆ¡i
ğŸ‹ï¸	ngÆ°á»i cá»­ táº¡, ngÆ°á»i nÃ¢ng, trá»ng lÆ°á»£ng
ğŸŒï¸	gÃ´n, ngÆ°á»i chÆ¡i gÃ´n, quáº£ bÃ³ng
ğŸï¸	xe mÃ¡y, Ä‘ua xe
ğŸï¸	xe, xe Ä‘ua, Ä‘ua xe
ğŸ”ï¸	láº¡nh, nÃºi, tuyáº¿t, Ä‘á»‰nh nÃºi phá»§ tuyáº¿t
ğŸ•ï¸	cáº¯m tráº¡i
ğŸ–ï¸	bÃ£i biá»ƒn, bÃ£i biá»ƒn vá»›i chiáº¿c Ã´, Ã´
ğŸ—ï¸	cÃ´ng trÆ°á»ng xÃ¢y dá»±ng, xÃ¢y dá»±ng
ğŸ˜ï¸	nhá»¯ng ngÃ´i nhÃ 
ğŸ™ï¸	khung cáº£nh thÃ nh phá»‘, thÃ nh phá»‘
ğŸšï¸	bá» hoang, ngÃ´i nhÃ , ngÃ´i nhÃ  bá» hoang
ğŸ›ï¸	cá»• Ä‘iá»ƒn, tÃ²a nhÃ  cá»• Ä‘iá»ƒn
ğŸœï¸	sa máº¡c
ğŸï¸	hoang, Ä‘áº£o, Ä‘áº£o hoang
ğŸï¸	cÃ´ng viÃªn, cÃ´ng viÃªn quá»‘c gia
ğŸŸï¸	sÃ¢n váº­n Ä‘á»™ng
ğŸ ï¸	ngÃ´i nhÃ , nhÃ 
ğŸ­ï¸	nhÃ  mÃ¡y, tÃ²a nhÃ 
ğŸ³ï¸	cá» tráº¯ng, váº«y
ğŸµï¸	nÆ¡ hoa há»“ng, thá»±c váº­t
ğŸ·ï¸	nhÃ£n
ğŸˆï¸	mÃ¨o, thÃº cÆ°ng
ğŸ•ï¸	chÃ³, thÃº cÆ°ng
ğŸŸï¸	cung hoÃ ng Ä‘áº¡o, cung song ngÆ°, cÃ¡
ğŸ¦ï¸	chim
ğŸ¿ï¸	con sÃ³c, sÃ³c chuá»™t
ğŸ‘ï¸	cÆ¡ thá»ƒ, máº¯t
ğŸ‘‚ï¸	cÆ¡ thá»ƒ, tai
ğŸ‘†ï¸	chá»‰, lÃªn, ngÃ³n tay, ngÃ³n trá» trÃ¡i chá»‰ lÃªn, tay, tay trÃ¡i
ğŸ‘‡ï¸	mu bÃ n tay, ngÃ³n tay, ngÃ³n trá», ngÃ³n trá» trÃ¡i chá»‰ xuá»‘ng, tay, trá»
ğŸ‘ˆï¸	chá»‰, mu bÃ n tay, ngÃ³n tay, ngÃ³n trá», ngÃ³n trá» trÃ¡i chá»‰ sang trÃ¡i, tay
ğŸ‘‰ï¸	chá»‰, mu bÃ n tay, ngÃ³n tay, ngÃ³n trá», ngÃ³n trá» trÃ¡i chá»‰ sang pháº£i, tay
ğŸ‘ï¸	+1, dáº¥u ra hiá»‡u Ä‘á»“ng Ã½, lÃªn, ngÃ³n tay cÃ¡i, tay
ğŸ‘ï¸	-1, dáº¥u ra hiá»‡u tá»« chá»‘i, ngÃ³n tay cÃ¡i, tay, xuá»‘ng
ğŸ‘“ï¸	kÃ­nh, kÃ­nh máº¯t, máº¯t, quáº§n Ã¡o, Ä‘eo kÃ­nh
ğŸ‘ªï¸	gia Ä‘Ã¬nh
ğŸ‘½ï¸	giáº£ tÆ°á»Ÿng, khuÃ´n máº·t, ngoÃ i trÃ¡i Ä‘áº¥t, ngÆ°á»i ngoÃ i hÃ nh tinh, sinh váº­t, Ä‘Ä©a bay
ğŸ’£ï¸	bom, hÃ i hÆ°á»›c
ğŸ’°ï¸	tiá»n, tÃºi, tÃºi tiá»n, Ä‘Ã´ la
ğŸ’³ï¸	tháº», tháº» tÃ­n dá»¥ng, tiá»n, tÃ­n dá»¥ng
ğŸ’»ï¸	cÃ¡ nhÃ¢n, mÃ¡y tÃ­nh, mÃ¡y tÃ­nh xÃ¡ch tay, pc
ğŸ’¿ï¸	cd, mÃ¡y tÃ­nh, quang, Ä‘Ä©a, Ä‘Ä©a quang
ğŸ“‹ï¸	báº£ng ghi nhá»›
ğŸ“šï¸	sÃ¡ch
ğŸ“Ÿï¸	mÃ¡y nháº¯n tin
ğŸ“¤ï¸	há»™p, há»™p thÆ° Ä‘i, khay, khay thÆ° Ä‘i, thÆ°, Ä‘Ã£ gá»­i
ğŸ“¥ï¸	há»™p, há»™p thÆ° Ä‘áº¿n, khay, khay thÆ° Ä‘áº¿n, nháº­n, thÆ°
ğŸ“¦ï¸	bÆ°u kiá»‡n, gÃ³i, há»™p
ğŸ“ªï¸	hÃ²m thÆ°, há»™p thÆ°, há»™p thÆ° Ä‘Æ°á»£c Ä‘Ã³ng vá»›i lÃ¡ cá» náº±m ngang, náº±m ngang, thÆ°, Ä‘Ã³ng
ğŸ“«ï¸	hÃ²m thÆ°, há»™p thÆ°, há»™p thÆ° Ä‘Æ°á»£c Ä‘Ã³ng vá»›i lÃ¡ cá» Ä‘á»©ng, thÆ°, Ä‘Ã³ng
ğŸ“¬ï¸	hÃ²m thÆ°, há»™p thÆ°, há»™p thÆ° Ä‘Æ°á»£c má»Ÿ vá»›i lÃ¡ cá» Ä‘á»©ng, má»Ÿ, thÆ°
ğŸ“­ï¸	hÃ²m thÆ°, há»™p thÆ°, há»™p thÆ° Ä‘Æ°á»£c má»Ÿ vá»›i lÃ¡ cá» náº±m ngang, má»Ÿ, náº±m ngang, thÆ°
ğŸ“·ï¸	mÃ¡y áº£nh, video
ğŸ“¹ï¸	mÃ¡y quay phim, mÃ¡y quay video, video
ğŸ“ºï¸	tivi, tv, video
ğŸ“»ï¸	radio, video
ğŸ“½ï¸	mÃ¡y chiáº¿u, mÃ¡y chiáº¿u phim, phim, ráº¡p chiáº¿u phim, video
ğŸ”ˆï¸	nháº¹, Ã¢m lÆ°á»£ng loa tháº¥p
ğŸ”’ï¸	khÃ³a, Ä‘Ã³ng
ğŸ”“ï¸	khÃ³a, má»Ÿ, má»Ÿ khÃ³a
ğŸ•‰ï¸	hindu, om, tÃ´n giÃ¡o
ğŸ•Šï¸	bay, bá»“ cÃ¢u, chim, hÃ²a bÃ¬nh
ğŸ•ï¸	00, 1, 1:00, giá», má»™t, má»™t giá», Ä‘á»“ng há»“
ğŸ•‘ï¸	00, 2, 2:00, giá», hai giá», Ä‘á»“ng há»“
ğŸ•’ï¸	00, 3, 3:00, ba, ba giá», giá», Ä‘á»“ng há»“
ğŸ•“ï¸	00, 4, 4:00, bá»‘n, bá»‘n giá», giá», Ä‘á»“ng há»“
ğŸ•”ï¸	5, 5:00, giá», nÄƒm, nÄƒm giá», Ä‘á»“ng há»“
ğŸ••ï¸	6, 6:00, giá», sÃ¡u, sÃ¡u giá», Ä‘á»“ng há»“
ğŸ•–ï¸	7, 7:00, báº£y, báº£y giá», giá», Ä‘á»“ng há»“
ğŸ•—ï¸	8, 8:00, giá», tÃ¡m, tÃ¡m giá», Ä‘á»“ng há»“
ğŸ•˜ï¸	9, 9:00, chÃ­n, chÃ­n giá», giá», Ä‘á»“ng há»“
ğŸ•™ï¸	10, 10:00, giá», mÆ°á»i, mÆ°á»i giá», Ä‘á»“ng há»“
ğŸ•šï¸	11, 11:00, giá», mÆ°á»i má»™t, mÆ°á»i má»™t giá», Ä‘á»“ng há»“
ğŸ•›ï¸	00, 12, 12:00, giá», mÆ°á»i hai, mÆ°á»i hai giá», Ä‘á»“ng há»“
ğŸ•¯ï¸	náº¿n, Ã¡nh sÃ¡ng
ğŸ•°ï¸	Ä‘á»“ng há»“, Ä‘á»“ng há»“ Ä‘á»ƒ bÃ n
ğŸ•³ï¸	lá»—
ğŸ•´ï¸	bá»™ Ä‘á»“, kinh doanh, ngÆ°á»i Ä‘Ã n Ã´ng máº·c vest Ä‘ang bay lÃªn, Ä‘Ã n Ã´ng
ğŸ•µï¸	giÃ¡n Ä‘iá»‡p, thÃ¡m tá»­, trinh thÃ¡m
ğŸ•¶ï¸	bÃ³ng tá»‘i, kÃ­nh máº¯t, kÃ­nh rÃ¢m, máº¯t, Ä‘eo kÃ­nh
ğŸ•·ï¸	cÃ´n trÃ¹ng, nhá»‡n
ğŸ•¸ï¸	máº¡ng nhá»‡n, nhá»‡n
ğŸ•¹ï¸	cáº§n Ä‘iá»u khiá»ƒn, trÃ² chÆ¡i, trÃ² chÆ¡i Ä‘iá»‡n tá»­
ğŸ–‡ï¸	káº¹p giáº¥y, káº¹p giáº¥y Ä‘Æ°á»£c ná»‘i, ná»‘i
ğŸ–Šï¸	bÃºt, bÃºt bi
ğŸ–‹ï¸	bÃºt, bÃºt mÃ¡y, mÃ¡y
ğŸ–Œï¸	cá» váº½ tranh, tranh váº½
ğŸ–ï¸	bÃºt sÃ¡p mÃ u
ğŸ–ï¸	ngÃ³n tay, tay, tay xÃ²e ngÃ³n giÆ¡ lÃªn, xÃ²e
ğŸ–¥ï¸	mÃ¡y tÃ­nh, mÃ¡y tÃ­nh Ä‘á»ƒ bÃ n
ğŸ–¨ï¸	mÃ¡y in, mÃ¡y tÃ­nh
ğŸ–±ï¸	chuá»™t mÃ¡y tÃ­nh, mÃ¡y tÃ­nh
ğŸ–²ï¸	bi xoay, mÃ¡y tÃ­nh
ğŸ–¼ï¸	báº£o tÃ ng, khung, nghá»‡ thuáº­t, tranh, tranh trong khung
ğŸ—‚ï¸	chá»‰ má»¥c, dá»¥ng cá»¥ chia, dá»¥ng cá»¥ chia chá»‰ má»¥c tháº», tháº»
ğŸ—ƒï¸	há»™p, há»™p Ä‘á»±ng há»“ sÆ¡, tháº», tá»‡p
ğŸ—„ï¸	tá»‡p, tá»§, tá»§ há»“ sÆ¡
ğŸ—‘ï¸	sá»t rÃ¡c
ğŸ—’ï¸	ghi chÃº, gÃ¡y xoáº¯n, sá»•, sá»• ghi chÃº gÃ¡y xoáº¯n
ğŸ—“ï¸	gÃ¡y xoáº¯n, lá»‹ch, lá»‹ch gÃ¡y xoáº¯n
ğŸ—œï¸	cÃ¡i káº¹p, cáº·p, dá»¥ng cá»¥, nÃ©n
ğŸ—ï¸	chÃ¬a khÃ³a, chÃ¬a khÃ³a cÅ©, cÅ©, khÃ³a, Ä‘áº§u má»‘i
ğŸ—¡ï¸	dao, dao gÄƒm, vÅ© khÃ­
ğŸ—£ï¸	cÃ¡i Ä‘áº§u, hÃ¬nh bÃ³ng, khuÃ´n máº·t, nÃ³i, Ä‘ang nÃ³i, Ä‘áº§u ngÆ°á»i Ä‘ang nÃ³i
ğŸ—¨ï¸	bong bÃ³ng lá»i nÃ³i trÃ¡i, bÃ i diá»…n vÄƒn, thoáº¡i
ğŸ—¯ï¸	bong bÃ³ng, bong bÃ³ng gÃ³c pháº£i, khÃ­ cáº§u, tá»©c giáº­n, Ä‘iÃªn
ğŸ—³ï¸	hÃ²m phiáº¿u vá»›i lÃ¡ phiáº¿u, lÃ¡ phiáº¿u, thÃ¹ng phiáº¿u
ğŸ—ºï¸	báº£n Ä‘á»“, báº£n Ä‘á»“ tháº¿ giá»›i, tháº¿ giá»›i
ğŸ˜ï¸	máº·t, máº·t ngÃ¢y ra báº¥t Ä‘á»™ng, máº·t trung láº­p, trung láº­p
ğŸš‡ï¸	tÃ u Ä‘iá»‡n ngáº§m, xe cá»™
ğŸšï¸	xe buÃ½t, xe buÃ½t Ä‘ang tá»›i, Ä‘ang tá»›i
ğŸš‘ï¸	xe cá»™, xe cá»©u thÆ°Æ¡ng
ğŸš”ï¸	cáº£nh sÃ¡t, xe cáº£nh sÃ¡t Ä‘ang tá»›i, xe hÆ¡i, Ä‘ang tá»›i
ğŸš˜ï¸	xe hÆ¡i, Ã´ tÃ´, Ã´ tÃ´ Ä‘ang tá»›i, Ä‘ang tá»›i
ğŸš­ï¸	bá»‹ cáº¥m, bá»‹ nghiÃªm cáº¥m, cáº¥m hÃºt thuá»‘c, hÃºt thuá»‘c, khÃ´ng
ğŸš²ï¸	xe cá»™, xe Ä‘áº¡p
ğŸš¹ï¸	nam, nhÃ  vá»‡ sinh, nhÃ  vá»‡ sinh nam, phÃ²ng vá»‡ sinh, wc
ğŸšºï¸	nhÃ  vá»‡ sinh, nhÃ  vá»‡ sinh ná»¯, ná»¯, phÃ²ng vá»‡ sinh, wc
ğŸš¼ï¸	biá»ƒu tÆ°á»£ng tráº» em, thay Ä‘á»“, tráº» em
ğŸ›‹ï¸	gháº¿ dÃ i vÃ  Ä‘Ã¨n, khÃ¡ch sáº¡n, Ä‘i vÄƒng, Ä‘Ã¨n
ğŸ›ï¸	khÃ¡ch sáº¡n, mua sáº¯m, tÃºi, tÃºi mua sáº¯m
ğŸ›ï¸	chuÃ´ng, chuÃ´ng gá»i phá»¥c vá»¥, khÃ¡ch sáº¡n
ğŸ›ï¸	giÆ°á»ng, khÃ¡ch sáº¡n, ngá»§
ğŸ› ï¸	bÃºa, bÃºa vÃ  cá» lÃª, chÃ¬a váº·n, cá» lÃª, dá»¥ng cá»¥
ğŸ›¡ï¸	cÃ¡i khiÃªn, vÅ© khÃ­
ğŸ›¢ï¸	dáº§u, thÃ¹ng, thÃ¹ng dáº§u
ğŸ›£ï¸	Ä‘Æ°á»ng, Ä‘Æ°á»ng cao tá»‘c
ğŸ›¤ï¸	tÃ u há»a, Ä‘Æ°á»ng sáº¯t
ğŸ›¥ï¸	thuyá»n, thuyá»n mÃ¡y
ğŸ›©ï¸	mÃ¡y bay, mÃ¡y bay nhá», xe cá»™
ğŸ›°ï¸	vÅ© trá»¥, vá»‡ tinh
ğŸ›³ï¸	hÃ nh khÃ¡ch, tÃ u chá»Ÿ khÃ¡ch, tÃ u thá»§y
