🦵🏻	淺膚色, 肢, 腳, 腳: 淺膚色, 踢
🦵🏼	中淺膚色, 肢, 腳, 腳: 中淺膚色, 踢
🦵🏽	中膚色, 肢, 腳, 腳: 中膚色, 踢
🦵🏾	中深膚色, 肢, 腳, 腳: 中深膚色, 踢
🦵🏿	深膚色, 肢, 腳, 腳: 深膚色, 踢
🦶🏻	淺膚色, 腳掌, 腳掌: 淺膚色, 踏, 踢
🦶🏼	中淺膚色, 腳掌, 腳掌: 中淺膚色, 踏, 踢
🦶🏽	中膚色, 腳掌, 腳掌: 中膚色, 踏, 踢
🦶🏾	中深膚色, 腳掌, 腳掌: 中深膚色, 踏, 踢
🦶🏿	深膚色, 腳掌, 腳掌: 深膚色, 踏, 踢
🦸🏻	好, 淺膚色, 英雄, 超人, 超人: 淺膚色, 超級
🦸🏼	中淺膚色, 好, 英雄, 超人, 超人: 中淺膚色, 超級
🦸🏽	中膚色, 好, 英雄, 超人, 超人: 中膚色, 超級
🦸🏾	中深膚色, 好, 英雄, 超人, 超人: 中深膚色, 超級
🦸🏿	好, 深膚色, 英雄, 超人, 超人: 深膚色, 超級
🦸🏻‍♀	女, 女超人, 女超人: 淺膚色, 好, 淺膚色, 英雄, 超級
🦸🏼‍♀	中淺膚色, 女, 女超人, 女超人: 中淺膚色, 好, 英雄, 超級
🦸🏽‍♀	中膚色, 女, 女超人, 女超人: 中膚色, 好, 英雄, 超級
🦸🏾‍♀	中深膚色, 女, 女超人, 女超人: 中深膚色, 好, 英雄, 超級
🦸🏿‍♀	女, 女超人, 女超人: 深膚色, 好, 深膚色, 英雄, 超級
🦸🏻‍♂	好, 淺膚色, 男, 男超人, 男超人: 淺膚色, 英雄, 超級
🦸🏼‍♂	中淺膚色, 好, 男, 男超人, 男超人: 中淺膚色, 英雄, 超級
🦸🏽‍♂	中膚色, 好, 男, 男超人, 男超人: 中膚色, 英雄, 超級
🦸🏾‍♂	中深膚色, 好, 男, 男超人, 男超人: 中深膚色, 英雄, 超級
🦸🏿‍♂	好, 深膚色, 男, 男超人, 男超人: 深膚色, 英雄, 超級
🦹🏻	壞人, 淺膚色, 犯罪, 超人, 超級壞人, 超級壞人: 淺膚色, 邪惡
🦹🏼	中淺膚色, 壞人, 犯罪, 超人, 超級壞人, 超級壞人: 中淺膚色, 邪惡
🦹🏽	中膚色, 壞人, 犯罪, 超人, 超級壞人, 超級壞人: 中膚色, 邪惡
🦹🏾	中深膚色, 壞人, 犯罪, 超人, 超級壞人, 超級壞人: 中深膚色, 邪惡
🦹🏿	壞人, 深膚色, 犯罪, 超人, 超級壞人, 超級壞人: 深膚色, 邪惡
🦹🏻‍♀	壞人, 淺膚色, 犯罪, 超人, 超級女壞人, 超級女壞人: 淺膚色, 邪惡｜女
🦹🏼‍♀	中淺膚色, 壞人, 犯罪, 超人, 超級女壞人, 超級女壞人: 中淺膚色, 邪惡｜女
🦹🏽‍♀	中膚色, 壞人, 犯罪, 超人, 超級女壞人, 超級女壞人: 中膚色, 邪惡｜女
🦹🏾‍♀	中深膚色, 壞人, 犯罪, 超人, 超級女壞人, 超級女壞人: 中深膚色, 邪惡｜女
🦹🏿‍♀	壞人, 深膚色, 犯罪, 超人, 超級女壞人, 超級女壞人: 深膚色, 邪惡｜女
🦹🏻‍♂	壞人, 淺膚色, 犯罪, 超人, 超級男壞人, 超級男壞人: 淺膚色, 邪惡｜男
🦹🏼‍♂	中淺膚色, 壞人, 犯罪, 超人, 超級男壞人, 超級男壞人: 中淺膚色, 邪惡｜男
🦹🏽‍♂	中膚色, 壞人, 犯罪, 超人, 超級男壞人, 超級男壞人: 中膚色, 邪惡｜男
🦹🏾‍♂	中深膚色, 壞人, 犯罪, 超人, 超級男壞人, 超級男壞人: 中深膚色, 邪惡｜男
🦹🏿‍♂	壞人, 深膚色, 犯罪, 超人, 超級男壞人, 超級男壞人: 深膚色, 邪惡｜男
👶🏻	嬰兒, 嬰兒: 淺膚色, 年青, 淺膚色
👶🏼	中淺膚色, 嬰兒, 嬰兒: 中淺膚色, 年青
👶🏽	中膚色, 嬰兒, 嬰兒: 中膚色, 年青
👶🏾	中深膚色, 嬰兒, 嬰兒: 中深膚色, 年青
👶🏿	嬰兒, 嬰兒: 深膚色, 年青, 深膚色
🧒🏻	中性, 小童, 小童: 淺膚色, 年青, 淺膚色
🧒🏼	中性, 中淺膚色, 小童, 小童: 中淺膚色, 年青
🧒🏽	中性, 中膚色, 小童, 小童: 中膚色, 年青
🧒🏾	中性, 中深膚色, 小童, 小童: 中深膚色, 年青
🧒🏿	中性, 小童, 小童: 深膚色, 年青, 深膚色
👦🏻	年青, 淺膚色, 男仔, 男仔: 淺膚色
👦🏼	中淺膚色, 年青, 男仔, 男仔: 中淺膚色
👦🏽	中膚色, 年青, 男仔, 男仔: 中膚色
👦🏾	中深膚色, 年青, 男仔, 男仔: 中深膚色
👦🏿	年青, 深膚色, 男仔, 男仔: 深膚色
👧🏻	女仔, 女仔: 淺膚色, 年青, 星座, 淺膚色, 處女
👧🏼	中淺膚色, 女仔, 女仔: 中淺膚色, 年青, 星座, 處女
👧🏽	中膚色, 女仔, 女仔: 中膚色, 年青, 星座, 處女
👧🏾	中深膚色, 女仔, 女仔: 中深膚色, 年青, 星座, 處女
👧🏿	女仔, 女仔: 深膚色, 年青, 星座, 深膚色, 處女
🧑🏻	中性, 成人, 成人: 淺膚色, 淺膚色
🧑🏼	中性, 中淺膚色, 成人, 成人: 中淺膚色
🧑🏽	中性, 中膚色, 成人, 成人: 中膚色
🧑🏾	中性, 中深膚色, 成人, 成人: 中深膚色
🧑🏿	中性, 成人, 成人: 深膚色, 深膚色
👨🏻	淺膚色, 男人, 男人: 淺膚色
👨🏼	中淺膚色, 男人, 男人: 中淺膚色
👨🏽	中膚色, 男人, 男人: 中膚色
👨🏾	中深膚色, 男人, 男人: 中深膚色
👨🏿	深膚色, 男人, 男人: 深膚色
👨‍🦰	男人, 男人: 紅色頭髮, 紅色頭髮
👨🏻‍🦰	淺膚色, 男人, 男人: 淺膚色 紅色頭髮, 紅色頭髮
👨🏼‍🦰	中淺膚色, 男人, 男人: 中淺膚色 紅色頭髮, 紅色頭髮
👨🏽‍🦰	中膚色, 男人, 男人: 中膚色 紅色頭髮, 紅色頭髮
👨🏾‍🦰	中深膚色, 男人, 男人: 中深膚色 紅色頭髮, 紅色頭髮
👨🏿‍🦰	深膚色, 男人, 男人: 深膚色 紅色頭髮, 紅色頭髮
👨‍🦱	曲髮, 男人, 男人: 曲髮
👨🏻‍🦱	曲髮, 淺膚色, 男人, 男人: 淺膚色 曲髮
👨🏼‍🦱	中淺膚色, 曲髮, 男人, 男人: 中淺膚色 曲髮
👨🏽‍🦱	中膚色, 曲髮, 男人, 男人: 中膚色 曲髮
👨🏾‍🦱	中深膚色, 曲髮, 男人, 男人: 中深膚色 曲髮
👨🏿‍🦱	曲髮, 深膚色, 男人, 男人: 深膚色 曲髮
👨‍🦲	光頭, 男人, 男人: 光頭
👨🏻‍🦲	光頭, 淺膚色, 男人, 男人: 淺膚色 光頭
👨🏼‍🦲	中淺膚色, 光頭, 男人, 男人: 中淺膚色 光頭
👨🏽‍🦲	中膚色, 光頭, 男人, 男人: 中膚色 光頭
👨🏾‍🦲	中深膚色, 光頭, 男人, 男人: 中深膚色 光頭
👨🏿‍🦲	光頭, 深膚色, 男人, 男人: 深膚色 光頭
👨‍🦳	男人, 男人: 白色頭髮, 白色頭髮
👨🏻‍🦳	淺膚色, 男人, 男人: 淺膚色 白色頭髮, 白色頭髮
👨🏼‍🦳	中淺膚色, 男人, 男人: 中淺膚色 白色頭髮, 白色頭髮
👨🏽‍🦳	中膚色, 男人, 男人: 中膚色 白色頭髮, 白色頭髮
👨🏾‍🦳	中深膚色, 男人, 男人: 中深膚色 白色頭髮, 白色頭髮
👨🏿‍🦳	深膚色, 男人, 男人: 深膚色 白色頭髮, 白色頭髮
👩🏻	女人, 女人: 淺膚色, 淺膚色
👩🏼	中淺膚色, 女人, 女人: 中淺膚色
👩🏽	中膚色, 女人, 女人: 中膚色
👩🏾	中深膚色, 女人, 女人: 中深膚色
👩🏿	女人, 女人: 深膚色, 深膚色
👩‍🦰	女人, 女人: 紅色頭髮, 紅色頭髮
👩🏻‍🦰	女人, 女人: 淺膚色 紅色頭髮, 淺膚色, 紅色頭髮
👩🏼‍🦰	中淺膚色, 女人, 女人: 中淺膚色 紅色頭髮, 紅色頭髮
👩🏽‍🦰	中膚色, 女人, 女人: 中膚色 紅色頭髮, 紅色頭髮
👩🏾‍🦰	中深膚色, 女人, 女人: 中深膚色 紅色頭髮, 紅色頭髮
👩🏿‍🦰	女人, 女人: 深膚色 紅色頭髮, 深膚色, 紅色頭髮
👩‍🦱	女人, 女人: 曲髮, 曲髮
👩🏻‍🦱	女人, 女人: 淺膚色 曲髮, 曲髮, 淺膚色
👩🏼‍🦱	中淺膚色, 女人, 女人: 中淺膚色 曲髮, 曲髮
👩🏽‍🦱	中膚色, 女人, 女人: 中膚色 曲髮, 曲髮
👩🏾‍🦱	中深膚色, 女人, 女人: 中深膚色 曲髮, 曲髮
👩🏿‍🦱	女人, 女人: 深膚色 曲髮, 曲髮, 深膚色
👩‍🦲	光頭, 女人, 女人: 光頭
👩🏻‍🦲	光頭, 女人, 女人: 淺膚色 光頭, 淺膚色
👩🏼‍🦲	中淺膚色, 光頭, 女人, 女人: 中淺膚色 光頭
👩🏽‍🦲	中膚色, 光頭, 女人, 女人: 中膚色 光頭
👩🏾‍🦲	中深膚色, 光頭, 女人, 女人: 中深膚色 光頭
👩🏿‍🦲	光頭, 女人, 女人: 深膚色 光頭, 深膚色
👩‍🦳	女人, 女人: 白色頭髮, 白色頭髮
👩🏻‍🦳	女人, 女人: 淺膚色 白色頭髮, 淺膚色, 白色頭髮
👩🏼‍🦳	中淺膚色, 女人, 女人: 中淺膚色 白色頭髮, 白色頭髮
👩🏽‍🦳	中膚色, 女人, 女人: 中膚色 白色頭髮, 白色頭髮
👩🏾‍🦳	中深膚色, 女人, 女人: 中深膚色 白色頭髮, 白色頭髮
👩🏿‍🦳	女人, 女人: 深膚色 白色頭髮, 深膚色, 白色頭髮
🧓🏻	中性, 淺膚色, 老人, 老人: 淺膚色, 老年
🧓🏼	中性, 中淺膚色, 老人, 老人: 中淺膚色, 老年
🧓🏽	中性, 中膚色, 老人, 老人: 中膚色, 老年
🧓🏾	中性, 中深膚色, 老人, 老人: 中深膚色, 老年
🧓🏿	中性, 深膚色, 老人, 老人: 深膚色, 老年
👴🏻	淺膚色, 男人, 老伯伯, 老伯伯: 淺膚色, 老年
👴🏼	中淺膚色, 男人, 老伯伯, 老伯伯: 中淺膚色, 老年
👴🏽	中膚色, 男人, 老伯伯, 老伯伯: 中膚色, 老年
👴🏾	中深膚色, 男人, 老伯伯, 老伯伯: 中深膚色, 老年
👴🏿	深膚色, 男人, 老伯伯, 老伯伯: 深膚色, 老年
👵🏻	女人, 淺膚色, 老婆婆, 老婆婆: 淺膚色, 老年
👵🏼	中淺膚色, 女人, 老婆婆, 老婆婆: 中淺膚色, 老年
👵🏽	中膚色, 女人, 老婆婆, 老婆婆: 中膚色, 老年
👵🏾	中深膚色, 女人, 老婆婆, 老婆婆: 中深膚色, 老年
👵🏿	女人, 深膚色, 老婆婆, 老婆婆: 深膚色, 老年
👨🏻‍⚕	治療師, 淺膚色, 男, 男醫護人員, 男醫護人員: 淺膚色, 護士, 醫生, 醫療保健
👨🏼‍⚕	中淺膚色, 治療師, 男, 男醫護人員, 男醫護人員: 中淺膚色, 護士, 醫生, 醫療保健
👨🏽‍⚕	中膚色, 治療師, 男, 男醫護人員, 男醫護人員: 中膚色, 護士, 醫生, 醫療保健
👨🏾‍⚕	中深膚色, 治療師, 男, 男醫護人員, 男醫護人員: 中深膚色, 護士, 醫生, 醫療保健
👨🏿‍⚕	治療師, 深膚色, 男, 男醫護人員, 男醫護人員: 深膚色, 護士, 醫生, 醫療保健
👩🏻‍⚕	女, 女醫護人員, 女醫護人員: 淺膚色, 治療師, 淺膚色, 護士, 醫生, 醫療保健
👩🏼‍⚕	中淺膚色, 女, 女醫護人員, 女醫護人員: 中淺膚色, 治療師, 護士, 醫生, 醫療保健
👩🏽‍⚕	中膚色, 女, 女醫護人員, 女醫護人員: 中膚色, 治療師, 護士, 醫生, 醫療保健
👩🏾‍⚕	中深膚色, 女, 女醫護人員, 女醫護人員: 中深膚色, 治療師, 護士, 醫生, 醫療保健
👩🏿‍⚕	女, 女醫護人員, 女醫護人員: 深膚色, 治療師, 深膚色, 護士, 醫生, 醫療保健
👨🏻‍🎓	學生, 淺膚色, 男, 男學生, 男學生: 淺膚色, 畢業
👨🏼‍🎓	中淺膚色, 學生, 男, 男學生, 男學生: 中淺膚色, 畢業
👨🏽‍🎓	中膚色, 學生, 男, 男學生, 男學生: 中膚色, 畢業
👨🏾‍🎓	中深膚色, 學生, 男, 男學生, 男學生: 中深膚色, 畢業
👨🏿‍🎓	學生, 深膚色, 男, 男學生, 男學生: 深膚色, 畢業
👩🏻‍🎓	女, 女學生, 女學生: 淺膚色, 學生, 淺膚色, 畢業
👩🏼‍🎓	中淺膚色, 女, 女學生, 女學生: 中淺膚色, 學生, 畢業
👩🏽‍🎓	中膚色, 女, 女學生, 女學生: 中膚色, 學生, 畢業
👩🏾‍🎓	中深膚色, 女, 女學生, 女學生: 中深膚色, 學生, 畢業
👩🏿‍🎓	女, 女學生, 女學生: 深膚色, 學生, 深膚色, 畢業
👨🏻‍🏫	教師, 教授, 淺膚色, 男, 男教師, 男教師: 淺膚色, 講師
👨🏼‍🏫	中淺膚色, 教師, 教授, 男, 男教師, 男教師: 中淺膚色, 講師
👨🏽‍🏫	中膚色, 教師, 教授, 男, 男教師, 男教師: 中膚色, 講師
👨🏾‍🏫	中深膚色, 教師, 教授, 男, 男教師, 男教師: 中深膚色, 講師
👨🏿‍🏫	教師, 教授, 深膚色, 男, 男教師, 男教師: 深膚色, 講師
👩🏻‍🏫	女, 女教師, 女教師: 淺膚色, 教師, 教授, 淺膚色, 講師
👩🏼‍🏫	中淺膚色, 女, 女教師, 女教師: 中淺膚色, 教師, 教授, 講師
👩🏽‍🏫	中膚色, 女, 女教師, 女教師: 中膚色, 教師, 教授, 講師
👩🏾‍🏫	中深膚色, 女, 女教師, 女教師: 中深膚色, 教師, 教授, 講師
👩🏿‍🏫	女, 女教師, 女教師: 深膚色, 教師, 教授, 深膚色, 講師
👨🏻‍⚖	正義, 淺膚色, 男, 男法官, 男法官: 淺膚色, 秤
👨🏼‍⚖	中淺膚色, 正義, 男, 男法官, 男法官: 中淺膚色, 秤
👨🏽‍⚖	中膚色, 正義, 男, 男法官, 男法官: 中膚色, 秤
👨🏾‍⚖	中深膚色, 正義, 男, 男法官, 男法官: 中深膚色, 秤
👨🏿‍⚖	正義, 深膚色, 男, 男法官, 男法官: 深膚色, 秤
👩🏻‍⚖	女, 女法官, 女法官: 淺膚色, 正義, 淺膚色, 秤
👩🏼‍⚖	中淺膚色, 女, 女法官, 女法官: 中淺膚色, 正義, 秤
👩🏽‍⚖	中膚色, 女, 女法官, 女法官: 中膚色, 正義, 秤
👩🏾‍⚖	中深膚色, 女, 女法官, 女法官: 中深膚色, 正義, 秤
👩🏿‍⚖	女, 女法官, 女法官: 深膚色, 正義, 深膚色, 秤
👨🏻‍🌾	園丁, 淺膚色, 牧人, 男, 男農夫, 男農夫: 淺膚色, 農夫
👨🏼‍🌾	中淺膚色, 園丁, 牧人, 男, 男農夫, 男農夫: 中淺膚色, 農夫
👨🏽‍🌾	中膚色, 園丁, 牧人, 男, 男農夫, 男農夫: 中膚色, 農夫
👨🏾‍🌾	中深膚色, 園丁, 牧人, 男, 男農夫, 男農夫: 中深膚色, 農夫
👨🏿‍🌾	園丁, 深膚色, 牧人, 男, 男農夫, 男農夫: 深膚色, 農夫
👩🏻‍🌾	園丁, 女, 女農夫, 女農夫: 淺膚色, 淺膚色, 牧人, 農夫
👩🏼‍🌾	中淺膚色, 園丁, 女, 女農夫, 女農夫: 中淺膚色, 牧人, 農夫
👩🏽‍🌾	中膚色, 園丁, 女, 女農夫, 女農夫: 中膚色, 牧人, 農夫
👩🏾‍🌾	中深膚色, 園丁, 女, 女農夫, 女農夫: 中深膚色, 牧人, 農夫
👩🏿‍🌾	園丁, 女, 女農夫, 女農夫: 深膚色, 深膚色, 牧人, 農夫
👨🏻‍🍳	大廚, 廚師, 淺膚色, 男, 男廚師, 男廚師: 淺膚色
👨🏼‍🍳	中淺膚色, 大廚, 廚師, 男, 男廚師, 男廚師: 中淺膚色
👨🏽‍🍳	中膚色, 大廚, 廚師, 男, 男廚師, 男廚師: 中膚色
👨🏾‍🍳	中深膚色, 大廚, 廚師, 男, 男廚師, 男廚師: 中深膚色
👨🏿‍🍳	大廚, 廚師, 深膚色, 男, 男廚師, 男廚師: 深膚色
👩🏻‍🍳	大廚, 女, 女廚師, 女廚師: 淺膚色, 廚師, 淺膚色
👩🏼‍🍳	中淺膚色, 大廚, 女, 女廚師, 女廚師: 中淺膚色, 廚師
👩🏽‍🍳	中膚色, 大廚, 女, 女廚師, 女廚師: 中膚色, 廚師
👩🏾‍🍳	中深膚色, 大廚, 女, 女廚師, 女廚師: 中深膚色, 廚師
👩🏿‍🍳	大廚, 女, 女廚師, 女廚師: 深膚色, 廚師, 深膚色
👨🏻‍🔧	商人, 技工, 水管工人, 淺膚色, 男, 男技工, 男技工: 淺膚色, 電工
👨🏼‍🔧	中淺膚色, 商人, 技工, 水管工人, 男, 男技工, 男技工: 中淺膚色, 電工
👨🏽‍🔧	中膚色, 商人, 技工, 水管工人, 男, 男技工, 男技工: 中膚色, 電工
👨🏾‍🔧	中深膚色, 商人, 技工, 水管工人, 男, 男技工, 男技工: 中深膚色, 電工
👨🏿‍🔧	商人, 技工, 水管工人, 深膚色, 男, 男技工, 男技工: 深膚色, 電工
👩🏻‍🔧	商人, 女, 女技工, 女技工: 淺膚色, 技工, 水管工人, 淺膚色, 電工
👩🏼‍🔧	中淺膚色, 商人, 女, 女技工, 女技工: 中淺膚色, 技工, 水管工人, 電工
👩🏽‍🔧	中膚色, 商人, 女, 女技工, 女技工: 中膚色, 技工, 水管工人, 電工
👩🏾‍🔧	中深膚色, 商人, 女, 女技工, 女技工: 中深膚色, 技工, 水管工人, 電工
👩🏿‍🔧	商人, 女, 女技工, 女技工: 深膚色, 技工, 水管工人, 深膚色, 電工
👨🏻‍🏭	工人, 工廠, 工業, 淺膚色, 男, 男工廠工人, 男工廠工人: 淺膚色, 裝配
👨🏼‍🏭	中淺膚色, 工人, 工廠, 工業, 男, 男工廠工人, 男工廠工人: 中淺膚色, 裝配
👨🏽‍🏭	中膚色, 工人, 工廠, 工業, 男, 男工廠工人, 男工廠工人: 中膚色, 裝配
👨🏾‍🏭	中深膚色, 工人, 工廠, 工業, 男, 男工廠工人, 男工廠工人: 中深膚色, 裝配
👨🏿‍🏭	工人, 工廠, 工業, 深膚色, 男, 男工廠工人, 男工廠工人: 深膚色, 裝配
👩🏻‍🏭	女, 女工廠工人, 女工廠工人: 淺膚色, 工人, 工廠, 工業, 淺膚色, 裝配
👩🏼‍🏭	中淺膚色, 女, 女工廠工人, 女工廠工人: 中淺膚色, 工人, 工廠, 工業, 裝配
👩🏽‍🏭	中膚色, 女, 女工廠工人, 女工廠工人: 中膚色, 工人, 工廠, 工業, 裝配
👩🏾‍🏭	中深膚色, 女, 女工廠工人, 女工廠工人: 中深膚色, 工人, 工廠, 工業, 裝配
👩🏿‍🏭	女, 女工廠工人, 女工廠工人: 深膚色, 工人, 工廠, 工業, 深膚色, 裝配
👨🏻‍💼	建築師, 業務, 淺膚色, 男, 男辦公室職員, 男辦公室職員: 淺膚色, 白領, 經理, 辦公室
👨🏼‍💼	中淺膚色, 建築師, 業務, 男, 男辦公室職員, 男辦公室職員: 中淺膚色, 白領, 經理, 辦公室
👨🏽‍💼	中膚色, 建築師, 業務, 男, 男辦公室職員, 男辦公室職員: 中膚色, 白領, 經理, 辦公室
👨🏾‍💼	中深膚色, 建築師, 業務, 男, 男辦公室職員, 男辦公室職員: 中深膚色, 白領, 經理, 辦公室
👨🏿‍💼	建築師, 業務, 深膚色, 男, 男辦公室職員, 男辦公室職員: 深膚色, 白領, 經理, 辦公室
👩🏻‍💼	女, 女辦公室職員, 女辦公室職員: 淺膚色, 建築師, 業務, 淺膚色, 白領, 經理, 辦公室
👩🏼‍💼	中淺膚色, 女, 女辦公室職員, 女辦公室職員: 中淺膚色, 建築師, 業務, 白領, 經理, 辦公室
👩🏽‍💼	中膚色, 女, 女辦公室職員, 女辦公室職員: 中膚色, 建築師, 業務, 白領, 經理, 辦公室
👩🏾‍💼	中深膚色, 女, 女辦公室職員, 女辦公室職員: 中深膚色, 建築師, 業務, 白領, 經理, 辦公室
👩🏿‍💼	女, 女辦公室職員, 女辦公室職員: 深膚色, 建築師, 業務, 深膚色, 白領, 經理, 辦公室
👨🏻‍🔬	化學家, 工程師, 淺膚色, 物理學家, 生物學家, 男科學家, 男科學家: 淺膚色, 科學家
👨🏼‍🔬	中淺膚色, 化學家, 工程師, 物理學家, 生物學家, 男科學家, 男科學家: 中淺膚色, 科學家
👨🏽‍🔬	中膚色, 化學家, 工程師, 物理學家, 生物學家, 男科學家, 男科學家: 中膚色, 科學家
👨🏾‍🔬	中深膚色, 化學家, 工程師, 物理學家, 生物學家, 男科學家, 男科學家: 中深膚色, 科學家
👨🏿‍🔬	化學家, 工程師, 深膚色, 物理學家, 生物學家, 男科學家, 男科學家: 深膚色, 科學家
👩🏻‍🔬	化學家, 女科學家, 女科學家: 淺膚色, 工程師, 淺膚色, 物理學家, 生物學家, 科學家
👩🏼‍🔬	中淺膚色, 化學家, 女科學家, 女科學家: 中淺膚色, 工程師, 物理學家, 生物學家, 科學家
👩🏽‍🔬	中膚色, 化學家, 女科學家, 女科學家: 中膚色, 工程師, 物理學家, 生物學家, 科學家
👩🏾‍🔬	中深膚色, 化學家, 女科學家, 女科學家: 中深膚色, 工程師, 物理學家, 生物學家, 科學家
👩🏿‍🔬	化學家, 女科學家, 女科學家: 深膚色, 工程師, 深膚色, 物理學家, 生物學家, 科學家
👨🏻‍💻	技術專家, 淺膚色, 男, 男技術專家, 男技術專家: 淺膚色, 發明家, 程式編寫員, 軟件, 開發人員
👨🏼‍💻	中淺膚色, 技術專家, 男, 男技術專家, 男技術專家: 中淺膚色, 發明家, 程式編寫員, 軟件, 開發人員
👨🏽‍💻	中膚色, 技術專家, 男, 男技術專家, 男技術專家: 中膚色, 發明家, 程式編寫員, 軟件, 開發人員
👨🏾‍💻	中深膚色, 技術專家, 男, 男技術專家, 男技術專家: 中深膚色, 發明家, 程式編寫員, 軟件, 開發人員
👨🏿‍💻	技術專家, 深膚色, 男, 男技術專家, 男技術專家: 深膚色, 發明家, 程式編寫員, 軟件, 開發人員
👩🏻‍💻	女, 女技術專家, 女技術專家: 淺膚色, 技術專家, 淺膚色, 發明家, 程式編寫員, 軟件, 開發人員
👩🏼‍💻	中淺膚色, 女, 女技術專家, 女技術專家: 中淺膚色, 技術專家, 發明家, 程式編寫員, 軟件, 開發人員
👩🏽‍💻	中膚色, 女, 女技術專家, 女技術專家: 中膚色, 技術專家, 發明家, 程式編寫員, 軟件, 開發人員
👩🏾‍💻	中深膚色, 女, 女技術專家, 女技術專家: 中深膚色, 技術專家, 發明家, 程式編寫員, 軟件, 開發人員
👩🏿‍💻	女, 女技術專家, 女技術專家: 深膚色, 技術專家, 深膚色, 發明家, 程式編寫員, 軟件, 開發人員
👨🏻‍🎤	搖滾, 明星, 歌手, 淺膚色, 演員, 男, 男歌手, 男歌手: 淺膚色, 藝人
👨🏼‍🎤	中淺膚色, 搖滾, 明星, 歌手, 演員, 男, 男歌手, 男歌手: 中淺膚色, 藝人
👨🏽‍🎤	中膚色, 搖滾, 明星, 歌手, 演員, 男, 男歌手, 男歌手: 中膚色, 藝人
👨🏾‍🎤	中深膚色, 搖滾, 明星, 歌手, 演員, 男, 男歌手, 男歌手: 中深膚色, 藝人
👨🏿‍🎤	搖滾, 明星, 歌手, 深膚色, 演員, 男, 男歌手, 男歌手: 深膚色, 藝人
👩🏻‍🎤	女, 女歌手, 女歌手: 淺膚色, 搖滾, 明星, 歌手, 淺膚色, 演員, 藝人
👩🏼‍🎤	中淺膚色, 女, 女歌手, 女歌手: 中淺膚色, 搖滾, 明星, 歌手, 演員, 藝人
👩🏽‍🎤	中膚色, 女, 女歌手, 女歌手: 中膚色, 搖滾, 明星, 歌手, 演員, 藝人
👩🏾‍🎤	中深膚色, 女, 女歌手, 女歌手: 中深膚色, 搖滾, 明星, 歌手, 演員, 藝人
👩🏿‍🎤	女, 女歌手, 女歌手: 深膚色, 搖滾, 明星, 歌手, 深膚色, 演員, 藝人
👨🏻‍🎨	淺膚色, 男, 男藝術家, 男藝術家: 淺膚色, 藝術家, 調色板
👨🏼‍🎨	中淺膚色, 男, 男藝術家, 男藝術家: 中淺膚色, 藝術家, 調色板
👨🏽‍🎨	中膚色, 男, 男藝術家, 男藝術家: 中膚色, 藝術家, 調色板
👨🏾‍🎨	中深膚色, 男, 男藝術家, 男藝術家: 中深膚色, 藝術家, 調色板
👨🏿‍🎨	深膚色, 男, 男藝術家, 男藝術家: 深膚色, 藝術家, 調色板
👩🏻‍🎨	女, 女藝術家, 女藝術家: 淺膚色, 淺膚色, 藝術家, 調色板
👩🏼‍🎨	中淺膚色, 女, 女藝術家, 女藝術家: 中淺膚色, 藝術家, 調色板
👩🏽‍🎨	中膚色, 女, 女藝術家, 女藝術家: 中膚色, 藝術家, 調色板
👩🏾‍🎨	中深膚色, 女, 女藝術家, 女藝術家: 中深膚色, 藝術家, 調色板
👩🏿‍🎨	女, 女藝術家, 女藝術家: 深膚色, 深膚色, 藝術家, 調色板
👨🏻‍✈	淺膚色, 男, 男飛機師, 男飛機師: 淺膚色, 飛機, 飛機師
👨🏼‍✈	中淺膚色, 男, 男飛機師, 男飛機師: 中淺膚色, 飛機, 飛機師
👨🏽‍✈	中膚色, 男, 男飛機師, 男飛機師: 中膚色, 飛機, 飛機師
👨🏾‍✈	中深膚色, 男, 男飛機師, 男飛機師: 中深膚色, 飛機, 飛機師
👨🏿‍✈	深膚色, 男, 男飛機師, 男飛機師: 深膚色, 飛機, 飛機師
👩🏻‍✈	女, 女飛機師, 女飛機師: 淺膚色, 淺膚色, 飛機, 飛機師
👩🏼‍✈	中淺膚色, 女, 女飛機師, 女飛機師: 中淺膚色, 飛機, 飛機師
👩🏽‍✈	中膚色, 女, 女飛機師, 女飛機師: 中膚色, 飛機, 飛機師
👩🏾‍✈	中深膚色, 女, 女飛機師, 女飛機師: 中深膚色, 飛機, 飛機師
👩🏿‍✈	女, 女飛機師, 女飛機師: 深膚色, 深膚色, 飛機, 飛機師
👨🏻‍🚀	太空人, 淺膚色, 火箭, 男, 男太空人, 男太空人: 淺膚色
👨🏼‍🚀	中淺膚色, 太空人, 火箭, 男, 男太空人, 男太空人: 中淺膚色
👨🏽‍🚀	中膚色, 太空人, 火箭, 男, 男太空人, 男太空人: 中膚色
👨🏾‍🚀	中深膚色, 太空人, 火箭, 男, 男太空人, 男太空人: 中深膚色
👨🏿‍🚀	太空人, 深膚色, 火箭, 男, 男太空人, 男太空人: 深膚色
👩🏻‍🚀	太空人, 女, 女太空人, 女太空人: 淺膚色, 淺膚色, 火箭
👩🏼‍🚀	中淺膚色, 太空人, 女, 女太空人, 女太空人: 中淺膚色, 火箭
👩🏽‍🚀	中膚色, 太空人, 女, 女太空人, 女太空人: 中膚色, 火箭
👩🏾‍🚀	中深膚色, 太空人, 女, 女太空人, 女太空人: 中深膚色, 火箭
👩🏿‍🚀	太空人, 女, 女太空人, 女太空人: 深膚色, 深膚色, 火箭
👨🏻‍🚒	消防員, 消防車, 淺膚色, 男, 男消防員, 男消防員: 淺膚色
👨🏼‍🚒	中淺膚色, 消防員, 消防車, 男, 男消防員, 男消防員: 中淺膚色
👨🏽‍🚒	中膚色, 消防員, 消防車, 男, 男消防員, 男消防員: 中膚色
👨🏾‍🚒	中深膚色, 消防員, 消防車, 男, 男消防員, 男消防員: 中深膚色
👨🏿‍🚒	消防員, 消防車, 深膚色, 男, 男消防員, 男消防員: 深膚色
👩🏻‍🚒	女, 女消防員, 女消防員: 淺膚色, 消防員, 消防車, 淺膚色
👩🏼‍🚒	中淺膚色, 女, 女消防員, 女消防員: 中淺膚色, 消防員, 消防車
👩🏽‍🚒	中膚色, 女, 女消防員, 女消防員: 中膚色, 消防員, 消防車
👩🏾‍🚒	中深膚色, 女, 女消防員, 女消防員: 中深膚色, 消防員, 消防車
👩🏿‍🚒	女, 女消防員, 女消防員: 深膚色, 消防員, 消防車, 深膚色
👮🏻	淺膚色, 警員, 警官, 警察, 警察: 淺膚色
👮🏼	中淺膚色, 警員, 警官, 警察, 警察: 中淺膚色
👮🏽	中膚色, 警員, 警官, 警察, 警察: 中膚色
👮🏾	中深膚色, 警員, 警官, 警察, 警察: 中深膚色
👮🏿	深膚色, 警員, 警官, 警察, 警察: 深膚色
👮🏻‍♂	淺膚色, 男, 男警察, 男警察: 淺膚色, 警員, 警官, 警察
👮🏼‍♂	中淺膚色, 男, 男警察, 男警察: 中淺膚色, 警員, 警官, 警察
👮🏽‍♂	中膚色, 男, 男警察, 男警察: 中膚色, 警員, 警官, 警察
👮🏾‍♂	中深膚色, 男, 男警察, 男警察: 中深膚色, 警員, 警官, 警察
👮🏿‍♂	深膚色, 男, 男警察, 男警察: 深膚色, 警員, 警官, 警察
👮🏻‍♀	女, 女警察, 女警察: 淺膚色, 淺膚色, 警員, 警官, 警察
👮🏼‍♀	中淺膚色, 女, 女警察, 女警察: 中淺膚色, 警員, 警官, 警察
👮🏽‍♀	中膚色, 女, 女警察, 女警察: 中膚色, 警員, 警官, 警察
👮🏾‍♀	中深膚色, 女, 女警察, 女警察: 中深膚色, 警員, 警官, 警察
👮🏿‍♀	女, 女警察, 女警察: 深膚色, 深膚色, 警員, 警官, 警察
🕵🏻	偵探, 偵探: 淺膚色, 淺膚色, 調查員, 間諜
🕵🏼	中淺膚色, 偵探, 偵探: 中淺膚色, 調查員, 間諜
🕵🏽	中膚色, 偵探, 偵探: 中膚色, 調查員, 間諜
🕵🏾	中深膚色, 偵探, 偵探: 中深膚色, 調查員, 間諜
🕵🏿	偵探, 偵探: 深膚色, 深膚色, 調查員, 間諜
🕵🏻‍♂	偵探, 淺膚色, 男, 男偵探, 男偵探: 淺膚色, 調查員, 間諜
🕵🏼‍♂	中淺膚色, 偵探, 男, 男偵探, 男偵探: 中淺膚色, 調查員, 間諜
🕵🏽‍♂	中膚色, 偵探, 男, 男偵探, 男偵探: 中膚色, 調查員, 間諜
🕵🏾‍♂	中深膚色, 偵探, 男, 男偵探, 男偵探: 中深膚色, 調查員, 間諜
🕵🏿‍♂	偵探, 深膚色, 男, 男偵探, 男偵探: 深膚色, 調查員, 間諜
🕵🏻‍♀	偵探, 女, 女偵探, 女偵探: 淺膚色, 淺膚色, 調查員, 間諜
🕵🏼‍♀	中淺膚色, 偵探, 女, 女偵探, 女偵探: 中淺膚色, 調查員, 間諜
🕵🏽‍♀	中膚色, 偵探, 女, 女偵探, 女偵探: 中膚色, 調查員, 間諜
🕵🏾‍♀	中深膚色, 偵探, 女, 女偵探, 女偵探: 中深膚色, 調查員, 間諜
🕵🏿‍♀	偵探, 女, 女偵探, 女偵探: 深膚色, 深膚色, 調查員, 間諜
💂🏻	守衛員, 守衛員: 淺膚色, 淺膚色
💂🏼	中淺膚色, 守衛員, 守衛員: 中淺膚色
💂🏽	中膚色, 守衛員, 守衛員: 中膚色
💂🏾	中深膚色, 守衛員, 守衛員: 中深膚色
💂🏿	守衛員, 守衛員: 深膚色, 深膚色
💂🏻‍♂	守衛員, 淺膚色, 男, 男守衛員, 男守衛員: 淺膚色
💂🏼‍♂	中淺膚色, 守衛員, 男, 男守衛員, 男守衛員: 中淺膚色
💂🏽‍♂	中膚色, 守衛員, 男, 男守衛員, 男守衛員: 中膚色
💂🏾‍♂	中深膚色, 守衛員, 男, 男守衛員, 男守衛員: 中深膚色
💂🏿‍♂	守衛員, 深膚色, 男, 男守衛員, 男守衛員: 深膚色
💂🏻‍♀	女, 女守衛員, 女守衛員: 淺膚色, 守衛員, 淺膚色
💂🏼‍♀	中淺膚色, 女, 女守衛員, 女守衛員: 中淺膚色, 守衛員
💂🏽‍♀	中膚色, 女, 女守衛員, 女守衛員: 中膚色, 守衛員
💂🏾‍♀	中深膚色, 女, 女守衛員, 女守衛員: 中深膚色, 守衛員
💂🏿‍♀	女, 女守衛員, 女守衛員: 深膚色, 守衛員, 深膚色
👷🏻	工人, 帽, 建築, 建築工人, 建築工人: 淺膚色, 淺膚色
👷🏼	中淺膚色, 工人, 帽, 建築, 建築工人, 建築工人: 中淺膚色
👷🏽	中膚色, 工人, 帽, 建築, 建築工人, 建築工人: 中膚色
👷🏾	中深膚色, 工人, 帽, 建築, 建築工人, 建築工人: 中深膚色
👷🏿	工人, 帽, 建築, 建築工人, 建築工人: 深膚色, 深膚色
👷🏻‍♂	工人, 建築, 淺膚色, 男, 男建築工人, 男建築工人: 淺膚色
👷🏼‍♂	中淺膚色, 工人, 建築, 男, 男建築工人, 男建築工人: 中淺膚色
👷🏽‍♂	中膚色, 工人, 建築, 男, 男建築工人, 男建築工人: 中膚色
👷🏾‍♂	中深膚色, 工人, 建築, 男, 男建築工人, 男建築工人: 中深膚色
👷🏿‍♂	工人, 建築, 深膚色, 男, 男建築工人, 男建築工人: 深膚色
👷🏻‍♀	女, 女建築工人, 女建築工人: 淺膚色, 工人, 建築, 淺膚色
👷🏼‍♀	中淺膚色, 女, 女建築工人, 女建築工人: 中淺膚色, 工人, 建築
👷🏽‍♀	中膚色, 女, 女建築工人, 女建築工人: 中膚色, 工人, 建築
👷🏾‍♀	中深膚色, 女, 女建築工人, 女建築工人: 中深膚色, 工人, 建築
👷🏿‍♀	女, 女建築工人, 女建築工人: 深膚色, 工人, 建築, 深膚色
🤴🏻	淺膚色, 王子, 王子: 淺膚色
🤴🏼	中淺膚色, 王子, 王子: 中淺膚色
🤴🏽	中膚色, 王子, 王子: 中膚色
🤴🏾	中深膚色, 王子, 王子: 中深膚色
🤴🏿	深膚色, 王子, 王子: 深膚色
👸🏻	公主, 公主: 淺膚色, 幻想, 淺膚色, 童話故事
👸🏼	中淺膚色, 公主, 公主: 中淺膚色, 幻想, 童話故事
👸🏽	中膚色, 公主, 公主: 中膚色, 幻想, 童話故事
👸🏾	中深膚色, 公主, 公主: 中深膚色, 幻想, 童話故事
👸🏿	公主, 公主: 深膚色, 幻想, 深膚色, 童話故事
👳🏻	戴頭巾嘅人, 戴頭巾嘅人: 淺膚色, 淺膚色, 頭巾
👳🏼	中淺膚色, 戴頭巾嘅人, 戴頭巾嘅人: 中淺膚色, 頭巾
👳🏽	中膚色, 戴頭巾嘅人, 戴頭巾嘅人: 中膚色, 頭巾
👳🏾	中深膚色, 戴頭巾嘅人, 戴頭巾嘅人: 中深膚色, 頭巾
👳🏿	戴頭巾嘅人, 戴頭巾嘅人: 深膚色, 深膚色, 頭巾
👳🏻‍♂	戴頭巾嘅男人, 戴頭巾嘅男人: 淺膚色, 淺膚色, 男, 頭巾
👳🏼‍♂	中淺膚色, 戴頭巾嘅男人, 戴頭巾嘅男人: 中淺膚色, 男, 頭巾
👳🏽‍♂	中膚色, 戴頭巾嘅男人, 戴頭巾嘅男人: 中膚色, 男, 頭巾
👳🏾‍♂	中深膚色, 戴頭巾嘅男人, 戴頭巾嘅男人: 中深膚色, 男, 頭巾
👳🏿‍♂	戴頭巾嘅男人, 戴頭巾嘅男人: 深膚色, 深膚色, 男, 頭巾
👳🏻‍♀	女, 戴頭巾嘅女人, 戴頭巾嘅女人: 淺膚色, 淺膚色, 頭巾
👳🏼‍♀	中淺膚色, 女, 戴頭巾嘅女人, 戴頭巾嘅女人: 中淺膚色, 頭巾
👳🏽‍♀	中膚色, 女, 戴頭巾嘅女人, 戴頭巾嘅女人: 中膚色, 頭巾
👳🏾‍♀	中深膚色, 女, 戴頭巾嘅女人, 戴頭巾嘅女人: 中深膚色, 頭巾
👳🏿‍♀	女, 戴頭巾嘅女人, 戴頭巾嘅女人: 深膚色, 深膚色, 頭巾
👲🏻	中國帽, 帽, 戴中國帽嘅男人, 戴中國帽嘅男人: 淺膚色, 淺膚色, 男
👲🏼	中國帽, 中淺膚色, 帽, 戴中國帽嘅男人, 戴中國帽嘅男人: 中淺膚色, 男
👲🏽	中國帽, 中膚色, 帽, 戴中國帽嘅男人, 戴中國帽嘅男人: 中膚色, 男
👲🏾	中國帽, 中深膚色, 帽, 戴中國帽嘅男人, 戴中國帽嘅男人: 中深膚色, 男
👲🏿	中國帽, 帽, 戴中國帽嘅男人, 戴中國帽嘅男人: 深膚色, 深膚色, 男
🧕🏻	包頭, 戴住頭巾嘅女人, 戴住頭巾嘅女人: 淺膚色, 淺膚色, 面紗, 頭巾
🧕🏼	中淺膚色, 包頭, 戴住頭巾嘅女人, 戴住頭巾嘅女人: 中淺膚色, 面紗, 頭巾
🧕🏽	中膚色, 包頭, 戴住頭巾嘅女人, 戴住頭巾嘅女人: 中膚色, 面紗, 頭巾
🧕🏾	中深膚色, 包頭, 戴住頭巾嘅女人, 戴住頭巾嘅女人: 中深膚色, 面紗, 頭巾
🧕🏿	包頭, 戴住頭巾嘅女人, 戴住頭巾嘅女人: 深膚色, 深膚色, 面紗, 頭巾
🧔🏻	淺膚色, 留鬚嘅人, 留鬚嘅人: 淺膚色, 鬚
🧔🏼	中淺膚色, 留鬚嘅人, 留鬚嘅人: 中淺膚色, 鬚
🧔🏽	中膚色, 留鬚嘅人, 留鬚嘅人: 中膚色, 鬚
🧔🏾	中深膚色, 留鬚嘅人, 留鬚嘅人: 中深膚色, 鬚
🧔🏿	深膚色, 留鬚嘅人, 留鬚嘅人: 深膚色, 鬚
👱🏻	淺膚色, 金色頭髮, 金色頭髮嘅人, 金色頭髮嘅人: 淺膚色
👱🏼	中淺膚色, 金色頭髮, 金色頭髮嘅人, 金色頭髮嘅人: 中淺膚色
👱🏽	中膚色, 金色頭髮, 金色頭髮嘅人, 金色頭髮嘅人: 中膚色
👱🏾	中深膚色, 金色頭髮, 金色頭髮嘅人, 金色頭髮嘅人: 中深膚色
👱🏿	深膚色, 金色頭髮, 金色頭髮嘅人, 金色頭髮嘅人: 深膚色
👱🏻‍♂	淺膚色, 男, 金色頭髮, 金色頭髮嘅男人, 金色頭髮嘅男人: 淺膚色
👱🏼‍♂	中淺膚色, 男, 金色頭髮, 金色頭髮嘅男人, 金色頭髮嘅男人: 中淺膚色
👱🏽‍♂	中膚色, 男, 金色頭髮, 金色頭髮嘅男人, 金色頭髮嘅男人: 中膚色
👱🏾‍♂	中深膚色, 男, 金色頭髮, 金色頭髮嘅男人, 金色頭髮嘅男人: 中深膚色
👱🏿‍♂	深膚色, 男, 金色頭髮, 金色頭髮嘅男人, 金色頭髮嘅男人: 深膚色
👱🏻‍♀	女, 淺膚色, 金色頭髮, 金色頭髮嘅女人, 金色頭髮嘅女人: 淺膚色
👱🏼‍♀	中淺膚色, 女, 金色頭髮, 金色頭髮嘅女人, 金色頭髮嘅女人: 中淺膚色
👱🏽‍♀	中膚色, 女, 金色頭髮, 金色頭髮嘅女人, 金色頭髮嘅女人: 中膚色
👱🏾‍♀	中深膚色, 女, 金色頭髮, 金色頭髮嘅女人, 金色頭髮嘅女人: 中深膚色
👱🏿‍♀	女, 深膚色, 金色頭髮, 金色頭髮嘅女人, 金色頭髮嘅女人: 深膚色
🤵🏻	新郎, 晚禮服, 淺膚色, 男, 著晚禮服嘅男人, 著晚禮服嘅男人: 淺膚色
🤵🏼	中淺膚色, 新郎, 晚禮服, 男, 著晚禮服嘅男人, 著晚禮服嘅男人: 中淺膚色
🤵🏽	中膚色, 新郎, 晚禮服, 男, 著晚禮服嘅男人, 著晚禮服嘅男人: 中膚色
🤵🏾	中深膚色, 新郎, 晚禮服, 男, 著晚禮服嘅男人, 著晚禮服嘅男人: 中深膚色
🤵🏿	新郎, 晚禮服, 深膚色, 男, 著晚禮服嘅男人, 著晚禮服嘅男人: 深膚色
👰🏻	婚禮, 戴面紗嘅新娘, 戴面紗嘅新娘: 淺膚色, 新娘, 淺膚色, 面紗
👰🏼	中淺膚色, 婚禮, 戴面紗嘅新娘, 戴面紗嘅新娘: 中淺膚色, 新娘, 面紗
👰🏽	中膚色, 婚禮, 戴面紗嘅新娘, 戴面紗嘅新娘: 中膚色, 新娘, 面紗
👰🏾	中深膚色, 婚禮, 戴面紗嘅新娘, 戴面紗嘅新娘: 中深膚色, 新娘, 面紗
👰🏿	婚禮, 戴面紗嘅新娘, 戴面紗嘅新娘: 深膚色, 新娘, 深膚色, 面紗
🤰🏻	女, 孕婦, 孕婦: 淺膚色, 懷孕, 淺膚色
🤰🏼	中淺膚色, 女, 孕婦, 孕婦: 中淺膚色, 懷孕
🤰🏽	中膚色, 女, 孕婦, 孕婦: 中膚色, 懷孕
🤰🏾	中深膚色, 女, 孕婦, 孕婦: 中深膚色, 懷孕
🤰🏿	女, 孕婦, 孕婦: 深膚色, 懷孕, 深膚色
🤱🏻	乳房, 哺乳, 哺乳: 淺膚色, 嬰兒, 淺膚色
🤱🏼	中淺膚色, 乳房, 哺乳, 哺乳: 中淺膚色, 嬰兒
🤱🏽	中膚色, 乳房, 哺乳, 哺乳: 中膚色, 嬰兒
🤱🏾	中深膚色, 乳房, 哺乳, 哺乳: 中深膚色, 嬰兒
🤱🏿	乳房, 哺乳, 哺乳: 深膚色, 嬰兒, 深膚色
👼🏻	天使, 嬰兒, 寶貝天使, 寶貝天使: 淺膚色, 幻想, 淺膚色, 童話, 臉
👼🏼	中淺膚色, 天使, 嬰兒, 寶貝天使, 寶貝天使: 中淺膚色, 幻想, 童話, 臉
👼🏽	中膚色, 天使, 嬰兒, 寶貝天使, 寶貝天使: 中膚色, 幻想, 童話, 臉
👼🏾	中深膚色, 天使, 嬰兒, 寶貝天使, 寶貝天使: 中深膚色, 幻想, 童話, 臉
👼🏿	天使, 嬰兒, 寶貝天使, 寶貝天使: 深膚色, 幻想, 深膚色, 童話, 臉
🎅🏻	天父, 慶祝, 淺膚色, 聖誕節, 聖誕老人, 聖誕老人: 淺膚色
🎅🏼	中淺膚色, 天父, 慶祝, 聖誕節, 聖誕老人, 聖誕老人: 中淺膚色
🎅🏽	中膚色, 天父, 慶祝, 聖誕節, 聖誕老人, 聖誕老人: 中膚色
🎅🏾	中深膚色, 天父, 慶祝, 聖誕節, 聖誕老人, 聖誕老人: 中深膚色
🎅🏿	天父, 慶祝, 深膚色, 聖誕節, 聖誕老人, 聖誕老人: 深膚色
🤶🏻	女聖誕老人, 女聖誕老人: 淺膚色, 媽媽, 慶祝, 淺膚色, 聖誕節
🤶🏼	中淺膚色, 女聖誕老人, 女聖誕老人: 中淺膚色, 媽媽, 慶祝, 聖誕節
🤶🏽	中膚色, 女聖誕老人, 女聖誕老人: 中膚色, 媽媽, 慶祝, 聖誕節
🤶🏾	中深膚色, 女聖誕老人, 女聖誕老人: 中深膚色, 媽媽, 慶祝, 聖誕節
🤶🏿	女聖誕老人, 女聖誕老人: 深膚色, 媽媽, 慶祝, 深膚色, 聖誕節
🧙🏻	女巫, 巫婆, 巫師, 巫師: 淺膚色, 淺膚色, 男巫
🧙🏼	中淺膚色, 女巫, 巫婆, 巫師, 巫師: 中淺膚色, 男巫
🧙🏽	中膚色, 女巫, 巫婆, 巫師, 巫師: 中膚色, 男巫
🧙🏾	中深膚色, 女巫, 巫婆, 巫師, 巫師: 中深膚色, 男巫
🧙🏿	女巫, 巫婆, 巫師, 巫師: 深膚色, 深膚色, 男巫
🧙🏻‍♀	女巫, 女巫師, 女巫師: 淺膚色, 巫婆, 淺膚色
🧙🏼‍♀	中淺膚色, 女巫, 女巫師, 女巫師: 中淺膚色, 巫婆
🧙🏽‍♀	中膚色, 女巫, 女巫師, 女巫師: 中膚色, 巫婆
🧙🏾‍♀	中深膚色, 女巫, 女巫師, 女巫師: 中深膚色, 巫婆
🧙🏿‍♀	女巫, 女巫師, 女巫師: 深膚色, 巫婆, 深膚色
🧙🏻‍♂	巫師, 淺膚色, 男巫, 男巫師, 男巫師: 淺膚色
🧙🏼‍♂	中淺膚色, 巫師, 男巫, 男巫師, 男巫師: 中淺膚色
🧙🏽‍♂	中膚色, 巫師, 男巫, 男巫師, 男巫師: 中膚色
🧙🏾‍♂	中深膚色, 巫師, 男巫, 男巫師, 男巫師: 中深膚色
🧙🏿‍♂	巫師, 深膚色, 男巫, 男巫師, 男巫師: 深膚色
🧚🏻	仙子, 仙子: 淺膚色, 奧布朗, 帕克, 提泰妮婭, 淺膚色
🧚🏼	中淺膚色, 仙子, 仙子: 中淺膚色, 奧布朗, 帕克, 提泰妮婭
🧚🏽	中膚色, 仙子, 仙子: 中膚色, 奧布朗, 帕克, 提泰妮婭
🧚🏾	中深膚色, 仙子, 仙子: 中深膚色, 奧布朗, 帕克, 提泰妮婭
🧚🏿	仙子, 仙子: 深膚色, 奧布朗, 帕克, 提泰妮婭, 深膚色
🧚🏻‍♀	女仙子, 女仙子: 淺膚色, 提泰妮婭, 淺膚色
🧚🏼‍♀	中淺膚色, 女仙子, 女仙子: 中淺膚色, 提泰妮婭
🧚🏽‍♀	中膚色, 女仙子, 女仙子: 中膚色, 提泰妮婭
🧚🏾‍♀	中深膚色, 女仙子, 女仙子: 中深膚色, 提泰妮婭
🧚🏿‍♀	女仙子, 女仙子: 深膚色, 提泰妮婭, 深膚色
🧚🏻‍♂	奧布朗, 帕克, 淺膚色, 男仙子, 男仙子: 淺膚色
🧚🏼‍♂	中淺膚色, 奧布朗, 帕克, 男仙子, 男仙子: 中淺膚色
🧚🏽‍♂	中膚色, 奧布朗, 帕克, 男仙子, 男仙子: 中膚色
🧚🏾‍♂	中深膚色, 奧布朗, 帕克, 男仙子, 男仙子: 中深膚色
🧚🏿‍♂	奧布朗, 帕克, 深膚色, 男仙子, 男仙子: 深膚色
🧛🏻	亡靈, 吸血鬼, 吸血鬼: 淺膚色, 德古拉, 淺膚色
🧛🏼	中淺膚色, 亡靈, 吸血鬼, 吸血鬼: 中淺膚色, 德古拉
🧛🏽	中膚色, 亡靈, 吸血鬼, 吸血鬼: 中膚色, 德古拉
🧛🏾	中深膚色, 亡靈, 吸血鬼, 吸血鬼: 中深膚色, 德古拉
🧛🏿	亡靈, 吸血鬼, 吸血鬼: 深膚色, 德古拉, 深膚色
🧛🏻‍♀	亡靈, 女吸血鬼, 女吸血鬼: 淺膚色, 淺膚色
🧛🏼‍♀	中淺膚色, 亡靈, 女吸血鬼, 女吸血鬼: 中淺膚色
🧛🏽‍♀	中膚色, 亡靈, 女吸血鬼, 女吸血鬼: 中膚色
🧛🏾‍♀	中深膚色, 亡靈, 女吸血鬼, 女吸血鬼: 中深膚色
🧛🏿‍♀	亡靈, 女吸血鬼, 女吸血鬼: 深膚色, 深膚色
🧛🏻‍♂	亡靈, 德古拉, 淺膚色, 男吸血鬼, 男吸血鬼: 淺膚色
🧛🏼‍♂	中淺膚色, 亡靈, 德古拉, 男吸血鬼, 男吸血鬼: 中淺膚色
🧛🏽‍♂	中膚色, 亡靈, 德古拉, 男吸血鬼, 男吸血鬼: 中膚色
🧛🏾‍♂	中深膚色, 亡靈, 德古拉, 男吸血鬼, 男吸血鬼: 中深膚色
🧛🏿‍♂	亡靈, 德古拉, 深膚色, 男吸血鬼, 男吸血鬼: 深膚色
🧜🏻	人魚, 人魚: 淺膚色, 女美人魚, 淺膚色, 男美人魚, 美人魚
🧜🏼	中淺膚色, 人魚, 人魚: 中淺膚色, 女美人魚, 男美人魚, 美人魚
🧜🏽	中膚色, 人魚, 人魚: 中膚色, 女美人魚, 男美人魚, 美人魚
🧜🏾	中深膚色, 人魚, 人魚: 中深膚色, 女美人魚, 男美人魚, 美人魚
🧜🏿	人魚, 人魚: 深膚色, 女美人魚, 深膚色, 男美人魚, 美人魚
🧜🏻‍♀	女美人魚, 淺膚色, 美人魚, 美人魚: 淺膚色
🧜🏼‍♀	中淺膚色, 女美人魚, 美人魚, 美人魚: 中淺膚色
🧜🏽‍♀	中膚色, 女美人魚, 美人魚, 美人魚: 中膚色
🧜🏾‍♀	中深膚色, 女美人魚, 美人魚, 美人魚: 中深膚色
🧜🏿‍♀	女美人魚, 深膚色, 美人魚, 美人魚: 深膚色
🧜🏻‍♂	Triton, 淺膚色, 男美人魚, 男美人魚: 淺膚色
🧜🏼‍♂	Triton, 中淺膚色, 男美人魚, 男美人魚: 中淺膚色
🧜🏽‍♂	Triton, 中膚色, 男美人魚, 男美人魚: 中膚色
🧜🏾‍♂	Triton, 中深膚色, 男美人魚, 男美人魚: 中深膚色
🧜🏿‍♂	Triton, 深膚色, 男美人魚, 男美人魚: 深膚色
🧝🏻	小精靈, 小精靈: 淺膚色, 淺膚色, 神奇
🧝🏼	中淺膚色, 小精靈, 小精靈: 中淺膚色, 神奇
🧝🏽	中膚色, 小精靈, 小精靈: 中膚色, 神奇
🧝🏾	中深膚色, 小精靈, 小精靈: 中深膚色, 神奇
🧝🏿	小精靈, 小精靈: 深膚色, 深膚色, 神奇
🧝🏻‍♀	女精靈, 女精靈: 淺膚色, 淺膚色, 神奇
🧝🏼‍♀	中淺膚色, 女精靈, 女精靈: 中淺膚色, 神奇
🧝🏽‍♀	中膚色, 女精靈, 女精靈: 中膚色, 神奇
🧝🏾‍♀	中深膚色, 女精靈, 女精靈: 中深膚色, 神奇
🧝🏿‍♀	女精靈, 女精靈: 深膚色, 深膚色, 神奇
🧝🏻‍♂	淺膚色, 男精靈, 男精靈: 淺膚色, 神奇
🧝🏼‍♂	中淺膚色, 男精靈, 男精靈: 中淺膚色, 神奇
🧝🏽‍♂	中膚色, 男精靈, 男精靈: 中膚色, 神奇
🧝🏾‍♂	中深膚色, 男精靈, 男精靈: 中深膚色, 神奇
🧝🏿‍♂	深膚色, 男精靈, 男精靈: 深膚色, 神奇
🙍🏻	淺膚色, 皺眉, 皺眉嘅人, 皺眉嘅人: 淺膚色, 表情
🙍🏼	中淺膚色, 皺眉, 皺眉嘅人, 皺眉嘅人: 中淺膚色, 表情
🙍🏽	中膚色, 皺眉, 皺眉嘅人, 皺眉嘅人: 中膚色, 表情
🙍🏾	中深膚色, 皺眉, 皺眉嘅人, 皺眉嘅人: 中深膚色, 表情
🙍🏿	深膚色, 皺眉, 皺眉嘅人, 皺眉嘅人: 深膚色, 表情
🙍🏻‍♂	淺膚色, 男, 皺眉, 皺眉嘅男人, 皺眉嘅男人: 淺膚色, 表情
🙍🏼‍♂	中淺膚色, 男, 皺眉, 皺眉嘅男人, 皺眉嘅男人: 中淺膚色, 表情
🙍🏽‍♂	中膚色, 男, 皺眉, 皺眉嘅男人, 皺眉嘅男人: 中膚色, 表情
🙍🏾‍♂	中深膚色, 男, 皺眉, 皺眉嘅男人, 皺眉嘅男人: 中深膚色, 表情
🙍🏿‍♂	深膚色, 男, 皺眉, 皺眉嘅男人, 皺眉嘅男人: 深膚色, 表情
🙍🏻‍♀	女, 淺膚色, 皺眉, 皺眉嘅女人, 皺眉嘅女人: 淺膚色, 表情
🙍🏼‍♀	中淺膚色, 女, 皺眉, 皺眉嘅女人, 皺眉嘅女人: 中淺膚色, 表情
🙍🏽‍♀	中膚色, 女, 皺眉, 皺眉嘅女人, 皺眉嘅女人: 中膚色, 表情
🙍🏾‍♀	中深膚色, 女, 皺眉, 皺眉嘅女人, 皺眉嘅女人: 中深膚色, 表情
🙍🏿‍♀	女, 深膚色, 皺眉, 皺眉嘅女人, 皺眉嘅女人: 深膚色, 表情
🙎🏻	撅嘴, 撅嘴嘅人, 撅嘴嘅人: 淺膚色, 淺膚色, 表情
🙎🏼	中淺膚色, 撅嘴, 撅嘴嘅人, 撅嘴嘅人: 中淺膚色, 表情
🙎🏽	中膚色, 撅嘴, 撅嘴嘅人, 撅嘴嘅人: 中膚色, 表情
🙎🏾	中深膚色, 撅嘴, 撅嘴嘅人, 撅嘴嘅人: 中深膚色, 表情
🙎🏿	撅嘴, 撅嘴嘅人, 撅嘴嘅人: 深膚色, 深膚色, 表情
🙎🏻‍♂	撅嘴, 撅嘴嘅男人, 撅嘴嘅男人: 淺膚色, 淺膚色, 男, 表情
🙎🏼‍♂	中淺膚色, 撅嘴, 撅嘴嘅男人, 撅嘴嘅男人: 中淺膚色, 男, 表情
🙎🏽‍♂	中膚色, 撅嘴, 撅嘴嘅男人, 撅嘴嘅男人: 中膚色, 男, 表情
🙎🏾‍♂	中深膚色, 撅嘴, 撅嘴嘅男人, 撅嘴嘅男人: 中深膚色, 男, 表情
🙎🏿‍♂	撅嘴, 撅嘴嘅男人, 撅嘴嘅男人: 深膚色, 深膚色, 男, 表情
🙎🏻‍♀	女, 撅嘴, 撅嘴嘅女人, 撅嘴嘅女人: 淺膚色, 淺膚色, 表情
🙎🏼‍♀	中淺膚色, 女, 撅嘴, 撅嘴嘅女人, 撅嘴嘅女人: 中淺膚色, 表情
🙎🏽‍♀	中膚色, 女, 撅嘴, 撅嘴嘅女人, 撅嘴嘅女人: 中膚色, 表情
🙎🏾‍♀	中深膚色, 女, 撅嘴, 撅嘴嘅女人, 撅嘴嘅女人: 中深膚色, 表情
🙎🏿‍♀	女, 撅嘴, 撅嘴嘅女人, 撅嘴嘅女人: 深膚色, 深膚色, 表情
🙅🏻	不, 做拒絕手勢嘅人, 做拒絕手勢嘅人: 淺膚色, 唔准, 唔好, 手, 手勢, 淺膚色, 禁止
🙅🏼	不, 中淺膚色, 做拒絕手勢嘅人, 做拒絕手勢嘅人: 中淺膚色, 唔准, 唔好, 手, 手勢, 禁止
🙅🏽	不, 中膚色, 做拒絕手勢嘅人, 做拒絕手勢嘅人: 中膚色, 唔准, 唔好, 手, 手勢, 禁止
🙅🏾	不, 中深膚色, 做拒絕手勢嘅人, 做拒絕手勢嘅人: 中深膚色, 唔准, 唔好, 手, 手勢, 禁止
🙅🏿	不, 做拒絕手勢嘅人, 做拒絕手勢嘅人: 深膚色, 唔准, 唔好, 手, 手勢, 深膚色, 禁止
🙅🏻‍♂	做拒絕手勢嘅男人, 做拒絕手勢嘅男人: 淺膚色, 唔准, 唔好, 手, 手勢, 淺膚色, 男, 禁止
🙅🏼‍♂	中淺膚色, 做拒絕手勢嘅男人, 做拒絕手勢嘅男人: 中淺膚色, 唔准, 唔好, 手, 手勢, 男, 禁止
🙅🏽‍♂	中膚色, 做拒絕手勢嘅男人, 做拒絕手勢嘅男人: 中膚色, 唔准, 唔好, 手, 手勢, 男, 禁止
🙅🏾‍♂	中深膚色, 做拒絕手勢嘅男人, 做拒絕手勢嘅男人: 中深膚色, 唔准, 唔好, 手, 手勢, 男, 禁止
🙅🏿‍♂	做拒絕手勢嘅男人, 做拒絕手勢嘅男人: 深膚色, 唔准, 唔好, 手, 手勢, 深膚色, 男, 禁止
🙅🏻‍♀	做拒絕手勢嘅女人, 做拒絕手勢嘅女人: 淺膚色, 唔准, 唔好, 女, 手, 手勢, 淺膚色, 禁止
🙅🏼‍♀	中淺膚色, 做拒絕手勢嘅女人, 做拒絕手勢嘅女人: 中淺膚色, 唔准, 唔好, 女, 手, 手勢, 禁止
🙅🏽‍♀	中膚色, 做拒絕手勢嘅女人, 做拒絕手勢嘅女人: 中膚色, 唔准, 唔好, 女, 手, 手勢, 禁止
🙅🏾‍♀	中深膚色, 做拒絕手勢嘅女人, 做拒絕手勢嘅女人: 中深膚色, 唔准, 唔好, 女, 手, 手勢, 禁止
🙅🏿‍♀	做拒絕手勢嘅女人, 做拒絕手勢嘅女人: 深膚色, 唔准, 唔好, 女, 手, 手勢, 深膚色, 禁止
🙆🏻	OK, 做 OK 手勢嘅人, 做 OK 手勢嘅人: 淺膚色, 手, 手勢, 淺膚色
🙆🏼	OK, 中淺膚色, 做 OK 手勢嘅人, 做 OK 手勢嘅人: 中淺膚色, 手, 手勢
🙆🏽	OK, 中膚色, 做 OK 手勢嘅人, 做 OK 手勢嘅人: 中膚色, 手, 手勢
🙆🏾	OK, 中深膚色, 做 OK 手勢嘅人, 做 OK 手勢嘅人: 中深膚色, 手, 手勢
🙆🏿	OK, 做 OK 手勢嘅人, 做 OK 手勢嘅人: 深膚色, 手, 手勢, 深膚色
🙆🏻‍♂	OK, 做 OK 手勢嘅男人, 做 OK 手勢嘅男人: 淺膚色, 手, 手勢, 淺膚色, 男
🙆🏼‍♂	OK, 中淺膚色, 做 OK 手勢嘅男人, 做 OK 手勢嘅男人: 中淺膚色, 手, 手勢, 男
🙆🏽‍♂	OK, 中膚色, 做 OK 手勢嘅男人, 做 OK 手勢嘅男人: 中膚色, 手, 手勢, 男
🙆🏾‍♂	OK, 中深膚色, 做 OK 手勢嘅男人, 做 OK 手勢嘅男人: 中深膚色, 手, 手勢, 男
🙆🏿‍♂	OK, 做 OK 手勢嘅男人, 做 OK 手勢嘅男人: 深膚色, 手, 手勢, 深膚色, 男
🙆🏻‍♀	OK, 做 OK 手勢嘅女人, 做 OK 手勢嘅女人: 淺膚色, 女, 手, 手勢, 淺膚色
🙆🏼‍♀	OK, 中淺膚色, 做 OK 手勢嘅女人, 做 OK 手勢嘅女人: 中淺膚色, 女, 手, 手勢
🙆🏽‍♀	OK, 中膚色, 做 OK 手勢嘅女人, 做 OK 手勢嘅女人: 中膚色, 女, 手, 手勢
🙆🏾‍♀	OK, 中深膚色, 做 OK 手勢嘅女人, 做 OK 手勢嘅女人: 中深膚色, 女, 手, 手勢
🙆🏿‍♀	OK, 做 OK 手勢嘅女人, 做 OK 手勢嘅女人: 深膚色, 女, 手, 手勢, 深膚色
💁🏻	做提示手勢嘅人, 做提示手勢嘅人: 淺膚色, 幫助, 手, 提示, 時髦, 淺膚色, 資訊
💁🏼	中淺膚色, 做提示手勢嘅人, 做提示手勢嘅人: 中淺膚色, 幫助, 手, 提示, 時髦, 資訊
💁🏽	中膚色, 做提示手勢嘅人, 做提示手勢嘅人: 中膚色, 幫助, 手, 提示, 時髦, 資訊
💁🏾	中深膚色, 做提示手勢嘅人, 做提示手勢嘅人: 中深膚色, 幫助, 手, 提示, 時髦, 資訊
💁🏿	做提示手勢嘅人, 做提示手勢嘅人: 深膚色, 幫助, 手, 提示, 時髦, 深膚色, 資訊
💁🏻‍♂	做提示手勢嘅男人, 做提示手勢嘅男人: 淺膚色, 提示手勢, 時髦, 淺膚色, 男
💁🏼‍♂	中淺膚色, 做提示手勢嘅男人, 做提示手勢嘅男人: 中淺膚色, 提示手勢, 時髦, 男
💁🏽‍♂	中膚色, 做提示手勢嘅男人, 做提示手勢嘅男人: 中膚色, 提示手勢, 時髦, 男
💁🏾‍♂	中深膚色, 做提示手勢嘅男人, 做提示手勢嘅男人: 中深膚色, 提示手勢, 時髦, 男
💁🏿‍♂	做提示手勢嘅男人, 做提示手勢嘅男人: 深膚色, 提示手勢, 時髦, 深膚色, 男
💁🏻‍♀	做提示手勢嘅女人, 做提示手勢嘅女人: 淺膚色, 女, 提示手勢, 時髦, 淺膚色
💁🏼‍♀	中淺膚色, 做提示手勢嘅女人, 做提示手勢嘅女人: 中淺膚色, 女, 提示手勢, 時髦
💁🏽‍♀	中膚色, 做提示手勢嘅女人, 做提示手勢嘅女人: 中膚色, 女, 提示手勢, 時髦
💁🏾‍♀	中深膚色, 做提示手勢嘅女人, 做提示手勢嘅女人: 中深膚色, 女, 提示手勢, 時髦
💁🏿‍♀	做提示手勢嘅女人, 做提示手勢嘅女人: 深膚色, 女, 提示手勢, 時髦, 深膚色
🙋🏻	快樂, 手, 手勢, 淺膚色, 舉手, 舉手嘅人, 舉手嘅人: 淺膚色
🙋🏼	中淺膚色, 快樂, 手, 手勢, 舉手, 舉手嘅人, 舉手嘅人: 中淺膚色
🙋🏽	中膚色, 快樂, 手, 手勢, 舉手, 舉手嘅人, 舉手嘅人: 中膚色
🙋🏾	中深膚色, 快樂, 手, 手勢, 舉手, 舉手嘅人, 舉手嘅人: 中深膚色
🙋🏿	快樂, 手, 手勢, 深膚色, 舉手, 舉手嘅人, 舉手嘅人: 深膚色
🙋🏻‍♂	手勢, 淺膚色, 男, 舉手, 舉手嘅男人, 舉手嘅男人: 淺膚色
🙋🏼‍♂	中淺膚色, 手勢, 男, 舉手, 舉手嘅男人, 舉手嘅男人: 中淺膚色
🙋🏽‍♂	中膚色, 手勢, 男, 舉手, 舉手嘅男人, 舉手嘅男人: 中膚色
🙋🏾‍♂	中深膚色, 手勢, 男, 舉手, 舉手嘅男人, 舉手嘅男人: 中深膚色
🙋🏿‍♂	手勢, 深膚色, 男, 舉手, 舉手嘅男人, 舉手嘅男人: 深膚色
🙋🏻‍♀	女, 手勢, 淺膚色, 舉手, 舉手嘅女人, 舉手嘅女人: 淺膚色
🙋🏼‍♀	中淺膚色, 女, 手勢, 舉手, 舉手嘅女人, 舉手嘅女人: 中淺膚色
🙋🏽‍♀	中膚色, 女, 手勢, 舉手, 舉手嘅女人, 舉手嘅女人: 中膚色
🙋🏾‍♀	中深膚色, 女, 手勢, 舉手, 舉手嘅女人, 舉手嘅女人: 中深膚色
🙋🏿‍♀	女, 手勢, 深膚色, 舉手, 舉手嘅女人, 舉手嘅女人: 深膚色
🙇🏻	姿勢, 對唔住, 淺膚色, 道歉, 鞠躬, 鞠躬嘅人, 鞠躬嘅人: 淺膚色
🙇🏼	中淺膚色, 姿勢, 對唔住, 道歉, 鞠躬, 鞠躬嘅人, 鞠躬嘅人: 中淺膚色
🙇🏽	中膚色, 姿勢, 對唔住, 道歉, 鞠躬, 鞠躬嘅人, 鞠躬嘅人: 中膚色
🙇🏾	中深膚色, 姿勢, 對唔住, 道歉, 鞠躬, 鞠躬嘅人, 鞠躬嘅人: 中深膚色
🙇🏿	姿勢, 對唔住, 深膚色, 道歉, 鞠躬, 鞠躬嘅人, 鞠躬嘅人: 深膚色
🙇🏻‍♂	姿勢, 對唔住, 感謝, 淺膚色, 男, 道歉, 鞠躬, 鞠躬嘅男人, 鞠躬嘅男人: 淺膚色
🙇🏼‍♂	中淺膚色, 姿勢, 對唔住, 感謝, 男, 道歉, 鞠躬, 鞠躬嘅男人, 鞠躬嘅男人: 中淺膚色
🙇🏽‍♂	中膚色, 姿勢, 對唔住, 感謝, 男, 道歉, 鞠躬, 鞠躬嘅男人, 鞠躬嘅男人: 中膚色
🙇🏾‍♂	中深膚色, 姿勢, 對唔住, 感謝, 男, 道歉, 鞠躬, 鞠躬嘅男人, 鞠躬嘅男人: 中深膚色
🙇🏿‍♂	姿勢, 對唔住, 感謝, 深膚色, 男, 道歉, 鞠躬, 鞠躬嘅男人, 鞠躬嘅男人: 深膚色
🙇🏻‍♀	女, 姿勢, 對唔住, 感謝, 淺膚色, 道歉, 鞠躬, 鞠躬嘅女人, 鞠躬嘅女人: 淺膚色
🙇🏼‍♀	中淺膚色, 女, 姿勢, 對唔住, 感謝, 道歉, 鞠躬, 鞠躬嘅女人, 鞠躬嘅女人: 中淺膚色
🙇🏽‍♀	中膚色, 女, 姿勢, 對唔住, 感謝, 道歉, 鞠躬, 鞠躬嘅女人, 鞠躬嘅女人: 中膚色
🙇🏾‍♀	中深膚色, 女, 姿勢, 對唔住, 感謝, 道歉, 鞠躬, 鞠躬嘅女人, 鞠躬嘅女人: 中深膚色
🙇🏿‍♀	女, 姿勢, 對唔住, 感謝, 深膚色, 道歉, 鞠躬, 鞠躬嘅女人, 鞠躬嘅女人: 深膚色
🤦🏻	唔相信, 嬲, 手掌, 淺膚色, 用手遮臉嘅人, 用手遮臉嘅人: 淺膚色, 臉
🤦🏼	中淺膚色, 唔相信, 嬲, 手掌, 用手遮臉嘅人, 用手遮臉嘅人: 中淺膚色, 臉
🤦🏽	中膚色, 唔相信, 嬲, 手掌, 用手遮臉嘅人, 用手遮臉嘅人: 中膚色, 臉
🤦🏾	中深膚色, 唔相信, 嬲, 手掌, 用手遮臉嘅人, 用手遮臉嘅人: 中深膚色, 臉
🤦🏿	唔相信, 嬲, 手掌, 深膚色, 用手遮臉嘅人, 用手遮臉嘅人: 深膚色, 臉
🤦🏻‍♂	唔相信, 嬲, 手掌遮臉, 淺膚色, 用手遮臉嘅男人, 用手遮臉嘅男人: 淺膚色, 男
🤦🏼‍♂	中淺膚色, 唔相信, 嬲, 手掌遮臉, 用手遮臉嘅男人, 用手遮臉嘅男人: 中淺膚色, 男
🤦🏽‍♂	中膚色, 唔相信, 嬲, 手掌遮臉, 用手遮臉嘅男人, 用手遮臉嘅男人: 中膚色, 男
🤦🏾‍♂	中深膚色, 唔相信, 嬲, 手掌遮臉, 用手遮臉嘅男人, 用手遮臉嘅男人: 中深膚色, 男
🤦🏿‍♂	唔相信, 嬲, 手掌遮臉, 深膚色, 用手遮臉嘅男人, 用手遮臉嘅男人: 深膚色, 男
🤦🏻‍♀	唔相信, 女, 嬲, 手掌遮臉, 淺膚色, 用手遮臉嘅女人, 用手遮臉嘅女人: 淺膚色
🤦🏼‍♀	中淺膚色, 唔相信, 女, 嬲, 手掌遮臉, 用手遮臉嘅女人, 用手遮臉嘅女人: 中淺膚色
🤦🏽‍♀	中膚色, 唔相信, 女, 嬲, 手掌遮臉, 用手遮臉嘅女人, 用手遮臉嘅女人: 中膚色
🤦🏾‍♀	中深膚色, 唔相信, 女, 嬲, 手掌遮臉, 用手遮臉嘅女人, 用手遮臉嘅女人: 中深膚色
🤦🏿‍♀	唔相信, 女, 嬲, 手掌遮臉, 深膚色, 用手遮臉嘅女人, 用手遮臉嘅女人: 深膚色
🤷🏻	不關心, 懷疑, 淺膚色, 無知, 聳肩, 聳肩嘅人, 聳肩嘅人: 淺膚色
🤷🏼	不關心, 中淺膚色, 懷疑, 無知, 聳肩, 聳肩嘅人, 聳肩嘅人: 中淺膚色
🤷🏽	不關心, 中膚色, 懷疑, 無知, 聳肩, 聳肩嘅人, 聳肩嘅人: 中膚色
🤷🏾	不關心, 中深膚色, 懷疑, 無知, 聳肩, 聳肩嘅人, 聳肩嘅人: 中深膚色
🤷🏿	不關心, 懷疑, 深膚色, 無知, 聳肩, 聳肩嘅人, 聳肩嘅人: 深膚色
🤷🏻‍♂	不關心, 懷疑, 淺膚色, 無知, 男, 聳肩, 聳肩嘅男人, 聳肩嘅男人: 淺膚色
🤷🏼‍♂	不關心, 中淺膚色, 懷疑, 無知, 男, 聳肩, 聳肩嘅男人, 聳肩嘅男人: 中淺膚色
🤷🏽‍♂	不關心, 中膚色, 懷疑, 無知, 男, 聳肩, 聳肩嘅男人, 聳肩嘅男人: 中膚色
🤷🏾‍♂	不關心, 中深膚色, 懷疑, 無知, 男, 聳肩, 聳肩嘅男人, 聳肩嘅男人: 中深膚色
🤷🏿‍♂	不關心, 懷疑, 深膚色, 無知, 男, 聳肩, 聳肩嘅男人, 聳肩嘅男人: 深膚色
🤷🏻‍♀	不關心, 女, 懷疑, 淺膚色, 無知, 聳肩, 聳肩嘅女人, 聳肩嘅女人: 淺膚色
🤷🏼‍♀	不關心, 中淺膚色, 女, 懷疑, 無知, 聳肩, 聳肩嘅女人, 聳肩嘅女人: 中淺膚色
🤷🏽‍♀	不關心, 中膚色, 女, 懷疑, 無知, 聳肩, 聳肩嘅女人, 聳肩嘅女人: 中膚色
🤷🏾‍♀	不關心, 中深膚色, 女, 懷疑, 無知, 聳肩, 聳肩嘅女人, 聳肩嘅女人: 中深膚色
🤷🏿‍♀	不關心, 女, 懷疑, 深膚色, 無知, 聳肩, 聳肩嘅女人, 聳肩嘅女人: 深膚色
💆🏻	享受按摩嘅人, 享受按摩嘅人: 淺膚色, 按摩, 淺膚色, 美容店, 臉
💆🏼	中淺膚色, 享受按摩嘅人, 享受按摩嘅人: 中淺膚色, 按摩, 美容店, 臉
💆🏽	中膚色, 享受按摩嘅人, 享受按摩嘅人: 中膚色, 按摩, 美容店, 臉
💆🏾	中深膚色, 享受按摩嘅人, 享受按摩嘅人: 中深膚色, 按摩, 美容店, 臉
💆🏿	享受按摩嘅人, 享受按摩嘅人: 深膚色, 按摩, 深膚色, 美容店, 臉
💆🏻‍♂	享受按摩嘅男人, 享受按摩嘅男人: 淺膚色, 按摩, 淺膚色, 男, 臉
💆🏼‍♂	中淺膚色, 享受按摩嘅男人, 享受按摩嘅男人: 中淺膚色, 按摩, 男, 臉
💆🏽‍♂	中膚色, 享受按摩嘅男人, 享受按摩嘅男人: 中膚色, 按摩, 男, 臉
💆🏾‍♂	中深膚色, 享受按摩嘅男人, 享受按摩嘅男人: 中深膚色, 按摩, 男, 臉
💆🏿‍♂	享受按摩嘅男人, 享受按摩嘅男人: 深膚色, 按摩, 深膚色, 男, 臉
💆🏻‍♀	享受按摩嘅女人, 享受按摩嘅女人: 淺膚色, 女, 按摩, 淺膚色, 臉
💆🏼‍♀	中淺膚色, 享受按摩嘅女人, 享受按摩嘅女人: 中淺膚色, 女, 按摩, 臉
💆🏽‍♀	中膚色, 享受按摩嘅女人, 享受按摩嘅女人: 中膚色, 女, 按摩, 臉
💆🏾‍♀	中深膚色, 享受按摩嘅女人, 享受按摩嘅女人: 中深膚色, 女, 按摩, 臉
💆🏿‍♀	享受按摩嘅女人, 享受按摩嘅女人: 深膚色, 女, 按摩, 深膚色, 臉
💇🏻	剪頭髮嘅人, 剪頭髮嘅人: 淺膚色, 客廳, 淺膚色, 理髮, 美容, 髮型師
💇🏼	中淺膚色, 剪頭髮嘅人, 剪頭髮嘅人: 中淺膚色, 客廳, 理髮, 美容, 髮型師
💇🏽	中膚色, 剪頭髮嘅人, 剪頭髮嘅人: 中膚色, 客廳, 理髮, 美容, 髮型師
💇🏾	中深膚色, 剪頭髮嘅人, 剪頭髮嘅人: 中深膚色, 客廳, 理髮, 美容, 髮型師
💇🏿	剪頭髮嘅人, 剪頭髮嘅人: 深膚色, 客廳, 深膚色, 理髮, 美容, 髮型師
💇🏻‍♂	剪頭髮, 剪頭髮嘅男人, 剪頭髮嘅男人: 淺膚色, 淺膚色, 男
💇🏼‍♂	中淺膚色, 剪頭髮, 剪頭髮嘅男人, 剪頭髮嘅男人: 中淺膚色, 男
💇🏽‍♂	中膚色, 剪頭髮, 剪頭髮嘅男人, 剪頭髮嘅男人: 中膚色, 男
💇🏾‍♂	中深膚色, 剪頭髮, 剪頭髮嘅男人, 剪頭髮嘅男人: 中深膚色, 男
💇🏿‍♂	剪頭髮, 剪頭髮嘅男人, 剪頭髮嘅男人: 深膚色, 深膚色, 男
💇🏻‍♀	剪頭髮, 剪頭髮嘅女人, 剪頭髮嘅女人: 淺膚色, 女, 淺膚色
💇🏼‍♀	中淺膚色, 剪頭髮, 剪頭髮嘅女人, 剪頭髮嘅女人: 中淺膚色, 女
💇🏽‍♀	中膚色, 剪頭髮, 剪頭髮嘅女人, 剪頭髮嘅女人: 中膚色, 女
💇🏾‍♀	中深膚色, 剪頭髮, 剪頭髮嘅女人, 剪頭髮嘅女人: 中深膚色, 女
💇🏿‍♀	剪頭髮, 剪頭髮嘅女人, 剪頭髮嘅女人: 深膚色, 女, 深膚色
🚶🏻	淺膚色, 行緊路, 行路, 行路嘅人, 行路嘅人: 淺膚色, 遠足
🚶🏼	中淺膚色, 行緊路, 行路, 行路嘅人, 行路嘅人: 中淺膚色, 遠足
🚶🏽	中膚色, 行緊路, 行路, 行路嘅人, 行路嘅人: 中膚色, 遠足
🚶🏾	中深膚色, 行緊路, 行路, 行路嘅人, 行路嘅人: 中深膚色, 遠足
🚶🏿	深膚色, 行緊路, 行路, 行路嘅人, 行路嘅人: 深膚色, 遠足
🚶🏻‍♂	淺膚色, 男, 行路, 行路嘅男人, 行路嘅男人: 淺膚色, 遠足
🚶🏼‍♂	中淺膚色, 男, 行路, 行路嘅男人, 行路嘅男人: 中淺膚色, 遠足
🚶🏽‍♂	中膚色, 男, 行路, 行路嘅男人, 行路嘅男人: 中膚色, 遠足
🚶🏾‍♂	中深膚色, 男, 行路, 行路嘅男人, 行路嘅男人: 中深膚色, 遠足
🚶🏿‍♂	深膚色, 男, 行路, 行路嘅男人, 行路嘅男人: 深膚色, 遠足
🚶🏻‍♀	女, 淺膚色, 行路, 行路嘅女人, 行路嘅女人: 淺膚色, 遠足
🚶🏼‍♀	中淺膚色, 女, 行路, 行路嘅女人, 行路嘅女人: 中淺膚色, 遠足
🚶🏽‍♀	中膚色, 女, 行路, 行路嘅女人, 行路嘅女人: 中膚色, 遠足
🚶🏾‍♀	中深膚色, 女, 行路, 行路嘅女人, 行路嘅女人: 中深膚色, 遠足
🚶🏿‍♀	女, 深膚色, 行路, 行路嘅女人, 行路嘅女人: 深膚色, 遠足
🏃🏻	淺膚色, 跑步, 跑步嘅人, 跑步嘅人: 淺膚色, 馬拉松
🏃🏼	中淺膚色, 跑步, 跑步嘅人, 跑步嘅人: 中淺膚色, 馬拉松
🏃🏽	中膚色, 跑步, 跑步嘅人, 跑步嘅人: 中膚色, 馬拉松
🏃🏾	中深膚色, 跑步, 跑步嘅人, 跑步嘅人: 中深膚色, 馬拉松
🏃🏿	深膚色, 跑步, 跑步嘅人, 跑步嘅人: 深膚色, 馬拉松
🏃🏻‍♂	淺膚色, 男, 賽跑, 跑步, 跑步嘅男人, 跑步嘅男人: 淺膚色, 馬拉松
🏃🏼‍♂	中淺膚色, 男, 賽跑, 跑步, 跑步嘅男人, 跑步嘅男人: 中淺膚色, 馬拉松
🏃🏽‍♂	中膚色, 男, 賽跑, 跑步, 跑步嘅男人, 跑步嘅男人: 中膚色, 馬拉松
🏃🏾‍♂	中深膚色, 男, 賽跑, 跑步, 跑步嘅男人, 跑步嘅男人: 中深膚色, 馬拉松
🏃🏿‍♂	深膚色, 男, 賽跑, 跑步, 跑步嘅男人, 跑步嘅男人: 深膚色, 馬拉松
🏃🏻‍♀	女, 淺膚色, 賽跑, 跑步, 跑步嘅女人, 跑步嘅女人: 淺膚色, 馬拉松
🏃🏼‍♀	中淺膚色, 女, 賽跑, 跑步, 跑步嘅女人, 跑步嘅女人: 中淺膚色, 馬拉松
🏃🏽‍♀	中膚色, 女, 賽跑, 跑步, 跑步嘅女人, 跑步嘅女人: 中膚色, 馬拉松
🏃🏾‍♀	中深膚色, 女, 賽跑, 跑步, 跑步嘅女人, 跑步嘅女人: 中深膚色, 馬拉松
🏃🏿‍♀	女, 深膚色, 賽跑, 跑步, 跑步嘅女人, 跑步嘅女人: 深膚色, 馬拉松
💃🏻	女, 淺膚色, 跳舞, 跳舞嘅女人, 跳舞嘅女人: 淺膚色
💃🏼	中淺膚色, 女, 跳舞, 跳舞嘅女人, 跳舞嘅女人: 中淺膚色
💃🏽	中膚色, 女, 跳舞, 跳舞嘅女人, 跳舞嘅女人: 中膚色
💃🏾	中深膚色, 女, 跳舞, 跳舞嘅女人, 跳舞嘅女人: 中深膚色
💃🏿	女, 深膚色, 跳舞, 跳舞嘅女人, 跳舞嘅女人: 深膚色
🕺🏻	淺膚色, 男, 跳舞, 跳舞嘅男人, 跳舞嘅男人: 淺膚色
🕺🏼	中淺膚色, 男, 跳舞, 跳舞嘅男人, 跳舞嘅男人: 中淺膚色
🕺🏽	中膚色, 男, 跳舞, 跳舞嘅男人, 跳舞嘅男人: 中膚色
🕺🏾	中深膚色, 男, 跳舞, 跳舞嘅男人, 跳舞嘅男人: 中深膚色
🕺🏿	深膚色, 男, 跳舞, 跳舞嘅男人, 跳舞嘅男人: 深膚色
🧖🏻	喺蒸氣房嘅人, 喺蒸氣房嘅人: 淺膚色, 桑拿, 淺膚色, 蒸氣房
🧖🏼	中淺膚色, 喺蒸氣房嘅人, 喺蒸氣房嘅人: 中淺膚色, 桑拿, 蒸氣房
🧖🏽	中膚色, 喺蒸氣房嘅人, 喺蒸氣房嘅人: 中膚色, 桑拿, 蒸氣房
🧖🏾	中深膚色, 喺蒸氣房嘅人, 喺蒸氣房嘅人: 中深膚色, 桑拿, 蒸氣房
🧖🏿	喺蒸氣房嘅人, 喺蒸氣房嘅人: 深膚色, 桑拿, 深膚色, 蒸氣房
🧖🏻‍♀	喺蒸氣房嘅女人, 喺蒸氣房嘅女人: 淺膚色, 桑拿, 淺膚色, 蒸氣房
🧖🏼‍♀	中淺膚色, 喺蒸氣房嘅女人, 喺蒸氣房嘅女人: 中淺膚色, 桑拿, 蒸氣房
🧖🏽‍♀	中膚色, 喺蒸氣房嘅女人, 喺蒸氣房嘅女人: 中膚色, 桑拿, 蒸氣房
🧖🏾‍♀	中深膚色, 喺蒸氣房嘅女人, 喺蒸氣房嘅女人: 中深膚色, 桑拿, 蒸氣房
🧖🏿‍♀	喺蒸氣房嘅女人, 喺蒸氣房嘅女人: 深膚色, 桑拿, 深膚色, 蒸氣房
🧖🏻‍♂	喺蒸氣房嘅男人, 喺蒸氣房嘅男人: 淺膚色, 桑拿, 淺膚色, 蒸氣房
🧖🏼‍♂	中淺膚色, 喺蒸氣房嘅男人, 喺蒸氣房嘅男人: 中淺膚色, 桑拿, 蒸氣房
🧖🏽‍♂	中膚色, 喺蒸氣房嘅男人, 喺蒸氣房嘅男人: 中膚色, 桑拿, 蒸氣房
🧖🏾‍♂	中深膚色, 喺蒸氣房嘅男人, 喺蒸氣房嘅男人: 中深膚色, 桑拿, 蒸氣房
🧖🏿‍♂	喺蒸氣房嘅男人, 喺蒸氣房嘅男人: 深膚色, 桑拿, 深膚色, 蒸氣房
🧗🏻	淺膚色, 爬山嘅人, 爬山嘅人: 淺膚色, 登山者
🧗🏼	中淺膚色, 爬山嘅人, 爬山嘅人: 中淺膚色, 登山者
🧗🏽	中膚色, 爬山嘅人, 爬山嘅人: 中膚色, 登山者
🧗🏾	中深膚色, 爬山嘅人, 爬山嘅人: 中深膚色, 登山者
🧗🏿	深膚色, 爬山嘅人, 爬山嘅人: 深膚色, 登山者
🧗🏻‍♀	淺膚色, 爬山嘅女人, 爬山嘅女人: 淺膚色, 登山者
🧗🏼‍♀	中淺膚色, 爬山嘅女人, 爬山嘅女人: 中淺膚色, 登山者
🧗🏽‍♀	中膚色, 爬山嘅女人, 爬山嘅女人: 中膚色, 登山者
🧗🏾‍♀	中深膚色, 爬山嘅女人, 爬山嘅女人: 中深膚色, 登山者
🧗🏿‍♀	深膚色, 爬山嘅女人, 爬山嘅女人: 深膚色, 登山者
🧗🏻‍♂	淺膚色, 爬山嘅男人, 爬山嘅男人: 淺膚色, 登山者
🧗🏼‍♂	中淺膚色, 爬山嘅男人, 爬山嘅男人: 中淺膚色, 登山者
🧗🏽‍♂	中膚色, 爬山嘅男人, 爬山嘅男人: 中膚色, 登山者
🧗🏾‍♂	中深膚色, 爬山嘅男人, 爬山嘅男人: 中深膚色, 登山者
🧗🏿‍♂	深膚色, 爬山嘅男人, 爬山嘅男人: 深膚色, 登山者
🧘🏻	冥想, 坐蓮嘅人, 坐蓮嘅人: 淺膚色, 淺膚色, 瑜伽
🧘🏼	中淺膚色, 冥想, 坐蓮嘅人, 坐蓮嘅人: 中淺膚色, 瑜伽
🧘🏽	中膚色, 冥想, 坐蓮嘅人, 坐蓮嘅人: 中膚色, 瑜伽
🧘🏾	中深膚色, 冥想, 坐蓮嘅人, 坐蓮嘅人: 中深膚色, 瑜伽
🧘🏿	冥想, 坐蓮嘅人, 坐蓮嘅人: 深膚色, 深膚色, 瑜伽
🧘🏻‍♀	冥想, 坐蓮嘅女人, 坐蓮嘅女人: 淺膚色, 淺膚色, 瑜伽
🧘🏼‍♀	中淺膚色, 冥想, 坐蓮嘅女人, 坐蓮嘅女人: 中淺膚色, 瑜伽
🧘🏽‍♀	中膚色, 冥想, 坐蓮嘅女人, 坐蓮嘅女人: 中膚色, 瑜伽
🧘🏾‍♀	中深膚色, 冥想, 坐蓮嘅女人, 坐蓮嘅女人: 中深膚色, 瑜伽
🧘🏿‍♀	冥想, 坐蓮嘅女人, 坐蓮嘅女人: 深膚色, 深膚色, 瑜伽
🧘🏻‍♂	冥想, 坐蓮嘅男人, 坐蓮嘅男人: 淺膚色, 淺膚色, 瑜伽
🧘🏼‍♂	中淺膚色, 冥想, 坐蓮嘅男人, 坐蓮嘅男人: 中淺膚色, 瑜伽
🧘🏽‍♂	中膚色, 冥想, 坐蓮嘅男人, 坐蓮嘅男人: 中膚色, 瑜伽
🧘🏾‍♂	中深膚色, 冥想, 坐蓮嘅男人, 坐蓮嘅男人: 中深膚色, 瑜伽
🧘🏿‍♂	冥想, 坐蓮嘅男人, 坐蓮嘅男人: 深膚色, 深膚色, 瑜伽
🛀🏻	沖涼, 沖涼嘅人, 沖涼嘅人: 淺膚色, 浴缸, 淺膚色
🛀🏼	中淺膚色, 沖涼, 沖涼嘅人, 沖涼嘅人: 中淺膚色, 浴缸
🛀🏽	中膚色, 沖涼, 沖涼嘅人, 沖涼嘅人: 中膚色, 浴缸
🛀🏾	中深膚色, 沖涼, 沖涼嘅人, 沖涼嘅人: 中深膚色, 浴缸
🛀🏿	沖涼, 沖涼嘅人, 沖涼嘅人: 深膚色, 浴缸, 深膚色
🛌🏻	喺床上嘅人, 喺床上嘅人: 淺膚色, 淺膚色, 訓覺, 酒店
🛌🏼	中淺膚色, 喺床上嘅人, 喺床上嘅人: 中淺膚色, 訓覺, 酒店
🛌🏽	中膚色, 喺床上嘅人, 喺床上嘅人: 中膚色, 訓覺, 酒店
🛌🏾	中深膚色, 喺床上嘅人, 喺床上嘅人: 中深膚色, 訓覺, 酒店
🛌🏿	喺床上嘅人, 喺床上嘅人: 深膚色, 深膚色, 訓覺, 酒店
🕴🏻	商業, 淺膚色, 男, 著西裝嘅男人, 著西裝嘅男人: 淺膚色, 西裝
🕴🏼	中淺膚色, 商業, 男, 著西裝嘅男人, 著西裝嘅男人: 中淺膚色, 西裝
🕴🏽	中膚色, 商業, 男, 著西裝嘅男人, 著西裝嘅男人: 中膚色, 西裝
🕴🏾	中深膚色, 商業, 男, 著西裝嘅男人, 著西裝嘅男人: 中深膚色, 西裝
🕴🏿	商業, 深膚色, 男, 著西裝嘅男人, 著西裝嘅男人: 深膚色, 西裝
🏇🏻	淺膚色, 賽跑, 賽馬, 賽馬: 淺膚色, 馬, 騎師
🏇🏼	中淺膚色, 賽跑, 賽馬, 賽馬: 中淺膚色, 馬, 騎師
🏇🏽	中膚色, 賽跑, 賽馬, 賽馬: 中膚色, 馬, 騎師
🏇🏾	中深膚色, 賽跑, 賽馬, 賽馬: 中深膚色, 馬, 騎師
🏇🏿	深膚色, 賽跑, 賽馬, 賽馬: 深膚色, 馬, 騎師
🏂🏻	淺膚色, 滑雪, 滑雪板, 滑雪板運動員, 滑雪板運動員: 淺膚色, 雪
🏂🏼	中淺膚色, 滑雪, 滑雪板, 滑雪板運動員, 滑雪板運動員: 中淺膚色, 雪
🏂🏽	中膚色, 滑雪, 滑雪板, 滑雪板運動員, 滑雪板運動員: 中膚色, 雪
🏂🏾	中深膚色, 滑雪, 滑雪板, 滑雪板運動員, 滑雪板運動員: 中深膚色, 雪
🏂🏿	深膚色, 滑雪, 滑雪板, 滑雪板運動員, 滑雪板運動員: 深膚色, 雪
🏌🏻	打高爾夫嘅人, 打高爾夫嘅人: 淺膚色, 波, 淺膚色, 高爾夫
🏌🏼	中淺膚色, 打高爾夫嘅人, 打高爾夫嘅人: 中淺膚色, 波, 高爾夫
🏌🏽	中膚色, 打高爾夫嘅人, 打高爾夫嘅人: 中膚色, 波, 高爾夫
🏌🏾	中深膚色, 打高爾夫嘅人, 打高爾夫嘅人: 中深膚色, 波, 高爾夫
🏌🏿	打高爾夫嘅人, 打高爾夫嘅人: 深膚色, 波, 深膚色, 高爾夫
🏌🏻‍♂	打高爾夫嘅男人, 打高爾夫嘅男人: 淺膚色, 淺膚色, 男, 高爾夫
🏌🏼‍♂	中淺膚色, 打高爾夫嘅男人, 打高爾夫嘅男人: 中淺膚色, 男, 高爾夫
🏌🏽‍♂	中膚色, 打高爾夫嘅男人, 打高爾夫嘅男人: 中膚色, 男, 高爾夫
🏌🏾‍♂	中深膚色, 打高爾夫嘅男人, 打高爾夫嘅男人: 中深膚色, 男, 高爾夫
🏌🏿‍♂	打高爾夫嘅男人, 打高爾夫嘅男人: 深膚色, 深膚色, 男, 高爾夫
🏌🏻‍♀	女, 打高爾夫嘅女人, 打高爾夫嘅女人: 淺膚色, 淺膚色, 高爾夫
🏌🏼‍♀	中淺膚色, 女, 打高爾夫嘅女人, 打高爾夫嘅女人: 中淺膚色, 高爾夫
🏌🏽‍♀	中膚色, 女, 打高爾夫嘅女人, 打高爾夫嘅女人: 中膚色, 高爾夫
🏌🏾‍♀	中深膚色, 女, 打高爾夫嘅女人, 打高爾夫嘅女人: 中深膚色, 高爾夫
🏌🏿‍♀	女, 打高爾夫嘅女人, 打高爾夫嘅女人: 深膚色, 深膚色, 高爾夫
🏄🏻	淺膚色, 滑浪, 滑浪嘅人, 滑浪嘅人: 淺膚色
🏄🏼	中淺膚色, 滑浪, 滑浪嘅人, 滑浪嘅人: 中淺膚色
🏄🏽	中膚色, 滑浪, 滑浪嘅人, 滑浪嘅人: 中膚色
🏄🏾	中深膚色, 滑浪, 滑浪嘅人, 滑浪嘅人: 中深膚色
🏄🏿	深膚色, 滑浪, 滑浪嘅人, 滑浪嘅人: 深膚色
🏄🏻‍♂	淺膚色, 滑浪, 滑浪嘅男人, 滑浪嘅男人: 淺膚色, 男
🏄🏼‍♂	中淺膚色, 滑浪, 滑浪嘅男人, 滑浪嘅男人: 中淺膚色, 男
🏄🏽‍♂	中膚色, 滑浪, 滑浪嘅男人, 滑浪嘅男人: 中膚色, 男
🏄🏾‍♂	中深膚色, 滑浪, 滑浪嘅男人, 滑浪嘅男人: 中深膚色, 男
🏄🏿‍♂	深膚色, 滑浪, 滑浪嘅男人, 滑浪嘅男人: 深膚色, 男
🏄🏻‍♀	女, 淺膚色, 滑浪, 滑浪嘅女人, 滑浪嘅女人: 淺膚色
🏄🏼‍♀	中淺膚色, 女, 滑浪, 滑浪嘅女人, 滑浪嘅女人: 中淺膚色
🏄🏽‍♀	中膚色, 女, 滑浪, 滑浪嘅女人, 滑浪嘅女人: 中膚色
🏄🏾‍♀	中深膚色, 女, 滑浪, 滑浪嘅女人, 滑浪嘅女人: 中深膚色
🏄🏿‍♀	女, 深膚色, 滑浪, 滑浪嘅女人, 滑浪嘅女人: 深膚色
🚣🏻	划艇, 划艇嘅人, 划艇嘅人: 淺膚色, 淺膚色, 艇
🚣🏼	中淺膚色, 划艇, 划艇嘅人, 划艇嘅人: 中淺膚色, 艇
🚣🏽	中膚色, 划艇, 划艇嘅人, 划艇嘅人: 中膚色, 艇
🚣🏾	中深膚色, 划艇, 划艇嘅人, 划艇嘅人: 中深膚色, 艇
🚣🏿	划艇, 划艇嘅人, 划艇嘅人: 深膚色, 深膚色, 艇
🚣🏻‍♂	划艇, 划艇嘅男人, 划艇嘅男人: 淺膚色, 淺膚色, 男, 艇
🚣🏼‍♂	中淺膚色, 划艇, 划艇嘅男人, 划艇嘅男人: 中淺膚色, 男, 艇
🚣🏽‍♂	中膚色, 划艇, 划艇嘅男人, 划艇嘅男人: 中膚色, 男, 艇
🚣🏾‍♂	中深膚色, 划艇, 划艇嘅男人, 划艇嘅男人: 中深膚色, 男, 艇
🚣🏿‍♂	划艇, 划艇嘅男人, 划艇嘅男人: 深膚色, 深膚色, 男, 艇
🚣🏻‍♀	划艇, 划艇嘅女人, 划艇嘅女人: 淺膚色, 女, 淺膚色, 艇
🚣🏼‍♀	中淺膚色, 划艇, 划艇嘅女人, 划艇嘅女人: 中淺膚色, 女, 艇
🚣🏽‍♀	中膚色, 划艇, 划艇嘅女人, 划艇嘅女人: 中膚色, 女, 艇
🚣🏾‍♀	中深膚色, 划艇, 划艇嘅女人, 划艇嘅女人: 中深膚色, 女, 艇
🚣🏿‍♀	划艇, 划艇嘅女人, 划艇嘅女人: 深膚色, 女, 深膚色, 艇
🏊🏻	淺膚色, 游水, 游水嘅人, 游水嘅人: 淺膚色
🏊🏼	中淺膚色, 游水, 游水嘅人, 游水嘅人: 中淺膚色
🏊🏽	中膚色, 游水, 游水嘅人, 游水嘅人: 中膚色
🏊🏾	中深膚色, 游水, 游水嘅人, 游水嘅人: 中深膚色
🏊🏿	深膚色, 游水, 游水嘅人, 游水嘅人: 深膚色
🏊🏻‍♂	淺膚色, 游水, 游水嘅男人, 游水嘅男人: 淺膚色, 男
🏊🏼‍♂	中淺膚色, 游水, 游水嘅男人, 游水嘅男人: 中淺膚色, 男
🏊🏽‍♂	中膚色, 游水, 游水嘅男人, 游水嘅男人: 中膚色, 男
🏊🏾‍♂	中深膚色, 游水, 游水嘅男人, 游水嘅男人: 中深膚色, 男
🏊🏿‍♂	深膚色, 游水, 游水嘅男人, 游水嘅男人: 深膚色, 男
🏊🏻‍♀	女, 淺膚色, 游水, 游水嘅女人, 游水嘅女人: 淺膚色
🏊🏼‍♀	中淺膚色, 女, 游水, 游水嘅女人, 游水嘅女人: 中淺膚色
🏊🏽‍♀	中膚色, 女, 游水, 游水嘅女人, 游水嘅女人: 中膚色
🏊🏾‍♀	中深膚色, 女, 游水, 游水嘅女人, 游水嘅女人: 中深膚色
🏊🏿‍♀	女, 深膚色, 游水, 游水嘅女人, 游水嘅女人: 深膚色
⛹🏻	拍波嘅人, 拍波嘅人: 淺膚色, 波, 淺膚色
⛹🏼	中淺膚色, 拍波嘅人, 拍波嘅人: 中淺膚色, 波
⛹🏽	中膚色, 拍波嘅人, 拍波嘅人: 中膚色, 波
⛹🏾	中深膚色, 拍波嘅人, 拍波嘅人: 中深膚色, 波
⛹🏿	拍波嘅人, 拍波嘅人: 深膚色, 波, 深膚色
⛹🏻‍♂	拍波嘅男人, 拍波嘅男人: 淺膚色, 波, 淺膚色, 男
⛹🏼‍♂	中淺膚色, 拍波嘅男人, 拍波嘅男人: 中淺膚色, 波, 男
⛹🏽‍♂	中膚色, 拍波嘅男人, 拍波嘅男人: 中膚色, 波, 男
⛹🏾‍♂	中深膚色, 拍波嘅男人, 拍波嘅男人: 中深膚色, 波, 男
⛹🏿‍♂	拍波嘅男人, 拍波嘅男人: 深膚色, 波, 深膚色, 男
⛹🏻‍♀	女, 拍波嘅女人, 拍波嘅女人: 淺膚色, 波, 淺膚色
⛹🏼‍♀	中淺膚色, 女, 拍波嘅女人, 拍波嘅女人: 中淺膚色, 波
⛹🏽‍♀	中膚色, 女, 拍波嘅女人, 拍波嘅女人: 中膚色, 波
⛹🏾‍♀	中深膚色, 女, 拍波嘅女人, 拍波嘅女人: 中深膚色, 波
⛹🏿‍♀	女, 拍波嘅女人, 拍波嘅女人: 深膚色, 波, 深膚色
🏋🏻	淺膚色, 舉重, 舉重嘅人, 舉重嘅人: 淺膚色, 舉重者, 舉重運動員
🏋🏼	中淺膚色, 舉重, 舉重嘅人, 舉重嘅人: 中淺膚色, 舉重者, 舉重運動員
🏋🏽	中膚色, 舉重, 舉重嘅人, 舉重嘅人: 中膚色, 舉重者, 舉重運動員
🏋🏾	中深膚色, 舉重, 舉重嘅人, 舉重嘅人: 中深膚色, 舉重者, 舉重運動員
🏋🏿	深膚色, 舉重, 舉重嘅人, 舉重嘅人: 深膚色, 舉重者, 舉重運動員
🏋🏻‍♂	淺膚色, 男, 舉重嘅男人, 舉重嘅男人: 淺膚色, 舉重運動員
🏋🏼‍♂	中淺膚色, 男, 舉重嘅男人, 舉重嘅男人: 中淺膚色, 舉重運動員
🏋🏽‍♂	中膚色, 男, 舉重嘅男人, 舉重嘅男人: 中膚色, 舉重運動員
🏋🏾‍♂	中深膚色, 男, 舉重嘅男人, 舉重嘅男人: 中深膚色, 舉重運動員
🏋🏿‍♂	深膚色, 男, 舉重嘅男人, 舉重嘅男人: 深膚色, 舉重運動員
🏋🏻‍♀	女, 淺膚色, 舉重嘅女人, 舉重嘅女人: 淺膚色, 舉重運動員
🏋🏼‍♀	中淺膚色, 女, 舉重嘅女人, 舉重嘅女人: 中淺膚色, 舉重運動員
🏋🏽‍♀	中膚色, 女, 舉重嘅女人, 舉重嘅女人: 中膚色, 舉重運動員
🏋🏾‍♀	中深膚色, 女, 舉重嘅女人, 舉重嘅女人: 中深膚色, 舉重運動員
🏋🏿‍♀	女, 深膚色, 舉重嘅女人, 舉重嘅女人: 深膚色, 舉重運動員
🚴🏻	單車, 單車運動員, 淺膚色, 踩單車, 踩單車嘅人, 踩單車嘅人: 淺膚色
🚴🏼	中淺膚色, 單車, 單車運動員, 踩單車, 踩單車嘅人, 踩單車嘅人: 中淺膚色
🚴🏽	中膚色, 單車, 單車運動員, 踩單車, 踩單車嘅人, 踩單車嘅人: 中膚色
🚴🏾	中深膚色, 單車, 單車運動員, 踩單車, 踩單車嘅人, 踩單車嘅人: 中深膚色
🚴🏿	單車, 單車運動員, 深膚色, 踩單車, 踩單車嘅人, 踩單車嘅人: 深膚色
🚴🏻‍♂	單車, 單車運動員, 淺膚色, 男, 踩單車, 踩單車嘅男人, 踩單車嘅男人: 淺膚色
🚴🏼‍♂	中淺膚色, 單車, 單車運動員, 男, 踩單車, 踩單車嘅男人, 踩單車嘅男人: 中淺膚色
🚴🏽‍♂	中膚色, 單車, 單車運動員, 男, 踩單車, 踩單車嘅男人, 踩單車嘅男人: 中膚色
🚴🏾‍♂	中深膚色, 單車, 單車運動員, 男, 踩單車, 踩單車嘅男人, 踩單車嘅男人: 中深膚色
🚴🏿‍♂	單車, 單車運動員, 深膚色, 男, 踩單車, 踩單車嘅男人, 踩單車嘅男人: 深膚色
🚴🏻‍♀	單車, 單車運動員, 女, 淺膚色, 踩單車, 踩單車嘅女人, 踩單車嘅女人: 淺膚色
🚴🏼‍♀	中淺膚色, 單車, 單車運動員, 女, 踩單車, 踩單車嘅女人, 踩單車嘅女人: 中淺膚色
🚴🏽‍♀	中膚色, 單車, 單車運動員, 女, 踩單車, 踩單車嘅女人, 踩單車嘅女人: 中膚色
🚴🏾‍♀	中深膚色, 單車, 單車運動員, 女, 踩單車, 踩單車嘅女人, 踩單車嘅女人: 中深膚色
🚴🏿‍♀	單車, 單車運動員, 女, 深膚色, 踩單車, 踩單車嘅女人, 踩單車嘅女人: 深膚色
🚵🏻	單車, 單車運動員, 山地, 淺膚色, 越野單車, 踩單車, 踩越野單車嘅人, 踩越野單車嘅人: 淺膚色
🚵🏼	中淺膚色, 單車, 單車運動員, 山地, 越野單車, 踩單車, 踩越野單車嘅人, 踩越野單車嘅人: 中淺膚色
🚵🏽	中膚色, 單車, 單車運動員, 山地, 越野單車, 踩單車, 踩越野單車嘅人, 踩越野單車嘅人: 中膚色
🚵🏾	中深膚色, 單車, 單車運動員, 山地, 越野單車, 踩單車, 踩越野單車嘅人, 踩越野單車嘅人: 中深膚色
🚵🏿	單車, 單車運動員, 山地, 深膚色, 越野單車, 踩單車, 踩越野單車嘅人, 踩越野單車嘅人: 深膚色
🚵🏻‍♂	單車, 單車運動員, 山地, 淺膚色, 男, 踩單車, 踩越野單車嘅男人, 踩越野單車嘅男人: 淺膚色
🚵🏼‍♂	中淺膚色, 單車, 單車運動員, 山地, 男, 踩單車, 踩越野單車嘅男人, 踩越野單車嘅男人: 中淺膚色
🚵🏽‍♂	中膚色, 單車, 單車運動員, 山地, 男, 踩單車, 踩越野單車嘅男人, 踩越野單車嘅男人: 中膚色
🚵🏾‍♂	中深膚色, 單車, 單車運動員, 山地, 男, 踩單車, 踩越野單車嘅男人, 踩越野單車嘅男人: 中深膚色
🚵🏿‍♂	單車, 單車運動員, 山地, 深膚色, 男, 踩單車, 踩越野單車嘅男人, 踩越野單車嘅男人: 深膚色
🚵🏻‍♀	單車, 單車運動員, 女, 山地, 淺膚色, 踩單車, 踩越野單車嘅女人, 踩越野單車嘅女人: 淺膚色, 騎單車
🚵🏼‍♀	中淺膚色, 單車, 單車運動員, 女, 山地, 踩單車, 踩越野單車嘅女人, 踩越野單車嘅女人: 中淺膚色, 騎單車
🚵🏽‍♀	中膚色, 單車, 單車運動員, 女, 山地, 踩單車, 踩越野單車嘅女人, 踩越野單車嘅女人: 中膚色, 騎單車
🚵🏾‍♀	中深膚色, 單車, 單車運動員, 女, 山地, 踩單車, 踩越野單車嘅女人, 踩越野單車嘅女人: 中深膚色, 騎單車
🚵🏿‍♀	單車, 單車運動員, 女, 山地, 深膚色, 踩單車, 踩越野單車嘅女人, 踩越野單車嘅女人: 深膚色, 騎單車
🤸🏻	側手翻, 側手翻嘅人, 側手翻嘅人: 淺膚色, 淺膚色, 體操
🤸🏼	中淺膚色, 側手翻, 側手翻嘅人, 側手翻嘅人: 中淺膚色, 體操
🤸🏽	中膚色, 側手翻, 側手翻嘅人, 側手翻嘅人: 中膚色, 體操
🤸🏾	中深膚色, 側手翻, 側手翻嘅人, 側手翻嘅人: 中深膚色, 體操
🤸🏿	側手翻, 側手翻嘅人, 側手翻嘅人: 深膚色, 深膚色, 體操
🤸🏻‍♂	側手翻, 側手翻嘅男人, 側手翻嘅男人: 淺膚色, 淺膚色, 男, 體操
🤸🏼‍♂	中淺膚色, 側手翻, 側手翻嘅男人, 側手翻嘅男人: 中淺膚色, 男, 體操
🤸🏽‍♂	中膚色, 側手翻, 側手翻嘅男人, 側手翻嘅男人: 中膚色, 男, 體操
🤸🏾‍♂	中深膚色, 側手翻, 側手翻嘅男人, 側手翻嘅男人: 中深膚色, 男, 體操
🤸🏿‍♂	側手翻, 側手翻嘅男人, 側手翻嘅男人: 深膚色, 深膚色, 男, 體操
🤸🏻‍♀	側手翻, 側手翻嘅女人, 側手翻嘅女人: 淺膚色, 女, 淺膚色, 體操
🤸🏼‍♀	中淺膚色, 側手翻, 側手翻嘅女人, 側手翻嘅女人: 中淺膚色, 女, 體操
🤸🏽‍♀	中膚色, 側手翻, 側手翻嘅女人, 側手翻嘅女人: 中膚色, 女, 體操
🤸🏾‍♀	中深膚色, 側手翻, 側手翻嘅女人, 側手翻嘅女人: 中深膚色, 女, 體操
🤸🏿‍♀	側手翻, 側手翻嘅女人, 側手翻嘅女人: 深膚色, 女, 深膚色, 體操
🤽🏻	水, 水球, 淺膚色, 玩水球嘅人, 玩水球嘅人: 淺膚色
🤽🏼	中淺膚色, 水, 水球, 玩水球嘅人, 玩水球嘅人: 中淺膚色
🤽🏽	中膚色, 水, 水球, 玩水球嘅人, 玩水球嘅人: 中膚色
🤽🏾	中深膚色, 水, 水球, 玩水球嘅人, 玩水球嘅人: 中深膚色
🤽🏿	水, 水球, 深膚色, 玩水球嘅人, 玩水球嘅人: 深膚色
🤽🏻‍♂	水球, 淺膚色, 玩水球嘅男人, 玩水球嘅男人: 淺膚色, 男
🤽🏼‍♂	中淺膚色, 水球, 玩水球嘅男人, 玩水球嘅男人: 中淺膚色, 男
🤽🏽‍♂	中膚色, 水球, 玩水球嘅男人, 玩水球嘅男人: 中膚色, 男
🤽🏾‍♂	中深膚色, 水球, 玩水球嘅男人, 玩水球嘅男人: 中深膚色, 男
🤽🏿‍♂	水球, 深膚色, 玩水球嘅男人, 玩水球嘅男人: 深膚色, 男
🤽🏻‍♀	女, 水球, 淺膚色, 玩水球嘅女人, 玩水球嘅女人: 淺膚色
🤽🏼‍♀	中淺膚色, 女, 水球, 玩水球嘅女人, 玩水球嘅女人: 中淺膚色
🤽🏽‍♀	中膚色, 女, 水球, 玩水球嘅女人, 玩水球嘅女人: 中膚色
🤽🏾‍♀	中深膚色, 女, 水球, 玩水球嘅女人, 玩水球嘅女人: 中深膚色
🤽🏿‍♀	女, 水球, 深膚色, 玩水球嘅女人, 玩水球嘅女人: 深膚色
🤾🏻	手球, 淺膚色, 玩手球嘅人, 玩手球嘅人: 淺膚色, 球
🤾🏼	中淺膚色, 手球, 玩手球嘅人, 玩手球嘅人: 中淺膚色, 球
🤾🏽	中膚色, 手球, 玩手球嘅人, 玩手球嘅人: 中膚色, 球
🤾🏾	中深膚色, 手球, 玩手球嘅人, 玩手球嘅人: 中深膚色, 球
🤾🏿	手球, 深膚色, 玩手球嘅人, 玩手球嘅人: 深膚色, 球
🤾🏻‍♂	手球, 淺膚色, 玩手球嘅男人, 玩手球嘅男人: 淺膚色, 男
🤾🏼‍♂	中淺膚色, 手球, 玩手球嘅男人, 玩手球嘅男人: 中淺膚色, 男
🤾🏽‍♂	中膚色, 手球, 玩手球嘅男人, 玩手球嘅男人: 中膚色, 男
🤾🏾‍♂	中深膚色, 手球, 玩手球嘅男人, 玩手球嘅男人: 中深膚色, 男
🤾🏿‍♂	手球, 深膚色, 玩手球嘅男人, 玩手球嘅男人: 深膚色, 男
🤾🏻‍♀	女, 手球, 淺膚色, 玩手球嘅女人, 玩手球嘅女人: 淺膚色
🤾🏼‍♀	中淺膚色, 女, 手球, 玩手球嘅女人, 玩手球嘅女人: 中淺膚色
🤾🏽‍♀	中膚色, 女, 手球, 玩手球嘅女人, 玩手球嘅女人: 中膚色
🤾🏾‍♀	中深膚色, 女, 手球, 玩手球嘅女人, 玩手球嘅女人: 中深膚色
🤾🏿‍♀	女, 手球, 深膚色, 玩手球嘅女人, 玩手球嘅女人: 深膚色
🤹🏻	多動作, 平行, 技術, 淺膚色, 玩雜耍嘅人, 玩雜耍嘅人: 淺膚色, 雜耍
🤹🏼	中淺膚色, 多動作, 平行, 技術, 玩雜耍嘅人, 玩雜耍嘅人: 中淺膚色, 雜耍
🤹🏽	中膚色, 多動作, 平行, 技術, 玩雜耍嘅人, 玩雜耍嘅人: 中膚色, 雜耍
🤹🏾	中深膚色, 多動作, 平行, 技術, 玩雜耍嘅人, 玩雜耍嘅人: 中深膚色, 雜耍
🤹🏿	多動作, 平行, 技術, 深膚色, 玩雜耍嘅人, 玩雜耍嘅人: 深膚色, 雜耍
🤹🏻‍♂	多動作, 淺膚色, 玩雜耍嘅男人, 玩雜耍嘅男人: 淺膚色, 男, 雜耍
🤹🏼‍♂	中淺膚色, 多動作, 玩雜耍嘅男人, 玩雜耍嘅男人: 中淺膚色, 男, 雜耍
🤹🏽‍♂	中膚色, 多動作, 玩雜耍嘅男人, 玩雜耍嘅男人: 中膚色, 男, 雜耍
🤹🏾‍♂	中深膚色, 多動作, 玩雜耍嘅男人, 玩雜耍嘅男人: 中深膚色, 男, 雜耍
🤹🏿‍♂	多動作, 深膚色, 玩雜耍嘅男人, 玩雜耍嘅男人: 深膚色, 男, 雜耍
🤹🏻‍♀	多動作, 女, 淺膚色, 玩雜耍嘅女人, 玩雜耍嘅女人: 淺膚色, 雜耍
🤹🏼‍♀	中淺膚色, 多動作, 女, 玩雜耍嘅女人, 玩雜耍嘅女人: 中淺膚色, 雜耍
🤹🏽‍♀	中膚色, 多動作, 女, 玩雜耍嘅女人, 玩雜耍嘅女人: 中膚色, 雜耍
🤹🏾‍♀	中深膚色, 多動作, 女, 玩雜耍嘅女人, 玩雜耍嘅女人: 中深膚色, 雜耍
🤹🏿‍♀	多動作, 女, 深膚色, 玩雜耍嘅女人, 玩雜耍嘅女人: 深膚色, 雜耍
👩‍❤‍💋‍👨	吻, 吻: 女人 男人, 夫婦, 女人, 男人
👨‍❤‍💋‍👨	吻, 吻: 男人 男人, 夫婦, 男人
👩‍❤‍💋‍👩	吻, 吻: 女人 女人, 夫婦, 女人
👩‍❤‍👨	夫婦同心, 夫婦同心: 女人 男人, 夫婦｜愛, 女人, 男人
👨‍❤‍👨	夫婦同心, 夫婦同心: 男人 男人, 夫婦｜愛, 男人
👩‍❤‍👩	夫婦同心, 夫婦同心: 女人 女人, 夫婦｜愛, 女人
👨‍👩‍👦	女人, 家庭, 家庭: 男人 女人 男仔, 男人, 男仔
👨‍👩‍👧	女人, 女仔, 家庭, 家庭: 男人 女人 女仔, 男人
👨‍👩‍👧‍👦	女人, 女仔, 家庭, 家庭: 男人 女人 女仔 男仔, 男人, 男仔
👨‍👩‍👦‍👦	女人, 家庭, 家庭: 男人 女人 男仔 男仔, 男人, 男仔
👨‍👩‍👧‍👧	女人, 女仔, 家庭, 家庭: 男人 女人 女仔 女仔, 男人
👨‍👨‍👦	家庭, 家庭: 男人 男人 男仔, 男人, 男仔
👨‍👨‍👧	女仔, 家庭, 家庭: 男人 男人 女仔, 男人
👨‍👨‍👧‍👦	女仔, 家庭, 家庭: 男人 男人 女仔 男仔, 男人, 男仔
👨‍👨‍👦‍👦	家庭, 家庭: 男人 男人 男仔 男仔, 男人, 男仔
👨‍👨‍👧‍👧	女仔, 家庭, 家庭: 男人 男人 女仔 女仔, 男人
👩‍👩‍👦	女人, 家庭, 家庭: 女人 女人 男仔, 男仔
👩‍👩‍👧	女人, 女仔, 家庭, 家庭: 女人 女人 女仔
👩‍👩‍👧‍👦	女人, 女仔, 家庭, 家庭: 女人 女人 女仔 男仔, 男仔
👩‍👩‍👦‍👦	女人, 家庭, 家庭: 女人 女人 男仔 男仔, 男仔
👩‍👩‍👧‍👧	女人, 女仔, 家庭, 家庭: 女人 女人 女仔 女仔
👨‍👦	家庭, 家庭: 男人 男仔, 男人, 男仔
👨‍👦‍👦	家庭, 家庭: 男人 男仔 男仔, 男人, 男仔
👨‍👧	女仔, 家庭, 家庭: 男人 女仔, 男人
👨‍👧‍👦	女仔, 家庭, 家庭: 男人 女仔 男仔, 男人, 男仔
👨‍👧‍👧	女仔, 家庭, 家庭: 男人 女仔 女仔, 男人
👩‍👦	女人, 家庭, 家庭: 女人 男仔, 男仔
👩‍👦‍👦	女人, 家庭, 家庭: 女人 男仔 男仔, 男仔
👩‍👧	女人, 女仔, 家庭, 家庭: 女人 女仔
👩‍👧‍👦	女人, 女仔, 家庭, 家庭: 女人 女仔 男仔, 男仔
👩‍👧‍👧	女人, 女仔, 家庭, 家庭: 女人 女仔 女仔
🤳🏻	手機, 淺膚色, 相機, 自拍, 自拍: 淺膚色
🤳🏼	中淺膚色, 手機, 相機, 自拍, 自拍: 中淺膚色
🤳🏽	中膚色, 手機, 相機, 自拍, 自拍: 中膚色
🤳🏾	中深膚色, 手機, 相機, 自拍, 自拍: 中深膚色
🤳🏿	手機, 深膚色, 相機, 自拍, 自拍: 深膚色
💪🏻	二頭肌, 手瓜, 手瓜: 淺膚色, 淺膚色, 漫畫, 肌肉
💪🏼	中淺膚色, 二頭肌, 手瓜, 手瓜: 中淺膚色, 漫畫, 肌肉
💪🏽	中膚色, 二頭肌, 手瓜, 手瓜: 中膚色, 漫畫, 肌肉
💪🏾	中深膚色, 二頭肌, 手瓜, 手瓜: 中深膚色, 漫畫, 肌肉
💪🏿	二頭肌, 手瓜, 手瓜: 深膚色, 深膚色, 漫畫, 肌肉
👈🏻	反手, 反手指向左邊, 反手指向左邊: 淺膚色, 手, 手指, 指, 指向, 淺膚色
👈🏼	中淺膚色, 反手, 反手指向左邊, 反手指向左邊: 中淺膚色, 手, 手指, 指, 指向
👈🏽	中膚色, 反手, 反手指向左邊, 反手指向左邊: 中膚色, 手, 手指, 指, 指向
👈🏾	中深膚色, 反手, 反手指向左邊, 反手指向左邊: 中深膚色, 手, 手指, 指, 指向
👈🏿	反手, 反手指向左邊, 反手指向左邊: 深膚色, 手, 手指, 指, 指向, 深膚色
👉🏻	反手, 反手指向右邊, 反手指向右邊: 淺膚色, 手, 手指, 指, 指向, 淺膚色
👉🏼	中淺膚色, 反手, 反手指向右邊, 反手指向右邊: 中淺膚色, 手, 手指, 指, 指向
👉🏽	中膚色, 反手, 反手指向右邊, 反手指向右邊: 中膚色, 手, 手指, 指, 指向
👉🏾	中深膚色, 反手, 反手指向右邊, 反手指向右邊: 中深膚色, 手, 手指, 指, 指向
👉🏿	反手, 反手指向右邊, 反手指向右邊: 深膚色, 手, 手指, 指, 指向, 深膚色
☝🏻	上, 手, 手指, 指, 指向, 指向上邊, 指向上邊: 淺膚色, 淺膚色
☝🏼	上, 中淺膚色, 手, 手指, 指, 指向, 指向上邊, 指向上邊: 中淺膚色
☝🏽	上, 中膚色, 手, 手指, 指, 指向, 指向上邊, 指向上邊: 中膚色
☝🏾	上, 中深膚色, 手, 手指, 指, 指向, 指向上邊, 指向上邊: 中深膚色
☝🏿	上, 手, 手指, 指, 指向, 指向上邊, 指向上邊: 深膚色, 深膚色
👆🏻	上, 反手, 反手指向上邊, 反手指向上邊: 淺膚色, 手, 手指, 指, 指向, 淺膚色
👆🏼	上, 中淺膚色, 反手, 反手指向上邊, 反手指向上邊: 中淺膚色, 手, 手指, 指, 指向
👆🏽	上, 中膚色, 反手, 反手指向上邊, 反手指向上邊: 中膚色, 手, 手指, 指, 指向
👆🏾	上, 中深膚色, 反手, 反手指向上邊, 反手指向上邊: 中深膚色, 手, 手指, 指, 指向
👆🏿	上, 反手, 反手指向上邊, 反手指向上邊: 深膚色, 手, 手指, 指, 指向, 深膚色
🖕🏻	中指, 中指: 淺膚色, 手, 手指, 淺膚色
🖕🏼	中指, 中指: 中淺膚色, 中淺膚色, 手, 手指
🖕🏽	中指, 中指: 中膚色, 中膚色, 手, 手指
🖕🏾	中指, 中指: 中深膚色, 中深膚色, 手, 手指
🖕🏿	中指, 中指: 深膚色, 手, 手指, 深膚色
👇🏻	下, 反手, 反手指向下邊, 反手指向下邊: 淺膚色, 手, 手指, 指, 指向, 淺膚色
👇🏼	下, 中淺膚色, 反手, 反手指向下邊, 反手指向下邊: 中淺膚色, 手, 手指, 指, 指向
👇🏽	下, 中膚色, 反手, 反手指向下邊, 反手指向下邊: 中膚色, 手, 手指, 指, 指向
👇🏾	下, 中深膚色, 反手, 反手指向下邊, 反手指向下邊: 中深膚色, 手, 手指, 指, 指向
👇🏿	下, 反手, 反手指向下邊, 反手指向下邊: 深膚色, 手, 手指, 指, 指向, 深膚色
✌🏻	v, 勝利, 勝利手勢, 勝利手勢: 淺膚色, 手, 淺膚色
✌🏼	v, 中淺膚色, 勝利, 勝利手勢, 勝利手勢: 中淺膚色, 手
✌🏽	v, 中膚色, 勝利, 勝利手勢, 勝利手勢: 中膚色, 手
✌🏾	v, 中深膚色, 勝利, 勝利手勢, 勝利手勢: 中深膚色, 手
✌🏿	v, 勝利, 勝利手勢, 勝利手勢: 深膚色, 手, 深膚色
🤞🏻	交叉, 交叉手指, 交叉手指: 淺膚色, 幸運, 手, 手指, 淺膚色
🤞🏼	中淺膚色, 交叉, 交叉手指, 交叉手指: 中淺膚色, 幸運, 手, 手指
🤞🏽	中膚色, 交叉, 交叉手指, 交叉手指: 中膚色, 幸運, 手, 手指
🤞🏾	中深膚色, 交叉, 交叉手指, 交叉手指: 中深膚色, 幸運, 手, 手指
🤞🏿	交叉, 交叉手指, 交叉手指: 深膚色, 幸運, 手, 手指, 深膚色
🖖🏻	手, 手指, 敬禮, 淺膚色, 瓦肯式, 瓦肯式敬禮手勢, 瓦肯式敬禮手勢: 淺膚色
🖖🏼	中淺膚色, 手, 手指, 敬禮, 瓦肯式, 瓦肯式敬禮手勢, 瓦肯式敬禮手勢: 中淺膚色
🖖🏽	中膚色, 手, 手指, 敬禮, 瓦肯式, 瓦肯式敬禮手勢, 瓦肯式敬禮手勢: 中膚色
🖖🏾	中深膚色, 手, 手指, 敬禮, 瓦肯式, 瓦肯式敬禮手勢, 瓦肯式敬禮手勢: 中深膚色
🖖🏿	手, 手指, 敬禮, 深膚色, 瓦肯式, 瓦肯式敬禮手勢, 瓦肯式敬禮手勢: 深膚色
🤘🏻	手, 手指, 搖滾, 淺膚色, 牛角, 牛角手勢, 牛角手勢: 淺膚色
🤘🏼	中淺膚色, 手, 手指, 搖滾, 牛角, 牛角手勢, 牛角手勢: 中淺膚色
🤘🏽	中膚色, 手, 手指, 搖滾, 牛角, 牛角手勢, 牛角手勢: 中膚色
🤘🏾	中深膚色, 手, 手指, 搖滾, 牛角, 牛角手勢, 牛角手勢: 中深膚色
🤘🏿	手, 手指, 搖滾, 深膚色, 牛角, 牛角手勢, 牛角手勢: 深膚色
🤙🏻	手, 打電話, 打電話俾我嘅手勢, 打電話俾我嘅手勢: 淺膚色, 淺膚色
🤙🏼	中淺膚色, 手, 打電話, 打電話俾我嘅手勢, 打電話俾我嘅手勢: 中淺膚色
🤙🏽	中膚色, 手, 打電話, 打電話俾我嘅手勢, 打電話俾我嘅手勢: 中膚色
🤙🏾	中深膚色, 手, 打電話, 打電話俾我嘅手勢, 打電話俾我嘅手勢: 中深膚色
🤙🏿	手, 打電話, 打電話俾我嘅手勢, 打電話俾我嘅手勢: 深膚色, 深膚色
🖐🏻	張開, 手, 手指, 手指張開, 手指張開: 淺膚色, 淺膚色
🖐🏼	中淺膚色, 張開, 手, 手指, 手指張開, 手指張開: 中淺膚色
🖐🏽	中膚色, 張開, 手, 手指, 手指張開, 手指張開: 中膚色
🖐🏾	中深膚色, 張開, 手, 手指, 手指張開, 手指張開: 中深膚色
🖐🏿	張開, 手, 手指, 手指張開, 手指張開: 深膚色, 深膚色
✋🏻	手, 淺膚色, 舉手, 舉手: 淺膚色
✋🏼	中淺膚色, 手, 舉手, 舉手: 中淺膚色
✋🏽	中膚色, 手, 舉手, 舉手: 中膚色
✋🏾	中深膚色, 手, 舉手, 舉手: 中深膚色
✋🏿	手, 深膚色, 舉手, 舉手: 深膚色
👌🏻	OK, OK 手勢, OK 手勢: 淺膚色, 手, 淺膚色
👌🏼	OK, OK 手勢, OK 手勢: 中淺膚色, 中淺膚色, 手
👌🏽	OK, OK 手勢, OK 手勢: 中膚色, 中膚色, 手
👌🏾	OK, OK 手勢, OK 手勢: 中深膚色, 中深膚色, 手
👌🏿	OK, OK 手勢, OK 手勢: 深膚色, 手, 深膚色
👍🏻	+1, 手, 手指公, 淺膚色, 豎起, 豎起手指公, 豎起手指公: 淺膚色
👍🏼	+1, 中淺膚色, 手, 手指公, 豎起, 豎起手指公, 豎起手指公: 中淺膚色
👍🏽	+1, 中膚色, 手, 手指公, 豎起, 豎起手指公, 豎起手指公: 中膚色
👍🏾	+1, 中深膚色, 手, 手指公, 豎起, 豎起手指公, 豎起手指公: 中深膚色
👍🏿	+1, 手, 手指公, 深膚色, 豎起, 豎起手指公, 豎起手指公: 深膚色
👎🏻	-1, 下, 手, 手指公, 手指公向下, 手指公向下: 淺膚色, 淺膚色
👎🏼	-1, 下, 中淺膚色, 手, 手指公, 手指公向下, 手指公向下: 中淺膚色
👎🏽	-1, 下, 中膚色, 手, 手指公, 手指公向下, 手指公向下: 中膚色
👎🏾	-1, 下, 中深膚色, 手, 手指公, 手指公向下, 手指公向下: 中深膚色
👎🏿	-1, 下, 手, 手指公, 手指公向下, 手指公向下: 深膚色, 深膚色
✊🏻	手, 打, 拳頭, 握緊, 淺膚色, 舉起拳頭, 舉起拳頭: 淺膚色
✊🏼	中淺膚色, 手, 打, 拳頭, 握緊, 舉起拳頭, 舉起拳頭: 中淺膚色
✊🏽	中膚色, 手, 打, 拳頭, 握緊, 舉起拳頭, 舉起拳頭: 中膚色
✊🏾	中深膚色, 手, 打, 拳頭, 握緊, 舉起拳頭, 舉起拳頭: 中深膚色
✊🏿	手, 打, 拳頭, 握緊, 深膚色, 舉起拳頭, 舉起拳頭: 深膚色
👊🏻	手, 打, 拳頭, 握緊, 淺膚色, 迎面而來嘅拳頭, 迎面而來嘅拳頭: 淺膚色
👊🏼	中淺膚色, 手, 打, 拳頭, 握緊, 迎面而來嘅拳頭, 迎面而來嘅拳頭: 中淺膚色
👊🏽	中膚色, 手, 打, 拳頭, 握緊, 迎面而來嘅拳頭, 迎面而來嘅拳頭: 中膚色
👊🏾	中深膚色, 手, 打, 拳頭, 握緊, 迎面而來嘅拳頭, 迎面而來嘅拳頭: 中深膚色
👊🏿	手, 打, 拳頭, 握緊, 深膚色, 迎面而來嘅拳頭, 迎面而來嘅拳頭: 深膚色
🤛🏻	向左, 向左嘅拳頭, 向左嘅拳頭: 淺膚色, 拳頭, 淺膚色
🤛🏼	中淺膚色, 向左, 向左嘅拳頭, 向左嘅拳頭: 中淺膚色, 拳頭
🤛🏽	中膚色, 向左, 向左嘅拳頭, 向左嘅拳頭: 中膚色, 拳頭
🤛🏾	中深膚色, 向左, 向左嘅拳頭, 向左嘅拳頭: 中深膚色, 拳頭
🤛🏿	向左, 向左嘅拳頭, 向左嘅拳頭: 深膚色, 拳頭, 深膚色
🤜🏻	向右, 向右嘅拳頭, 向右嘅拳頭: 淺膚色, 拳頭, 淺膚色
🤜🏼	中淺膚色, 向右, 向右嘅拳頭, 向右嘅拳頭: 中淺膚色, 拳頭
🤜🏽	中膚色, 向右, 向右嘅拳頭, 向右嘅拳頭: 中膚色, 拳頭
🤜🏾	中深膚色, 向右, 向右嘅拳頭, 向右嘅拳頭: 中深膚色, 拳頭
🤜🏿	向右, 向右嘅拳頭, 向右嘅拳頭: 深膚色, 拳頭, 深膚色
🤚🏻	反手, 反手舉起, 反手舉起: 淺膚色, 淺膚色, 舉起
🤚🏼	中淺膚色, 反手, 反手舉起, 反手舉起: 中淺膚色, 舉起
🤚🏽	中膚色, 反手, 反手舉起, 反手舉起: 中膚色, 舉起
🤚🏾	中深膚色, 反手, 反手舉起, 反手舉起: 中深膚色, 舉起
🤚🏿	反手, 反手舉起, 反手舉起: 深膚色, 深膚色, 舉起
👋🏻	手, 揮手, 揮手: 淺膚色, 揮緊手, 淺膚色
👋🏼	中淺膚色, 手, 揮手, 揮手: 中淺膚色, 揮緊手
👋🏽	中膚色, 手, 揮手, 揮手: 中膚色, 揮緊手
👋🏾	中深膚色, 手, 揮手, 揮手: 中深膚色, 揮緊手
👋🏿	手, 揮手, 揮手: 深膚色, 揮緊手, 深膚色
🤟🏻	愛您嘅手勢, 愛您嘅手勢: 淺膚色, 我愛您, 手, 淺膚色
🤟🏼	中淺膚色, 愛您嘅手勢, 愛您嘅手勢: 中淺膚色, 我愛您, 手
🤟🏽	中膚色, 愛您嘅手勢, 愛您嘅手勢: 中膚色, 我愛您, 手
🤟🏾	中深膚色, 愛您嘅手勢, 愛您嘅手勢: 中深膚色, 我愛您, 手
🤟🏿	愛您嘅手勢, 愛您嘅手勢: 深膚色, 我愛您, 手, 深膚色
✍🏻	寫字, 寫字嘅手, 寫字嘅手: 淺膚色, 手, 淺膚色
✍🏼	中淺膚色, 寫字, 寫字嘅手, 寫字嘅手: 中淺膚色, 手
✍🏽	中膚色, 寫字, 寫字嘅手, 寫字嘅手: 中膚色, 手
✍🏾	中深膚色, 寫字, 寫字嘅手, 寫字嘅手: 中深膚色, 手
✍🏿	寫字, 寫字嘅手, 寫字嘅手: 深膚色, 手, 深膚色
👏🏻	手, 拍手, 拍手: 淺膚色, 淺膚色
👏🏼	中淺膚色, 手, 拍手, 拍手: 中淺膚色
👏🏽	中膚色, 手, 拍手, 拍手: 中膚色
👏🏾	中深膚色, 手, 拍手, 拍手: 中深膚色
👏🏿	手, 拍手, 拍手: 深膚色, 深膚色
👐🏻	手, 打開, 打開手, 打開手: 淺膚色, 淺膚色
👐🏼	中淺膚色, 手, 打開, 打開手, 打開手: 中淺膚色
👐🏽	中膚色, 手, 打開, 打開手, 打開手: 中膚色
👐🏾	中深膚色, 手, 打開, 打開手, 打開手: 中深膚色
👐🏿	手, 打開, 打開手, 打開手: 深膚色, 深膚色
🙌🏻	慶祝, 手, 手勢, 淺膚色, 舉起, 舉高雙手, 舉高雙手: 淺膚色, 萬歲
🙌🏼	中淺膚色, 慶祝, 手, 手勢, 舉起, 舉高雙手, 舉高雙手: 中淺膚色, 萬歲
🙌🏽	中膚色, 慶祝, 手, 手勢, 舉起, 舉高雙手, 舉高雙手: 中膚色, 萬歲
🙌🏾	中深膚色, 慶祝, 手, 手勢, 舉起, 舉高雙手, 舉高雙手: 中深膚色, 萬歲
🙌🏿	慶祝, 手, 手勢, 深膚色, 舉起, 舉高雙手, 舉高雙手: 深膚色, 萬歲
🤲🏻	手掌一起, 手掌一起: 淺膚色, 淺膚色, 祈禱
🤲🏼	中淺膚色, 手掌一起, 手掌一起: 中淺膚色, 祈禱
🤲🏽	中膚色, 手掌一起, 手掌一起: 中膚色, 祈禱
🤲🏾	中深膚色, 手掌一起, 手掌一起: 中深膚色, 祈禱
🤲🏿	手掌一起, 手掌一起: 深膚色, 深膚色, 祈禱
🙏🏻	合手, 合手: 淺膚色, 問, 多謝, 手, 淺膚色, 祈禱
🙏🏼	中淺膚色, 合手, 合手: 中淺膚色, 問, 多謝, 手, 祈禱
🙏🏽	中膚色, 合手, 合手: 中膚色, 問, 多謝, 手, 祈禱
🙏🏾	中深膚色, 合手, 合手: 中深膚色, 問, 多謝, 手, 祈禱
🙏🏿	合手, 合手: 深膚色, 問, 多謝, 手, 深膚色, 祈禱
💅🏻	修甲, 化妝品, 指甲, 指甲油, 指甲油: 淺膚色, 淺膚色, 護理
💅🏼	中淺膚色, 修甲, 化妝品, 指甲, 指甲油, 指甲油: 中淺膚色, 護理
💅🏽	中膚色, 修甲, 化妝品, 指甲, 指甲油, 指甲油: 中膚色, 護理
💅🏾	中深膚色, 修甲, 化妝品, 指甲, 指甲油, 指甲油: 中深膚色, 護理
💅🏿	修甲, 化妝品, 指甲, 指甲油, 指甲油: 深膚色, 深膚色, 護理
👂🏻	淺膚色, 耳仔, 耳仔: 淺膚色, 身體
👂🏼	中淺膚色, 耳仔, 耳仔: 中淺膚色, 身體
👂🏽	中膚色, 耳仔, 耳仔: 中膚色, 身體
👂🏾	中深膚色, 耳仔, 耳仔: 中深膚色, 身體
👂🏿	深膚色, 耳仔, 耳仔: 深膚色, 身體
👃🏻	淺膚色, 身體, 鼻, 鼻: 淺膚色
👃🏼	中淺膚色, 身體, 鼻, 鼻: 中淺膚色
👃🏽	中膚色, 身體, 鼻, 鼻: 中膚色
👃🏾	中深膚色, 身體, 鼻, 鼻: 中深膚色
👃🏿	深膚色, 身體, 鼻, 鼻: 深膚色
#⃣	鍵帽, 鍵帽: #
*⃣	鍵帽, 鍵帽: *
🔟	鍵帽, 鍵帽: 10
🇦🇨	旗, 旗: 阿森松島
🇦🇩	旗, 旗: 安道爾
🇦🇪	旗, 旗: 阿拉伯聯合大公國
🇦🇫	旗, 旗: 阿富汗
🇦🇬	旗, 旗: 安提瓜同巴布達
🇦🇮	旗, 旗: 安圭拉
🇦🇱	旗, 旗: 阿爾巴尼亞
🇦🇲	旗, 旗: 亞美尼亞
🇦🇴	旗, 旗: 安哥拉
🇦🇶	旗, 旗: 南極洲
🇦🇷	旗, 旗: 阿根廷
🇦🇸	旗, 旗: 美屬薩摩亞
🇦🇹	旗, 旗: 奧地利
🇦🇺	旗, 旗: 澳洲
🇦🇼	旗, 旗: 荷屬阿魯巴
🇦🇽	旗, 旗: 奧蘭群島
🇦🇿	旗, 旗: 亞塞拜然
🇧🇦	旗, 旗: 波斯尼亞同黑塞哥維那
🇧🇧	旗, 旗: 巴貝多
🇧🇩	旗, 旗: 孟加拉
🇧🇪	旗, 旗: 比利時
🇧🇫	旗, 旗: 布吉納法索
🇧🇬	旗, 旗: 保加利亞
🇧🇭	旗, 旗: 巴林
🇧🇮	旗, 旗: 蒲隆地
🇧🇯	旗, 旗: 貝南
🇧🇱	旗, 旗: 聖巴瑟米
🇧🇲	旗, 旗: 百慕達
🇧🇳	旗, 旗: 汶萊
🇧🇴	旗, 旗: 玻利維亞
🇧🇶	旗, 旗: 荷蘭加勒比區
🇧🇷	旗, 旗: 巴西
🇧🇸	旗, 旗: 巴哈馬
🇧🇹	旗, 旗: 不丹
🇧🇻	旗, 旗: 布威島
🇧🇼	旗, 旗: 波札那
🇧🇾	旗, 旗: 白俄羅斯
🇧🇿	旗, 旗: 貝里斯
🇨🇦	旗, 旗: 加拿大
🇨🇨	旗, 旗: 科科斯（基林）群島
🇨🇩	旗, 旗: 剛果（金夏沙）
🇨🇫	旗, 旗: 中非共和國
🇨🇬	旗, 旗: 剛果（布拉薩）
🇨🇭	旗, 旗: 瑞士
🇨🇮	旗, 旗: 象牙海岸
🇨🇰	旗, 旗: 庫克群島
🇨🇱	旗, 旗: 智利
🇨🇲	旗, 旗: 喀麥隆
🇨🇳	旗, 旗: 中華人民共和國
🇨🇴	旗, 旗: 哥倫比亞
🇨🇵	旗, 旗: 克里派頓島
🇨🇷	旗, 旗: 哥斯大黎加
🇨🇺	旗, 旗: 古巴
🇨🇻	旗, 旗: 維德角
🇨🇼	旗, 旗: 庫拉索
🇨🇽	旗, 旗: 聖誕島
🇨🇾	旗, 旗: 賽普勒斯
🇨🇿	旗, 旗: 捷克
🇩🇪	旗, 旗: 德國
🇩🇬	旗, 旗: 迪亞哥加西亞島
🇩🇯	旗, 旗: 吉布地
🇩🇰	旗, 旗: 丹麥
🇩🇲	旗, 旗: 多米尼克
🇩🇴	旗, 旗: 多明尼加共和國
🇩🇿	旗, 旗: 阿爾及利亞
🇪🇦	旗, 旗: 休達與梅利利亞
🇪🇨	旗, 旗: 厄瓜多
🇪🇪	旗, 旗: 愛沙尼亞
🇪🇬	旗, 旗: 埃及
🇪🇭	旗, 旗: 西撒哈拉
🇪🇷	旗, 旗: 厄利垂亞
🇪🇸	旗, 旗: 西班牙
🇪🇹	旗, 旗: 衣索比亞
🇪🇺	旗, 旗: 歐盟
🇫🇮	旗, 旗: 芬蘭
🇫🇯	旗, 旗: 斐濟
🇫🇰	旗, 旗: 福克蘭群島
🇫🇲	旗, 旗: 密克羅尼西亞群島
🇫🇴	旗, 旗: 法羅群島
🇫🇷	旗, 旗: 法國
🇬🇦	旗, 旗: 加彭
🇬🇧	旗, 旗: 英國
🇬🇩	旗, 旗: 格瑞那達
🇬🇪	旗, 旗: 喬治亞共和國
🇬🇫	旗, 旗: 法屬圭亞那
🇬🇬	旗, 旗: 根西島
🇬🇭	旗, 旗: 迦納
🇬🇮	旗, 旗: 直布羅陀
🇬🇱	旗, 旗: 格陵蘭
🇬🇲	旗, 旗: 甘比亞
🇬🇳	旗, 旗: 幾內亞
🇬🇵	旗, 旗: 瓜地洛普
🇬🇶	旗, 旗: 赤道幾內亞
🇬🇷	旗, 旗: 希臘
🇬🇸	旗, 旗: 南佐治亞島同南桑威奇群島
🇬🇹	旗, 旗: 瓜地馬拉
🇬🇺	旗, 旗: 關島
🇬🇼	旗, 旗: 幾內亞比索
🇬🇾	旗, 旗: 蓋亞那
🇭🇰	旗, 旗: 中華人民共和國香港特別行政區
🇭🇲	旗, 旗: 赫德島同麥克唐納群島
🇭🇳	旗, 旗: 宏都拉斯
🇭🇷	旗, 旗: 克羅埃西亞
🇭🇹	旗, 旗: 海地
🇭🇺	旗, 旗: 匈牙利
🇮🇨	旗, 旗: 加那利群島
🇮🇩	旗, 旗: 印尼
🇮🇪	旗, 旗: 愛爾蘭
🇮🇱	旗, 旗: 以色列
🇮🇲	旗, 旗: 曼島
🇮🇳	旗, 旗: 印度
🇮🇴	旗, 旗: 英屬印度洋領地
🇮🇶	旗, 旗: 伊拉克
🇮🇷	旗, 旗: 伊朗
🇮🇸	旗, 旗: 冰島
🇮🇹	旗, 旗: 義大利
🇯🇪	旗, 旗: 澤西島
🇯🇲	旗, 旗: 牙買加
🇯🇴	旗, 旗: 約旦
🇯🇵	旗, 旗: 日本
🇰🇪	旗, 旗: 肯亞
🇰🇬	旗, 旗: 吉爾吉斯
🇰🇭	旗, 旗: 柬埔寨
🇰🇮	旗, 旗: 吉里巴斯
🇰🇲	旗, 旗: 葛摩
🇰🇳	旗, 旗: 聖基茨同尼維斯
🇰🇵	旗, 旗: 北韓
🇰🇷	旗, 旗: 南韓
🇰🇼	旗, 旗: 科威特
🇰🇾	旗, 旗: 開曼群島
🇰🇿	旗, 旗: 哈薩克
🇱🇦	旗, 旗: 寮國
🇱🇧	旗, 旗: 黎巴嫩
🇱🇨	旗, 旗: 聖露西亞
🇱🇮	旗, 旗: 列支敦斯登
🇱🇰	旗, 旗: 斯里蘭卡
🇱🇷	旗, 旗: 賴比瑞亞
🇱🇸	旗, 旗: 賴索托
🇱🇹	旗, 旗: 立陶宛
🇱🇺	旗, 旗: 盧森堡
🇱🇻	旗, 旗: 拉脫維亞
🇱🇾	旗, 旗: 利比亞
🇲🇦	旗, 旗: 摩洛哥
🇲🇨	旗, 旗: 摩納哥
🇲🇩	旗, 旗: 摩爾多瓦
🇲🇪	旗, 旗: 蒙特內哥羅
🇲🇫	旗, 旗: 法屬聖馬丁
🇲🇬	旗, 旗: 馬達加斯加
🇲🇭	旗, 旗: 馬紹爾群島
🇲🇰	旗, 旗: 馬其頓
🇲🇱	旗, 旗: 馬利
🇲🇲	旗, 旗: 緬甸
🇲🇳	旗, 旗: 蒙古
🇲🇴	旗, 旗: 中華人民共和國澳門特別行政區
🇲🇵	旗, 旗: 北馬里亞納群島
🇲🇶	旗, 旗: 馬丁尼克島
🇲🇷	旗, 旗: 茅利塔尼亞
🇲🇸	旗, 旗: 蒙哲臘
🇲🇹	旗, 旗: 馬爾他
🇲🇺	旗, 旗: 模里西斯
🇲🇻	旗, 旗: 馬爾地夫
🇲🇼	旗, 旗: 馬拉威
🇲🇽	旗, 旗: 墨西哥
🇲🇾	旗, 旗: 馬來西亞
🇲🇿	旗, 旗: 莫三比克
🇳🇦	旗, 旗: 納米比亞
🇳🇨	旗, 旗: 新喀里多尼亞
🇳🇪	旗, 旗: 尼日
🇳🇫	旗, 旗: 諾福克島
🇳🇬	旗, 旗: 奈及利亞
🇳🇮	旗, 旗: 尼加拉瓜
🇳🇱	旗, 旗: 荷蘭
🇳🇴	旗, 旗: 挪威
🇳🇵	旗, 旗: 尼泊爾
🇳🇷	旗, 旗: 諾魯
🇳🇺	旗, 旗: 紐埃島
🇳🇿	旗, 旗: 紐西蘭
🇴🇲	旗, 旗: 阿曼王國
🇵🇦	旗, 旗: 巴拿馬
🇵🇪	旗, 旗: 秘魯
🇵🇫	旗, 旗: 法屬玻里尼西亞
🇵🇬	旗, 旗: 巴布亞紐幾內亞
🇵🇭	旗, 旗: 菲律賓
🇵🇰	旗, 旗: 巴基斯坦
🇵🇱	旗, 旗: 波蘭
🇵🇲	旗, 旗: 聖皮埃爾同密克隆群島
🇵🇳	旗, 旗: 皮特肯群島
🇵🇷	旗, 旗: 波多黎各
🇵🇸	旗, 旗: 巴勒斯坦自治區
🇵🇹	旗, 旗: 葡萄牙
🇵🇼	旗, 旗: 帛琉
🇵🇾	旗, 旗: 巴拉圭
🇶🇦	旗, 旗: 卡達
🇷🇪	旗, 旗: 留尼旺
🇷🇴	旗, 旗: 羅馬尼亞
🇷🇸	旗, 旗: 塞爾維亞
🇷🇺	旗, 旗: 俄羅斯
🇷🇼	旗, 旗: 盧安達
🇸🇦	旗, 旗: 沙烏地阿拉伯
🇸🇧	旗, 旗: 索羅門群島
🇸🇨	旗, 旗: 塞席爾
🇸🇩	旗, 旗: 蘇丹
🇸🇪	旗, 旗: 瑞典
🇸🇬	旗, 旗: 新加坡
🇸🇭	旗, 旗: 聖赫勒拿島
🇸🇮	旗, 旗: 斯洛維尼亞
🇸🇯	旗, 旗: 斯瓦爾巴特群島同揚馬延島
🇸🇰	旗, 旗: 斯洛伐克
🇸🇱	旗, 旗: 獅子山
🇸🇲	旗, 旗: 聖馬利諾
🇸🇳	旗, 旗: 塞內加爾
🇸🇴	旗, 旗: 索馬利亞
🇸🇷	旗, 旗: 蘇利南
🇸🇸	旗, 旗: 南蘇丹
🇸🇹	旗, 旗: 聖多美同普林西比
🇸🇻	旗, 旗: 薩爾瓦多
🇸🇽	旗, 旗: 荷屬聖馬丁
🇸🇾	旗, 旗: 敘利亞
🇸🇿	旗, 旗: 史瓦濟蘭
🇹🇦	旗, 旗: 特里斯坦達庫尼亞群島
🇹🇨	旗, 旗: 土克斯及開科斯群島
🇹🇩	旗, 旗: 查德
🇹🇫	旗, 旗: 法屬南方屬地
🇹🇬	旗, 旗: 多哥
🇹🇭	旗, 旗: 泰國
🇹🇯	旗, 旗: 塔吉克
🇹🇰	旗, 旗: 托克勞群島
🇹🇱	旗, 旗: 東帝汶
🇹🇲	旗, 旗: 土庫曼
🇹🇳	旗, 旗: 突尼西亞
🇹🇴	旗, 旗: 東加
🇹🇷	旗, 旗: 土耳其
🇹🇹	旗, 旗: 千里達同多巴哥
🇹🇻	旗, 旗: 吐瓦魯
🇹🇼	旗, 旗: 台灣
🇹🇿	旗, 旗: 坦尚尼亞
🇺🇦	旗, 旗: 烏克蘭
🇺🇬	旗, 旗: 烏干達
🇺🇲	旗, 旗: 美國本土外小島嶼
🇺🇳	旗, 旗: 聯合國
🇺🇸	旗, 旗: 美國
🇺🇾	旗, 旗: 烏拉圭
🇺🇿	旗, 旗: 烏茲別克
🇻🇦	旗, 旗: 梵蒂岡
🇻🇨	旗, 旗: 聖文森特同格林納丁斯
🇻🇪	旗, 旗: 委內瑞拉
🇻🇬	旗, 旗: 英屬維京群島
🇻🇮	旗, 旗: 美屬維京群島
🇻🇳	旗, 旗: 越南
🇻🇺	旗, 旗: 萬那杜
🇼🇫	旗, 旗: 瓦利斯同富圖納群島
🇼🇸	旗, 旗: 薩摩亞
🇽🇰	旗, 旗: 科索沃
🇾🇪	旗, 旗: 葉門
🇾🇹	旗, 旗: 馬約特
🇿🇦	旗, 旗: 南非
🇿🇲	旗, 旗: 尚比亞
🇿🇼	旗, 旗: 辛巴威
0⃣	鍵帽, 鍵帽: 0
1⃣	鍵帽, 鍵帽: 1
2⃣	鍵帽, 鍵帽: 2
3⃣	鍵帽, 鍵帽: 3
4⃣	鍵帽, 鍵帽: 4
5⃣	鍵帽, 鍵帽: 5
6⃣	鍵帽, 鍵帽: 6
7⃣	鍵帽, 鍵帽: 7
8⃣	鍵帽, 鍵帽: 8
9⃣	鍵帽, 鍵帽: 9
