🦵🏻	腿, 腿: 较浅肤色, 跛行, 踢, 较浅肤色
🦵🏼	中等-浅肤色, 腿, 腿: 中等-浅肤色, 跛行, 踢
🦵🏽	中等肤色, 腿, 腿: 中等肤色, 跛行, 踢
🦵🏾	中等-深肤色, 腿, 腿: 中等-深肤色, 跛行, 踢
🦵🏿	腿, 腿: 较深肤色, 跛行, 踢, 较深肤色
🦶🏻	脚, 脚: 较浅肤色, 踢, 踩, 较浅肤色
🦶🏼	中等-浅肤色, 脚, 脚: 中等-浅肤色, 踢, 踩
🦶🏽	中等肤色, 脚, 脚: 中等肤色, 踢, 踩
🦶🏾	中等-深肤色, 脚, 脚: 中等-深肤色, 踢, 踩
🦶🏿	脚, 脚: 较深肤色, 踢, 踩, 较深肤色
🦸🏻	女英雄, 好人, 英雄, 超级英雄, 超级英雄: 较浅肤色, 超能力, 较浅肤色
🦸🏼	中等-浅肤色, 女英雄, 好人, 英雄, 超级英雄, 超级英雄: 中等-浅肤色, 超能力
🦸🏽	中等肤色, 女英雄, 好人, 英雄, 超级英雄, 超级英雄: 中等肤色, 超能力
🦸🏾	中等-深肤色, 女英雄, 好人, 英雄, 超级英雄, 超级英雄: 中等-深肤色, 超能力
🦸🏿	女英雄, 好人, 英雄, 超级英雄, 超级英雄: 较深肤色, 超能力, 较深肤色
🦸🏻‍♀	女人, 女超级英雄, 女超级英雄: 较浅肤色, 好人, 英雄, 超能力, 较浅肤色
🦸🏼‍♀	中等-浅肤色, 女人, 女超级英雄, 女超级英雄: 中等-浅肤色, 好人, 英雄, 超能力
🦸🏽‍♀	中等肤色, 女人, 女超级英雄, 女超级英雄: 中等肤色, 好人, 英雄, 超能力
🦸🏾‍♀	中等-深肤色, 女人, 女超级英雄, 女超级英雄: 中等-深肤色, 好人, 英雄, 超能力
🦸🏿‍♀	女人, 女超级英雄, 女超级英雄: 较深肤色, 好人, 英雄, 超能力, 较深肤色
🦸🏻‍♂	好人, 男人, 男超级英雄, 男超级英雄: 较浅肤色, 英雄, 超能力, 较浅肤色
🦸🏼‍♂	中等-浅肤色, 好人, 男人, 男超级英雄, 男超级英雄: 中等-浅肤色, 英雄, 超能力
🦸🏽‍♂	中等肤色, 好人, 男人, 男超级英雄, 男超级英雄: 中等肤色, 英雄, 超能力
🦸🏾‍♂	中等-深肤色, 好人, 男人, 男超级英雄, 男超级英雄: 中等-深肤色, 英雄, 超能力
🦸🏿‍♂	好人, 男人, 男超级英雄, 男超级英雄: 较深肤色, 英雄, 超能力, 较深肤色
🦹🏻	坏蛋, 恶魔, 罪犯, 超级大坏蛋, 超级大坏蛋: 较浅肤色, 超能力, 较浅肤色
🦹🏼	中等-浅肤色, 坏蛋, 恶魔, 罪犯, 超级大坏蛋, 超级大坏蛋: 中等-浅肤色, 超能力
🦹🏽	中等肤色, 坏蛋, 恶魔, 罪犯, 超级大坏蛋, 超级大坏蛋: 中等肤色, 超能力
🦹🏾	中等-深肤色, 坏蛋, 恶魔, 罪犯, 超级大坏蛋, 超级大坏蛋: 中等-深肤色, 超能力
🦹🏿	坏蛋, 恶魔, 罪犯, 超级大坏蛋, 超级大坏蛋: 较深肤色, 超能力, 较深肤色
🦹🏻‍♀	坏蛋, 女人, 女超级大坏蛋, 女超级大坏蛋: 较浅肤色, 罪犯, 超能力, 较浅肤色
🦹🏼‍♀	中等-浅肤色, 坏蛋, 女人, 女超级大坏蛋, 女超级大坏蛋: 中等-浅肤色, 罪犯, 超能力
🦹🏽‍♀	中等肤色, 坏蛋, 女人, 女超级大坏蛋, 女超级大坏蛋: 中等肤色, 罪犯, 超能力
🦹🏾‍♀	中等-深肤色, 坏蛋, 女人, 女超级大坏蛋, 女超级大坏蛋: 中等-深肤色, 罪犯, 超能力
🦹🏿‍♀	坏蛋, 女人, 女超级大坏蛋, 女超级大坏蛋: 较深肤色, 罪犯, 超能力, 较深肤色
🦹🏻‍♂	坏蛋, 男人, 男超级大坏蛋, 男超级大坏蛋: 较浅肤色, 罪犯, 超能力, 较浅肤色
🦹🏼‍♂	中等-浅肤色, 坏蛋, 男人, 男超级大坏蛋, 男超级大坏蛋: 中等-浅肤色, 罪犯, 超能力
🦹🏽‍♂	中等肤色, 坏蛋, 男人, 男超级大坏蛋, 男超级大坏蛋: 中等肤色, 罪犯, 超能力
🦹🏾‍♂	中等-深肤色, 坏蛋, 男人, 男超级大坏蛋, 男超级大坏蛋: 中等-深肤色, 罪犯, 超能力
🦹🏿‍♂	坏蛋, 男人, 男超级大坏蛋, 男超级大坏蛋: 较深肤色, 罪犯, 超能力, 较深肤色
👶🏻	宝宝, 小宝贝, 小宝贝: 较浅肤色, 较浅肤色
👶🏼	中等-浅肤色, 宝宝, 小宝贝, 小宝贝: 中等-浅肤色
👶🏽	中等肤色, 宝宝, 小宝贝, 小宝贝: 中等肤色
👶🏾	中等-深肤色, 宝宝, 小宝贝, 小宝贝: 中等-深肤色
👶🏿	宝宝, 小宝贝, 小宝贝: 较深肤色, 较深肤色
🧒🏻	儿童, 儿童: 较浅肤色, 年轻人, 性别不明, 性别中立, 较浅肤色
🧒🏼	中等-浅肤色, 儿童, 儿童: 中等-浅肤色, 年轻人, 性别不明, 性别中立
🧒🏽	中等肤色, 儿童, 儿童: 中等肤色, 年轻人, 性别不明, 性别中立
🧒🏾	中等-深肤色, 儿童, 儿童: 中等-深肤色, 年轻人, 性别不明, 性别中立
🧒🏿	儿童, 儿童: 较深肤色, 年轻人, 性别不明, 性别中立, 较深肤色
👦🏻	儿童, 孩子, 小孩, 男, 男孩, 男孩: 较浅肤色, 较浅肤色
👦🏼	中等-浅肤色, 儿童, 孩子, 小孩, 男, 男孩, 男孩: 中等-浅肤色
👦🏽	中等肤色, 儿童, 孩子, 小孩, 男, 男孩, 男孩: 中等肤色
👦🏾	中等-深肤色, 儿童, 孩子, 小孩, 男, 男孩, 男孩: 中等-深肤色
👦🏿	儿童, 孩子, 小孩, 男, 男孩, 男孩: 较深肤色, 较深肤色
👧🏻	儿童, 女, 女孩, 女孩: 较浅肤色, 孩子, 小孩, 较浅肤色
👧🏼	中等-浅肤色, 儿童, 女, 女孩, 女孩: 中等-浅肤色, 孩子, 小孩
👧🏽	中等肤色, 儿童, 女, 女孩, 女孩: 中等肤色, 孩子, 小孩
👧🏾	中等-深肤色, 儿童, 女, 女孩, 女孩: 中等-深肤色, 孩子, 小孩
👧🏿	儿童, 女, 女孩, 女孩: 较深肤色, 孩子, 小孩, 较深肤色
🧑🏻	性别中立, 性格不明, 成人, 成人: 较浅肤色, 较浅肤色
🧑🏼	中等-浅肤色, 性别中立, 性格不明, 成人, 成人: 中等-浅肤色
🧑🏽	中等肤色, 性别中立, 性格不明, 成人, 成人: 中等肤色
🧑🏾	中等-深肤色, 性别中立, 性格不明, 成人, 成人: 中等-深肤色
🧑🏿	性别中立, 性格不明, 成人, 成人: 较深肤色, 较深肤色
👨🏻	男, 男人, 男人: 较浅肤色, 较浅肤色
👨🏼	中等-浅肤色, 男, 男人, 男人: 中等-浅肤色
👨🏽	中等肤色, 男, 男人, 男人: 中等肤色
👨🏾	中等-深肤色, 男, 男人, 男人: 中等-深肤色
👨🏿	男, 男人, 男人: 较深肤色, 较深肤色
👨‍🦰	男, 男人, 男人: 红发, 红发
👨🏻‍🦰	男, 男人, 男人: 较浅肤色红发, 红发, 较浅肤色
👨🏼‍🦰	中等-浅肤色, 男, 男人, 男人: 中等-浅肤色红发, 红发
👨🏽‍🦰	中等肤色, 男, 男人, 男人: 中等肤色红发, 红发
👨🏾‍🦰	中等-深肤色, 男, 男人, 男人: 中等-深肤色红发, 红发
👨🏿‍🦰	男, 男人, 男人: 较深肤色红发, 红发, 较深肤色
👨‍🦱	卷发, 男, 男人, 男人: 卷发
👨🏻‍🦱	卷发, 男, 男人, 男人: 较浅肤色卷发, 较浅肤色
👨🏼‍🦱	中等-浅肤色, 卷发, 男, 男人, 男人: 中等-浅肤色卷发
👨🏽‍🦱	中等肤色, 卷发, 男, 男人, 男人: 中等肤色卷发
👨🏾‍🦱	中等-深肤色, 卷发, 男, 男人, 男人: 中等-深肤色卷发
👨🏿‍🦱	卷发, 男, 男人, 男人: 较深肤色卷发, 较深肤色
👨‍🦲	男, 男人, 男人: 秃顶, 秃顶
👨🏻‍🦲	男, 男人, 男人: 较浅肤色秃顶, 秃顶, 较浅肤色
👨🏼‍🦲	中等-浅肤色, 男, 男人, 男人: 中等-浅肤色秃顶, 秃顶
👨🏽‍🦲	中等肤色, 男, 男人, 男人: 中等肤色秃顶, 秃顶
👨🏾‍🦲	中等-深肤色, 男, 男人, 男人: 中等-深肤色秃顶, 秃顶
👨🏿‍🦲	男, 男人, 男人: 较深肤色秃顶, 秃顶, 较深肤色
👨‍🦳	男, 男人, 男人: 白发, 白发
👨🏻‍🦳	男, 男人, 男人: 较浅肤色白发, 白发, 较浅肤色
👨🏼‍🦳	中等-浅肤色, 男, 男人, 男人: 中等-浅肤色白发, 白发
👨🏽‍🦳	中等肤色, 男, 男人, 男人: 中等肤色白发, 白发
👨🏾‍🦳	中等-深肤色, 男, 男人, 男人: 中等-深肤色白发, 白发
👨🏿‍🦳	男, 男人, 男人: 较深肤色白发, 白发, 较深肤色
👩🏻	女, 女人, 女人: 较浅肤色, 较浅肤色
👩🏼	中等-浅肤色, 女, 女人, 女人: 中等-浅肤色
👩🏽	中等肤色, 女, 女人, 女人: 中等肤色
👩🏾	中等-深肤色, 女, 女人, 女人: 中等-深肤色
👩🏿	女, 女人, 女人: 较深肤色, 较深肤色
👩‍🦰	女, 女人, 女人: 红发, 红发
👩🏻‍🦰	女, 女人, 女人: 较浅肤色红发, 红发, 较浅肤色
👩🏼‍🦰	中等-浅肤色, 女, 女人, 女人: 中等-浅肤色红发, 红发
👩🏽‍🦰	中等肤色, 女, 女人, 女人: 中等肤色红发, 红发
👩🏾‍🦰	中等-深肤色, 女, 女人, 女人: 中等-深肤色红发, 红发
👩🏿‍🦰	女, 女人, 女人: 较深肤色红发, 红发, 较深肤色
👩‍🦱	卷发, 女, 女人, 女人: 卷发
👩🏻‍🦱	卷发, 女, 女人, 女人: 较浅肤色卷发, 较浅肤色
👩🏼‍🦱	中等-浅肤色, 卷发, 女, 女人, 女人: 中等-浅肤色卷发
👩🏽‍🦱	中等肤色, 卷发, 女, 女人, 女人: 中等肤色卷发
👩🏾‍🦱	中等-深肤色, 卷发, 女, 女人, 女人: 中等-深肤色卷发
👩🏿‍🦱	卷发, 女, 女人, 女人: 较深肤色卷发, 较深肤色
👩‍🦲	女, 女人, 女人: 秃顶, 秃顶
👩🏻‍🦲	女, 女人, 女人: 较浅肤色秃顶, 秃顶, 较浅肤色
👩🏼‍🦲	中等-浅肤色, 女, 女人, 女人: 中等-浅肤色秃顶, 秃顶
👩🏽‍🦲	中等肤色, 女, 女人, 女人: 中等肤色秃顶, 秃顶
👩🏾‍🦲	中等-深肤色, 女, 女人, 女人: 中等-深肤色秃顶, 秃顶
👩🏿‍🦲	女, 女人, 女人: 较深肤色秃顶, 秃顶, 较深肤色
👩‍🦳	女, 女人, 女人: 白发, 白发
👩🏻‍🦳	女, 女人, 女人: 较浅肤色白发, 白发, 较浅肤色
👩🏼‍🦳	中等-浅肤色, 女, 女人, 女人: 中等-浅肤色白发, 白发
👩🏽‍🦳	中等肤色, 女, 女人, 女人: 中等肤色白发, 白发
👩🏾‍🦳	中等-深肤色, 女, 女人, 女人: 中等-深肤色白发, 白发
👩🏿‍🦳	女, 女人, 女人: 较深肤色白发, 白发, 较深肤色
🧓🏻	性别不明, 性别中性, 成人, 老人, 老年人, 老年人: 较浅肤色, 较浅肤色
🧓🏼	中等-浅肤色, 性别不明, 性别中性, 成人, 老人, 老年人, 老年人: 中等-浅肤色
🧓🏽	中等肤色, 性别不明, 性别中性, 成人, 老人, 老年人, 老年人: 中等肤色
🧓🏾	中等-深肤色, 性别不明, 性别中性, 成人, 老人, 老年人, 老年人: 中等-深肤色
🧓🏿	性别不明, 性别中性, 成人, 老人, 老年人, 老年人: 较深肤色, 较深肤色
👴🏻	老人, 老头, 老爷爷, 老爷爷: 较浅肤色, 较浅肤色
👴🏼	中等-浅肤色, 老人, 老头, 老爷爷, 老爷爷: 中等-浅肤色
👴🏽	中等肤色, 老人, 老头, 老爷爷, 老爷爷: 中等肤色
👴🏾	中等-深肤色, 老人, 老头, 老爷爷, 老爷爷: 中等-深肤色
👴🏿	老人, 老头, 老爷爷, 老爷爷: 较深肤色, 较深肤色
👵🏻	老人, 老太, 老奶奶, 老奶奶: 较浅肤色, 较浅肤色
👵🏼	中等-浅肤色, 老人, 老太, 老奶奶, 老奶奶: 中等-浅肤色
👵🏽	中等肤色, 老人, 老太, 老奶奶, 老奶奶: 中等肤色
👵🏾	中等-深肤色, 老人, 老太, 老奶奶, 老奶奶: 中等-深肤色
👵🏿	老人, 老太, 老奶奶, 老奶奶: 较深肤色, 较深肤色
👨🏻‍⚕	医护人员, 医生, 护士, 治疗师, 男人, 男医生, 男医生: 较浅肤色, 较浅肤色
👨🏼‍⚕	中等-浅肤色, 医护人员, 医生, 护士, 治疗师, 男人, 男医生, 男医生: 中等-浅肤色
👨🏽‍⚕	中等肤色, 医护人员, 医生, 护士, 治疗师, 男人, 男医生, 男医生: 中等肤色
👨🏾‍⚕	中等-深肤色, 医护人员, 医生, 护士, 治疗师, 男人, 男医生, 男医生: 中等-深肤色
👨🏿‍⚕	医护人员, 医生, 护士, 治疗师, 男人, 男医生, 男医生: 较深肤色, 较深肤色
👩🏻‍⚕	医护人员, 医生, 女人, 女医生, 女医生: 较浅肤色, 护士, 治疗师, 较浅肤色
👩🏼‍⚕	中等-浅肤色, 医护人员, 医生, 女人, 女医生, 女医生: 中等-浅肤色, 护士, 治疗师
👩🏽‍⚕	中等肤色, 医护人员, 医生, 女人, 女医生, 女医生: 中等肤色, 护士, 治疗师
👩🏾‍⚕	中等-深肤色, 医护人员, 医生, 女人, 女医生, 女医生: 中等-深肤色, 护士, 治疗师
👩🏿‍⚕	医护人员, 医生, 女人, 女医生, 女医生: 较深肤色, 护士, 治疗师, 较深肤色
👨🏻‍🎓	学生, 毕业, 男, 男学生, 男学生: 较浅肤色, 较浅肤色
👨🏼‍🎓	中等-浅肤色, 学生, 毕业, 男, 男学生, 男学生: 中等-浅肤色
👨🏽‍🎓	中等肤色, 学生, 毕业, 男, 男学生, 男学生: 中等肤色
👨🏾‍🎓	中等-深肤色, 学生, 毕业, 男, 男学生, 男学生: 中等-深肤色
👨🏿‍🎓	学生, 毕业, 男, 男学生, 男学生: 较深肤色, 较深肤色
👩🏻‍🎓	女, 女学生, 女学生: 较浅肤色, 学生, 毕业, 较浅肤色
👩🏼‍🎓	中等-浅肤色, 女, 女学生, 女学生: 中等-浅肤色, 学生, 毕业
👩🏽‍🎓	中等肤色, 女, 女学生, 女学生: 中等肤色, 学生, 毕业
👩🏾‍🎓	中等-深肤色, 女, 女学生, 女学生: 中等-深肤色, 学生, 毕业
👩🏿‍🎓	女, 女学生, 女学生: 较深肤色, 学生, 毕业, 较深肤色
👨🏻‍🏫	教师, 教授, 男, 男老师, 男老师: 较浅肤色, 老师, 较浅肤色
👨🏼‍🏫	中等-浅肤色, 教师, 教授, 男, 男老师, 男老师: 中等-浅肤色, 老师
👨🏽‍🏫	中等肤色, 教师, 教授, 男, 男老师, 男老师: 中等肤色, 老师
👨🏾‍🏫	中等-深肤色, 教师, 教授, 男, 男老师, 男老师: 中等-深肤色, 老师
👨🏿‍🏫	教师, 教授, 男, 男老师, 男老师: 较深肤色, 老师, 较深肤色
👩🏻‍🏫	女, 女老师, 女老师: 较浅肤色, 教师, 教授, 老师, 较浅肤色
👩🏼‍🏫	中等-浅肤色, 女, 女老师, 女老师: 中等-浅肤色, 教师, 教授, 老师
👩🏽‍🏫	中等肤色, 女, 女老师, 女老师: 中等肤色, 教师, 教授, 老师
👩🏾‍🏫	中等-深肤色, 女, 女老师, 女老师: 中等-深肤色, 教师, 教授, 老师
👩🏿‍🏫	女, 女老师, 女老师: 较深肤色, 教师, 教授, 老师, 较深肤色
👨🏻‍⚖	正义, 法官, 法律, 男, 男法官, 男法官: 较浅肤色, 较浅肤色
👨🏼‍⚖	中等-浅肤色, 正义, 法官, 法律, 男, 男法官, 男法官: 中等-浅肤色
👨🏽‍⚖	中等肤色, 正义, 法官, 法律, 男, 男法官, 男法官: 中等肤色
👨🏾‍⚖	中等-深肤色, 正义, 法官, 法律, 男, 男法官, 男法官: 中等-深肤色
👨🏿‍⚖	正义, 法官, 法律, 男, 男法官, 男法官: 较深肤色, 较深肤色
👩🏻‍⚖	女, 女法官, 女法官: 较浅肤色, 正义, 法官, 法律, 较浅肤色
👩🏼‍⚖	中等-浅肤色, 女, 女法官, 女法官: 中等-浅肤色, 正义, 法官, 法律
👩🏽‍⚖	中等肤色, 女, 女法官, 女法官: 中等肤色, 正义, 法官, 法律
👩🏾‍⚖	中等-深肤色, 女, 女法官, 女法官: 中等-深肤色, 正义, 法官, 法律
👩🏿‍⚖	女, 女法官, 女法官: 较深肤色, 正义, 法官, 法律, 较深肤色
👨🏻‍🌾	农夫, 农夫: 较浅肤色, 农民, 园丁, 男, 较浅肤色
👨🏼‍🌾	中等-浅肤色, 农夫, 农夫: 中等-浅肤色, 农民, 园丁, 男
👨🏽‍🌾	中等肤色, 农夫, 农夫: 中等肤色, 农民, 园丁, 男
👨🏾‍🌾	中等-深肤色, 农夫, 农夫: 中等-深肤色, 农民, 园丁, 男
👨🏿‍🌾	农夫, 农夫: 较深肤色, 农民, 园丁, 男, 较深肤色
👩🏻‍🌾	农妇, 农妇: 较浅肤色, 农民, 园丁, 女, 较浅肤色
👩🏼‍🌾	中等-浅肤色, 农妇, 农妇: 中等-浅肤色, 农民, 园丁, 女
👩🏽‍🌾	中等肤色, 农妇, 农妇: 中等肤色, 农民, 园丁, 女
👩🏾‍🌾	中等-深肤色, 农妇, 农妇: 中等-深肤色, 农民, 园丁, 女
👩🏿‍🌾	农妇, 农妇: 较深肤色, 农民, 园丁, 女, 较深肤色
👨🏻‍🍳	做饭, 厨师, 大厨, 男, 男厨师, 男厨师: 较浅肤色, 较浅肤色
👨🏼‍🍳	中等-浅肤色, 做饭, 厨师, 大厨, 男, 男厨师, 男厨师: 中等-浅肤色
👨🏽‍🍳	中等肤色, 做饭, 厨师, 大厨, 男, 男厨师, 男厨师: 中等肤色
👨🏾‍🍳	中等-深肤色, 做饭, 厨师, 大厨, 男, 男厨师, 男厨师: 中等-深肤色
👨🏿‍🍳	做饭, 厨师, 大厨, 男, 男厨师, 男厨师: 较深肤色, 较深肤色
👩🏻‍🍳	做饭, 厨师, 大厨, 女, 女厨师, 女厨师: 较浅肤色, 较浅肤色
👩🏼‍🍳	中等-浅肤色, 做饭, 厨师, 大厨, 女, 女厨师, 女厨师: 中等-浅肤色
👩🏽‍🍳	中等肤色, 做饭, 厨师, 大厨, 女, 女厨师, 女厨师: 中等肤色
👩🏾‍🍳	中等-深肤色, 做饭, 厨师, 大厨, 女, 女厨师, 女厨师: 中等-深肤色
👩🏿‍🍳	做饭, 厨师, 大厨, 女, 女厨师, 女厨师: 较深肤色, 较深肤色
👨🏻‍🔧	技工, 水管工, 电工, 男, 男技工, 男技工: 较浅肤色, 较浅肤色
👨🏼‍🔧	中等-浅肤色, 技工, 水管工, 电工, 男, 男技工, 男技工: 中等-浅肤色
👨🏽‍🔧	中等肤色, 技工, 水管工, 电工, 男, 男技工, 男技工: 中等肤色
👨🏾‍🔧	中等-深肤色, 技工, 水管工, 电工, 男, 男技工, 男技工: 中等-深肤色
👨🏿‍🔧	技工, 水管工, 电工, 男, 男技工, 男技工: 较深肤色, 较深肤色
👩🏻‍🔧	女, 女技工, 女技工: 较浅肤色, 技工, 水管工, 电工, 较浅肤色
👩🏼‍🔧	中等-浅肤色, 女, 女技工, 女技工: 中等-浅肤色, 技工, 水管工, 电工
👩🏽‍🔧	中等肤色, 女, 女技工, 女技工: 中等肤色, 技工, 水管工, 电工
👩🏾‍🔧	中等-深肤色, 女, 女技工, 女技工: 中等-深肤色, 技工, 水管工, 电工
👩🏿‍🔧	女, 女技工, 女技工: 较深肤色, 技工, 水管工, 电工, 较深肤色
👨🏻‍🏭	工业, 工厂, 男工人, 男工人: 较浅肤色, 装配, 较浅肤色
👨🏼‍🏭	中等-浅肤色, 工业, 工厂, 男工人, 男工人: 中等-浅肤色, 装配
👨🏽‍🏭	中等肤色, 工业, 工厂, 男工人, 男工人: 中等肤色, 装配
👨🏾‍🏭	中等-深肤色, 工业, 工厂, 男工人, 男工人: 中等-深肤色, 装配
👨🏿‍🏭	工业, 工厂, 男工人, 男工人: 较深肤色, 装配, 较深肤色
👩🏻‍🏭	女工人, 女工人: 较浅肤色, 工业, 工厂, 装配, 较浅肤色
👩🏼‍🏭	中等-浅肤色, 女工人, 女工人: 中等-浅肤色, 工业, 工厂, 装配
👩🏽‍🏭	中等肤色, 女工人, 女工人: 中等肤色, 工业, 工厂, 装配
👩🏾‍🏭	中等-深肤色, 女工人, 女工人: 中等-深肤色, 工业, 工厂, 装配
👩🏿‍🏭	女工人, 女工人: 较深肤色, 工业, 工厂, 装配, 较深肤色
👨🏻‍💼	商人, 建筑师, 男白领, 男白领: 较浅肤色, 经理, 较浅肤色
👨🏼‍💼	中等-浅肤色, 商人, 建筑师, 男白领, 男白领: 中等-浅肤色, 经理
👨🏽‍💼	中等肤色, 商人, 建筑师, 男白领, 男白领: 中等肤色, 经理
👨🏾‍💼	中等-深肤色, 商人, 建筑师, 男白领, 男白领: 中等-深肤色, 经理
👨🏿‍💼	商人, 建筑师, 男白领, 男白领: 较深肤色, 经理, 较深肤色
👩🏻‍💼	商人, 女白领, 女白领: 较浅肤色, 建筑师, 经理, 较浅肤色
👩🏼‍💼	中等-浅肤色, 商人, 女白领, 女白领: 中等-浅肤色, 建筑师, 经理
👩🏽‍💼	中等肤色, 商人, 女白领, 女白领: 中等肤色, 建筑师, 经理
👩🏾‍💼	中等-深肤色, 商人, 女白领, 女白领: 中等-深肤色, 建筑师, 经理
👩🏿‍💼	商人, 女白领, 女白领: 较深肤色, 建筑师, 经理, 较深肤色
👨🏻‍🔬	化学家, 工程学家, 物理学家, 生物学家, 男, 男科学家, 男科学家: 较浅肤色, 科学家, 较浅肤色
👨🏼‍🔬	中等-浅肤色, 化学家, 工程学家, 物理学家, 生物学家, 男, 男科学家, 男科学家: 中等-浅肤色, 科学家
👨🏽‍🔬	中等肤色, 化学家, 工程学家, 物理学家, 生物学家, 男, 男科学家, 男科学家: 中等肤色, 科学家
👨🏾‍🔬	中等-深肤色, 化学家, 工程学家, 物理学家, 生物学家, 男, 男科学家, 男科学家: 中等-深肤色, 科学家
👨🏿‍🔬	化学家, 工程学家, 物理学家, 生物学家, 男, 男科学家, 男科学家: 较深肤色, 科学家, 较深肤色
👩🏻‍🔬	化学家, 女, 女科学家, 女科学家: 较浅肤色, 工程学家, 物理学家, 生物学家, 科学家, 较浅肤色
👩🏼‍🔬	中等-浅肤色, 化学家, 女, 女科学家, 女科学家: 中等-浅肤色, 工程学家, 物理学家, 生物学家, 科学家
👩🏽‍🔬	中等肤色, 化学家, 女, 女科学家, 女科学家: 中等肤色, 工程学家, 物理学家, 生物学家, 科学家
👩🏾‍🔬	中等-深肤色, 化学家, 女, 女科学家, 女科学家: 中等-深肤色, 工程学家, 物理学家, 生物学家, 科学家
👩🏿‍🔬	化学家, 女, 女科学家, 女科学家: 较深肤色, 工程学家, 物理学家, 生物学家, 科学家, 较深肤色
👨🏻‍💻	发明家, 开发人员, 男, 男程序员, 男程序员: 较浅肤色, 码农, 程序员, 软件, 较浅肤色
👨🏼‍💻	中等-浅肤色, 发明家, 开发人员, 男, 男程序员, 男程序员: 中等-浅肤色, 码农, 程序员, 软件
👨🏽‍💻	中等肤色, 发明家, 开发人员, 男, 男程序员, 男程序员: 中等肤色, 码农, 程序员, 软件
👨🏾‍💻	中等-深肤色, 发明家, 开发人员, 男, 男程序员, 男程序员: 中等-深肤色, 码农, 程序员, 软件
👨🏿‍💻	发明家, 开发人员, 男, 男程序员, 男程序员: 较深肤色, 码农, 程序员, 软件, 较深肤色
👩🏻‍💻	发明家, 女, 女程序员, 女程序员: 较浅肤色, 开发人员, 码农, 程序员, 软件, 较浅肤色
👩🏼‍💻	中等-浅肤色, 发明家, 女, 女程序员, 女程序员: 中等-浅肤色, 开发人员, 码农, 程序员, 软件
👩🏽‍💻	中等肤色, 发明家, 女, 女程序员, 女程序员: 中等肤色, 开发人员, 码农, 程序员, 软件
👩🏾‍💻	中等-深肤色, 发明家, 女, 女程序员, 女程序员: 中等-深肤色, 开发人员, 码农, 程序员, 软件
👩🏿‍💻	发明家, 女, 女程序员, 女程序员: 较深肤色, 开发人员, 码农, 程序员, 软件, 较深肤色
👨🏻‍🎤	摇滚歌手, 明星, 男, 男歌手, 男歌手: 较浅肤色, 男演员, 艺人, 较浅肤色
👨🏼‍🎤	中等-浅肤色, 摇滚歌手, 明星, 男, 男歌手, 男歌手: 中等-浅肤色, 男演员, 艺人
👨🏽‍🎤	中等肤色, 摇滚歌手, 明星, 男, 男歌手, 男歌手: 中等肤色, 男演员, 艺人
👨🏾‍🎤	中等-深肤色, 摇滚歌手, 明星, 男, 男歌手, 男歌手: 中等-深肤色, 男演员, 艺人
👨🏿‍🎤	摇滚歌手, 明星, 男, 男歌手, 男歌手: 较深肤色, 男演员, 艺人, 较深肤色
👩🏻‍🎤	女, 女歌手, 女歌手: 较浅肤色, 摇滚歌手, 明星, 男演员, 艺人, 较浅肤色
👩🏼‍🎤	中等-浅肤色, 女, 女歌手, 女歌手: 中等-浅肤色, 摇滚歌手, 明星, 男演员, 艺人
👩🏽‍🎤	中等肤色, 女, 女歌手, 女歌手: 中等肤色, 摇滚歌手, 明星, 男演员, 艺人
👩🏾‍🎤	中等-深肤色, 女, 女歌手, 女歌手: 中等-深肤色, 摇滚歌手, 明星, 男演员, 艺人
👩🏿‍🎤	女, 女歌手, 女歌手: 较深肤色, 摇滚歌手, 明星, 男演员, 艺人, 较深肤色
👨🏻‍🎨	男, 男艺术家, 男艺术家: 较浅肤色, 画家, 艺术, 较浅肤色
👨🏼‍🎨	中等-浅肤色, 男, 男艺术家, 男艺术家: 中等-浅肤色, 画家, 艺术
👨🏽‍🎨	中等肤色, 男, 男艺术家, 男艺术家: 中等肤色, 画家, 艺术
👨🏾‍🎨	中等-深肤色, 男, 男艺术家, 男艺术家: 中等-深肤色, 画家, 艺术
👨🏿‍🎨	男, 男艺术家, 男艺术家: 较深肤色, 画家, 艺术, 较深肤色
👩🏻‍🎨	女, 女艺术家, 女艺术家: 较浅肤色, 画家, 艺术, 较浅肤色
👩🏼‍🎨	中等-浅肤色, 女, 女艺术家, 女艺术家: 中等-浅肤色, 画家, 艺术
👩🏽‍🎨	中等肤色, 女, 女艺术家, 女艺术家: 中等肤色, 画家, 艺术
👩🏾‍🎨	中等-深肤色, 女, 女艺术家, 女艺术家: 中等-深肤色, 画家, 艺术
👩🏿‍🎨	女, 女艺术家, 女艺术家: 较深肤色, 画家, 艺术, 较深肤色
👨🏻‍✈	机长, 男, 男飞行员, 男飞行员: 较浅肤色, 较浅肤色, 飞机, 飞行员
👨🏼‍✈	中等-浅肤色, 机长, 男, 男飞行员, 男飞行员: 中等-浅肤色, 飞机, 飞行员
👨🏽‍✈	中等肤色, 机长, 男, 男飞行员, 男飞行员: 中等肤色, 飞机, 飞行员
👨🏾‍✈	中等-深肤色, 机长, 男, 男飞行员, 男飞行员: 中等-深肤色, 飞机, 飞行员
👨🏿‍✈	机长, 男, 男飞行员, 男飞行员: 较深肤色, 较深肤色, 飞机, 飞行员
👩🏻‍✈	女, 女飞行员, 女飞行员: 较浅肤色, 机长, 较浅肤色, 飞机, 飞行员
👩🏼‍✈	中等-浅肤色, 女, 女飞行员, 女飞行员: 中等-浅肤色, 机长, 飞机, 飞行员
👩🏽‍✈	中等肤色, 女, 女飞行员, 女飞行员: 中等肤色, 机长, 飞机, 飞行员
👩🏾‍✈	中等-深肤色, 女, 女飞行员, 女飞行员: 中等-深肤色, 机长, 飞机, 飞行员
👩🏿‍✈	女, 女飞行员, 女飞行员: 较深肤色, 机长, 较深肤色, 飞机, 飞行员
👨🏻‍🚀	宇宙, 宇航员, 男, 男宇航员, 男宇航员: 较浅肤色, 航天, 较浅肤色
👨🏼‍🚀	中等-浅肤色, 宇宙, 宇航员, 男, 男宇航员, 男宇航员: 中等-浅肤色, 航天
👨🏽‍🚀	中等肤色, 宇宙, 宇航员, 男, 男宇航员, 男宇航员: 中等肤色, 航天
👨🏾‍🚀	中等-深肤色, 宇宙, 宇航员, 男, 男宇航员, 男宇航员: 中等-深肤色, 航天
👨🏿‍🚀	宇宙, 宇航员, 男, 男宇航员, 男宇航员: 较深肤色, 航天, 较深肤色
👩🏻‍🚀	女, 女宇航员, 女宇航员: 较浅肤色, 宇宙, 宇航员, 航天, 较浅肤色
👩🏼‍🚀	中等-浅肤色, 女, 女宇航员, 女宇航员: 中等-浅肤色, 宇宙, 宇航员, 航天
👩🏽‍🚀	中等肤色, 女, 女宇航员, 女宇航员: 中等肤色, 宇宙, 宇航员, 航天
👩🏾‍🚀	中等-深肤色, 女, 女宇航员, 女宇航员: 中等-深肤色, 宇宙, 宇航员, 航天
👩🏿‍🚀	女, 女宇航员, 女宇航员: 较深肤色, 宇宙, 宇航员, 航天, 较深肤色
👨🏻‍🚒	救火, 消防, 火灾, 男, 男消防员, 男消防员: 较浅肤色, 较浅肤色
👨🏼‍🚒	中等-浅肤色, 救火, 消防, 火灾, 男, 男消防员, 男消防员: 中等-浅肤色
👨🏽‍🚒	中等肤色, 救火, 消防, 火灾, 男, 男消防员, 男消防员: 中等肤色
👨🏾‍🚒	中等-深肤色, 救火, 消防, 火灾, 男, 男消防员, 男消防员: 中等-深肤色
👨🏿‍🚒	救火, 消防, 火灾, 男, 男消防员, 男消防员: 较深肤色, 较深肤色
👩🏻‍🚒	女, 女消防员, 女消防员: 较浅肤色, 救火, 消防, 火灾, 较浅肤色
👩🏼‍🚒	中等-浅肤色, 女, 女消防员, 女消防员: 中等-浅肤色, 救火, 消防, 火灾
👩🏽‍🚒	中等肤色, 女, 女消防员, 女消防员: 中等肤色, 救火, 消防, 火灾
👩🏾‍🚒	中等-深肤色, 女, 女消防员, 女消防员: 中等-深肤色, 救火, 消防, 火灾
👩🏿‍🚒	女, 女消防员, 女消防员: 较深肤色, 救火, 消防, 火灾, 较深肤色
👮🏻	警官, 警察, 警察: 较浅肤色, 较浅肤色
👮🏼	中等-浅肤色, 警官, 警察, 警察: 中等-浅肤色
👮🏽	中等肤色, 警官, 警察, 警察: 中等肤色
👮🏾	中等-深肤色, 警官, 警察, 警察: 中等-深肤色
👮🏿	警官, 警察, 警察: 较深肤色, 较深肤色
👮🏻‍♂	男, 男警察, 男警察: 较浅肤色, 警官, 警察, 较浅肤色
👮🏼‍♂	中等-浅肤色, 男, 男警察, 男警察: 中等-浅肤色, 警官, 警察
👮🏽‍♂	中等肤色, 男, 男警察, 男警察: 中等肤色, 警官, 警察
👮🏾‍♂	中等-深肤色, 男, 男警察, 男警察: 中等-深肤色, 警官, 警察
👮🏿‍♂	男, 男警察, 男警察: 较深肤色, 警官, 警察, 较深肤色
👮🏻‍♀	女, 女警察, 女警察: 较浅肤色, 警官, 警察, 较浅肤色
👮🏼‍♀	中等-浅肤色, 女, 女警察, 女警察: 中等-浅肤色, 警官, 警察
👮🏽‍♀	中等肤色, 女, 女警察, 女警察: 中等肤色, 警官, 警察
👮🏾‍♀	中等-深肤色, 女, 女警察, 女警察: 中等-深肤色, 警官, 警察
👮🏿‍♀	女, 女警察, 女警察: 较深肤色, 警官, 警察, 较深肤色
🕵🏻	侦探, 侦探: 较浅肤色, 特工, 较浅肤色, 间谍
🕵🏼	中等-浅肤色, 侦探, 侦探: 中等-浅肤色, 特工, 间谍
🕵🏽	中等肤色, 侦探, 侦探: 中等肤色, 特工, 间谍
🕵🏾	中等-深肤色, 侦探, 侦探: 中等-深肤色, 特工, 间谍
🕵🏿	侦探, 侦探: 较深肤色, 特工, 较深肤色, 间谍
🕵🏻‍♂	侦探, 特工, 男, 男侦探, 男侦探: 较浅肤色, 较浅肤色, 间谍
🕵🏼‍♂	中等-浅肤色, 侦探, 特工, 男, 男侦探, 男侦探: 中等-浅肤色, 间谍
🕵🏽‍♂	中等肤色, 侦探, 特工, 男, 男侦探, 男侦探: 中等肤色, 间谍
🕵🏾‍♂	中等-深肤色, 侦探, 特工, 男, 男侦探, 男侦探: 中等-深肤色, 间谍
🕵🏿‍♂	侦探, 特工, 男, 男侦探, 男侦探: 较深肤色, 较深肤色, 间谍
🕵🏻‍♀	侦探, 女, 女侦探, 女侦探: 较浅肤色, 特工, 较浅肤色, 间谍
🕵🏼‍♀	中等-浅肤色, 侦探, 女, 女侦探, 女侦探: 中等-浅肤色, 特工, 间谍
🕵🏽‍♀	中等肤色, 侦探, 女, 女侦探, 女侦探: 中等肤色, 特工, 间谍
🕵🏾‍♀	中等-深肤色, 侦探, 女, 女侦探, 女侦探: 中等-深肤色, 特工, 间谍
🕵🏿‍♀	侦探, 女, 女侦探, 女侦探: 较深肤色, 特工, 较深肤色, 间谍
💂🏻	卫兵, 卫兵: 较浅肤色, 卫士, 守卫, 较浅肤色
💂🏼	中等-浅肤色, 卫兵, 卫兵: 中等-浅肤色, 卫士, 守卫
💂🏽	中等肤色, 卫兵, 卫兵: 中等肤色, 卫士, 守卫
💂🏾	中等-深肤色, 卫兵, 卫兵: 中等-深肤色, 卫士, 守卫
💂🏿	卫兵, 卫兵: 较深肤色, 卫士, 守卫, 较深肤色
💂🏻‍♂	卫兵, 卫士, 守卫, 男, 男卫兵, 男卫兵: 较浅肤色, 较浅肤色
💂🏼‍♂	中等-浅肤色, 卫兵, 卫士, 守卫, 男, 男卫兵, 男卫兵: 中等-浅肤色
💂🏽‍♂	中等肤色, 卫兵, 卫士, 守卫, 男, 男卫兵, 男卫兵: 中等肤色
💂🏾‍♂	中等-深肤色, 卫兵, 卫士, 守卫, 男, 男卫兵, 男卫兵: 中等-深肤色
💂🏿‍♂	卫兵, 卫士, 守卫, 男, 男卫兵, 男卫兵: 较深肤色, 较深肤色
💂🏻‍♀	卫兵, 卫士, 女, 女卫兵, 女卫兵: 较浅肤色, 守卫, 较浅肤色
💂🏼‍♀	中等-浅肤色, 卫兵, 卫士, 女, 女卫兵, 女卫兵: 中等-浅肤色, 守卫
💂🏽‍♀	中等肤色, 卫兵, 卫士, 女, 女卫兵, 女卫兵: 中等肤色, 守卫
💂🏾‍♀	中等-深肤色, 卫兵, 卫士, 女, 女卫兵, 女卫兵: 中等-深肤色, 守卫
💂🏿‍♀	卫兵, 卫士, 女, 女卫兵, 女卫兵: 较深肤色, 守卫, 较深肤色
👷🏻	工人, 建筑, 建筑工人, 建筑工人: 较浅肤色, 较浅肤色
👷🏼	中等-浅肤色, 工人, 建筑, 建筑工人, 建筑工人: 中等-浅肤色
👷🏽	中等肤色, 工人, 建筑, 建筑工人, 建筑工人: 中等肤色
👷🏾	中等-深肤色, 工人, 建筑, 建筑工人, 建筑工人: 中等-深肤色
👷🏿	工人, 建筑, 建筑工人, 建筑工人: 较深肤色, 较深肤色
👷🏻‍♂	工人, 建筑, 男, 男建筑工人, 男建筑工人: 较浅肤色, 较浅肤色
👷🏼‍♂	中等-浅肤色, 工人, 建筑, 男, 男建筑工人, 男建筑工人: 中等-浅肤色
👷🏽‍♂	中等肤色, 工人, 建筑, 男, 男建筑工人, 男建筑工人: 中等肤色
👷🏾‍♂	中等-深肤色, 工人, 建筑, 男, 男建筑工人, 男建筑工人: 中等-深肤色
👷🏿‍♂	工人, 建筑, 男, 男建筑工人, 男建筑工人: 较深肤色, 较深肤色
👷🏻‍♀	女, 女建筑工人, 女建筑工人: 较浅肤色, 工人, 建筑, 较浅肤色
👷🏼‍♀	中等-浅肤色, 女, 女建筑工人, 女建筑工人: 中等-浅肤色, 工人, 建筑
👷🏽‍♀	中等肤色, 女, 女建筑工人, 女建筑工人: 中等肤色, 工人, 建筑
👷🏾‍♀	中等-深肤色, 女, 女建筑工人, 女建筑工人: 中等-深肤色, 工人, 建筑
👷🏿‍♀	女, 女建筑工人, 女建筑工人: 较深肤色, 工人, 建筑, 较深肤色
🤴🏻	王子, 王子: 较浅肤色, 较浅肤色
🤴🏼	中等-浅肤色, 王子, 王子: 中等-浅肤色
🤴🏽	中等肤色, 王子, 王子: 中等肤色
🤴🏾	中等-深肤色, 王子, 王子: 中等-深肤色
🤴🏿	王子, 王子: 较深肤色, 较深肤色
👸🏻	公主, 公主: 较浅肤色, 皇冠, 童话, 较浅肤色
👸🏼	中等-浅肤色, 公主, 公主: 中等-浅肤色, 皇冠, 童话
👸🏽	中等肤色, 公主, 公主: 中等肤色, 皇冠, 童话
👸🏾	中等-深肤色, 公主, 公主: 中等-深肤色, 皇冠, 童话
👸🏿	公主, 公主: 较深肤色, 皇冠, 童话, 较深肤色
👳🏻	头巾, 戴头巾的人, 戴头巾的人: 较浅肤色, 较浅肤色
👳🏼	中等-浅肤色, 头巾, 戴头巾的人, 戴头巾的人: 中等-浅肤色
👳🏽	中等肤色, 头巾, 戴头巾的人, 戴头巾的人: 中等肤色
👳🏾	中等-深肤色, 头巾, 戴头巾的人, 戴头巾的人: 中等-深肤色
👳🏿	头巾, 戴头巾的人, 戴头巾的人: 较深肤色, 较深肤色
👳🏻‍♂	头巾, 戴头巾的男人, 戴头巾的男人: 较浅肤色, 男, 较浅肤色
👳🏼‍♂	中等-浅肤色, 头巾, 戴头巾的男人, 戴头巾的男人: 中等-浅肤色, 男
👳🏽‍♂	中等肤色, 头巾, 戴头巾的男人, 戴头巾的男人: 中等肤色, 男
👳🏾‍♂	中等-深肤色, 头巾, 戴头巾的男人, 戴头巾的男人: 中等-深肤色, 男
👳🏿‍♂	头巾, 戴头巾的男人, 戴头巾的男人: 较深肤色, 男, 较深肤色
👳🏻‍♀	头巾, 女, 戴头巾的女人, 戴头巾的女人: 较浅肤色, 较浅肤色
👳🏼‍♀	中等-浅肤色, 头巾, 女, 戴头巾的女人, 戴头巾的女人: 中等-浅肤色
👳🏽‍♀	中等肤色, 头巾, 女, 戴头巾的女人, 戴头巾的女人: 中等肤色
👳🏾‍♀	中等-深肤色, 头巾, 女, 戴头巾的女人, 戴头巾的女人: 中等-深肤色
👳🏿‍♀	头巾, 女, 戴头巾的女人, 戴头巾的女人: 较深肤色, 较深肤色
👲🏻	帽子, 戴瓜皮帽的人, 戴瓜皮帽的人: 较浅肤色, 瓜皮帽, 较浅肤色
👲🏼	中等-浅肤色, 帽子, 戴瓜皮帽的人, 戴瓜皮帽的人: 中等-浅肤色, 瓜皮帽
👲🏽	中等肤色, 帽子, 戴瓜皮帽的人, 戴瓜皮帽的人: 中等肤色, 瓜皮帽
👲🏾	中等-深肤色, 帽子, 戴瓜皮帽的人, 戴瓜皮帽的人: 中等-深肤色, 瓜皮帽
👲🏿	帽子, 戴瓜皮帽的人, 戴瓜皮帽的人: 较深肤色, 瓜皮帽, 较深肤色
🧕🏻	头巾, 头饰, 希贾布, 带头饰的女人, 带头饰的女人: 较浅肤色, 较浅肤色
🧕🏼	中等-浅肤色, 头巾, 头饰, 希贾布, 带头饰的女人, 带头饰的女人: 中等-浅肤色
🧕🏽	中等肤色, 头巾, 头饰, 希贾布, 带头饰的女人, 带头饰的女人: 中等肤色
🧕🏾	中等-深肤色, 头巾, 头饰, 希贾布, 带头饰的女人, 带头饰的女人: 中等-深肤色
🧕🏿	头巾, 头饰, 希贾布, 带头饰的女人, 带头饰的女人: 较深肤色, 较深肤色
🧔🏻	有胡子的人, 有胡子的人: 较浅肤色, 胡子, 较浅肤色
🧔🏼	中等-浅肤色, 有胡子的人, 有胡子的人: 中等-浅肤色, 胡子
🧔🏽	中等肤色, 有胡子的人, 有胡子的人: 中等肤色, 胡子
🧔🏾	中等-深肤色, 有胡子的人, 有胡子的人: 中等-深肤色, 胡子
🧔🏿	有胡子的人, 有胡子的人: 较深肤色, 胡子, 较深肤色
👱🏻	较浅肤色, 金发, 金色头发的人, 金色头发的人: 较浅肤色
👱🏼	中等-浅肤色, 金发, 金色头发的人, 金色头发的人: 中等-浅肤色
👱🏽	中等肤色, 金发, 金色头发的人, 金色头发的人: 中等肤色
👱🏾	中等-深肤色, 金发, 金色头发的人, 金色头发的人: 中等-深肤色
👱🏿	较深肤色, 金发, 金色头发的人, 金色头发的人: 较深肤色
👱🏻‍♂	男, 较浅肤色, 金发, 金发男, 金发男: 较浅肤色
👱🏼‍♂	中等-浅肤色, 男, 金发, 金发男, 金发男: 中等-浅肤色
👱🏽‍♂	中等肤色, 男, 金发, 金发男, 金发男: 中等肤色
👱🏾‍♂	中等-深肤色, 男, 金发, 金发男, 金发男: 中等-深肤色
👱🏿‍♂	男, 较深肤色, 金发, 金发男, 金发男: 较深肤色
👱🏻‍♀	女, 较浅肤色, 金发, 金发女, 金发女: 较浅肤色
👱🏼‍♀	中等-浅肤色, 女, 金发, 金发女, 金发女: 中等-浅肤色
👱🏽‍♀	中等肤色, 女, 金发, 金发女, 金发女: 中等肤色
👱🏾‍♀	中等-深肤色, 女, 金发, 金发女, 金发女: 中等-深肤色
👱🏿‍♀	女, 较深肤色, 金发, 金发女, 金发女: 较深肤色
🤵🏻	新郎, 燕尾服, 男人, 穿燕尾服的男人, 穿燕尾服的男人: 较浅肤色, 较浅肤色
🤵🏼	中等-浅肤色, 新郎, 燕尾服, 男人, 穿燕尾服的男人, 穿燕尾服的男人: 中等-浅肤色
🤵🏽	中等肤色, 新郎, 燕尾服, 男人, 穿燕尾服的男人, 穿燕尾服的男人: 中等肤色
🤵🏾	中等-深肤色, 新郎, 燕尾服, 男人, 穿燕尾服的男人, 穿燕尾服的男人: 中等-深肤色
🤵🏿	新郎, 燕尾服, 男人, 穿燕尾服的男人, 穿燕尾服的男人: 较深肤色, 较深肤色
👰🏻	头纱, 新娘, 新娘: 较浅肤色, 较浅肤色
👰🏼	中等-浅肤色, 头纱, 新娘, 新娘: 中等-浅肤色
👰🏽	中等肤色, 头纱, 新娘, 新娘: 中等肤色
👰🏾	中等-深肤色, 头纱, 新娘, 新娘: 中等-深肤色
👰🏿	头纱, 新娘, 新娘: 较深肤色, 较深肤色
🤰🏻	女人, 孕妇, 孕妇: 较浅肤色, 怀孕, 较浅肤色
🤰🏼	中等-浅肤色, 女人, 孕妇, 孕妇: 中等-浅肤色, 怀孕
🤰🏽	中等肤色, 女人, 孕妇, 孕妇: 中等肤色, 怀孕
🤰🏾	中等-深肤色, 女人, 孕妇, 孕妇: 中等-深肤色, 怀孕
🤰🏿	女人, 孕妇, 孕妇: 较深肤色, 怀孕, 较深肤色
🤱🏻	乳房, 哺乳, 婴儿, 母乳喂养, 母乳喂养: 较浅肤色, 看护, 较浅肤色
🤱🏼	中等-浅肤色, 乳房, 哺乳, 婴儿, 母乳喂养, 母乳喂养: 中等-浅肤色, 看护
🤱🏽	中等肤色, 乳房, 哺乳, 婴儿, 母乳喂养, 母乳喂养: 中等肤色, 看护
🤱🏾	中等-深肤色, 乳房, 哺乳, 婴儿, 母乳喂养, 母乳喂养: 中等-深肤色, 看护
🤱🏿	乳房, 哺乳, 婴儿, 母乳喂养, 母乳喂养: 较深肤色, 看护, 较深肤色
👼🏻	儿童, 天使, 孩子, 小天使, 小天使: 较浅肤色, 较浅肤色
👼🏼	中等-浅肤色, 儿童, 天使, 孩子, 小天使, 小天使: 中等-浅肤色
👼🏽	中等肤色, 儿童, 天使, 孩子, 小天使, 小天使: 中等肤色
👼🏾	中等-深肤色, 儿童, 天使, 孩子, 小天使, 小天使: 中等-深肤色
👼🏿	儿童, 天使, 孩子, 小天使, 小天使: 较深肤色, 较深肤色
🎅🏻	圣诞, 圣诞老人, 圣诞老人: 较浅肤色, 节日, 较浅肤色
🎅🏼	中等-浅肤色, 圣诞, 圣诞老人, 圣诞老人: 中等-浅肤色, 节日
🎅🏽	中等肤色, 圣诞, 圣诞老人, 圣诞老人: 中等肤色, 节日
🎅🏾	中等-深肤色, 圣诞, 圣诞老人, 圣诞老人: 中等-深肤色, 节日
🎅🏿	圣诞, 圣诞老人, 圣诞老人: 较深肤色, 节日, 较深肤色
🤶🏻	圣诞, 圣诞奶奶, 圣诞奶奶: 较浅肤色, 奶奶, 老妈, 较浅肤色
🤶🏼	中等-浅肤色, 圣诞, 圣诞奶奶, 圣诞奶奶: 中等-浅肤色, 奶奶, 老妈
🤶🏽	中等肤色, 圣诞, 圣诞奶奶, 圣诞奶奶: 中等肤色, 奶奶, 老妈
🤶🏾	中等-深肤色, 圣诞, 圣诞奶奶, 圣诞奶奶: 中等-深肤色, 奶奶, 老妈
🤶🏿	圣诞, 圣诞奶奶, 圣诞奶奶: 较深肤色, 奶奶, 老妈, 较深肤色
🧙🏻	女巫, 女魔术师, 法师, 法师: 较浅肤色, 男巫, 男魔术师, 较浅肤色
🧙🏼	中等-浅肤色, 女巫, 女魔术师, 法师, 法师: 中等-浅肤色, 男巫, 男魔术师
🧙🏽	中等肤色, 女巫, 女魔术师, 法师, 法师: 中等肤色, 男巫, 男魔术师
🧙🏾	中等-深肤色, 女巫, 女魔术师, 法师, 法师: 中等-深肤色, 男巫, 男魔术师
🧙🏿	女巫, 女魔术师, 法师, 法师: 较深肤色, 男巫, 男魔术师, 较深肤色
🧙🏻‍♀	女巫, 女法师, 女法师: 较浅肤色, 女魔术师, 较浅肤色
🧙🏼‍♀	中等-浅肤色, 女巫, 女法师, 女法师: 中等-浅肤色, 女魔术师
🧙🏽‍♀	中等肤色, 女巫, 女法师, 女法师: 中等肤色, 女魔术师
🧙🏾‍♀	中等-深肤色, 女巫, 女法师, 女法师: 中等-深肤色, 女魔术师
🧙🏿‍♀	女巫, 女法师, 女法师: 较深肤色, 女魔术师, 较深肤色
🧙🏻‍♂	男巫, 男法师, 男法师: 较浅肤色, 男魔术师, 较浅肤色
🧙🏼‍♂	中等-浅肤色, 男巫, 男法师, 男法师: 中等-浅肤色, 男魔术师
🧙🏽‍♂	中等肤色, 男巫, 男法师, 男法师: 中等肤色, 男魔术师
🧙🏾‍♂	中等-深肤色, 男巫, 男法师, 男法师: 中等-深肤色, 男魔术师
🧙🏿‍♂	男巫, 男法师, 男法师: 较深肤色, 男魔术师, 较深肤色
🧚🏻	天卫三, 天卫十五, 天卫四, 精灵, 精灵: 较浅肤色, 较浅肤色
🧚🏼	中等-浅肤色, 天卫三, 天卫十五, 天卫四, 精灵, 精灵: 中等-浅肤色
🧚🏽	中等肤色, 天卫三, 天卫十五, 天卫四, 精灵, 精灵: 中等肤色
🧚🏾	中等-深肤色, 天卫三, 天卫十五, 天卫四, 精灵, 精灵: 中等-深肤色
🧚🏿	天卫三, 天卫十五, 天卫四, 精灵, 精灵: 较深肤色, 较深肤色
🧚🏻‍♀	仙女, 仙女: 较浅肤色, 天卫三, 女精灵, 较浅肤色
🧚🏼‍♀	中等-浅肤色, 仙女, 仙女: 中等-浅肤色, 天卫三, 女精灵
🧚🏽‍♀	中等肤色, 仙女, 仙女: 中等肤色, 天卫三, 女精灵
🧚🏾‍♀	中等-深肤色, 仙女, 仙女: 中等-深肤色, 天卫三, 女精灵
🧚🏿‍♀	仙女, 仙女: 较深肤色, 天卫三, 女精灵, 较深肤色
🧚🏻‍♂	仙人, 仙人: 较浅肤色, 仙男, 天卫十五, 天卫四, 男精灵, 较浅肤色
🧚🏼‍♂	中等-浅肤色, 仙人, 仙人: 中等-浅肤色, 仙男, 天卫十五, 天卫四, 男精灵
🧚🏽‍♂	中等肤色, 仙人, 仙人: 中等肤色, 仙男, 天卫十五, 天卫四, 男精灵
🧚🏾‍♂	中等-深肤色, 仙人, 仙人: 中等-深肤色, 仙男, 天卫十五, 天卫四, 男精灵
🧚🏿‍♂	仙人, 仙人: 较深肤色, 仙男, 天卫十五, 天卫四, 男精灵, 较深肤色
🧛🏻	不死族, 吸血鬼, 吸血鬼: 较浅肤色, 较浅肤色
🧛🏼	不死族, 中等-浅肤色, 吸血鬼, 吸血鬼: 中等-浅肤色
🧛🏽	不死族, 中等肤色, 吸血鬼, 吸血鬼: 中等肤色
🧛🏾	不死族, 中等-深肤色, 吸血鬼, 吸血鬼: 中等-深肤色
🧛🏿	不死族, 吸血鬼, 吸血鬼: 较深肤色, 较深肤色
🧛🏻‍♀	女不死族, 女吸血鬼, 女吸血鬼: 较浅肤色, 较浅肤色
🧛🏼‍♀	中等-浅肤色, 女不死族, 女吸血鬼, 女吸血鬼: 中等-浅肤色
🧛🏽‍♀	中等肤色, 女不死族, 女吸血鬼, 女吸血鬼: 中等肤色
🧛🏾‍♀	中等-深肤色, 女不死族, 女吸血鬼, 女吸血鬼: 中等-深肤色
🧛🏿‍♀	女不死族, 女吸血鬼, 女吸血鬼: 较深肤色, 较深肤色
🧛🏻‍♂	男不死族, 男吸血鬼, 男吸血鬼: 较浅肤色, 较浅肤色
🧛🏼‍♂	中等-浅肤色, 男不死族, 男吸血鬼, 男吸血鬼: 中等-浅肤色
🧛🏽‍♂	中等肤色, 男不死族, 男吸血鬼, 男吸血鬼: 中等肤色
🧛🏾‍♂	中等-深肤色, 男不死族, 男吸血鬼, 男吸血鬼: 中等-深肤色
🧛🏿‍♂	男不死族, 男吸血鬼, 男吸血鬼: 较深肤色, 较深肤色
🧜🏻	人鱼, 人鱼: 较浅肤色, 女人鱼, 男人鱼, 美人鱼, 较浅肤色
🧜🏼	中等-浅肤色, 人鱼, 人鱼: 中等-浅肤色, 女人鱼, 男人鱼, 美人鱼
🧜🏽	中等肤色, 人鱼, 人鱼: 中等肤色, 女人鱼, 男人鱼, 美人鱼
🧜🏾	中等-深肤色, 人鱼, 人鱼: 中等-深肤色, 女人鱼, 男人鱼, 美人鱼
🧜🏿	人鱼, 人鱼: 较深肤色, 女人鱼, 男人鱼, 美人鱼, 较深肤色
🧜🏻‍♀	女人鱼, 美人鱼, 美人鱼: 较浅肤色, 较浅肤色
🧜🏼‍♀	中等-浅肤色, 女人鱼, 美人鱼, 美人鱼: 中等-浅肤色
🧜🏽‍♀	中等肤色, 女人鱼, 美人鱼, 美人鱼: 中等肤色
🧜🏾‍♀	中等-深肤色, 女人鱼, 美人鱼, 美人鱼: 中等-深肤色
🧜🏿‍♀	女人鱼, 美人鱼, 美人鱼: 较深肤色, 较深肤色
🧜🏻‍♂	人鱼, 特里同, 男人鱼, 男人鱼: 较浅肤色, 较浅肤色
🧜🏼‍♂	中等-浅肤色, 人鱼, 特里同, 男人鱼, 男人鱼: 中等-浅肤色
🧜🏽‍♂	中等肤色, 人鱼, 特里同, 男人鱼, 男人鱼: 中等肤色
🧜🏾‍♂	中等-深肤色, 人鱼, 特里同, 男人鱼, 男人鱼: 中等-深肤色
🧜🏿‍♂	人鱼, 特里同, 男人鱼, 男人鱼: 较深肤色, 较深肤色
🧝🏻	小精灵, 小精灵: 较浅肤色, 较浅肤色, 魔术
🧝🏼	中等-浅肤色, 小精灵, 小精灵: 中等-浅肤色, 魔术
🧝🏽	中等肤色, 小精灵, 小精灵: 中等肤色, 魔术
🧝🏾	中等-深肤色, 小精灵, 小精灵: 中等-深肤色, 魔术
🧝🏿	小精灵, 小精灵: 较深肤色, 较深肤色, 魔术
🧝🏻‍♀	女小精灵, 女小精灵: 较浅肤色, 女性魔术, 较浅肤色
🧝🏼‍♀	中等-浅肤色, 女小精灵, 女小精灵: 中等-浅肤色, 女性魔术
🧝🏽‍♀	中等肤色, 女小精灵, 女小精灵: 中等肤色, 女性魔术
🧝🏾‍♀	中等-深肤色, 女小精灵, 女小精灵: 中等-深肤色, 女性魔术
🧝🏿‍♀	女小精灵, 女小精灵: 较深肤色, 女性魔术, 较深肤色
🧝🏻‍♂	男小精灵, 男小精灵: 较浅肤色, 男性魔术, 较浅肤色
🧝🏼‍♂	中等-浅肤色, 男小精灵, 男小精灵: 中等-浅肤色, 男性魔术
🧝🏽‍♂	中等肤色, 男小精灵, 男小精灵: 中等肤色, 男性魔术
🧝🏾‍♂	中等-深肤色, 男小精灵, 男小精灵: 中等-深肤色, 男性魔术
🧝🏿‍♂	男小精灵, 男小精灵: 较深肤色, 男性魔术, 较深肤色
🙍🏻	不开心, 皱眉, 皱眉: 较浅肤色, 表情, 较浅肤色
🙍🏼	不开心, 中等-浅肤色, 皱眉, 皱眉: 中等-浅肤色, 表情
🙍🏽	不开心, 中等肤色, 皱眉, 皱眉: 中等肤色, 表情
🙍🏾	不开心, 中等-深肤色, 皱眉, 皱眉: 中等-深肤色, 表情
🙍🏿	不开心, 皱眉, 皱眉: 较深肤色, 表情, 较深肤色
🙍🏻‍♂	不开心, 男, 皱眉, 皱眉男, 皱眉男: 较浅肤色, 表情, 较浅肤色
🙍🏼‍♂	不开心, 中等-浅肤色, 男, 皱眉, 皱眉男, 皱眉男: 中等-浅肤色, 表情
🙍🏽‍♂	不开心, 中等肤色, 男, 皱眉, 皱眉男, 皱眉男: 中等肤色, 表情
🙍🏾‍♂	不开心, 中等-深肤色, 男, 皱眉, 皱眉男, 皱眉男: 中等-深肤色, 表情
🙍🏿‍♂	不开心, 男, 皱眉, 皱眉男, 皱眉男: 较深肤色, 表情, 较深肤色
🙍🏻‍♀	不开心, 女, 皱眉, 皱眉女, 皱眉女: 较浅肤色, 表情, 较浅肤色
🙍🏼‍♀	不开心, 中等-浅肤色, 女, 皱眉, 皱眉女, 皱眉女: 中等-浅肤色, 表情
🙍🏽‍♀	不开心, 中等肤色, 女, 皱眉, 皱眉女, 皱眉女: 中等肤色, 表情
🙍🏾‍♀	不开心, 中等-深肤色, 女, 皱眉, 皱眉女, 皱眉女: 中等-深肤色, 表情
🙍🏿‍♀	不开心, 女, 皱眉, 皱眉女, 皱眉女: 较深肤色, 表情, 较深肤色
🙎🏻	不开心, 噘嘴, 撅嘴, 撅嘴: 较浅肤色, 表情, 较浅肤色
🙎🏼	不开心, 中等-浅肤色, 噘嘴, 撅嘴, 撅嘴: 中等-浅肤色, 表情
🙎🏽	不开心, 中等肤色, 噘嘴, 撅嘴, 撅嘴: 中等肤色, 表情
🙎🏾	不开心, 中等-深肤色, 噘嘴, 撅嘴, 撅嘴: 中等-深肤色, 表情
🙎🏿	不开心, 噘嘴, 撅嘴, 撅嘴: 较深肤色, 表情, 较深肤色
🙎🏻‍♂	不开心, 噘嘴, 撅嘴男, 撅嘴男: 较浅肤色, 男, 表情, 较浅肤色
🙎🏼‍♂	不开心, 中等-浅肤色, 噘嘴, 撅嘴男, 撅嘴男: 中等-浅肤色, 男, 表情
🙎🏽‍♂	不开心, 中等肤色, 噘嘴, 撅嘴男, 撅嘴男: 中等肤色, 男, 表情
🙎🏾‍♂	不开心, 中等-深肤色, 噘嘴, 撅嘴男, 撅嘴男: 中等-深肤色, 男, 表情
🙎🏿‍♂	不开心, 噘嘴, 撅嘴男, 撅嘴男: 较深肤色, 男, 表情, 较深肤色
🙎🏻‍♀	不开心, 噘嘴, 女, 撅嘴女, 撅嘴女: 较浅肤色, 表情, 较浅肤色
🙎🏼‍♀	不开心, 中等-浅肤色, 噘嘴, 女, 撅嘴女, 撅嘴女: 中等-浅肤色, 表情
🙎🏽‍♀	不开心, 中等肤色, 噘嘴, 女, 撅嘴女, 撅嘴女: 中等肤色, 表情
🙎🏾‍♀	不开心, 中等-深肤色, 噘嘴, 女, 撅嘴女, 撅嘴女: 中等-深肤色, 表情
🙎🏿‍♀	不开心, 噘嘴, 女, 撅嘴女, 撅嘴女: 较深肤色, 表情, 较深肤色
🙅🏻	不行, 手势, 禁止, 禁止手势, 禁止手势: 较浅肤色, 表情, 较浅肤色
🙅🏼	不行, 中等-浅肤色, 手势, 禁止, 禁止手势, 禁止手势: 中等-浅肤色, 表情
🙅🏽	不行, 中等肤色, 手势, 禁止, 禁止手势, 禁止手势: 中等肤色, 表情
🙅🏾	不行, 中等-深肤色, 手势, 禁止, 禁止手势, 禁止手势: 中等-深肤色, 表情
🙅🏿	不行, 手势, 禁止, 禁止手势, 禁止手势: 较深肤色, 表情, 较深肤色
🙅🏻‍♂	不行, 反对, 手势, 男, 禁止, 禁止手势男, 禁止手势男: 较浅肤色, 表情, 较浅肤色
🙅🏼‍♂	不行, 中等-浅肤色, 反对, 手势, 男, 禁止, 禁止手势男, 禁止手势男: 中等-浅肤色, 表情
🙅🏽‍♂	不行, 中等肤色, 反对, 手势, 男, 禁止, 禁止手势男, 禁止手势男: 中等肤色, 表情
🙅🏾‍♂	不行, 中等-深肤色, 反对, 手势, 男, 禁止, 禁止手势男, 禁止手势男: 中等-深肤色, 表情
🙅🏿‍♂	不行, 反对, 手势, 男, 禁止, 禁止手势男, 禁止手势男: 较深肤色, 表情, 较深肤色
🙅🏻‍♀	不行, 反对, 女, 手势, 禁止, 禁止手势女, 禁止手势女: 较浅肤色, 表情, 较浅肤色
🙅🏼‍♀	不行, 中等-浅肤色, 反对, 女, 手势, 禁止, 禁止手势女, 禁止手势女: 中等-浅肤色, 表情
🙅🏽‍♀	不行, 中等肤色, 反对, 女, 手势, 禁止, 禁止手势女, 禁止手势女: 中等肤色, 表情
🙅🏾‍♀	不行, 中等-深肤色, 反对, 女, 手势, 禁止, 禁止手势女, 禁止手势女: 中等-深肤色, 表情
🙅🏿‍♀	不行, 反对, 女, 手势, 禁止, 禁止手势女, 禁止手势女: 较深肤色, 表情, 较深肤色
🙆🏻	OK手势, OK手势: 较浅肤色, ok, 好的, 较浅肤色
🙆🏼	OK手势, OK手势: 中等-浅肤色, ok, 中等-浅肤色, 好的
🙆🏽	OK手势, OK手势: 中等肤色, ok, 中等肤色, 好的
🙆🏾	OK手势, OK手势: 中等-深肤色, ok, 中等-深肤色, 好的
🙆🏿	OK手势, OK手势: 较深肤色, ok, 好的, 较深肤色
🙆🏻‍♂	OK手势男, ok, ok手势男, ok手势男: 较浅肤色, 可以, 同意, 手势, 男, 表情, 较浅肤色
🙆🏼‍♂	OK手势男, ok, ok手势男, ok手势男: 中等-浅肤色, 中等-浅肤色, 可以, 同意, 手势, 男, 表情
🙆🏽‍♂	OK手势男, ok, ok手势男, ok手势男: 中等肤色, 中等肤色, 可以, 同意, 手势, 男, 表情
🙆🏾‍♂	OK手势男, ok, ok手势男, ok手势男: 中等-深肤色, 中等-深肤色, 可以, 同意, 手势, 男, 表情
🙆🏿‍♂	OK手势男, ok, ok手势男, ok手势男: 较深肤色, 可以, 同意, 手势, 男, 表情, 较深肤色
🙆🏻‍♀	OK手势女, ok, ok手势女, ok手势女: 较浅肤色, 可以, 同意, 女, 手势, 表情, 较浅肤色
🙆🏼‍♀	OK手势女, ok, ok手势女, ok手势女: 中等-浅肤色, 中等-浅肤色, 可以, 同意, 女, 手势, 表情
🙆🏽‍♀	OK手势女, ok, ok手势女, ok手势女: 中等肤色, 中等肤色, 可以, 同意, 女, 手势, 表情
🙆🏾‍♀	OK手势女, ok, ok手势女, ok手势女: 中等-深肤色, 中等-深肤色, 可以, 同意, 女, 手势, 表情
🙆🏿‍♀	OK手势女, ok, ok手势女, ok手势女: 较深肤色, 可以, 同意, 女, 手势, 表情, 较深肤色
💁🏻	信息, 前台, 前台: 较浅肤色, 小费, 帮助, 时髦, 较浅肤色
💁🏼	中等-浅肤色, 信息, 前台, 前台: 中等-浅肤色, 小费, 帮助, 时髦
💁🏽	中等肤色, 信息, 前台, 前台: 中等肤色, 小费, 帮助, 时髦
💁🏾	中等-深肤色, 信息, 前台, 前台: 中等-深肤色, 小费, 帮助, 时髦
💁🏿	信息, 前台, 前台: 较深肤色, 小费, 帮助, 时髦, 较深肤色
💁🏻‍♂	前台男, 前台男: 较浅肤色, 小费, 时髦, 服务员, 男, 较浅肤色
💁🏼‍♂	中等-浅肤色, 前台男, 前台男: 中等-浅肤色, 小费, 时髦, 服务员, 男
💁🏽‍♂	中等肤色, 前台男, 前台男: 中等肤色, 小费, 时髦, 服务员, 男
💁🏾‍♂	中等-深肤色, 前台男, 前台男: 中等-深肤色, 小费, 时髦, 服务员, 男
💁🏿‍♂	前台男, 前台男: 较深肤色, 小费, 时髦, 服务员, 男, 较深肤色
💁🏻‍♀	前台女, 前台女: 较浅肤色, 女, 小费, 时髦, 服务员, 较浅肤色
💁🏼‍♀	中等-浅肤色, 前台女, 前台女: 中等-浅肤色, 女, 小费, 时髦, 服务员
💁🏽‍♀	中等肤色, 前台女, 前台女: 中等肤色, 女, 小费, 时髦, 服务员
💁🏾‍♀	中等-深肤色, 前台女, 前台女: 中等-深肤色, 女, 小费, 时髦, 服务员
💁🏿‍♀	前台女, 前台女: 较深肤色, 女, 小费, 时髦, 服务员, 较深肤色
🙋🏻	举手, 举手: 较浅肤色, 手势, 报名, 较浅肤色
🙋🏼	中等-浅肤色, 举手, 举手: 中等-浅肤色, 手势, 报名
🙋🏽	中等肤色, 举手, 举手: 中等肤色, 手势, 报名
🙋🏾	中等-深肤色, 举手, 举手: 中等-深肤色, 手势, 报名
🙋🏿	举手, 举手: 较深肤色, 手势, 报名, 较深肤色
🙋🏻‍♂	举手, 手势, 报名, 男, 男生举手, 男生举手: 较浅肤色, 较浅肤色
🙋🏼‍♂	中等-浅肤色, 举手, 手势, 报名, 男, 男生举手, 男生举手: 中等-浅肤色
🙋🏽‍♂	中等肤色, 举手, 手势, 报名, 男, 男生举手, 男生举手: 中等肤色
🙋🏾‍♂	中等-深肤色, 举手, 手势, 报名, 男, 男生举手, 男生举手: 中等-深肤色
🙋🏿‍♂	举手, 手势, 报名, 男, 男生举手, 男生举手: 较深肤色, 较深肤色
🙋🏻‍♀	举手, 女, 女生举手, 女生举手: 较浅肤色, 手势, 报名, 较浅肤色
🙋🏼‍♀	中等-浅肤色, 举手, 女, 女生举手, 女生举手: 中等-浅肤色, 手势, 报名
🙋🏽‍♀	中等肤色, 举手, 女, 女生举手, 女生举手: 中等肤色, 手势, 报名
🙋🏾‍♀	中等-深肤色, 举手, 女, 女生举手, 女生举手: 中等-深肤色, 手势, 报名
🙋🏿‍♀	举手, 女, 女生举手, 女生举手: 较深肤色, 手势, 报名, 较深肤色
🙇🏻	不好意思, 姿势, 对不起, 手势, 抱歉, 较浅肤色, 道歉, 鞠躬, 鞠躬: 较浅肤色
🙇🏼	不好意思, 中等-浅肤色, 姿势, 对不起, 手势, 抱歉, 道歉, 鞠躬, 鞠躬: 中等-浅肤色
🙇🏽	不好意思, 中等肤色, 姿势, 对不起, 手势, 抱歉, 道歉, 鞠躬, 鞠躬: 中等肤色
🙇🏾	不好意思, 中等-深肤色, 姿势, 对不起, 手势, 抱歉, 道歉, 鞠躬, 鞠躬: 中等-深肤色
🙇🏿	不好意思, 姿势, 对不起, 手势, 抱歉, 较深肤色, 道歉, 鞠躬, 鞠躬: 较深肤色
🙇🏻‍♂	姿势, 对不起, 手势, 男, 男生鞠躬, 男生鞠躬: 较浅肤色, 较浅肤色, 道歉, 鞠躬
🙇🏼‍♂	中等-浅肤色, 姿势, 对不起, 手势, 男, 男生鞠躬, 男生鞠躬: 中等-浅肤色, 道歉, 鞠躬
🙇🏽‍♂	中等肤色, 姿势, 对不起, 手势, 男, 男生鞠躬, 男生鞠躬: 中等肤色, 道歉, 鞠躬
🙇🏾‍♂	中等-深肤色, 姿势, 对不起, 手势, 男, 男生鞠躬, 男生鞠躬: 中等-深肤色, 道歉, 鞠躬
🙇🏿‍♂	姿势, 对不起, 手势, 男, 男生鞠躬, 男生鞠躬: 较深肤色, 较深肤色, 道歉, 鞠躬
🙇🏻‍♀	女, 女生鞠躬, 女生鞠躬: 较浅肤色, 姿势, 对不起, 手势, 较浅肤色, 道歉, 鞠躬
🙇🏼‍♀	中等-浅肤色, 女, 女生鞠躬, 女生鞠躬: 中等-浅肤色, 姿势, 对不起, 手势, 道歉, 鞠躬
🙇🏽‍♀	中等肤色, 女, 女生鞠躬, 女生鞠躬: 中等肤色, 姿势, 对不起, 手势, 道歉, 鞠躬
🙇🏾‍♀	中等-深肤色, 女, 女生鞠躬, 女生鞠躬: 中等-深肤色, 姿势, 对不起, 手势, 道歉, 鞠躬
🙇🏿‍♀	女, 女生鞠躬, 女生鞠躬: 较深肤色, 姿势, 对不起, 手势, 较深肤色, 道歉, 鞠躬
🤦🏻	捂, 捂脸, 捂脸: 较浅肤色, 无语, 脸, 较浅肤色, 难以置信
🤦🏼	中等-浅肤色, 捂, 捂脸, 捂脸: 中等-浅肤色, 无语, 脸, 难以置信
🤦🏽	中等肤色, 捂, 捂脸, 捂脸: 中等肤色, 无语, 脸, 难以置信
🤦🏾	中等-深肤色, 捂, 捂脸, 捂脸: 中等-深肤色, 无语, 脸, 难以置信
🤦🏿	捂, 捂脸, 捂脸: 较深肤色, 无语, 脸, 较深肤色, 难以置信
🤦🏻‍♂	捂脸, 无语, 男, 男生捂脸, 男生捂脸: 较浅肤色, 较浅肤色, 难以置信
🤦🏼‍♂	中等-浅肤色, 捂脸, 无语, 男, 男生捂脸, 男生捂脸: 中等-浅肤色, 难以置信
🤦🏽‍♂	中等肤色, 捂脸, 无语, 男, 男生捂脸, 男生捂脸: 中等肤色, 难以置信
🤦🏾‍♂	中等-深肤色, 捂脸, 无语, 男, 男生捂脸, 男生捂脸: 中等-深肤色, 难以置信
🤦🏿‍♂	捂脸, 无语, 男, 男生捂脸, 男生捂脸: 较深肤色, 较深肤色, 难以置信
🤦🏻‍♀	女, 女生捂脸, 女生捂脸: 较浅肤色, 捂脸, 无语, 较浅肤色, 难以置信
🤦🏼‍♀	中等-浅肤色, 女, 女生捂脸, 女生捂脸: 中等-浅肤色, 捂脸, 无语, 难以置信
🤦🏽‍♀	中等肤色, 女, 女生捂脸, 女生捂脸: 中等肤色, 捂脸, 无语, 难以置信
🤦🏾‍♀	中等-深肤色, 女, 女生捂脸, 女生捂脸: 中等-深肤色, 捂脸, 无语, 难以置信
🤦🏿‍♀	女, 女生捂脸, 女生捂脸: 较深肤色, 捂脸, 无语, 较深肤色, 难以置信
🤷🏻	不关心, 怀疑, 无知, 无视, 耸肩, 耸肩: 较浅肤色, 较浅肤色
🤷🏼	不关心, 中等-浅肤色, 怀疑, 无知, 无视, 耸肩, 耸肩: 中等-浅肤色
🤷🏽	不关心, 中等肤色, 怀疑, 无知, 无视, 耸肩, 耸肩: 中等肤色
🤷🏾	不关心, 中等-深肤色, 怀疑, 无知, 无视, 耸肩, 耸肩: 中等-深肤色
🤷🏿	不关心, 怀疑, 无知, 无视, 耸肩, 耸肩: 较深肤色, 较深肤色
🤷🏻‍♂	怀疑, 无所谓, 男, 男生耸肩, 男生耸肩: 较浅肤色, 耸肩, 较浅肤色
🤷🏼‍♂	中等-浅肤色, 怀疑, 无所谓, 男, 男生耸肩, 男生耸肩: 中等-浅肤色, 耸肩
🤷🏽‍♂	中等肤色, 怀疑, 无所谓, 男, 男生耸肩, 男生耸肩: 中等肤色, 耸肩
🤷🏾‍♂	中等-深肤色, 怀疑, 无所谓, 男, 男生耸肩, 男生耸肩: 中等-深肤色, 耸肩
🤷🏿‍♂	怀疑, 无所谓, 男, 男生耸肩, 男生耸肩: 较深肤色, 耸肩, 较深肤色
🤷🏻‍♀	女, 女生耸肩, 女生耸肩: 较浅肤色, 怀疑, 无所谓, 耸肩, 较浅肤色
🤷🏼‍♀	中等-浅肤色, 女, 女生耸肩, 女生耸肩: 中等-浅肤色, 怀疑, 无所谓, 耸肩
🤷🏽‍♀	中等肤色, 女, 女生耸肩, 女生耸肩: 中等肤色, 怀疑, 无所谓, 耸肩
🤷🏾‍♀	中等-深肤色, 女, 女生耸肩, 女生耸肩: 中等-深肤色, 怀疑, 无所谓, 耸肩
🤷🏿‍♀	女, 女生耸肩, 女生耸肩: 较深肤色, 怀疑, 无所谓, 耸肩, 较深肤色
💆🏻	按摩, 按摩: 较浅肤色, 美容, 较浅肤色
💆🏼	中等-浅肤色, 按摩, 按摩: 中等-浅肤色, 美容
💆🏽	中等肤色, 按摩, 按摩: 中等肤色, 美容
💆🏾	中等-深肤色, 按摩, 按摩: 中等-深肤色, 美容
💆🏿	按摩, 按摩: 较深肤色, 美容, 较深肤色
💆🏻‍♂	按摩, 男, 男生按摩, 男生按摩: 较浅肤色, 美容, 较浅肤色
💆🏼‍♂	中等-浅肤色, 按摩, 男, 男生按摩, 男生按摩: 中等-浅肤色, 美容
💆🏽‍♂	中等肤色, 按摩, 男, 男生按摩, 男生按摩: 中等肤色, 美容
💆🏾‍♂	中等-深肤色, 按摩, 男, 男生按摩, 男生按摩: 中等-深肤色, 美容
💆🏿‍♂	按摩, 男, 男生按摩, 男生按摩: 较深肤色, 美容, 较深肤色
💆🏻‍♀	女, 女生按摩, 女生按摩: 较浅肤色, 按摩, 美容, 较浅肤色
💆🏼‍♀	中等-浅肤色, 女, 女生按摩, 女生按摩: 中等-浅肤色, 按摩, 美容
💆🏽‍♀	中等肤色, 女, 女生按摩, 女生按摩: 中等肤色, 按摩, 美容
💆🏾‍♀	中等-深肤色, 女, 女生按摩, 女生按摩: 中等-深肤色, 按摩, 美容
💆🏿‍♀	女, 女生按摩, 女生按摩: 较深肤色, 按摩, 美容, 较深肤色
💇🏻	剪头, 理发, 理发: 较浅肤色, 较浅肤色
💇🏼	中等-浅肤色, 剪头, 理发, 理发: 中等-浅肤色
💇🏽	中等肤色, 剪头, 理发, 理发: 中等肤色
💇🏾	中等-深肤色, 剪头, 理发, 理发: 中等-深肤色
💇🏿	剪头, 理发, 理发: 较深肤色, 较深肤色
💇🏻‍♂	剪头, 理发, 男, 男生理发, 男生理发: 较浅肤色, 较浅肤色
💇🏼‍♂	中等-浅肤色, 剪头, 理发, 男, 男生理发, 男生理发: 中等-浅肤色
💇🏽‍♂	中等肤色, 剪头, 理发, 男, 男生理发, 男生理发: 中等肤色
💇🏾‍♂	中等-深肤色, 剪头, 理发, 男, 男生理发, 男生理发: 中等-深肤色
💇🏿‍♂	剪头, 理发, 男, 男生理发, 男生理发: 较深肤色, 较深肤色
💇🏻‍♀	剪头, 女, 女生理发, 女生理发: 较浅肤色, 理发, 较浅肤色
💇🏼‍♀	中等-浅肤色, 剪头, 女, 女生理发, 女生理发: 中等-浅肤色, 理发
💇🏽‍♀	中等肤色, 剪头, 女, 女生理发, 女生理发: 中等肤色, 理发
💇🏾‍♀	中等-深肤色, 剪头, 女, 女生理发, 女生理发: 中等-深肤色, 理发
💇🏿‍♀	剪头, 女, 女生理发, 女生理发: 较深肤色, 理发, 较深肤色
🚶🏻	徒步, 行人, 行人: 较浅肤色, 走路, 路人, 较浅肤色
🚶🏼	中等-浅肤色, 徒步, 行人, 行人: 中等-浅肤色, 走路, 路人
🚶🏽	中等肤色, 徒步, 行人, 行人: 中等肤色, 走路, 路人
🚶🏾	中等-深肤色, 徒步, 行人, 行人: 中等-深肤色, 走路, 路人
🚶🏿	徒步, 行人, 行人: 较深肤色, 走路, 路人, 较深肤色
🚶🏻‍♂	徒步, 男, 男行人, 男行人: 较浅肤色, 走, 走路, 路人, 较浅肤色
🚶🏼‍♂	中等-浅肤色, 徒步, 男, 男行人, 男行人: 中等-浅肤色, 走, 走路, 路人
🚶🏽‍♂	中等肤色, 徒步, 男, 男行人, 男行人: 中等肤色, 走, 走路, 路人
🚶🏾‍♂	中等-深肤色, 徒步, 男, 男行人, 男行人: 中等-深肤色, 走, 走路, 路人
🚶🏿‍♂	徒步, 男, 男行人, 男行人: 较深肤色, 走, 走路, 路人, 较深肤色
🚶🏻‍♀	女, 女行人, 女行人: 较浅肤色, 徒步, 走, 走路, 路人, 较浅肤色
🚶🏼‍♀	中等-浅肤色, 女, 女行人, 女行人: 中等-浅肤色, 徒步, 走, 走路, 路人
🚶🏽‍♀	中等肤色, 女, 女行人, 女行人: 中等肤色, 徒步, 走, 走路, 路人
🚶🏾‍♀	中等-深肤色, 女, 女行人, 女行人: 中等-深肤色, 徒步, 走, 走路, 路人
🚶🏿‍♀	女, 女行人, 女行人: 较深肤色, 徒步, 走, 走路, 路人, 较深肤色
🏃🏻	跑步, 跑步者, 跑步者: 较浅肤色, 较浅肤色, 马拉松
🏃🏼	中等-浅肤色, 跑步, 跑步者, 跑步者: 中等-浅肤色, 马拉松
🏃🏽	中等肤色, 跑步, 跑步者, 跑步者: 中等肤色, 马拉松
🏃🏾	中等-深肤色, 跑步, 跑步者, 跑步者: 中等-深肤色, 马拉松
🏃🏿	跑步, 跑步者, 跑步者: 较深肤色, 较深肤色, 马拉松
🏃🏻‍♂	男, 男生跑步, 男生跑步: 较浅肤色, 跑, 较浅肤色, 马拉松
🏃🏼‍♂	中等-浅肤色, 男, 男生跑步, 男生跑步: 中等-浅肤色, 跑, 马拉松
🏃🏽‍♂	中等肤色, 男, 男生跑步, 男生跑步: 中等肤色, 跑, 马拉松
🏃🏾‍♂	中等-深肤色, 男, 男生跑步, 男生跑步: 中等-深肤色, 跑, 马拉松
🏃🏿‍♂	男, 男生跑步, 男生跑步: 较深肤色, 跑, 较深肤色, 马拉松
🏃🏻‍♀	女, 女生跑步, 女生跑步: 较浅肤色, 跑, 较浅肤色, 马拉松
🏃🏼‍♀	中等-浅肤色, 女, 女生跑步, 女生跑步: 中等-浅肤色, 跑, 马拉松
🏃🏽‍♀	中等肤色, 女, 女生跑步, 女生跑步: 中等肤色, 跑, 马拉松
🏃🏾‍♀	中等-深肤色, 女, 女生跑步, 女生跑步: 中等-深肤色, 跑, 马拉松
🏃🏿‍♀	女, 女生跑步, 女生跑步: 较深肤色, 跑, 较深肤色, 马拉松
💃🏻	女人, 舞者, 舞者: 较浅肤色, 跳舞, 跳舞的女人, 较浅肤色
💃🏼	中等-浅肤色, 女人, 舞者, 舞者: 中等-浅肤色, 跳舞, 跳舞的女人
💃🏽	中等肤色, 女人, 舞者, 舞者: 中等肤色, 跳舞, 跳舞的女人
💃🏾	中等-深肤色, 女人, 舞者, 舞者: 中等-深肤色, 跳舞, 跳舞的女人
💃🏿	女人, 舞者, 舞者: 较深肤色, 跳舞, 跳舞的女人, 较深肤色
🕺🏻	男人, 跳舞, 跳舞的男人, 跳舞的男人: 较浅肤色, 较浅肤色
🕺🏼	中等-浅肤色, 男人, 跳舞, 跳舞的男人, 跳舞的男人: 中等-浅肤色
🕺🏽	中等肤色, 男人, 跳舞, 跳舞的男人, 跳舞的男人: 中等肤色
🕺🏾	中等-深肤色, 男人, 跳舞, 跳舞的男人, 跳舞的男人: 中等-深肤色
🕺🏿	男人, 跳舞, 跳舞的男人, 跳舞的男人: 较深肤色, 较深肤色
🧖🏻	桑拿, 蒸房, 蒸房里的人, 蒸房里的人: 较浅肤色, 较浅肤色
🧖🏼	中等-浅肤色, 桑拿, 蒸房, 蒸房里的人, 蒸房里的人: 中等-浅肤色
🧖🏽	中等肤色, 桑拿, 蒸房, 蒸房里的人, 蒸房里的人: 中等肤色
🧖🏾	中等-深肤色, 桑拿, 蒸房, 蒸房里的人, 蒸房里的人: 中等-深肤色
🧖🏿	桑拿, 蒸房, 蒸房里的人, 蒸房里的人: 较深肤色, 较深肤色
🧖🏻‍♀	女性桑拿, 桑拿, 蒸房里的女人, 蒸房里的女人: 较浅肤色, 较浅肤色
🧖🏼‍♀	中等-浅肤色, 女性桑拿, 桑拿, 蒸房里的女人, 蒸房里的女人: 中等-浅肤色
🧖🏽‍♀	中等肤色, 女性桑拿, 桑拿, 蒸房里的女人, 蒸房里的女人: 中等肤色
🧖🏾‍♀	中等-深肤色, 女性桑拿, 桑拿, 蒸房里的女人, 蒸房里的女人: 中等-深肤色
🧖🏿‍♀	女性桑拿, 桑拿, 蒸房里的女人, 蒸房里的女人: 较深肤色, 较深肤色
🧖🏻‍♂	桑拿, 男性桑拿, 蒸房里的男人, 蒸房里的男人: 较浅肤色, 较浅肤色
🧖🏼‍♂	中等-浅肤色, 桑拿, 男性桑拿, 蒸房里的男人, 蒸房里的男人: 中等-浅肤色
🧖🏽‍♂	中等肤色, 桑拿, 男性桑拿, 蒸房里的男人, 蒸房里的男人: 中等肤色
🧖🏾‍♂	中等-深肤色, 桑拿, 男性桑拿, 蒸房里的男人, 蒸房里的男人: 中等-深肤色
🧖🏿‍♂	桑拿, 男性桑拿, 蒸房里的男人, 蒸房里的男人: 较深肤色, 较深肤色
🧗🏻	攀爬的人, 攀爬的人: 较浅肤色, 登山者, 较浅肤色
🧗🏼	中等-浅肤色, 攀爬的人, 攀爬的人: 中等-浅肤色, 登山者
🧗🏽	中等肤色, 攀爬的人, 攀爬的人: 中等肤色, 登山者
🧗🏾	中等-深肤色, 攀爬的人, 攀爬的人: 中等-深肤色, 登山者
🧗🏿	攀爬的人, 攀爬的人: 较深肤色, 登山者, 较深肤色
🧗🏻‍♀	女性登山者, 攀爬的女人, 攀爬的女人: 较浅肤色, 登山者, 较浅肤色
🧗🏼‍♀	中等-浅肤色, 女性登山者, 攀爬的女人, 攀爬的女人: 中等-浅肤色, 登山者
🧗🏽‍♀	中等肤色, 女性登山者, 攀爬的女人, 攀爬的女人: 中等肤色, 登山者
🧗🏾‍♀	中等-深肤色, 女性登山者, 攀爬的女人, 攀爬的女人: 中等-深肤色, 登山者
🧗🏿‍♀	女性登山者, 攀爬的女人, 攀爬的女人: 较深肤色, 登山者, 较深肤色
🧗🏻‍♂	攀爬的男人, 攀爬的男人: 较浅肤色, 男性登山者, 登山者, 较浅肤色
🧗🏼‍♂	中等-浅肤色, 攀爬的男人, 攀爬的男人: 中等-浅肤色, 男性登山者, 登山者
🧗🏽‍♂	中等肤色, 攀爬的男人, 攀爬的男人: 中等肤色, 男性登山者, 登山者
🧗🏾‍♂	中等-深肤色, 攀爬的男人, 攀爬的男人: 中等-深肤色, 男性登山者, 登山者
🧗🏿‍♂	攀爬的男人, 攀爬的男人: 较深肤色, 男性登山者, 登山者, 较深肤色
🧘🏻	出家, 吃斋, 念佛, 瑜伽, 盘腿的人, 盘腿的人: 较浅肤色, 较浅肤色
🧘🏼	中等-浅肤色, 出家, 吃斋, 念佛, 瑜伽, 盘腿的人, 盘腿的人: 中等-浅肤色
🧘🏽	中等肤色, 出家, 吃斋, 念佛, 瑜伽, 盘腿的人, 盘腿的人: 中等肤色
🧘🏾	中等-深肤色, 出家, 吃斋, 念佛, 瑜伽, 盘腿的人, 盘腿的人: 中等-深肤色
🧘🏿	出家, 吃斋, 念佛, 瑜伽, 盘腿的人, 盘腿的人: 较深肤色, 较深肤色
🧘🏻‍♀	尼姑, 比丘尼, 瑜伽女, 盘腿的女人, 盘腿的女人: 较浅肤色, 较浅肤色
🧘🏼‍♀	中等-浅肤色, 尼姑, 比丘尼, 瑜伽女, 盘腿的女人, 盘腿的女人: 中等-浅肤色
🧘🏽‍♀	中等肤色, 尼姑, 比丘尼, 瑜伽女, 盘腿的女人, 盘腿的女人: 中等肤色
🧘🏾‍♀	中等-深肤色, 尼姑, 比丘尼, 瑜伽女, 盘腿的女人, 盘腿的女人: 中等-深肤色
🧘🏿‍♀	尼姑, 比丘尼, 瑜伽女, 盘腿的女人, 盘腿的女人: 较深肤色, 较深肤色
🧘🏻‍♂	和尚, 瑜伽男, 盘腿的男人, 盘腿的男人: 较浅肤色, 较浅肤色
🧘🏼‍♂	中等-浅肤色, 和尚, 瑜伽男, 盘腿的男人, 盘腿的男人: 中等-浅肤色
🧘🏽‍♂	中等肤色, 和尚, 瑜伽男, 盘腿的男人, 盘腿的男人: 中等肤色
🧘🏾‍♂	中等-深肤色, 和尚, 瑜伽男, 盘腿的男人, 盘腿的男人: 中等-深肤色
🧘🏿‍♂	和尚, 瑜伽男, 盘腿的男人, 盘腿的男人: 较深肤色, 较深肤色
🛀🏻	洗澡, 洗澡的人, 浴盆, 浴缸, 澡盆, 盆浴, 盆浴: 较浅肤色, 较浅肤色
🛀🏼	中等-浅肤色, 洗澡, 洗澡的人, 浴盆, 浴缸, 澡盆, 盆浴, 盆浴: 中等-浅肤色
🛀🏽	中等肤色, 洗澡, 洗澡的人, 浴盆, 浴缸, 澡盆, 盆浴, 盆浴: 中等肤色
🛀🏾	中等-深肤色, 洗澡, 洗澡的人, 浴盆, 浴缸, 澡盆, 盆浴, 盆浴: 中等-深肤色
🛀🏿	洗澡, 洗澡的人, 浴盆, 浴缸, 澡盆, 盆浴, 盆浴: 较深肤色, 较深肤色
🛌🏻	入睡, 宾馆, 躺在床上的人, 躺在床上的人: 较浅肤色, 较浅肤色
🛌🏼	中等-浅肤色, 入睡, 宾馆, 躺在床上的人, 躺在床上的人: 中等-浅肤色
🛌🏽	中等肤色, 入睡, 宾馆, 躺在床上的人, 躺在床上的人: 中等肤色
🛌🏾	中等-深肤色, 入睡, 宾馆, 躺在床上的人, 躺在床上的人: 中等-深肤色
🛌🏿	入睡, 宾馆, 躺在床上的人, 躺在床上的人: 较深肤色, 较深肤色
🕴🏻	正装, 西装革履, 西装革履的人, 西装革履的人: 较浅肤色, 较浅肤色
🕴🏼	中等-浅肤色, 正装, 西装革履, 西装革履的人, 西装革履的人: 中等-浅肤色
🕴🏽	中等肤色, 正装, 西装革履, 西装革履的人, 西装革履的人: 中等肤色
🕴🏾	中等-深肤色, 正装, 西装革履, 西装革履的人, 西装革履的人: 中等-深肤色
🕴🏿	正装, 西装革履, 西装革履的人, 西装革履的人: 较深肤色, 较深肤色
🏇🏻	赛马, 赛马: 较浅肤色, 较浅肤色, 马
🏇🏼	中等-浅肤色, 赛马, 赛马: 中等-浅肤色, 马
🏇🏽	中等肤色, 赛马, 赛马: 中等肤色, 马
🏇🏾	中等-深肤色, 赛马, 赛马: 中等-深肤色, 马
🏇🏿	赛马, 赛马: 较深肤色, 较深肤色, 马
🏂🏻	单板, 滑雪, 滑雪板, 滑雪板: 较浅肤色, 较浅肤色
🏂🏼	中等-浅肤色, 单板, 滑雪, 滑雪板, 滑雪板: 中等-浅肤色
🏂🏽	中等肤色, 单板, 滑雪, 滑雪板, 滑雪板: 中等肤色
🏂🏾	中等-深肤色, 单板, 滑雪, 滑雪板, 滑雪板: 中等-深肤色
🏂🏿	单板, 滑雪, 滑雪板, 滑雪板: 较深肤色, 较深肤色
🏌🏻	打高尔夫的人, 打高尔夫的人: 较浅肤色, 较浅肤色, 高尔夫
🏌🏼	中等-浅肤色, 打高尔夫的人, 打高尔夫的人: 中等-浅肤色, 高尔夫
🏌🏽	中等肤色, 打高尔夫的人, 打高尔夫的人: 中等肤色, 高尔夫
🏌🏾	中等-深肤色, 打高尔夫的人, 打高尔夫的人: 中等-深肤色, 高尔夫
🏌🏿	打高尔夫的人, 打高尔夫的人: 较深肤色, 较深肤色, 高尔夫
🏌🏻‍♂	男, 男生打高尔夫, 男生打高尔夫: 较浅肤色, 较浅肤色, 高尔夫
🏌🏼‍♂	中等-浅肤色, 男, 男生打高尔夫, 男生打高尔夫: 中等-浅肤色, 高尔夫
🏌🏽‍♂	中等肤色, 男, 男生打高尔夫, 男生打高尔夫: 中等肤色, 高尔夫
🏌🏾‍♂	中等-深肤色, 男, 男生打高尔夫, 男生打高尔夫: 中等-深肤色, 高尔夫
🏌🏿‍♂	男, 男生打高尔夫, 男生打高尔夫: 较深肤色, 较深肤色, 高尔夫
🏌🏻‍♀	女, 女生打高尔夫, 女生打高尔夫: 较浅肤色, 较浅肤色, 高尔夫
🏌🏼‍♀	中等-浅肤色, 女, 女生打高尔夫, 女生打高尔夫: 中等-浅肤色, 高尔夫
🏌🏽‍♀	中等肤色, 女, 女生打高尔夫, 女生打高尔夫: 中等肤色, 高尔夫
🏌🏾‍♀	中等-深肤色, 女, 女生打高尔夫, 女生打高尔夫: 中等-深肤色, 高尔夫
🏌🏿‍♀	女, 女生打高尔夫, 女生打高尔夫: 较深肤色, 较深肤色, 高尔夫
🏄🏻	冲浪, 冲浪: 较浅肤色, 较浅肤色
🏄🏼	中等-浅肤色, 冲浪, 冲浪: 中等-浅肤色
🏄🏽	中等肤色, 冲浪, 冲浪: 中等肤色
🏄🏾	中等-深肤色, 冲浪, 冲浪: 中等-深肤色
🏄🏿	冲浪, 冲浪: 较深肤色, 较深肤色
🏄🏻‍♂	冲浪, 男, 男生冲浪, 男生冲浪: 较浅肤色, 较浅肤色
🏄🏼‍♂	中等-浅肤色, 冲浪, 男, 男生冲浪, 男生冲浪: 中等-浅肤色
🏄🏽‍♂	中等肤色, 冲浪, 男, 男生冲浪, 男生冲浪: 中等肤色
🏄🏾‍♂	中等-深肤色, 冲浪, 男, 男生冲浪, 男生冲浪: 中等-深肤色
🏄🏿‍♂	冲浪, 男, 男生冲浪, 男生冲浪: 较深肤色, 较深肤色
🏄🏻‍♀	冲浪, 女, 女生冲浪, 女生冲浪: 较浅肤色, 较浅肤色
🏄🏼‍♀	中等-浅肤色, 冲浪, 女, 女生冲浪, 女生冲浪: 中等-浅肤色
🏄🏽‍♀	中等肤色, 冲浪, 女, 女生冲浪, 女生冲浪: 中等肤色
🏄🏾‍♀	中等-深肤色, 冲浪, 女, 女生冲浪, 女生冲浪: 中等-深肤色
🏄🏿‍♀	冲浪, 女, 女生冲浪, 女生冲浪: 较深肤色, 较深肤色
🚣🏻	划艇, 划艇: 较浅肤色, 船, 较浅肤色
🚣🏼	中等-浅肤色, 划艇, 划艇: 中等-浅肤色, 船
🚣🏽	中等肤色, 划艇, 划艇: 中等肤色, 船
🚣🏾	中等-深肤色, 划艇, 划艇: 中等-深肤色, 船
🚣🏿	划艇, 划艇: 较深肤色, 船, 较深肤色
🚣🏻‍♂	划船, 划艇, 男, 男生划船, 男生划船: 较浅肤色, 船, 较浅肤色
🚣🏼‍♂	中等-浅肤色, 划船, 划艇, 男, 男生划船, 男生划船: 中等-浅肤色, 船
🚣🏽‍♂	中等肤色, 划船, 划艇, 男, 男生划船, 男生划船: 中等肤色, 船
🚣🏾‍♂	中等-深肤色, 划船, 划艇, 男, 男生划船, 男生划船: 中等-深肤色, 船
🚣🏿‍♂	划船, 划艇, 男, 男生划船, 男生划船: 较深肤色, 船, 较深肤色
🚣🏻‍♀	划船, 划艇, 女, 女生划船, 女生划船: 较浅肤色, 船, 较浅肤色
🚣🏼‍♀	中等-浅肤色, 划船, 划艇, 女, 女生划船, 女生划船: 中等-浅肤色, 船
🚣🏽‍♀	中等肤色, 划船, 划艇, 女, 女生划船, 女生划船: 中等肤色, 船
🚣🏾‍♀	中等-深肤色, 划船, 划艇, 女, 女生划船, 女生划船: 中等-深肤色, 船
🚣🏿‍♀	划船, 划艇, 女, 女生划船, 女生划船: 较深肤色, 船, 较深肤色
🏊🏻	游泳, 游泳: 较浅肤色, 较浅肤色
🏊🏼	中等-浅肤色, 游泳, 游泳: 中等-浅肤色
🏊🏽	中等肤色, 游泳, 游泳: 中等肤色
🏊🏾	中等-深肤色, 游泳, 游泳: 中等-深肤色
🏊🏿	游泳, 游泳: 较深肤色, 较深肤色
🏊🏻‍♂	游泳, 男, 男生游泳, 男生游泳: 较浅肤色, 较浅肤色
🏊🏼‍♂	中等-浅肤色, 游泳, 男, 男生游泳, 男生游泳: 中等-浅肤色
🏊🏽‍♂	中等肤色, 游泳, 男, 男生游泳, 男生游泳: 中等肤色
🏊🏾‍♂	中等-深肤色, 游泳, 男, 男生游泳, 男生游泳: 中等-深肤色
🏊🏿‍♂	游泳, 男, 男生游泳, 男生游泳: 较深肤色, 较深肤色
🏊🏻‍♀	女, 女生游泳, 女生游泳: 较浅肤色, 游泳, 较浅肤色
🏊🏼‍♀	中等-浅肤色, 女, 女生游泳, 女生游泳: 中等-浅肤色, 游泳
🏊🏽‍♀	中等肤色, 女, 女生游泳, 女生游泳: 中等肤色, 游泳
🏊🏾‍♀	中等-深肤色, 女, 女生游泳, 女生游泳: 中等-深肤色, 游泳
🏊🏿‍♀	女, 女生游泳, 女生游泳: 较深肤色, 游泳, 较深肤色
⛹🏻	游戏, 玩, 玩球, 玩球: 较浅肤色, 球, 较浅肤色
⛹🏼	中等-浅肤色, 游戏, 玩, 玩球, 玩球: 中等-浅肤色, 球
⛹🏽	中等肤色, 游戏, 玩, 玩球, 玩球: 中等肤色, 球
⛹🏾	中等-深肤色, 游戏, 玩, 玩球, 玩球: 中等-深肤色, 球
⛹🏿	游戏, 玩, 玩球, 玩球: 较深肤色, 球, 较深肤色
⛹🏻‍♂	游戏, 玩, 球, 男, 男生玩球, 男生玩球: 较浅肤色, 较浅肤色
⛹🏼‍♂	中等-浅肤色, 游戏, 玩, 球, 男, 男生玩球, 男生玩球: 中等-浅肤色
⛹🏽‍♂	中等肤色, 游戏, 玩, 球, 男, 男生玩球, 男生玩球: 中等肤色
⛹🏾‍♂	中等-深肤色, 游戏, 玩, 球, 男, 男生玩球, 男生玩球: 中等-深肤色
⛹🏿‍♂	游戏, 玩, 球, 男, 男生玩球, 男生玩球: 较深肤色, 较深肤色
⛹🏻‍♀	女, 女生玩球, 女生玩球: 较浅肤色, 游戏, 玩, 球, 较浅肤色
⛹🏼‍♀	中等-浅肤色, 女, 女生玩球, 女生玩球: 中等-浅肤色, 游戏, 玩, 球
⛹🏽‍♀	中等肤色, 女, 女生玩球, 女生玩球: 中等肤色, 游戏, 玩, 球
⛹🏾‍♀	中等-深肤色, 女, 女生玩球, 女生玩球: 中等-深肤色, 游戏, 玩, 球
⛹🏿‍♀	女, 女生玩球, 女生玩球: 较深肤色, 游戏, 玩, 球, 较深肤色
🏋🏻	举重, 举重: 较浅肤色, 较浅肤色
🏋🏼	中等-浅肤色, 举重, 举重: 中等-浅肤色
🏋🏽	中等肤色, 举重, 举重: 中等肤色
🏋🏾	中等-深肤色, 举重, 举重: 中等-深肤色
🏋🏿	举重, 举重: 较深肤色, 较深肤色
🏋🏻‍♂	举重, 男, 男生举重, 男生举重: 较浅肤色, 较浅肤色
🏋🏼‍♂	中等-浅肤色, 举重, 男, 男生举重, 男生举重: 中等-浅肤色
🏋🏽‍♂	中等肤色, 举重, 男, 男生举重, 男生举重: 中等肤色
🏋🏾‍♂	中等-深肤色, 举重, 男, 男生举重, 男生举重: 中等-深肤色
🏋🏿‍♂	举重, 男, 男生举重, 男生举重: 较深肤色, 较深肤色
🏋🏻‍♀	举重, 女, 女生举重, 女生举重: 较浅肤色, 较浅肤色
🏋🏼‍♀	中等-浅肤色, 举重, 女, 女生举重, 女生举重: 中等-浅肤色
🏋🏽‍♀	中等肤色, 举重, 女, 女生举重, 女生举重: 中等肤色
🏋🏾‍♀	中等-深肤色, 举重, 女, 女生举重, 女生举重: 中等-深肤色
🏋🏿‍♀	举重, 女, 女生举重, 女生举重: 较深肤色, 较深肤色
🚴🏻	自行车, 较浅肤色, 骑自行车, 骑自行车: 较浅肤色
🚴🏼	中等-浅肤色, 自行车, 骑自行车, 骑自行车: 中等-浅肤色
🚴🏽	中等肤色, 自行车, 骑自行车, 骑自行车: 中等肤色
🚴🏾	中等-深肤色, 自行车, 骑自行车, 骑自行车: 中等-深肤色
🚴🏿	自行车, 较深肤色, 骑自行车, 骑自行车: 较深肤色
🚴🏻‍♂	男, 男生骑车, 男生骑车: 较浅肤色, 自行车, 较浅肤色, 骑车
🚴🏼‍♂	中等-浅肤色, 男, 男生骑车, 男生骑车: 中等-浅肤色, 自行车, 骑车
🚴🏽‍♂	中等肤色, 男, 男生骑车, 男生骑车: 中等肤色, 自行车, 骑车
🚴🏾‍♂	中等-深肤色, 男, 男生骑车, 男生骑车: 中等-深肤色, 自行车, 骑车
🚴🏿‍♂	男, 男生骑车, 男生骑车: 较深肤色, 自行车, 较深肤色, 骑车
🚴🏻‍♀	女, 女生骑车, 女生骑车: 较浅肤色, 自行车, 较浅肤色, 骑车
🚴🏼‍♀	中等-浅肤色, 女, 女生骑车, 女生骑车: 中等-浅肤色, 自行车, 骑车
🚴🏽‍♀	中等肤色, 女, 女生骑车, 女生骑车: 中等肤色, 自行车, 骑车
🚴🏾‍♀	中等-深肤色, 女, 女生骑车, 女生骑车: 中等-深肤色, 自行车, 骑车
🚴🏿‍♀	女, 女生骑车, 女生骑车: 较深肤色, 自行车, 较深肤色, 骑车
🚵🏻	山地车, 较浅肤色, 骑山地车, 骑山地车: 较浅肤色
🚵🏼	中等-浅肤色, 山地车, 骑山地车, 骑山地车: 中等-浅肤色
🚵🏽	中等肤色, 山地车, 骑山地车, 骑山地车: 中等肤色
🚵🏾	中等-深肤色, 山地车, 骑山地车, 骑山地车: 中等-深肤色
🚵🏿	山地车, 较深肤色, 骑山地车, 骑山地车: 较深肤色
🚵🏻‍♂	山地车, 男, 男生骑山地车, 男生骑山地车: 较浅肤色, 较浅肤色, 骑车
🚵🏼‍♂	中等-浅肤色, 山地车, 男, 男生骑山地车, 男生骑山地车: 中等-浅肤色, 骑车
🚵🏽‍♂	中等肤色, 山地车, 男, 男生骑山地车, 男生骑山地车: 中等肤色, 骑车
🚵🏾‍♂	中等-深肤色, 山地车, 男, 男生骑山地车, 男生骑山地车: 中等-深肤色, 骑车
🚵🏿‍♂	山地车, 男, 男生骑山地车, 男生骑山地车: 较深肤色, 较深肤色, 骑车
🚵🏻‍♀	女, 女生骑山地车, 女生骑山地车: 较浅肤色, 山地车, 较浅肤色, 骑车
🚵🏼‍♀	中等-浅肤色, 女, 女生骑山地车, 女生骑山地车: 中等-浅肤色, 山地车, 骑车
🚵🏽‍♀	中等肤色, 女, 女生骑山地车, 女生骑山地车: 中等肤色, 山地车, 骑车
🚵🏾‍♀	中等-深肤色, 女, 女生骑山地车, 女生骑山地车: 中等-深肤色, 山地车, 骑车
🚵🏿‍♀	女, 女生骑山地车, 女生骑山地车: 较深肤色, 山地车, 较深肤色, 骑车
🤸🏻	人, 体操, 体育, 侧手翻, 侧手翻: 较浅肤色, 较浅肤色
🤸🏼	中等-浅肤色, 人, 体操, 体育, 侧手翻, 侧手翻: 中等-浅肤色
🤸🏽	中等肤色, 人, 体操, 体育, 侧手翻, 侧手翻: 中等肤色
🤸🏾	中等-深肤色, 人, 体操, 体育, 侧手翻, 侧手翻: 中等-深肤色
🤸🏿	人, 体操, 体育, 侧手翻, 侧手翻: 较深肤色, 较深肤色
🤸🏻‍♂	体操, 侧手翻, 男, 男生侧手翻, 男生侧手翻: 较浅肤色, 翻筋斗, 较浅肤色
🤸🏼‍♂	中等-浅肤色, 体操, 侧手翻, 男, 男生侧手翻, 男生侧手翻: 中等-浅肤色, 翻筋斗
🤸🏽‍♂	中等肤色, 体操, 侧手翻, 男, 男生侧手翻, 男生侧手翻: 中等肤色, 翻筋斗
🤸🏾‍♂	中等-深肤色, 体操, 侧手翻, 男, 男生侧手翻, 男生侧手翻: 中等-深肤色, 翻筋斗
🤸🏿‍♂	体操, 侧手翻, 男, 男生侧手翻, 男生侧手翻: 较深肤色, 翻筋斗, 较深肤色
🤸🏻‍♀	体操, 侧手翻, 女, 女生侧手翻, 女生侧手翻: 较浅肤色, 翻筋斗, 较浅肤色
🤸🏼‍♀	中等-浅肤色, 体操, 侧手翻, 女, 女生侧手翻, 女生侧手翻: 中等-浅肤色, 翻筋斗
🤸🏽‍♀	中等肤色, 体操, 侧手翻, 女, 女生侧手翻, 女生侧手翻: 中等肤色, 翻筋斗
🤸🏾‍♀	中等-深肤色, 体操, 侧手翻, 女, 女生侧手翻, 女生侧手翻: 中等-深肤色, 翻筋斗
🤸🏿‍♀	体操, 侧手翻, 女, 女生侧手翻, 女生侧手翻: 较深肤色, 翻筋斗, 较深肤色
🤽🏻	人, 体育, 水球, 水球: 较浅肤色, 较浅肤色
🤽🏼	中等-浅肤色, 人, 体育, 水球, 水球: 中等-浅肤色
🤽🏽	中等肤色, 人, 体育, 水球, 水球: 中等肤色
🤽🏾	中等-深肤色, 人, 体育, 水球, 水球: 中等-深肤色
🤽🏿	人, 体育, 水球, 水球: 较深肤色, 较深肤色
🤽🏻‍♂	水球, 男, 男生玩水球, 男生玩水球: 较浅肤色, 较浅肤色
🤽🏼‍♂	中等-浅肤色, 水球, 男, 男生玩水球, 男生玩水球: 中等-浅肤色
🤽🏽‍♂	中等肤色, 水球, 男, 男生玩水球, 男生玩水球: 中等肤色
🤽🏾‍♂	中等-深肤色, 水球, 男, 男生玩水球, 男生玩水球: 中等-深肤色
🤽🏿‍♂	水球, 男, 男生玩水球, 男生玩水球: 较深肤色, 较深肤色
🤽🏻‍♀	女, 女生玩水球, 女生玩水球: 较浅肤色, 水球, 较浅肤色
🤽🏼‍♀	中等-浅肤色, 女, 女生玩水球, 女生玩水球: 中等-浅肤色, 水球
🤽🏽‍♀	中等肤色, 女, 女生玩水球, 女生玩水球: 中等肤色, 水球
🤽🏾‍♀	中等-深肤色, 女, 女生玩水球, 女生玩水球: 中等-深肤色, 水球
🤽🏿‍♀	女, 女生玩水球, 女生玩水球: 较深肤色, 水球, 较深肤色
🤾🏻	人, 体育, 手球, 手球: 较浅肤色, 较浅肤色
🤾🏼	中等-浅肤色, 人, 体育, 手球, 手球: 中等-浅肤色
🤾🏽	中等肤色, 人, 体育, 手球, 手球: 中等肤色
🤾🏾	中等-深肤色, 人, 体育, 手球, 手球: 中等-深肤色
🤾🏿	人, 体育, 手球, 手球: 较深肤色, 较深肤色
🤾🏻‍♂	手球, 男, 男生玩手球, 男生玩手球: 较浅肤色, 较浅肤色
🤾🏼‍♂	中等-浅肤色, 手球, 男, 男生玩手球, 男生玩手球: 中等-浅肤色
🤾🏽‍♂	中等肤色, 手球, 男, 男生玩手球, 男生玩手球: 中等肤色
🤾🏾‍♂	中等-深肤色, 手球, 男, 男生玩手球, 男生玩手球: 中等-深肤色
🤾🏿‍♂	手球, 男, 男生玩手球, 男生玩手球: 较深肤色, 较深肤色
🤾🏻‍♀	女, 女生玩手球, 女生玩手球: 较浅肤色, 手球, 较浅肤色
🤾🏼‍♀	中等-浅肤色, 女, 女生玩手球, 女生玩手球: 中等-浅肤色, 手球
🤾🏽‍♀	中等肤色, 女, 女生玩手球, 女生玩手球: 中等肤色, 手球
🤾🏾‍♀	中等-深肤色, 女, 女生玩手球, 女生玩手球: 中等-深肤色, 手球
🤾🏿‍♀	女, 女生玩手球, 女生玩手球: 较深肤色, 手球, 较深肤色
🤹🏻	平衡, 抛接, 抛接杂耍, 抛接杂耍: 较浅肤色, 杂技, 杂耍, 较浅肤色
🤹🏼	中等-浅肤色, 平衡, 抛接, 抛接杂耍, 抛接杂耍: 中等-浅肤色, 杂技, 杂耍
🤹🏽	中等肤色, 平衡, 抛接, 抛接杂耍, 抛接杂耍: 中等肤色, 杂技, 杂耍
🤹🏾	中等-深肤色, 平衡, 抛接, 抛接杂耍, 抛接杂耍: 中等-深肤色, 杂技, 杂耍
🤹🏿	平衡, 抛接, 抛接杂耍, 抛接杂耍: 较深肤色, 杂技, 杂耍, 较深肤色
🤹🏻‍♂	杂技, 杂耍, 男, 男生抛接杂耍, 男生抛接杂耍: 较浅肤色, 较浅肤色, 颠球
🤹🏼‍♂	中等-浅肤色, 杂技, 杂耍, 男, 男生抛接杂耍, 男生抛接杂耍: 中等-浅肤色, 颠球
🤹🏽‍♂	中等肤色, 杂技, 杂耍, 男, 男生抛接杂耍, 男生抛接杂耍: 中等肤色, 颠球
🤹🏾‍♂	中等-深肤色, 杂技, 杂耍, 男, 男生抛接杂耍, 男生抛接杂耍: 中等-深肤色, 颠球
🤹🏿‍♂	杂技, 杂耍, 男, 男生抛接杂耍, 男生抛接杂耍: 较深肤色, 较深肤色, 颠球
🤹🏻‍♀	女, 女生抛接杂耍, 女生抛接杂耍: 较浅肤色, 杂技, 杂耍, 较浅肤色, 颠球
🤹🏼‍♀	中等-浅肤色, 女, 女生抛接杂耍, 女生抛接杂耍: 中等-浅肤色, 杂技, 杂耍, 颠球
🤹🏽‍♀	中等肤色, 女, 女生抛接杂耍, 女生抛接杂耍: 中等肤色, 杂技, 杂耍, 颠球
🤹🏾‍♀	中等-深肤色, 女, 女生抛接杂耍, 女生抛接杂耍: 中等-深肤色, 杂技, 杂耍, 颠球
🤹🏿‍♀	女, 女生抛接杂耍, 女生抛接杂耍: 较深肤色, 杂技, 杂耍, 较深肤色, 颠球
👩‍❤‍💋‍👨	亲吻, 亲吻: 女人男人, 女人, 接吻, 浪漫, 男人
👨‍❤‍💋‍👨	亲吻, 亲吻: 男人男人, 接吻, 浪漫, 男人
👩‍❤‍💋‍👩	亲吻, 亲吻: 女人女人, 女人, 接吻, 浪漫
👩‍❤‍👨	女人, 恋爱, 情侣, 情侣: 女人男人, 浪漫, 男人, 红心
👨‍❤‍👨	恋爱, 情侣, 情侣: 男人男人, 浪漫, 男人, 红心
👩‍❤‍👩	女人, 恋爱, 情侣, 情侣: 女人女人, 浪漫, 红心
👨‍👩‍👦	亲子, 女人, 家庭, 家庭: 男人女人男孩, 男人, 男孩
👨‍👩‍👧	亲子, 女人, 女孩, 家庭, 家庭: 男人女人女孩, 男人
👨‍👩‍👧‍👦	亲子, 女人, 女孩, 家庭, 家庭: 男人女人女孩男孩, 男人, 男孩
👨‍👩‍👦‍👦	亲子, 女人, 家庭, 家庭: 男人女人男孩男孩, 男人, 男孩
👨‍👩‍👧‍👧	亲子, 女人, 女孩, 家庭, 家庭: 男人女人女孩女孩, 男人
👨‍👨‍👦	亲子, 家庭, 家庭: 男人男人男孩, 男人, 男孩
👨‍👨‍👧	亲子, 女孩, 家庭, 家庭: 男人男人女孩, 男人
👨‍👨‍👧‍👦	亲子, 女孩, 家庭, 家庭: 男人男人女孩男孩, 男人, 男孩
👨‍👨‍👦‍👦	亲子, 家庭, 家庭: 男人男人男孩男孩, 男人, 男孩
👨‍👨‍👧‍👧	亲子, 女孩, 家庭, 家庭: 男人男人女孩女孩, 男人
👩‍👩‍👦	亲子, 女人, 家庭, 家庭: 女人女人男孩, 男孩
👩‍👩‍👧	亲子, 女人, 女孩, 家庭, 家庭: 女人女人女孩
👩‍👩‍👧‍👦	亲子, 女人, 女孩, 家庭, 家庭: 女人女人女孩男孩, 男孩
👩‍👩‍👦‍👦	亲子, 女人, 家庭, 家庭: 女人女人男孩男孩, 男孩
👩‍👩‍👧‍👧	亲子, 女人, 女孩, 家庭, 家庭: 女人女人女孩女孩
👨‍👦	亲子, 家庭, 家庭: 男人男孩, 男人, 男孩
👨‍👦‍👦	亲子, 家庭, 家庭: 男人男孩男孩, 男人, 男孩
👨‍👧	亲子, 女孩, 家庭, 家庭: 男人女孩, 男人
👨‍👧‍👦	亲子, 女孩, 家庭, 家庭: 男人女孩男孩, 男人, 男孩
👨‍👧‍👧	亲子, 女孩, 家庭, 家庭: 男人女孩女孩, 男人
👩‍👦	亲子, 女人, 家庭, 家庭: 女人男孩, 男孩
👩‍👦‍👦	亲子, 女人, 家庭, 家庭: 女人男孩男孩, 男孩
👩‍👧	亲子, 女人, 女孩, 家庭, 家庭: 女人女孩
👩‍👧‍👦	亲子, 女人, 女孩, 家庭, 家庭: 女人女孩男孩, 男孩
👩‍👧‍👧	亲子, 女人, 女孩, 家庭, 家庭: 女人女孩女孩
🤳🏻	手机, 相机, 自拍, 自拍: 较浅肤色, 较浅肤色
🤳🏼	中等-浅肤色, 手机, 相机, 自拍, 自拍: 中等-浅肤色
🤳🏽	中等肤色, 手机, 相机, 自拍, 自拍: 中等肤色
🤳🏾	中等-深肤色, 手机, 相机, 自拍, 自拍: 中等-深肤色
🤳🏿	手机, 相机, 自拍, 自拍: 较深肤色, 较深肤色
💪🏻	二头肌, 强壮, 肌肉, 肌肉: 较浅肤色, 较浅肤色
💪🏼	中等-浅肤色, 二头肌, 强壮, 肌肉, 肌肉: 中等-浅肤色
💪🏽	中等肤色, 二头肌, 强壮, 肌肉, 肌肉: 中等肤色
💪🏾	中等-深肤色, 二头肌, 强壮, 肌肉, 肌肉: 中等-深肤色
💪🏿	二头肌, 强壮, 肌肉, 肌肉: 较深肤色, 较深肤色
👈🏻	反手, 反手食指向左指, 反手食指向左指: 较浅肤色, 向左指, 指左, 较浅肤色, 食指
👈🏼	中等-浅肤色, 反手, 反手食指向左指, 反手食指向左指: 中等-浅肤色, 向左指, 指左, 食指
👈🏽	中等肤色, 反手, 反手食指向左指, 反手食指向左指: 中等肤色, 向左指, 指左, 食指
👈🏾	中等-深肤色, 反手, 反手食指向左指, 反手食指向左指: 中等-深肤色, 向左指, 指左, 食指
👈🏿	反手, 反手食指向左指, 反手食指向左指: 较深肤色, 向左指, 指左, 较深肤色, 食指
👉🏻	反手, 反手食指向右指, 反手食指向右指: 较浅肤色, 向右指, 指右, 较浅肤色, 食指
👉🏼	中等-浅肤色, 反手, 反手食指向右指, 反手食指向右指: 中等-浅肤色, 向右指, 指右, 食指
👉🏽	中等肤色, 反手, 反手食指向右指, 反手食指向右指: 中等肤色, 向右指, 指右, 食指
👉🏾	中等-深肤色, 反手, 反手食指向右指, 反手食指向右指: 中等-深肤色, 向右指, 指右, 食指
👉🏿	反手, 反手食指向右指, 反手食指向右指: 较深肤色, 向右指, 指右, 较深肤色, 食指
☝🏻	向上指, 指上, 较浅肤色, 食指, 食指向上指, 食指向上指: 较浅肤色
☝🏼	中等-浅肤色, 向上指, 指上, 食指, 食指向上指, 食指向上指: 中等-浅肤色
☝🏽	中等肤色, 向上指, 指上, 食指, 食指向上指, 食指向上指: 中等肤色
☝🏾	中等-深肤色, 向上指, 指上, 食指, 食指向上指, 食指向上指: 中等-深肤色
☝🏿	向上指, 指上, 较深肤色, 食指, 食指向上指, 食指向上指: 较深肤色
👆🏻	反手, 反手食指向上指, 反手食指向上指: 较浅肤色, 向上指, 指上, 较浅肤色, 食指
👆🏼	中等-浅肤色, 反手, 反手食指向上指, 反手食指向上指: 中等-浅肤色, 向上指, 指上, 食指
👆🏽	中等肤色, 反手, 反手食指向上指, 反手食指向上指: 中等肤色, 向上指, 指上, 食指
👆🏾	中等-深肤色, 反手, 反手食指向上指, 反手食指向上指: 中等-深肤色, 向上指, 指上, 食指
👆🏿	反手, 反手食指向上指, 反手食指向上指: 较深肤色, 向上指, 指上, 较深肤色, 食指
🖕🏻	中指, 反手, 竖中指, 竖中指: 较浅肤色, 较浅肤色
🖕🏼	中指, 中等-浅肤色, 反手, 竖中指, 竖中指: 中等-浅肤色
🖕🏽	中指, 中等肤色, 反手, 竖中指, 竖中指: 中等肤色
🖕🏾	中指, 中等-深肤色, 反手, 竖中指, 竖中指: 中等-深肤色
🖕🏿	中指, 反手, 竖中指, 竖中指: 较深肤色, 较深肤色
👇🏻	反手, 反手食指向下指, 反手食指向下指: 较浅肤色, 向下指, 指下, 较浅肤色, 食指
👇🏼	中等-浅肤色, 反手, 反手食指向下指, 反手食指向下指: 中等-浅肤色, 向下指, 指下, 食指
👇🏽	中等肤色, 反手, 反手食指向下指, 反手食指向下指: 中等肤色, 向下指, 指下, 食指
👇🏾	中等-深肤色, 反手, 反手食指向下指, 反手食指向下指: 中等-深肤色, 向下指, 指下, 食指
👇🏿	反手, 反手食指向下指, 反手食指向下指: 较深肤色, 向下指, 指下, 较深肤色, 食指
✌🏻	成功, 胜利, 胜利手势, 胜利手势: 较浅肤色, 较浅肤色
✌🏼	中等-浅肤色, 成功, 胜利, 胜利手势, 胜利手势: 中等-浅肤色
✌🏽	中等肤色, 成功, 胜利, 胜利手势, 胜利手势: 中等肤色
✌🏾	中等-深肤色, 成功, 胜利, 胜利手势, 胜利手势: 中等-深肤色
✌🏿	成功, 胜利, 胜利手势, 胜利手势: 较深肤色, 较深肤色
🤞🏻	交叉, 交叉的手指, 交叉的手指: 较浅肤色, 幸运, 手, 手指, 较浅肤色
🤞🏼	中等-浅肤色, 交叉, 交叉的手指, 交叉的手指: 中等-浅肤色, 幸运, 手, 手指
🤞🏽	中等肤色, 交叉, 交叉的手指, 交叉的手指: 中等肤色, 幸运, 手, 手指
🤞🏾	中等-深肤色, 交叉, 交叉的手指, 交叉的手指: 中等-深肤色, 幸运, 手, 手指
🤞🏿	交叉, 交叉的手指, 交叉的手指: 较深肤色, 幸运, 手, 手指, 较深肤色
🖖🏻	敬礼, 斯波克, 星际迷航, 瓦肯, 瓦肯举手礼, 瓦肯举手礼: 较浅肤色, 较浅肤色
🖖🏼	中等-浅肤色, 敬礼, 斯波克, 星际迷航, 瓦肯, 瓦肯举手礼, 瓦肯举手礼: 中等-浅肤色
🖖🏽	中等肤色, 敬礼, 斯波克, 星际迷航, 瓦肯, 瓦肯举手礼, 瓦肯举手礼: 中等肤色
🖖🏾	中等-深肤色, 敬礼, 斯波克, 星际迷航, 瓦肯, 瓦肯举手礼, 瓦肯举手礼: 中等-深肤色
🖖🏿	敬礼, 斯波克, 星际迷航, 瓦肯, 瓦肯举手礼, 瓦肯举手礼: 较深肤色, 较深肤色
🤘🏻	摇滚, 摇滚: 较浅肤色, 角, 较浅肤色, 金属礼
🤘🏼	中等-浅肤色, 摇滚, 摇滚: 中等-浅肤色, 角, 金属礼
🤘🏽	中等肤色, 摇滚, 摇滚: 中等肤色, 角, 金属礼
🤘🏾	中等-深肤色, 摇滚, 摇滚: 中等-深肤色, 角, 金属礼
🤘🏿	摇滚, 摇滚: 较深肤色, 角, 较深肤色, 金属礼
🤙🏻	手, 电话, 给我打电话, 给我打电话: 较浅肤色, 较浅肤色
🤙🏼	中等-浅肤色, 手, 电话, 给我打电话, 给我打电话: 中等-浅肤色
🤙🏽	中等肤色, 手, 电话, 给我打电话, 给我打电话: 中等肤色
🤙🏾	中等-深肤色, 手, 电话, 给我打电话, 给我打电话: 中等-深肤色
🤙🏿	手, 电话, 给我打电话, 给我打电话: 较深肤色, 较深肤色
🖐🏻	击掌, 布, 手, 手掌, 手掌: 较浅肤色, 禁止, 较浅肤色
🖐🏼	中等-浅肤色, 击掌, 布, 手, 手掌, 手掌: 中等-浅肤色, 禁止
🖐🏽	中等肤色, 击掌, 布, 手, 手掌, 手掌: 中等肤色, 禁止
🖐🏾	中等-深肤色, 击掌, 布, 手, 手掌, 手掌: 中等-深肤色, 禁止
🖐🏿	击掌, 布, 手, 手掌, 手掌: 较深肤色, 禁止, 较深肤色
✋🏻	举手, 举起手, 举起手: 较浅肤色, 较浅肤色
✋🏼	中等-浅肤色, 举手, 举起手, 举起手: 中等-浅肤色
✋🏽	中等肤色, 举手, 举起手, 举起手: 中等肤色
✋🏾	中等-深肤色, 举手, 举起手, 举起手: 中等-深肤色
✋🏿	举手, 举起手, 举起手: 较深肤色, 较深肤色
👌🏻	OK, OK: 较浅肤色, 手, 较浅肤色
👌🏼	OK, OK: 中等-浅肤色, 中等-浅肤色, 手
👌🏽	OK, OK: 中等肤色, 中等肤色, 手
👌🏾	OK, OK: 中等-深肤色, 中等-深肤色, 手
👌🏿	OK, OK: 较深肤色, 手, 较深肤色
👍🏻	同意, 拇指向上, 拇指向上: 较浅肤色, 真棒, 赞成, 较浅肤色, 顶一下
👍🏼	中等-浅肤色, 同意, 拇指向上, 拇指向上: 中等-浅肤色, 真棒, 赞成, 顶一下
👍🏽	中等肤色, 同意, 拇指向上, 拇指向上: 中等肤色, 真棒, 赞成, 顶一下
👍🏾	中等-深肤色, 同意, 拇指向上, 拇指向上: 中等-深肤色, 真棒, 赞成, 顶一下
👍🏿	同意, 拇指向上, 拇指向上: 较深肤色, 真棒, 赞成, 较深肤色, 顶一下
👎🏻	不赞成, 反对, 拇指向下, 拇指向下: 较浅肤色, 责备, 较浅肤色
👎🏼	不赞成, 中等-浅肤色, 反对, 拇指向下, 拇指向下: 中等-浅肤色, 责备
👎🏽	不赞成, 中等肤色, 反对, 拇指向下, 拇指向下: 中等肤色, 责备
👎🏾	不赞成, 中等-深肤色, 反对, 拇指向下, 拇指向下: 中等-深肤色, 责备
👎🏿	不赞成, 反对, 拇指向下, 拇指向下: 较深肤色, 责备, 较深肤色
✊🏻	举起拳头, 举起拳头: 较浅肤色, 握拳, 较浅肤色
✊🏼	中等-浅肤色, 举起拳头, 举起拳头: 中等-浅肤色, 握拳
✊🏽	中等肤色, 举起拳头, 举起拳头: 中等肤色, 握拳
✊🏾	中等-深肤色, 举起拳头, 举起拳头: 中等-深肤色, 握拳
✊🏿	举起拳头, 举起拳头: 较深肤色, 握拳, 较深肤色
👊🏻	出拳, 出拳: 较浅肤色, 打, 拳, 较浅肤色
👊🏼	中等-浅肤色, 出拳, 出拳: 中等-浅肤色, 打, 拳
👊🏽	中等肤色, 出拳, 出拳: 中等肤色, 打, 拳
👊🏾	中等-深肤色, 出拳, 出拳: 中等-深肤色, 打, 拳
👊🏿	出拳, 出拳: 较深肤色, 打, 拳, 较深肤色
🤛🏻	拳头, 朝左, 朝左的拳头, 朝左的拳头: 较浅肤色, 较浅肤色
🤛🏼	中等-浅肤色, 拳头, 朝左, 朝左的拳头, 朝左的拳头: 中等-浅肤色
🤛🏽	中等肤色, 拳头, 朝左, 朝左的拳头, 朝左的拳头: 中等肤色
🤛🏾	中等-深肤色, 拳头, 朝左, 朝左的拳头, 朝左的拳头: 中等-深肤色
🤛🏿	拳头, 朝左, 朝左的拳头, 朝左的拳头: 较深肤色, 较深肤色
🤜🏻	拳头, 朝右, 朝右的拳头, 朝右的拳头: 较浅肤色, 较浅肤色
🤜🏼	中等-浅肤色, 拳头, 朝右, 朝右的拳头, 朝右的拳头: 中等-浅肤色
🤜🏽	中等肤色, 拳头, 朝右, 朝右的拳头, 朝右的拳头: 中等肤色
🤜🏾	中等-深肤色, 拳头, 朝右, 朝右的拳头, 朝右的拳头: 中等-深肤色
🤜🏿	拳头, 朝右, 朝右的拳头, 朝右的拳头: 较深肤色, 较深肤色
🤚🏻	手背, 立起, 立起的手背, 立起的手背: 较浅肤色, 较浅肤色
🤚🏼	中等-浅肤色, 手背, 立起, 立起的手背, 立起的手背: 中等-浅肤色
🤚🏽	中等肤色, 手背, 立起, 立起的手背, 立起的手背: 中等肤色
🤚🏾	中等-深肤色, 手背, 立起, 立起的手背, 立起的手背: 中等-深肤色
🤚🏿	手背, 立起, 立起的手背, 立起的手背: 较深肤色, 较深肤色
👋🏻	你好, 再见, 手, 挥手, 挥手: 较浅肤色, 较浅肤色
👋🏼	中等-浅肤色, 你好, 再见, 手, 挥手, 挥手: 中等-浅肤色
👋🏽	中等肤色, 你好, 再见, 手, 挥手, 挥手: 中等肤色
👋🏾	中等-深肤色, 你好, 再见, 手, 挥手, 挥手: 中等-深肤色
👋🏿	你好, 再见, 手, 挥手, 挥手: 较深肤色, 较深肤色
🤟🏻	亲手, 我爱你, 爱你的姿态, 爱你的姿态: 较浅肤色, 较浅肤色
🤟🏼	中等-浅肤色, 亲手, 我爱你, 爱你的姿态, 爱你的姿态: 中等-浅肤色
🤟🏽	中等肤色, 亲手, 我爱你, 爱你的姿态, 爱你的姿态: 中等肤色
🤟🏾	中等-深肤色, 亲手, 我爱你, 爱你的姿态, 爱你的姿态: 中等-深肤色
🤟🏿	亲手, 我爱你, 爱你的姿态, 爱你的姿态: 较深肤色, 较深肤色
✍🏻	写, 写字, 写字: 较浅肤色, 笔, 较浅肤色
✍🏼	中等-浅肤色, 写, 写字, 写字: 中等-浅肤色, 笔
✍🏽	中等肤色, 写, 写字, 写字: 中等肤色, 笔
✍🏾	中等-深肤色, 写, 写字, 写字: 中等-深肤色, 笔
✍🏿	写, 写字, 写字: 较深肤色, 笔, 较深肤色
👏🏻	拍手, 较浅肤色, 鼓掌, 鼓掌: 较浅肤色
👏🏼	中等-浅肤色, 拍手, 鼓掌, 鼓掌: 中等-浅肤色
👏🏽	中等肤色, 拍手, 鼓掌, 鼓掌: 中等肤色
👏🏾	中等-深肤色, 拍手, 鼓掌, 鼓掌: 中等-深肤色
👏🏿	拍手, 较深肤色, 鼓掌, 鼓掌: 较深肤色
👐🏻	十, 双手, 张开双手, 张开双手: 较浅肤色, 摊手, 较浅肤色
👐🏼	中等-浅肤色, 十, 双手, 张开双手, 张开双手: 中等-浅肤色, 摊手
👐🏽	中等肤色, 十, 双手, 张开双手, 张开双手: 中等肤色, 摊手
👐🏾	中等-深肤色, 十, 双手, 张开双手, 张开双手: 中等-深肤色, 摊手
👐🏿	十, 双手, 张开双手, 张开双手: 较深肤色, 摊手, 较深肤色
🙌🏻	举双手, 举双手: 较浅肤色, 击掌, 双手, 庆祝, 较浅肤色
🙌🏼	中等-浅肤色, 举双手, 举双手: 中等-浅肤色, 击掌, 双手, 庆祝
🙌🏽	中等肤色, 举双手, 举双手: 中等肤色, 击掌, 双手, 庆祝
🙌🏾	中等-深肤色, 举双手, 举双手: 中等-深肤色, 击掌, 双手, 庆祝
🙌🏿	举双手, 举双手: 较深肤色, 击掌, 双手, 庆祝, 较深肤色
🤲🏻	掌心向上托起, 掌心向上托起: 较浅肤色, 祷告, 较浅肤色
🤲🏼	中等-浅肤色, 掌心向上托起, 掌心向上托起: 中等-浅肤色, 祷告
🤲🏽	中等肤色, 掌心向上托起, 掌心向上托起: 中等肤色, 祷告
🤲🏾	中等-深肤色, 掌心向上托起, 掌心向上托起: 中等-深肤色, 祷告
🤲🏿	掌心向上托起, 掌心向上托起: 较深肤色, 祷告, 较深肤色
🙏🏻	双手合十, 双手合十: 较浅肤色, 拜托, 祈求, 祈祷, 祝福, 较浅肤色
🙏🏼	中等-浅肤色, 双手合十, 双手合十: 中等-浅肤色, 拜托, 祈求, 祈祷, 祝福
🙏🏽	中等肤色, 双手合十, 双手合十: 中等肤色, 拜托, 祈求, 祈祷, 祝福
🙏🏾	中等-深肤色, 双手合十, 双手合十: 中等-深肤色, 拜托, 祈求, 祈祷, 祝福
🙏🏿	双手合十, 双手合十: 较深肤色, 拜托, 祈求, 祈祷, 祝福, 较深肤色
💅🏻	指甲油, 涂指甲油, 涂指甲油: 较浅肤色, 美甲, 较浅肤色
💅🏼	中等-浅肤色, 指甲油, 涂指甲油, 涂指甲油: 中等-浅肤色, 美甲
💅🏽	中等肤色, 指甲油, 涂指甲油, 涂指甲油: 中等肤色, 美甲
💅🏾	中等-深肤色, 指甲油, 涂指甲油, 涂指甲油: 中等-深肤色, 美甲
💅🏿	指甲油, 涂指甲油, 涂指甲油: 较深肤色, 美甲, 较深肤色
👂🏻	听, 耳, 耳朵, 耳朵: 较浅肤色, 较浅肤色
👂🏼	中等-浅肤色, 听, 耳, 耳朵, 耳朵: 中等-浅肤色
👂🏽	中等肤色, 听, 耳, 耳朵, 耳朵: 中等肤色
👂🏾	中等-深肤色, 听, 耳, 耳朵, 耳朵: 中等-深肤色
👂🏿	听, 耳, 耳朵, 耳朵: 较深肤色, 较深肤色
👃🏻	嗅, 较浅肤色, 闻, 鼻, 鼻子, 鼻子: 较浅肤色
👃🏼	中等-浅肤色, 嗅, 闻, 鼻, 鼻子, 鼻子: 中等-浅肤色
👃🏽	中等肤色, 嗅, 闻, 鼻, 鼻子, 鼻子: 中等肤色
👃🏾	中等-深肤色, 嗅, 闻, 鼻, 鼻子, 鼻子: 中等-深肤色
👃🏿	嗅, 较深肤色, 闻, 鼻, 鼻子, 鼻子: 较深肤色
#⃣	按键, 按键: #
*⃣	按键, 按键: *
🔟	按键, 按键: 10
🇦🇨	旗, 旗: 阿森松岛
🇦🇩	旗, 旗: 安道尔
🇦🇪	旗, 旗: 阿拉伯联合酋长国
🇦🇫	旗, 旗: 阿富汗
🇦🇬	旗, 旗: 安提瓜和巴布达
🇦🇮	旗, 旗: 安圭拉
🇦🇱	旗, 旗: 阿尔巴尼亚
🇦🇲	旗, 旗: 亚美尼亚
🇦🇴	旗, 旗: 安哥拉
🇦🇶	旗, 旗: 南极洲
🇦🇷	旗, 旗: 阿根廷
🇦🇸	旗, 旗: 美属萨摩亚
🇦🇹	旗, 旗: 奥地利
🇦🇺	旗, 旗: 澳大利亚
🇦🇼	旗, 旗: 阿鲁巴
🇦🇽	旗, 旗: 奥兰群岛
🇦🇿	旗, 旗: 阿塞拜疆
🇧🇦	旗, 旗: 波斯尼亚和黑塞哥维那
🇧🇧	旗, 旗: 巴巴多斯
🇧🇩	旗, 旗: 孟加拉国
🇧🇪	旗, 旗: 比利时
🇧🇫	旗, 旗: 布基纳法索
🇧🇬	旗, 旗: 保加利亚
🇧🇭	旗, 旗: 巴林
🇧🇮	旗, 旗: 布隆迪
🇧🇯	旗, 旗: 贝宁
🇧🇱	旗, 旗: 圣巴泰勒米
🇧🇲	旗, 旗: 百慕大
🇧🇳	旗, 旗: 文莱
🇧🇴	旗, 旗: 玻利维亚
🇧🇶	旗, 旗: 荷属加勒比区
🇧🇷	旗, 旗: 巴西
🇧🇸	旗, 旗: 巴哈马
🇧🇹	旗, 旗: 不丹
🇧🇻	旗, 旗: 布韦岛
🇧🇼	旗, 旗: 博茨瓦纳
🇧🇾	旗, 旗: 白俄罗斯
🇧🇿	旗, 旗: 伯利兹
🇨🇦	旗, 旗: 加拿大
🇨🇨	旗, 旗: 科科斯（基林）群岛
🇨🇩	旗, 旗: 刚果（金）
🇨🇫	旗, 旗: 中非共和国
🇨🇬	旗, 旗: 刚果（布）
🇨🇭	旗, 旗: 瑞士
🇨🇮	旗, 旗: 科特迪瓦
🇨🇰	旗, 旗: 库克群岛
🇨🇱	旗, 旗: 智利
🇨🇲	旗, 旗: 喀麦隆
🇨🇳	旗, 旗: 中国
🇨🇴	旗, 旗: 哥伦比亚
🇨🇵	旗, 旗: 克利珀顿岛
🇨🇷	旗, 旗: 哥斯达黎加
🇨🇺	旗, 旗: 古巴
🇨🇻	旗, 旗: 佛得角
🇨🇼	旗, 旗: 库拉索
🇨🇽	旗, 旗: 圣诞岛
🇨🇾	旗, 旗: 塞浦路斯
🇨🇿	旗, 旗: 捷克
🇩🇪	旗, 旗: 德国
🇩🇬	旗, 旗: 迪戈加西亚岛
🇩🇯	旗, 旗: 吉布提
🇩🇰	旗, 旗: 丹麦
🇩🇲	旗, 旗: 多米尼克
🇩🇴	旗, 旗: 多米尼加共和国
🇩🇿	旗, 旗: 阿尔及利亚
🇪🇦	旗, 旗: 休达及梅利利亚
🇪🇨	旗, 旗: 厄瓜多尔
🇪🇪	旗, 旗: 爱沙尼亚
🇪🇬	旗, 旗: 埃及
🇪🇭	旗, 旗: 西撒哈拉
🇪🇷	旗, 旗: 厄立特里亚
🇪🇸	旗, 旗: 西班牙
🇪🇹	旗, 旗: 埃塞俄比亚
🇪🇺	旗, 旗: 欧盟
🇫🇮	旗, 旗: 芬兰
🇫🇯	旗, 旗: 斐济
🇫🇰	旗, 旗: 福克兰群岛
🇫🇲	旗, 旗: 密克罗尼西亚
🇫🇴	旗, 旗: 法罗群岛
🇫🇷	旗, 旗: 法国
🇬🇦	旗, 旗: 加蓬
🇬🇧	旗, 旗: 英国
🇬🇩	旗, 旗: 格林纳达
🇬🇪	旗, 旗: 格鲁吉亚
🇬🇫	旗, 旗: 法属圭亚那
🇬🇬	旗, 旗: 根西岛
🇬🇭	旗, 旗: 加纳
🇬🇮	旗, 旗: 直布罗陀
🇬🇱	旗, 旗: 格陵兰
🇬🇲	旗, 旗: 冈比亚
🇬🇳	旗, 旗: 几内亚
🇬🇵	旗, 旗: 瓜德罗普
🇬🇶	旗, 旗: 赤道几内亚
🇬🇷	旗, 旗: 希腊
🇬🇸	旗, 旗: 南乔治亚和南桑威奇群岛
🇬🇹	旗, 旗: 危地马拉
🇬🇺	旗, 旗: 关岛
🇬🇼	旗, 旗: 几内亚比绍
🇬🇾	旗, 旗: 圭亚那
🇭🇰	旗, 旗: 中国香港特别行政区
🇭🇲	旗, 旗: 赫德岛和麦克唐纳群岛
🇭🇳	旗, 旗: 洪都拉斯
🇭🇷	旗, 旗: 克罗地亚
🇭🇹	旗, 旗: 海地
🇭🇺	旗, 旗: 匈牙利
🇮🇨	旗, 旗: 加纳利群岛
🇮🇩	旗, 旗: 印度尼西亚
🇮🇪	旗, 旗: 爱尔兰
🇮🇱	旗, 旗: 以色列
🇮🇲	旗, 旗: 马恩岛
🇮🇳	旗, 旗: 印度
🇮🇴	旗, 旗: 英属印度洋领地
🇮🇶	旗, 旗: 伊拉克
🇮🇷	旗, 旗: 伊朗
🇮🇸	旗, 旗: 冰岛
🇮🇹	旗, 旗: 意大利
🇯🇪	旗, 旗: 泽西岛
🇯🇲	旗, 旗: 牙买加
🇯🇴	旗, 旗: 约旦
🇯🇵	旗, 旗: 日本
🇰🇪	旗, 旗: 肯尼亚
🇰🇬	旗, 旗: 吉尔吉斯斯坦
🇰🇭	旗, 旗: 柬埔寨
🇰🇮	旗, 旗: 基里巴斯
🇰🇲	旗, 旗: 科摩罗
🇰🇳	旗, 旗: 圣基茨和尼维斯
🇰🇵	旗, 旗: 朝鲜
🇰🇷	旗, 旗: 韩国
🇰🇼	旗, 旗: 科威特
🇰🇾	旗, 旗: 开曼群岛
🇰🇿	旗, 旗: 哈萨克斯坦
🇱🇦	旗, 旗: 老挝
🇱🇧	旗, 旗: 黎巴嫩
🇱🇨	旗, 旗: 圣卢西亚
🇱🇮	旗, 旗: 列支敦士登
🇱🇰	旗, 旗: 斯里兰卡
🇱🇷	旗, 旗: 利比里亚
🇱🇸	旗, 旗: 莱索托
🇱🇹	旗, 旗: 立陶宛
🇱🇺	旗, 旗: 卢森堡
🇱🇻	旗, 旗: 拉脱维亚
🇱🇾	旗, 旗: 利比亚
🇲🇦	旗, 旗: 摩洛哥
🇲🇨	旗, 旗: 摩纳哥
🇲🇩	旗, 旗: 摩尔多瓦
🇲🇪	旗, 旗: 黑山
🇲🇫	旗, 旗: 法属圣马丁
🇲🇬	旗, 旗: 马达加斯加
🇲🇭	旗, 旗: 马绍尔群岛
🇲🇰	旗, 旗: 马其顿
🇲🇱	旗, 旗: 马里
🇲🇲	旗, 旗: 缅甸
🇲🇳	旗, 旗: 蒙古
🇲🇴	旗, 旗: 中国澳门特别行政区
🇲🇵	旗, 旗: 北马里亚纳群岛
🇲🇶	旗, 旗: 马提尼克
🇲🇷	旗, 旗: 毛里塔尼亚
🇲🇸	旗, 旗: 蒙特塞拉特
🇲🇹	旗, 旗: 马耳他
🇲🇺	旗, 旗: 毛里求斯
🇲🇻	旗, 旗: 马尔代夫
🇲🇼	旗, 旗: 马拉维
🇲🇽	旗, 旗: 墨西哥
🇲🇾	旗, 旗: 马来西亚
🇲🇿	旗, 旗: 莫桑比克
🇳🇦	旗, 旗: 纳米比亚
🇳🇨	旗, 旗: 新喀里多尼亚
🇳🇪	旗, 旗: 尼日尔
🇳🇫	旗, 旗: 诺福克岛
🇳🇬	旗, 旗: 尼日利亚
🇳🇮	旗, 旗: 尼加拉瓜
🇳🇱	旗, 旗: 荷兰
🇳🇴	旗, 旗: 挪威
🇳🇵	旗, 旗: 尼泊尔
🇳🇷	旗, 旗: 瑙鲁
🇳🇺	旗, 旗: 纽埃
🇳🇿	旗, 旗: 新西兰
🇴🇲	旗, 旗: 阿曼
🇵🇦	旗, 旗: 巴拿马
🇵🇪	旗, 旗: 秘鲁
🇵🇫	旗, 旗: 法属波利尼西亚
🇵🇬	旗, 旗: 巴布亚新几内亚
🇵🇭	旗, 旗: 菲律宾
🇵🇰	旗, 旗: 巴基斯坦
🇵🇱	旗, 旗: 波兰
🇵🇲	旗, 旗: 圣皮埃尔和密克隆群岛
🇵🇳	旗, 旗: 皮特凯恩群岛
🇵🇷	旗, 旗: 波多黎各
🇵🇸	旗, 旗: 巴勒斯坦领土
🇵🇹	旗, 旗: 葡萄牙
🇵🇼	旗, 旗: 帕劳
🇵🇾	旗, 旗: 巴拉圭
🇶🇦	旗, 旗: 卡塔尔
🇷🇪	旗, 旗: 留尼汪
🇷🇴	旗, 旗: 罗马尼亚
🇷🇸	旗, 旗: 塞尔维亚
🇷🇺	旗, 旗: 俄罗斯
🇷🇼	旗, 旗: 卢旺达
🇸🇦	旗, 旗: 沙特阿拉伯
🇸🇧	旗, 旗: 所罗门群岛
🇸🇨	旗, 旗: 塞舌尔
🇸🇩	旗, 旗: 苏丹
🇸🇪	旗, 旗: 瑞典
🇸🇬	旗, 旗: 新加坡
🇸🇭	旗, 旗: 圣赫勒拿
🇸🇮	旗, 旗: 斯洛文尼亚
🇸🇯	旗, 旗: 斯瓦尔巴和扬马延
🇸🇰	旗, 旗: 斯洛伐克
🇸🇱	旗, 旗: 塞拉利昂
🇸🇲	旗, 旗: 圣马力诺
🇸🇳	旗, 旗: 塞内加尔
🇸🇴	旗, 旗: 索马里
🇸🇷	旗, 旗: 苏里南
🇸🇸	旗, 旗: 南苏丹
🇸🇹	旗, 旗: 圣多美和普林西比
🇸🇻	旗, 旗: 萨尔瓦多
🇸🇽	旗, 旗: 荷属圣马丁
🇸🇾	旗, 旗: 叙利亚
🇸🇿	旗, 旗: 斯威士兰
🇹🇦	旗, 旗: 特里斯坦-达库尼亚群岛
🇹🇨	旗, 旗: 特克斯和凯科斯群岛
🇹🇩	旗, 旗: 乍得
🇹🇫	旗, 旗: 法属南部领地
🇹🇬	旗, 旗: 多哥
🇹🇭	旗, 旗: 泰国
🇹🇯	旗, 旗: 塔吉克斯坦
🇹🇰	旗, 旗: 托克劳
🇹🇱	旗, 旗: 东帝汶
🇹🇲	旗, 旗: 土库曼斯坦
🇹🇳	旗, 旗: 突尼斯
🇹🇴	旗, 旗: 汤加
🇹🇷	旗, 旗: 土耳其
🇹🇹	旗, 旗: 特立尼达和多巴哥
🇹🇻	旗, 旗: 图瓦卢
🇹🇼	旗, 旗: 台湾
🇹🇿	旗, 旗: 坦桑尼亚
🇺🇦	旗, 旗: 乌克兰
🇺🇬	旗, 旗: 乌干达
🇺🇲	旗, 旗: 美国本土外小岛屿
🇺🇳	旗, 旗: 联合国
🇺🇸	旗, 旗: 美国
🇺🇾	旗, 旗: 乌拉圭
🇺🇿	旗, 旗: 乌兹别克斯坦
🇻🇦	旗, 旗: 梵蒂冈
🇻🇨	旗, 旗: 圣文森特和格林纳丁斯
🇻🇪	旗, 旗: 委内瑞拉
🇻🇬	旗, 旗: 英属维尔京群岛
🇻🇮	旗, 旗: 美属维尔京群岛
🇻🇳	旗, 旗: 越南
🇻🇺	旗, 旗: 瓦努阿图
🇼🇫	旗, 旗: 瓦利斯和富图纳
🇼🇸	旗, 旗: 萨摩亚
🇽🇰	旗, 旗: 科索沃
🇾🇪	旗, 旗: 也门
🇾🇹	旗, 旗: 马约特
🇿🇦	旗, 旗: 南非
🇿🇲	旗, 旗: 赞比亚
🇿🇼	旗, 旗: 津巴布韦
🏴󠁧󠁢󠁥󠁮󠁧󠁿	旗, 旗: 英格兰
🏴󠁧󠁢󠁳󠁣󠁴󠁿	旗, 旗: 苏格兰
🏴󠁧󠁢󠁷󠁬󠁳󠁿	旗, 旗: 威尔士
0⃣	按键, 按键: 0
1⃣	按键, 按键: 1
2⃣	按键, 按键: 2
3⃣	按键, 按键: 3
4⃣	按键, 按键: 4
5⃣	按键, 按键: 5
6⃣	按键, 按键: 6
7⃣	按键, 按键: 7
8⃣	按键, 按键: 8
9⃣	按键, 按键: 9
